# WaveFront *.obj file (generated by Autodesk ATF)

mtllib P1.mtl

g Body1

v -17.477615 10.550000 12.815118
v -17.605601 10.054364 12.908961
v -17.725762 9.555223 12.997066
v -17.838044 9.052798 13.079395
v -17.942399 8.547313 13.155911
v -18.038779 8.038991 13.226580
v -18.127142 7.528060 13.291371
v -18.207449 7.014745 13.350254
v -18.279663 6.499276 13.403204
v -18.343753 5.981882 13.450196
v -18.399691 5.462791 13.491211
v -18.447450 4.942236 13.526230
v -18.487011 4.420447 13.555237
v -18.518355 3.897657 13.578220
v -18.541469 3.374097 13.595167
v -18.556342 2.850000 13.606073
v -18.684406 2.850000 13.699973
v -18.669625 3.373953 13.689135
v -18.646656 3.897376 13.672294
v -18.615508 4.420041 13.649455
v -18.576197 4.941717 13.620631
v -18.528738 5.462176 13.585833
v -18.473153 5.981189 13.545076
v -18.409466 6.498530 13.498379
v -18.337705 7.013971 13.445762
v -18.257902 7.527286 13.387248
v -18.170091 8.038249 13.322862
v -18.074311 8.546638 13.252633
v -17.970604 9.052228 13.176592
v -17.859016 9.554799 13.094772
v -17.739595 10.054129 13.007209
v -17.612393 10.550000 12.913941
v -14.964093 10.550000 15.907300
v -14.849581 10.550000 15.785570
v -15.207261 10.550000 15.441292
v -15.556960 10.550000 15.088912
v -15.898497 10.550000 14.728614
v -16.231691 10.550000 14.360587
v -16.556368 10.550000 13.985026
v -16.872358 10.550000 13.602125
v -17.179494 10.550000 13.212088
v -17.311973 10.550000 13.313973
v -17.002468 10.550000 13.707018
v -16.684042 10.550000 14.092871
v -16.356862 10.550000 14.471329
v -16.021098 10.550000 14.842193
v -15.676928 10.550000 15.205269
v -15.324531 10.550000 15.560367
v -15.766104 2.850000 16.759863
v -15.874912 2.850000 16.875528
v -16.215220 2.850000 16.548805
v -16.548805 2.850000 16.215220
v -16.875528 2.850000 15.874912
v -17.195255 2.850000 15.528022
v -17.507853 2.850000 15.174695
v -17.813192 2.850000 14.815076
v -18.111146 2.850000 14.449314
v -18.401591 2.850000 14.077562
v -18.275465 2.850000 13.981074
v -17.987011 2.850000 14.350278
v -17.691100 2.850000 14.713532
v -17.387853 2.850000 15.070687
v -17.077398 2.850000 15.421592
v -16.759863 2.850000 15.766104
v -16.435378 2.850000 16.104080
v -16.104080 2.850000 16.435378
v -15.862353 3.373953 16.862178
v -15.842838 3.897376 16.841433
v -15.816374 4.420041 16.813301
v -15.782974 4.941717 16.777795
v -15.742651 5.462176 16.734931
v -15.695424 5.981189 16.684728
v -15.641314 6.498530 16.627206
v -15.580343 7.013971 16.562393
v -15.512540 7.527286 16.490315
v -15.437932 8.038249 16.411006
v -15.356555 8.546638 16.324498
v -15.268442 9.052228 16.230831
v -15.173632 9.554799 16.130046
v -15.072168 10.054129 16.022186
v -16.055213 3.341615 16.680632
v -15.247086 10.088745 15.841025
v -16.339247 3.341615 16.402510
v -15.605757 10.088745 15.487803
v -16.710676 3.341615 16.023940
v -16.983632 3.341615 15.734344
v -15.956474 10.088745 15.126223
v -17.686847 3.341615 14.939504
v -18.024525 3.341615 14.530307
v -18.189792 3.341615 14.322876
v -18.512935 3.341615 13.902682
v -18.492238 3.833441 13.887140
v -18.464346 4.325191 13.866194
v -18.447700 4.570948 13.853692
v -18.429252 4.816578 13.839839
v -18.409004 5.062045 13.824633
v -18.386957 5.307314 13.808077
v -18.363113 5.552347 13.790170
v -18.337472 5.797109 13.770915
v -18.310039 6.041564 13.750313
v -18.280815 6.285676 13.728367
v -18.249805 6.529409 13.705079
v -18.217013 6.772728 13.680454
v -18.146723 7.253939 13.627668
v -18.069484 7.733103 13.569663
v -17.985347 8.209945 13.506479
v -17.894370 8.684195 13.438158
v -17.796620 9.155587 13.364750
v -17.692170 9.623856 13.286311
v -17.581100 10.088745 13.202901
v -18.352579 3.341615 14.113687
v -18.332044 3.833441 14.097933
v -18.304375 4.325191 14.076693
v -18.287863 4.570948 14.064014
v -18.269566 4.816578 14.049962
v -18.249484 5.062045 14.034538
v -18.227619 5.307314 14.017742
v -18.203972 5.552347 13.999575
v -18.178544 5.797109 13.980040
v -18.151339 6.041564 13.959137
v -18.122360 6.285676 13.936870
v -18.091610 6.529409 13.913241
v -18.059093 6.772728 13.888253
v -17.989394 7.253939 13.834688
v -17.912806 7.733103 13.775826
v -17.829381 8.209945 13.711705
v -17.739175 8.684195 13.642369
v -17.642255 9.155587 13.567869
v -17.538693 9.623856 13.488261
v -17.428570 10.088745 13.403606
v -18.004353 3.833441 14.514090
v -17.977175 4.325191 14.492226
v -17.960956 4.570948 14.479174
v -17.942985 4.816578 14.464708
v -17.923260 5.062045 14.448830
v -17.901784 5.307314 14.431539
v -17.878558 5.552347 14.412837
v -17.853583 5.797109 14.392726
v -17.826862 6.041564 14.371207
v -17.798399 6.285676 14.348284
v -17.768197 6.529409 14.323958
v -17.736259 6.772728 14.298234
v -17.667803 7.253939 14.243090
v -17.592581 7.733103 14.182493
v -17.510643 8.209945 14.116481
v -17.422047 8.684195 14.045101
v -17.326856 9.155587 13.968403
v -17.225142 9.623856 13.886447
v -17.116984 10.088745 13.799296
v -17.274223 10.088745 13.601945
v -17.383353 9.623856 13.687876
v -17.485980 9.155587 13.768686
v -17.582024 8.684195 13.844312
v -17.671413 8.209945 13.914698
v -17.754082 7.733103 13.979792
v -17.829973 7.253939 14.039550
v -17.899036 6.772728 14.093931
v -17.931256 6.529409 14.119301
v -17.961724 6.285676 14.143293
v -17.990438 6.041564 14.165902
v -18.017392 5.797109 14.187126
v -18.042585 5.552347 14.206964
v -18.066014 5.307314 14.225412
v -18.087676 5.062045 14.242469
v -18.107570 4.816578 14.258134
v -18.125696 4.570948 14.272406
v -18.142052 4.325191 14.285285
v -18.169457 3.833441 14.306864
v -17.667060 3.833441 14.922819
v -17.640398 4.325191 14.900328
v -17.624487 4.570948 14.886902
v -17.606856 4.816578 14.872024
v -17.587505 5.062045 14.855693
v -17.566435 5.307314 14.837910
v -17.543647 5.552347 14.818676
v -17.519144 5.797109 14.797993
v -17.492927 6.041564 14.775862
v -17.465001 6.285676 14.752288
v -17.435368 6.529409 14.727272
v -17.404033 6.772728 14.700817
v -17.336866 7.253939 14.644111
v -17.263060 7.733103 14.581796
v -17.182664 8.209945 14.513915
v -17.095734 8.684195 14.440514
v -17.002333 9.155587 14.361647
v -16.902531 9.623856 14.277372
v -16.796406 10.088745 14.187757
v -16.958080 10.088745 13.994114
v -17.065213 9.623856 14.082522
v -17.165962 9.155587 14.165662
v -17.260248 8.684195 14.243469
v -17.348001 8.209945 14.315884
v -17.429156 7.733103 14.382855
v -17.503658 7.253939 14.444335
v -17.571458 6.772728 14.500285
v -17.603088 6.529409 14.526386
v -17.632999 6.285676 14.551069
v -17.661187 6.041564 14.574331
v -17.687648 5.797109 14.596167
v -17.712380 5.552347 14.616576
v -17.735380 5.307314 14.635556
v -17.756645 5.062045 14.653105
v -17.776176 4.816578 14.669222
v -17.793969 4.570948 14.683905
v -17.810026 4.325191 14.697156
v -17.836930 3.833441 14.719357
v -17.856893 3.341615 14.735831
v -17.339794 3.341615 15.340954
v -17.320409 3.833441 15.323804
v -17.294285 4.325191 15.300691
v -17.278693 4.570948 15.286896
v -17.261414 4.816578 15.271609
v -17.242450 5.062045 15.254831
v -17.221800 5.307314 15.236561
v -17.199466 5.552347 15.216802
v -17.175450 5.797109 15.195555
v -17.149755 6.041564 15.172822
v -17.122384 6.285676 15.148605
v -17.093339 6.529409 15.122909
v -17.062625 6.772728 15.095735
v -16.996789 7.253939 15.037488
v -16.924444 7.733103 14.973483
v -16.845639 8.209945 14.903762
v -16.760427 8.684195 14.828373
v -16.668871 9.155587 14.747371
v -16.571040 9.623856 14.660817
v -16.467009 10.088745 14.568779
v -16.632905 10.088745 14.379087
v -16.737984 9.623856 14.469928
v -16.836801 9.155587 14.555355
v -16.929280 8.684195 14.635302
v -17.015350 8.209945 14.709709
v -17.094949 7.733103 14.778523
v -17.168022 7.253939 14.841694
v -17.234522 6.772728 14.899183
v -17.265545 6.529409 14.926002
v -17.294883 6.285676 14.951364
v -17.322530 6.041564 14.975265
v -17.348484 5.797109 14.997703
v -17.372742 5.552347 15.018673
v -17.395300 5.307314 15.038175
v -17.416158 5.062045 15.056207
v -17.435314 4.816578 15.072767
v -17.452767 4.570948 15.087855
v -17.468516 4.325191 15.101469
v -17.494903 3.833441 15.124282
v -17.514484 3.341615 15.141209
v -17.162827 3.341615 15.538684
v -17.143640 3.833441 15.521313
v -17.117782 4.325191 15.497902
v -17.102349 4.570948 15.483929
v -17.085247 4.816578 15.468446
v -17.066476 5.062045 15.451451
v -17.046037 5.307314 15.432946
v -17.023931 5.552347 15.412932
v -17.000160 5.797109 15.391411
v -16.974727 6.041564 15.368385
v -16.947635 6.285676 15.343856
v -16.918887 6.529409 15.317828
v -16.888486 6.772728 15.290305
v -16.823322 7.253939 15.231307
v -16.751716 7.733103 15.166477
v -16.673715 8.209945 15.095857
v -16.589373 8.684195 15.019497
v -16.498751 9.155587 14.937451
v -16.401918 9.623856 14.849781
v -16.298949 10.088745 14.756556
v -16.802200 3.341615 15.927944
v -16.783416 3.833441 15.910138
v -16.758102 4.325191 15.886140
v -16.742993 4.570948 15.871818
v -16.726250 4.816578 15.855946
v -16.707874 5.062045 15.838526
v -16.687864 5.307314 15.819557
v -16.666222 5.552347 15.799042
v -16.642951 5.797109 15.776982
v -16.618053 6.041564 15.753379
v -16.591530 6.285676 15.728236
v -16.563386 6.529409 15.701556
v -16.533624 6.772728 15.673343
v -16.469829 7.253939 15.612867
v -16.399727 7.733103 15.546413
v -16.323365 8.209945 15.474024
v -16.240795 8.684195 15.395751
v -16.152078 9.155587 15.311649
v -16.057280 9.623856 15.221784
v -16.042877 10.088745 15.034554
v -16.144228 9.623856 15.129535
v -16.239539 9.155587 15.218856
v -16.328737 8.684195 15.302448
v -16.411754 8.209945 15.380247
v -16.488530 7.733103 15.452197
v -16.559011 7.253939 15.518248
v -16.623152 6.772728 15.578357
v -16.653074 6.529409 15.606400
v -16.681371 6.285676 15.632918
v -16.708038 6.041564 15.657908
v -16.733071 5.797109 15.681368
v -16.756468 5.552347 15.703295
v -16.778227 5.307314 15.723686
v -16.798345 5.062045 15.742539
v -16.816821 4.816578 15.759854
v -16.833654 4.570948 15.775630
v -16.848845 4.325191 15.789865
v -16.874296 3.833441 15.813717
v -16.893182 3.341615 15.831416
v -16.526018 3.341615 16.214317
v -16.507543 3.833441 16.196190
v -16.482644 4.325191 16.171761
v -16.467784 4.570948 16.157181
v -16.451316 4.816578 16.141024
v -16.433242 5.062045 16.123291
v -16.413561 5.307314 16.103981
v -16.392275 5.552347 16.083097
v -16.369387 5.797109 16.060640
v -16.344898 6.041564 16.036613
v -16.318810 6.285676 16.011018
v -16.291129 6.529409 15.983858
v -16.261856 6.772728 15.955138
v -16.199110 7.253939 15.893575
v -16.130161 7.733103 15.825926
v -16.055054 8.209945 15.752236
v -15.973841 8.684195 15.672555
v -15.886582 9.155587 15.586941
v -15.793342 9.623856 15.495460
v -15.694193 10.088745 15.398182
v -15.782473 10.088745 15.307686
v -15.882156 9.623856 15.404416
v -15.975898 9.155587 15.495384
v -16.063624 8.684195 15.580518
v -16.145270 8.209945 15.659755
v -16.220775 7.733103 15.733038
v -16.290088 7.253939 15.800314
v -16.353163 6.772728 15.861540
v -16.382588 6.529409 15.890104
v -16.410413 6.285676 15.917117
v -16.436635 6.041564 15.942574
v -16.461249 5.797109 15.966473
v -16.484254 5.552347 15.988810
v -16.505647 5.307314 16.009585
v -16.525426 5.062045 16.028794
v -16.543590 4.816578 16.046436
v -16.560138 4.570948 16.062511
v -16.575069 4.325191 16.077018
v -16.600083 3.833441 16.101328
v -16.618638 3.341615 16.119374
v -16.150401 3.341615 16.588486
v -16.132346 3.833441 16.569941
v -16.108013 4.325191 16.544949
v -16.093491 4.570948 16.530032
v -16.077398 4.816578 16.513502
v -16.059734 5.062045 16.495359
v -16.040500 5.307314 16.475604
v -16.019699 5.552347 16.454238
v -15.997330 5.797109 16.431263
v -15.973398 6.041564 16.406681
v -15.947904 6.285676 16.380496
v -15.920851 6.529409 16.352709
v -15.892244 6.772728 16.323326
v -15.830924 7.253939 16.260343
v -15.763541 7.733103 16.191133
v -15.690142 8.209945 16.115742
v -15.610775 8.684195 16.034222
v -15.525499 9.155587 15.946633
v -15.434378 9.623856 15.853041
v -15.337483 10.088745 15.753517
v -15.427706 10.088745 15.665171
v -15.525150 9.623856 15.764156
v -15.616786 9.155587 15.857245
v -15.702543 8.684195 15.944363
v -15.782355 8.209945 16.025447
v -15.856165 7.733103 16.100436
v -15.923922 7.253939 16.169279
v -15.985581 6.772728 16.231931
v -16.014346 6.529409 16.261160
v -16.041547 6.285676 16.288801
v -16.067180 6.041564 16.314851
v -16.091242 5.797109 16.339306
v -16.113731 5.552347 16.362163
v -16.134644 5.307314 16.383420
v -16.153979 5.062045 16.403075
v -16.171736 4.816578 16.421128
v -16.187913 4.570948 16.437576
v -16.202510 4.325191 16.452419
v -16.226963 3.833441 16.477293
v -16.245103 3.341615 16.495756
v -15.156211 10.088745 15.927993
v -15.251960 9.623856 16.028619
v -15.342004 9.155587 16.123248
v -15.426272 8.684195 16.211807
v -15.504701 8.209945 16.294230
v -15.577233 7.733103 16.370456
v -15.643819 7.253939 16.440432
v -15.704415 6.772728 16.504113
v -15.732684 6.529409 16.533822
v -15.759417 6.285676 16.561916
v -15.784609 6.041564 16.588391
v -15.808259 5.797109 16.613245
v -15.830363 5.552347 16.636475
v -15.850919 5.307314 16.658078
v -15.869925 5.062045 16.678052
v -15.887380 4.816578 16.696396
v -15.903283 4.570948 16.713109
v -15.917634 4.325191 16.728190
v -15.941679 3.833441 16.753459
v -15.959521 3.341615 16.772210
v -15.516823 10.088745 15.576903
v -15.614851 9.623856 15.675310
v -15.707037 9.155587 15.767853
v -15.793310 8.684195 15.854460
v -15.873605 8.209945 15.935066
v -15.947863 7.733103 16.009612
v -16.016033 7.253939 16.078046
v -16.078071 6.772728 16.140323
v -16.107012 6.529409 16.169377
v -16.134381 6.285676 16.196852
v -16.160173 6.041564 16.222744
v -16.184386 5.797109 16.247050
v -16.207016 5.552347 16.269768
v -16.228061 5.307314 16.290894
v -16.247519 5.062045 16.310428
v -16.265390 4.816578 16.328367
v -16.281671 4.570948 16.344712
v -16.296363 4.325191 16.359461
v -16.320980 3.833441 16.384173
v -16.432894 3.341615 16.308689
v -15.869556 10.088745 15.217387
v -15.969813 9.623856 15.313524
v -16.064095 9.155587 15.403931
v -16.152329 8.684195 15.488539
v -16.234449 8.209945 15.567284
v -16.310395 7.733103 15.640110
v -16.380115 7.253939 15.706964
v -16.443562 6.772728 15.767804
v -16.473162 6.529409 15.796187
v -16.501153 6.285676 15.823028
v -16.527532 6.041564 15.848322
v -16.552294 5.797109 15.872068
v -16.575439 5.552347 15.894261
v -16.596962 5.307314 15.914900
v -16.616863 5.062045 15.933983
v -16.635139 4.816578 15.951508
v -16.651791 4.570948 15.967476
v -16.666817 4.325191 15.981884
v -16.691994 3.833441 16.006026
v -16.964660 3.833441 15.716738
v -16.939087 4.325191 15.693016
v -16.923822 4.570948 15.678860
v -16.906906 4.816578 15.663173
v -16.888338 5.062045 15.645957
v -16.868120 5.307314 15.627211
v -16.846252 5.552347 15.606937
v -16.822737 5.797109 15.585137
v -16.797577 6.041564 15.561813
v -16.770775 6.285676 15.536968
v -16.742334 6.529409 15.510605
v -16.712258 6.772728 15.482727
v -16.647788 7.253939 15.422971
v -16.576943 7.733103 15.357310
v -16.499770 8.209945 15.285786
v -16.416322 8.684195 15.208449
v -16.326660 9.155587 15.125356
v -16.230851 9.623856 15.036568
v -16.128970 10.088745 14.942156
v -15.343410 9.623856 15.941101
v -15.433994 9.155587 16.035213
v -15.518767 8.684195 16.123289
v -15.597666 8.209945 16.205261
v -15.670633 7.733103 16.281071
v -15.737618 7.253939 16.350665
v -15.798577 6.772728 16.413999
v -15.827016 6.529409 16.443545
v -15.853909 6.285676 16.471486
v -15.879253 6.041564 16.497817
v -15.903044 5.797109 16.522535
v -15.925281 5.552347 16.545638
v -15.945960 5.307314 16.567123
v -15.965080 5.062045 16.586988
v -15.982640 4.816578 16.605231
v -15.998638 4.570948 16.621853
v -16.013075 4.325191 16.636852
v -16.037264 3.833441 16.661984
v -15.704347 9.623856 15.585648
v -15.797061 9.155587 15.677662
v -15.883829 8.684195 15.763773
v -15.964584 8.209945 15.843918
v -16.039267 7.733103 15.918037
v -16.107828 7.253939 15.986080
v -16.170221 6.772728 16.048001
v -16.199329 6.529409 16.076889
v -16.226854 6.285676 16.104206
v -16.252794 6.041564 16.129950
v -16.277146 5.797109 16.154118
v -16.299905 5.552347 16.176705
v -16.321071 5.307314 16.197711
v -16.340641 5.062045 16.217133
v -16.358614 4.816578 16.234970
v -16.374988 4.570948 16.251221
v -16.389765 4.325191 16.265885
v -16.414523 3.833441 16.290457
v -14.958322 10.054364 15.901165
v -15.060415 9.555223 16.009693
v -15.155814 9.052798 16.111105
v -15.244478 8.547313 16.205357
v -15.326366 8.038991 16.292406
v -15.401442 7.528060 16.372215
v -15.469673 7.014745 16.444747
v -15.531029 6.499276 16.509970
v -15.585482 5.981882 16.567855
v -15.633008 5.462791 16.618377
v -15.673586 4.942236 16.661513
v -15.707198 4.420447 16.697244
v -15.733829 3.897657 16.725553
v -15.753468 3.374097 16.746429
v -15.131805 10.089024 15.721253
v -15.945016 3.341767 16.566142
v -15.487764 10.089024 15.370702
v -16.320105 3.341767 16.196752
v -15.835829 10.089024 15.011856
v -16.595980 3.341767 15.913958
v -16.175715 10.089024 14.644984
v -16.956314 3.341767 15.529456
v -17.220780 3.341767 15.235659
v -17.565451 3.341767 14.836965
v -17.900811 3.341767 14.430576
v -18.064944 3.341767 14.224569
v -15.849981 3.341767 16.657092
v -15.841783 3.587748 16.648476
v -15.832025 3.833747 16.638222
v -15.820707 4.079727 16.626327
v -15.807826 4.325651 16.612790
v -15.793382 4.571484 16.597611
v -15.777377 4.817187 16.580790
v -15.759808 5.062726 16.562328
v -15.740679 5.308063 16.542224
v -15.719990 5.553161 16.520481
v -15.697742 5.797985 16.497101
v -15.673939 6.042497 16.472085
v -15.648582 6.286662 16.445437
v -15.621676 6.530443 16.417161
v -15.593223 6.773803 16.387259
v -15.532245 7.255000 16.323176
v -15.465240 7.734123 16.252759
v -15.392253 8.210893 16.176056
v -15.313336 8.685037 16.093120
v -15.228547 9.156283 16.004013
v -15.137950 9.624366 15.908803
v -15.041617 10.089024 15.807564
v -16.133602 3.341767 16.382535
v -16.125268 3.587748 16.374051
v -16.115347 3.833747 16.363955
v -16.103837 4.079727 16.352246
v -16.090736 4.325651 16.338922
v -16.076045 4.571484 16.323982
v -16.059763 4.817187 16.307428
v -16.041892 5.062726 16.289259
v -16.022431 5.308063 16.269477
v -16.001382 5.553161 16.248082
v -15.978747 5.797985 16.225076
v -15.954528 6.042497 16.200463
v -15.928728 6.286662 16.174244
v -15.901350 6.530443 16.146423
v -15.872399 6.773803 16.117004
v -15.810350 7.255000 16.053957
v -15.742166 7.734123 15.984681
v -15.667894 8.210893 15.909222
v -15.587584 8.685037 15.827634
v -15.501297 9.156283 15.739977
v -15.409098 9.624366 15.646317
v -15.311059 10.089024 15.546729
v -15.221519 10.089024 15.634407
v -15.319004 9.624366 15.734537
v -15.410685 9.156283 15.828704
v -15.496488 8.685037 15.916835
v -15.576349 8.210893 15.998862
v -15.650208 7.734123 16.074725
v -15.718014 7.255000 16.144371
v -15.779722 6.773803 16.207752
v -15.808515 6.530443 16.237326
v -15.835744 6.286662 16.265293
v -15.861403 6.042497 16.291649
v -15.885491 5.797985 16.316391
v -15.908005 5.553161 16.339515
v -15.928942 5.308063 16.361020
v -15.948300 5.062726 16.380903
v -15.966078 4.817187 16.399163
v -15.982276 4.571484 16.415800
v -15.996892 4.325651 16.430813
v -16.009927 4.079727 16.444201
v -16.021381 3.833747 16.455966
v -16.031255 3.587748 16.466108
v -16.039551 3.341767 16.474629
v -16.504573 3.341767 16.008737
v -16.496049 3.587748 16.000444
v -16.485900 3.833747 15.990576
v -16.474126 4.079727 15.979132
v -16.460726 4.325651 15.966110
v -16.445698 4.571484 15.951509
v -16.429043 4.817187 15.935331
v -16.410761 5.062726 15.917574
v -16.390854 5.308063 15.898241
v -16.369322 5.553161 15.877332
v -16.346167 5.797985 15.854850
v -16.321392 6.042497 15.830796
v -16.295000 6.286662 15.805173
v -16.266994 6.530443 15.777985
v -16.237378 6.773803 15.749236
v -16.173904 7.255000 15.687623
v -16.104155 7.734123 15.619924
v -16.028176 8.210893 15.546183
v -15.946022 8.685037 15.466453
v -15.857752 9.156283 15.380792
v -15.763435 9.624366 15.289266
v -15.663144 10.089024 15.191946
v -15.575532 10.089024 15.281758
v -15.675284 9.624366 15.379629
v -15.769097 9.156283 15.471673
v -15.856896 8.685037 15.557816
v -15.938614 8.210893 15.637993
v -16.014192 7.734123 15.712144
v -16.083575 7.255000 15.780219
v -16.146718 6.773803 15.842171
v -16.176180 6.530443 15.871078
v -16.204042 6.286662 15.898414
v -16.230298 6.042497 15.924175
v -16.254947 5.797985 15.948359
v -16.277984 5.553161 15.970961
v -16.299408 5.308063 15.991981
v -16.319216 5.062726 16.011416
v -16.337408 4.817187 16.029264
v -16.353982 4.571484 16.045526
v -16.368938 4.325651 16.060200
v -16.382276 4.079727 16.073286
v -16.393996 3.833747 16.084786
v -16.404100 3.587748 16.094699
v -16.412589 3.341767 16.103028
v -16.777233 3.341767 15.722755
v -16.768556 3.587748 15.714623
v -16.758228 3.833747 15.704944
v -16.746247 4.079727 15.693716
v -16.732612 4.325651 15.680938
v -16.717324 4.571484 15.666611
v -16.700382 4.817187 15.650734
v -16.681786 5.062726 15.633307
v -16.661537 5.308063 15.614331
v -16.639638 5.553161 15.593807
v -16.616089 5.797985 15.571738
v -16.590893 6.042497 15.548126
v -16.564053 6.286662 15.522973
v -16.535572 6.530443 15.496283
v -16.505455 6.773803 15.468058
v -16.440909 7.255000 15.407569
v -16.369985 7.734123 15.341102
v -16.292728 8.210893 15.268702
v -16.209194 8.685037 15.190418
v -16.119445 9.156283 15.106309
v -16.023548 9.624366 15.016440
v -15.921579 10.089024 14.920880
v -15.937249 9.624366 15.107999
v -16.032630 9.156283 15.198416
v -16.121896 8.685037 15.283038
v -16.204980 8.210893 15.361799
v -16.281820 7.734123 15.434641
v -16.352363 7.255000 15.501513
v -16.416561 6.773803 15.562371
v -16.446516 6.530443 15.590767
v -16.474843 6.286662 15.617621
v -16.501539 6.042497 15.642927
v -16.526599 5.797985 15.666683
v -16.550021 5.553161 15.688887
v -16.571803 5.308063 15.709535
v -16.591942 5.062726 15.728627
v -16.610438 4.817187 15.746160
v -16.627289 4.571484 15.762134
v -16.642495 4.325651 15.776549
v -16.656056 4.079727 15.789404
v -16.667972 3.833747 15.800701
v -16.678245 3.587748 15.810439
v -16.686876 3.341767 15.818621
v -17.133184 3.341767 15.334098
v -17.124323 3.587748 15.326167
v -17.113775 3.833747 15.316727
v -17.101540 4.079727 15.305777
v -17.087617 4.325651 15.293316
v -17.072004 4.571484 15.279342
v -17.054702 4.817187 15.263857
v -17.035712 5.062726 15.246861
v -17.015034 5.308063 15.228354
v -16.992670 5.553161 15.208338
v -16.968621 5.797985 15.186815
v -16.942890 6.042497 15.163786
v -16.915481 6.286662 15.139255
v -16.886396 6.530443 15.113224
v -16.855640 6.773803 15.085698
v -16.789725 7.255000 15.026704
v -16.717295 7.734123 14.961880
v -16.638400 8.210893 14.891269
v -16.553094 8.685037 14.814921
v -16.461440 9.156283 14.732891
v -16.363508 9.624366 14.645243
v -16.259376 10.089024 14.552045
v -16.279312 9.624366 14.738777
v -16.376739 9.156283 14.826985
v -16.467922 8.685037 14.909539
v -16.552789 8.210893 14.986375
v -16.631278 7.734123 15.057437
v -16.703335 7.255000 15.122675
v -16.768911 6.773803 15.182045
v -16.799509 6.530443 15.209747
v -16.828444 6.286662 15.235944
v -16.855713 6.042497 15.260632
v -16.881311 5.797985 15.283808
v -16.905236 5.553161 15.305469
v -16.927485 5.308063 15.325613
v -16.948057 5.062726 15.344238
v -16.966949 4.817187 15.361343
v -16.984162 4.571484 15.376927
v -16.999694 4.325651 15.390989
v -17.013546 4.079727 15.403530
v -17.025718 3.833747 15.414550
v -17.036212 3.587748 15.424051
v -17.045028 3.341767 15.432032
v -17.394271 3.341767 15.037285
v -17.385274 3.587748 15.029507
v -17.374566 3.833747 15.020250
v -17.362144 4.079727 15.009512
v -17.348008 4.325651 14.997291
v -17.332158 4.571484 14.983589
v -17.314593 4.817187 14.968404
v -17.295313 5.062726 14.951736
v -17.274319 5.308063 14.933588
v -17.251614 5.553161 14.913959
v -17.227199 5.797985 14.892852
v -17.201077 6.042497 14.870269
v -17.173249 6.286662 14.846213
v -17.143721 6.530443 14.820686
v -17.112497 6.773803 14.793692
v -17.045577 7.255000 14.735840
v -16.972044 7.734123 14.672271
v -16.891946 8.210893 14.603027
v -16.805340 8.685037 14.528157
v -16.712289 9.156283 14.447715
v -16.612866 9.624366 14.361763
v -16.507146 10.089024 14.270369
v -16.342504 10.089024 14.458626
v -16.447169 9.624366 14.551226
v -16.545601 9.156283 14.638311
v -16.637724 8.685037 14.719814
v -16.723466 8.210893 14.795673
v -16.802765 7.734123 14.865830
v -16.875564 7.255000 14.930238
v -16.941817 6.773803 14.988853
v -16.972730 6.530443 15.016203
v -17.001964 6.286662 15.042067
v -17.029513 6.042497 15.066440
v -17.055375 5.797985 15.089321
v -17.079547 5.553161 15.110707
v -17.102026 5.308063 15.130594
v -17.122809 5.062726 15.148982
v -17.141897 4.817187 15.165869
v -17.159287 4.571484 15.181255
v -17.174980 4.325651 15.195138
v -17.188974 4.079727 15.207520
v -17.201272 3.833747 15.218400
v -17.211873 3.587748 15.227779
v -17.734330 3.341767 14.634690
v -17.725157 3.587748 14.627120
v -17.714239 3.833747 14.618111
v -17.701575 4.079727 14.607660
v -17.687163 4.325651 14.595767
v -17.671003 4.571484 14.582431
v -17.653094 4.817187 14.567652
v -17.633437 5.062726 14.551431
v -17.612034 5.308063 14.533769
v -17.588884 5.553161 14.514666
v -17.563992 5.797985 14.494124
v -17.537359 6.042497 14.472146
v -17.508988 6.286662 14.448733
v -17.478882 6.530443 14.423890
v -17.447047 6.773803 14.397619
v -17.378819 7.255000 14.341316
v -17.303848 7.734123 14.279449
v -17.222185 8.210893 14.212058
v -17.133885 8.685037 14.139192
v -17.039016 9.156283 14.060904
v -16.937648 9.624366 13.977254
v -16.829862 10.089024 13.888307
v -16.669411 10.089024 14.080485
v -16.776183 9.624366 14.170647
v -16.876597 9.156283 14.255439
v -16.970576 8.685037 14.334795
v -17.058047 8.210893 14.408653
v -17.138946 7.734123 14.476959
v -17.213216 7.255000 14.539666
v -17.280807 6.773803 14.596731
v -17.312346 6.530443 14.623358
v -17.342172 6.286662 14.648537
v -17.370279 6.042497 14.672264
v -17.396666 5.797985 14.694538
v -17.421328 5.553161 14.715356
v -17.444264 5.308063 14.734715
v -17.465470 5.062726 14.752614
v -17.484947 4.817187 14.769051
v -17.502692 4.571484 14.784025
v -17.518705 4.325651 14.797537
v -17.532987 4.079727 14.809587
v -17.545538 3.833747 14.820174
v -17.556359 3.587748 14.829299
v -18.055601 3.587748 14.217212
v -18.044479 3.833747 14.208455
v -18.031579 4.079727 14.198297
v -18.016898 4.325651 14.186738
v -18.000437 4.571484 14.173775
v -17.982194 4.817187 14.159411
v -17.962171 5.062726 14.143644
v -17.940368 5.308063 14.126477
v -17.916788 5.553161 14.107909
v -17.891431 5.797985 14.087943
v -17.864301 6.042497 14.066581
v -17.835401 6.286662 14.043824
v -17.804735 6.530443 14.019677
v -17.772306 6.773803 13.994142
v -17.702806 7.255000 13.939417
v -17.626438 7.734123 13.879284
v -17.543251 8.210893 13.813782
v -17.453306 8.685037 13.742958
v -17.356668 9.156283 13.666864
v -17.253410 9.624366 13.585557
v -17.143615 10.089024 13.499103
v -16.987565 10.089024 13.694961
v -17.096381 9.624366 13.782644
v -17.198720 9.156283 13.865104
v -17.294500 8.685037 13.942276
v -17.383648 8.210893 14.014102
v -17.466098 7.734123 14.080527
v -17.541793 7.255000 14.141506
v -17.610682 6.773803 14.196998
v -17.642826 6.530443 14.222890
v -17.673225 6.286662 14.247374
v -17.701873 6.042497 14.270447
v -17.728767 5.797985 14.292105
v -17.753904 5.553161 14.312347
v -17.777281 5.308063 14.331170
v -17.798896 5.062726 14.348573
v -17.818748 4.817187 14.364555
v -17.836836 4.571484 14.379114
v -17.853159 4.325651 14.392251
v -17.867717 4.079727 14.403964
v -17.880511 3.833747 14.414256
v -17.891542 3.587748 14.423126
v -18.385869 3.341767 13.807259
v -18.376359 3.587748 13.800118
v -18.365041 3.833747 13.791618
v -18.351911 4.079727 13.781758
v -18.336970 4.325651 13.770537
v -18.320215 4.571484 13.757955
v -18.301649 4.817187 13.744012
v -18.281270 5.062726 13.728708
v -18.259080 5.308063 13.712044
v -18.235080 5.553161 13.694021
v -18.209273 5.797985 13.674641
v -18.181661 6.042497 13.653905
v -18.152248 6.286662 13.631817
v -18.121037 6.530443 13.608378
v -18.088032 6.773803 13.583592
v -18.017297 7.255000 13.530473
v -17.939572 7.734123 13.472103
v -17.854908 8.210893 13.408523
v -17.763365 8.685037 13.339777
v -17.665010 9.156283 13.265915
v -17.559918 9.624366 13.186994
v -17.448172 10.089024 13.103076
v -17.296795 10.089024 13.302263
v -17.407589 9.624366 13.387434
v -17.511786 9.156283 13.467532
v -17.609306 8.685037 13.542493
v -17.700073 8.210893 13.612261
v -17.784021 7.734123 13.676784
v -17.861090 7.255000 13.736017
v -17.931229 6.773803 13.789920
v -17.963957 6.530443 13.815070
v -17.994907 6.286662 13.838853
v -18.024075 6.042497 13.861265
v -18.051456 5.797985 13.882304
v -18.077049 5.553161 13.901967
v -18.100850 5.308063 13.920251
v -18.122856 5.062726 13.937157
v -18.143068 4.817187 13.952681
v -18.161483 4.571484 13.966824
v -18.178101 4.325651 13.979585
v -18.192923 4.079727 13.990964
v -18.205948 3.833747 14.000961
v -18.217178 3.587748 14.009578
v -18.226614 3.341767 14.016816
v -16.867062 3.341767 15.626349
v -16.858346 3.587748 15.618259
v -16.847969 3.833747 15.608631
v -16.835932 4.079727 15.597464
v -16.822232 4.325651 15.584757
v -16.806869 4.571484 15.570510
v -16.789843 4.817187 15.554722
v -16.771155 5.062726 15.537394
v -16.750805 5.308063 15.518527
v -16.728796 5.553161 15.498121
v -16.705128 5.797985 15.476180
v -16.679804 6.042497 15.452705
v -16.652828 6.286662 15.427698
v -16.624202 6.530443 15.401164
v -16.593930 6.773803 15.373105
v -16.529053 7.255000 15.312972
v -16.457762 7.734123 15.246897
v -16.380106 8.210893 15.174926
v -16.296138 8.685037 15.097108
v -16.205921 9.156283 15.013501
v -16.109524 9.624366 14.924168
v -16.007021 10.089024 14.829180
v -15.936769 3.587748 16.557573
v -15.926953 3.833747 16.547375
v -15.915566 4.079727 16.535545
v -15.902608 4.325651 16.522082
v -15.888078 4.571484 16.506986
v -15.871976 4.817187 16.490257
v -15.854303 5.062726 16.471895
v -15.835059 5.308063 16.451902
v -15.814245 5.553161 16.430277
v -15.791865 5.797985 16.407025
v -15.767918 6.042497 16.382146
v -15.742410 6.286662 16.355643
v -15.715342 6.530443 16.327521
v -15.686719 6.773803 16.297783
v -15.625375 7.255000 16.234049
v -15.557968 7.734123 16.164017
v -15.484544 8.210893 16.087733
v -15.405154 8.685037 16.005250
v -15.319856 9.156283 15.916629
v -15.228716 9.624366 15.821939
v -16.227100 3.341767 16.289930
v -16.218707 3.587748 16.281504
v -16.208717 3.833747 16.271476
v -16.197129 4.079727 16.259843
v -16.183942 4.325651 16.246605
v -16.169155 4.571484 16.231760
v -16.152769 4.817187 16.215310
v -16.134782 5.062726 16.197255
v -16.115198 5.308063 16.177594
v -16.094016 5.553161 16.156330
v -16.071239 5.797985 16.133465
v -16.046870 6.042497 16.109001
v -16.020910 6.286662 16.082941
v -15.993363 6.530443 16.055288
v -15.964233 6.773803 16.026045
v -15.901804 7.255000 15.963374
v -15.833205 7.734123 15.894510
v -15.758482 8.210893 15.819497
v -15.677687 8.685037 15.738390
v -15.590881 9.156283 15.651247
v -15.498128 9.624366 15.558135
v -15.399503 10.089024 15.459128
v -16.311664 3.587748 16.188375
v -16.301617 3.833747 16.178404
v -16.289962 4.079727 16.166837
v -16.276699 4.325651 16.153675
v -16.261828 4.571484 16.138915
v -16.245347 4.817187 16.122559
v -16.227258 5.062726 16.104607
v -16.207561 5.308063 16.085059
v -16.186258 5.553161 16.063917
v -16.163351 5.797985 16.041183
v -16.138841 6.042497 16.016858
v -16.112732 6.286662 15.990947
v -16.085028 6.530443 15.963452
v -16.055731 6.773803 15.934377
v -15.992944 7.255000 15.872064
v -15.923952 7.734123 15.803594
v -15.848801 8.210893 15.729010
v -15.767543 8.685037 15.648367
v -15.680239 9.156283 15.561722
v -15.586954 9.624366 15.469143
v -16.587396 3.587748 15.905727
v -16.577179 3.833747 15.895930
v -16.565328 4.079727 15.884565
v -16.551841 4.325651 15.871633
v -16.536718 4.571484 15.857131
v -16.519958 4.817187 15.841060
v -16.501563 5.062726 15.823421
v -16.481534 5.308063 15.804215
v -16.459870 5.553161 15.783442
v -16.436576 5.797985 15.761105
v -16.411652 6.042497 15.737205
v -16.385102 6.286662 15.711746
v -16.356929 6.530443 15.684731
v -16.327137 6.773803 15.656164
v -16.263289 7.255000 15.594939
v -16.193130 7.734123 15.527664
v -16.116709 8.210893 15.454383
v -16.034077 8.685037 15.375147
v -15.945297 9.156283 15.290016
v -15.850436 9.624366 15.199053
v -15.749569 10.089024 15.102331
v -16.947544 3.587748 15.521424
v -16.937105 3.833747 15.511864
v -16.924996 4.079727 15.500774
v -16.911216 4.325651 15.488154
v -16.895765 4.571484 15.474002
v -16.878642 4.817187 15.458320
v -16.859848 5.062726 15.441107
v -16.839383 5.308063 15.422365
v -16.817249 5.553161 15.402094
v -16.793449 5.797985 15.380296
v -16.767984 6.042497 15.356974
v -16.740858 6.286662 15.332130
v -16.712073 6.530443 15.305768
v -16.681634 6.773803 15.277891
v -16.616400 7.255000 15.218145
v -16.544718 7.734123 15.152496
v -16.466637 8.210893 15.080985
v -16.382211 8.685037 15.003664
v -16.291504 9.156283 14.920589
v -16.194583 9.624366 14.831824
v -16.091526 10.089024 14.737439
vt 21.672571 7.700000 0.000000
vt 21.831274 7.204364 0.000000
vt 21.839697 7.700000 0.000000
vt 21.997428 7.204129 0.000000
vt 21.980275 6.705223 0.000000
vt 22.145512 6.704799 0.000000
vt 22.119507 6.202798 0.000000
vt 22.283883 6.202228 0.000000
vt 22.248908 5.697313 0.000000
vt 22.412480 5.696638 0.000000
vt 22.368421 5.188991 0.000000
vt 22.531248 5.188249 0.000000
vt 22.477992 4.678060 0.000000
vt 22.640135 4.677286 0.000000
vt 22.577573 4.164745 0.000000
vt 22.739092 4.163971 0.000000
vt 22.667119 3.649276 0.000000
vt 22.828076 3.648530 0.000000
vt 22.746592 3.131882 0.000000
vt 22.907049 3.131189 0.000000
vt 22.815954 2.612791 0.000000
vt 22.975975 2.612176 0.000000
vt 22.875177 2.092236 0.000000
vt 23.034824 2.091717 0.000000
vt 22.924232 1.570447 0.000000
vt 23.083571 1.570041 0.000000
vt 22.963099 1.047657 0.000000
vt 23.122194 1.047376 0.000000
vt 22.991761 0.524097 0.000000
vt 23.150676 0.523953 0.000000
vt 23.010204 -0.000000 0.000000
vt 23.169004 -0.000000 0.000000
vt 10.946985 -18.397552 0.000000
vt 10.602707 -18.755231 0.000000
vt 11.068715 -18.512064 0.000000
vt 10.721782 -18.872502 0.000000
vt 10.250327 -19.104931 0.000000
vt 10.366684 -19.224898 0.000000
vt 9.890029 -19.446468 0.000000
vt 10.003608 -19.569069 0.000000
vt 9.522002 -19.779662 0.000000
vt 9.632744 -19.904832 0.000000
vt 9.146441 -20.104339 0.000000
vt 9.254286 -20.232013 0.000000
vt 8.763540 -20.420328 0.000000
vt 8.868433 -20.550439 0.000000
vt 8.373503 -20.727464 0.000000
vt 8.475388 -20.859944 0.000000
vt 7.976533 -21.025586 0.000000
vt 8.075356 -21.160364 0.000000
vt -16.759945 -15.766217 0.000000
vt -16.875611 -15.875025 0.000000
vt -16.435461 -16.104192 0.000000
vt -16.548887 -16.215332 0.000000
vt -16.104162 -16.435491 0.000000
vt -16.215302 -16.548917 0.000000
vt -15.766187 -16.759975 0.000000
vt -15.874995 -16.875641 0.000000
vt -15.421675 -17.077511 0.000000
vt -15.528105 -17.195368 0.000000
vt -15.070769 -17.387966 0.000000
vt -15.174777 -17.507966 0.000000
vt -14.713615 -17.691212 0.000000
vt -14.815158 -17.813305 0.000000
vt -14.350360 -17.987124 0.000000
vt -14.449397 -18.111259 0.000000
vt -13.981156 -18.275578 0.000000
vt -14.077645 -18.401703 0.000000
vt -13.606155 -18.556455 0.000000
vt -13.700056 -18.684519 0.000000
vt -7.336397 4.178437 0.000000
vt -7.862298 4.178437 0.000000
vt -7.368846 3.917285 0.000000
vt -7.862298 3.713717 0.000000
vt -7.368846 3.656102 0.000000
vt -7.368846 3.394980 0.000000
vt -6.875394 3.656072 0.000000
vt -6.875394 3.394980 0.000000
vt -6.381942 3.656042 0.000000
vt -6.381942 3.394980 0.000000
vt -6.135216 3.656027 0.000000
vt -6.135216 3.394980 0.000000
vt -5.888490 3.656012 0.000000
vt -5.888490 3.394980 0.000000
vt -5.641764 3.655997 0.000000
vt -5.641764 3.394980 0.000000
vt -5.395038 3.655982 0.000000
vt -5.395038 3.394980 0.000000
vt -5.148312 3.655967 0.000000
vt -5.148312 3.394980 0.000000
vt -4.901586 3.655952 0.000000
vt -4.901586 3.394980 0.000000
vt -4.654860 3.655937 0.000000
vt -4.654860 3.394980 0.000000
vt -4.408134 3.655922 0.000000
vt -4.408134 3.394980 0.000000
vt -4.161408 3.655907 0.000000
vt -4.161408 3.394980 0.000000
vt -3.914682 3.655892 0.000000
vt -3.914682 3.394980 0.000000
vt -3.425347 3.655862 0.000000
vt -3.425347 3.394980 0.000000
vt -2.936011 3.655832 0.000000
vt -2.936011 3.394980 0.000000
vt -2.446676 3.655802 0.000000
vt -2.446676 3.394980 0.000000
vt -1.957341 3.655772 0.000000
vt -1.957341 3.394980 0.000000
vt -1.468006 3.655742 0.000000
vt -1.468006 3.394980 0.000000
vt -0.978670 3.655712 0.000000
vt -0.978670 3.394980 0.000000
vt -0.489335 3.655682 0.000000
vt -0.489335 3.394980 0.000000
vt -0.000000 3.655653 0.000000
vt -0.000000 3.133279 0.000000
vt -0.489335 3.133314 0.000000
vt -0.489335 2.872676 0.000000
vt -0.978670 2.872676 0.000000
vt -0.978670 2.611223 0.000000
vt -1.468006 2.611245 0.000000
vt -1.468006 2.350371 0.000000
vt -1.957341 2.350371 0.000000
vt -1.468006 2.089219 0.000000
vt -1.957341 2.089219 0.000000
vt -1.468006 1.828066 0.000000
vt -1.957341 1.828066 0.000000
vt -1.468006 1.567193 0.000000
vt -1.957341 1.567171 0.000000
vt -1.468006 1.436338 0.000000
vt -1.957341 1.436338 0.000000
vt -1.468006 1.305762 0.000000
vt -1.957341 1.305762 0.000000
vt -1.468006 1.175185 0.000000
vt -1.957341 1.175185 0.000000
vt -1.468006 1.045055 0.000000
vt -1.957341 1.045021 0.000000
vt -1.468006 0.914033 0.000000
vt -1.957341 0.914033 0.000000
vt -1.468006 0.783457 0.000000
vt -1.957341 0.783457 0.000000
vt -1.468006 0.652881 0.000000
vt -1.957341 0.652881 0.000000
vt -1.468006 0.522695 0.000000
vt -1.957341 0.522665 0.000000
vt -1.468006 0.391728 0.000000
vt -1.957341 0.391728 0.000000
vt -1.468006 0.261152 0.000000
vt -1.957341 0.261152 0.000000
vt -1.468006 0.130576 0.000000
vt -1.957341 0.130576 0.000000
vt -1.575567 0.000000 0.000000
vt -2.099566 0.000000 0.000000
vt -2.446676 0.130576 0.000000
vt -2.623162 0.000000 0.000000
vt -2.936011 0.130576 0.000000
vt -3.146472 0.000000 0.000000
vt -3.425347 0.130576 0.000000
vt -3.669609 0.000000 0.000000
vt -3.914682 0.130576 0.000000
vt -4.192689 0.000000 0.000000
vt -4.161408 0.130576 0.000000
vt -4.408134 0.130576 0.000000
vt -4.408134 0.261152 0.000000
vt -4.654860 0.261152 0.000000
vt -4.654860 0.391728 0.000000
vt -4.901586 0.391728 0.000000
vt -4.901586 0.522485 0.000000
vt -5.148312 0.522470 0.000000
vt -5.148312 0.652881 0.000000
vt -5.395038 0.652881 0.000000
vt -5.395038 0.783457 0.000000
vt -5.641764 0.783457 0.000000
vt -5.641764 0.914033 0.000000
vt -5.888490 0.914033 0.000000
vt -5.888490 1.044747 0.000000
vt -6.135216 1.044730 0.000000
vt -6.135216 1.175185 0.000000
vt -6.381942 1.175185 0.000000
vt -6.381942 1.305762 0.000000
vt -6.875394 1.305762 0.000000
vt -6.875394 1.436338 0.000000
vt -7.368846 1.436338 0.000000
vt -7.368846 1.566935 0.000000
vt -7.862298 1.393246 0.000000
vt -7.862298 1.857244 0.000000
vt -7.368846 1.828066 0.000000
vt -7.368846 2.089219 0.000000
vt -6.875394 1.828066 0.000000
vt -6.875394 2.089219 0.000000
vt -6.381942 1.828066 0.000000
vt -6.381942 2.089219 0.000000
vt -6.135216 1.828066 0.000000
vt -6.135216 2.089219 0.000000
vt -5.888490 1.828066 0.000000
vt -5.888490 2.089219 0.000000
vt -5.641764 1.828066 0.000000
vt -5.641764 2.089219 0.000000
vt -5.395038 1.828066 0.000000
vt -5.395038 2.089219 0.000000
vt -5.148312 1.828066 0.000000
vt -5.148312 2.089219 0.000000
vt -4.901586 1.828066 0.000000
vt -4.901586 2.089219 0.000000
vt -4.654860 1.828066 0.000000
vt -4.654860 2.089219 0.000000
vt -4.408134 1.828066 0.000000
vt -4.408134 2.089219 0.000000
vt -4.161408 1.828066 0.000000
vt -4.161408 2.089219 0.000000
vt -3.914682 1.828066 0.000000
vt -3.914682 2.089219 0.000000
vt -3.425347 1.828066 0.000000
vt -3.425347 2.089219 0.000000
vt -2.936011 1.828066 0.000000
vt -2.936011 2.089219 0.000000
vt -2.446676 1.828066 0.000000
vt -2.446676 2.089219 0.000000
vt -7.862298 3.249334 0.000000
vt -7.368846 3.133793 0.000000
vt -6.875394 3.133759 0.000000
vt -6.381942 3.133725 0.000000
vt -6.135216 3.133707 0.000000
vt -5.888490 3.133690 0.000000
vt -5.641764 3.133673 0.000000
vt -5.395038 3.133656 0.000000
vt -5.148312 3.133639 0.000000
vt -4.901586 3.133621 0.000000
vt -4.654860 3.133604 0.000000
vt -4.408134 3.133587 0.000000
vt -4.161408 3.133570 0.000000
vt -3.914682 3.133553 0.000000
vt -3.425347 3.133518 0.000000
vt -2.936011 3.133484 0.000000
vt -2.446676 3.133450 0.000000
vt -1.957341 3.133416 0.000000
vt -1.468006 3.133382 0.000000
vt -0.978670 3.133348 0.000000
vt -7.862298 2.785192 0.000000
vt -7.368846 2.872676 0.000000
vt -6.875394 2.872676 0.000000
vt -6.381942 2.872676 0.000000
vt -6.135216 2.872676 0.000000
vt -5.888490 2.872676 0.000000
vt -5.641764 2.872676 0.000000
vt -5.395038 2.872676 0.000000
vt -5.148312 2.872676 0.000000
vt -4.901586 2.872676 0.000000
vt -4.654860 2.872676 0.000000
vt -4.408134 2.872676 0.000000
vt -4.161408 2.872676 0.000000
vt -3.914682 2.872676 0.000000
vt -3.425347 2.872676 0.000000
vt -2.936011 2.872676 0.000000
vt -2.446676 2.872676 0.000000
vt -1.957341 2.872676 0.000000
vt -1.468006 2.872676 0.000000
vt -7.368846 2.611502 0.000000
vt -7.862298 2.321194 0.000000
vt -7.368846 2.350371 0.000000
vt -7.862298 0.929103 0.000000
vt -7.368846 1.175185 0.000000
vt -7.368846 1.305762 0.000000
vt -7.862298 0.464720 0.000000
vt -7.368846 0.652881 0.000000
vt -7.368846 0.783457 0.000000
vt -7.368846 0.914033 0.000000
vt -6.875394 0.783457 0.000000
vt -6.875394 0.914033 0.000000
vt -6.381942 0.783457 0.000000
vt -6.381942 0.914033 0.000000
vt -6.135216 0.783457 0.000000
vt -6.135216 0.914033 0.000000
vt -5.888490 0.783457 0.000000
vt -7.862298 0.000000 0.000000
vt -7.368846 0.261152 0.000000
vt -7.368846 0.391728 0.000000
vt -7.368846 0.522335 0.000000
vt -6.875394 0.391728 0.000000
vt -6.875394 0.522365 0.000000
vt -6.381942 0.391728 0.000000
vt -6.381942 0.522395 0.000000
vt -6.135216 0.391728 0.000000
vt -6.135216 0.522410 0.000000
vt -5.888490 0.391728 0.000000
vt -5.888490 0.522425 0.000000
vt -5.641764 0.391728 0.000000
vt -5.641764 0.522440 0.000000
vt -5.395038 0.391728 0.000000
vt -5.395038 0.522455 0.000000
vt -5.148312 0.391728 0.000000
vt -7.368846 0.130576 0.000000
vt -7.336397 0.000000 0.000000
vt -6.875394 0.130576 0.000000
vt -6.811247 0.000000 0.000000
vt -6.381942 0.130576 0.000000
vt -6.286731 0.000000 0.000000
vt -6.135216 0.130576 0.000000
vt -5.762732 0.000000 0.000000
vt -5.888490 0.130576 0.000000
vt -5.641764 0.130576 0.000000
vt -5.888490 0.261152 0.000000
vt -5.641764 0.261152 0.000000
vt -5.395038 0.130576 0.000000
vt -5.239135 0.000000 0.000000
vt -5.148312 0.130576 0.000000
vt -4.901586 0.130576 0.000000
vt -5.148312 0.261152 0.000000
vt -4.901586 0.261152 0.000000
vt -4.715826 0.000000 0.000000
vt -4.654860 0.130576 0.000000
vt -1.051051 0.000000 0.000000
vt -0.978670 0.130576 0.000000
vt -0.978670 0.261152 0.000000
vt -0.978670 0.391728 0.000000
vt -0.978670 0.522725 0.000000
vt -0.978670 0.652881 0.000000
vt -0.978670 0.783457 0.000000
vt -0.978670 0.914033 0.000000
vt -0.978670 1.045089 0.000000
vt -0.978670 1.175185 0.000000
vt -0.978670 1.305762 0.000000
vt -0.978670 1.436338 0.000000
vt -0.978670 1.567214 0.000000
vt -0.978670 1.828066 0.000000
vt -0.978670 2.089219 0.000000
vt -0.978670 2.350371 0.000000
vt -0.489335 2.611202 0.000000
vt -0.000000 2.611181 0.000000
vt -0.525900 0.000000 0.000000
vt -0.489335 0.130576 0.000000
vt -0.489335 0.261152 0.000000
vt -0.489335 0.391728 0.000000
vt -0.489335 0.522755 0.000000
vt -0.489335 0.652881 0.000000
vt -0.489335 0.783457 0.000000
vt -0.489335 0.914033 0.000000
vt -0.489335 1.045124 0.000000
vt -0.489335 1.175185 0.000000
vt -0.489335 1.305762 0.000000
vt -0.489335 1.436338 0.000000
vt -0.489335 1.567235 0.000000
vt -0.489335 1.828066 0.000000
vt -0.489335 2.089219 0.000000
vt -0.489335 2.350371 0.000000
vt -0.000000 0.000000 0.000000
vt -0.000000 0.522785 0.000000
vt -0.000000 1.045158 0.000000
vt -0.000000 1.567257 0.000000
vt -0.000000 2.089219 0.000000
vt -0.489335 3.917285 0.000000
vt -0.000000 4.178437 0.000000
vt -0.525900 4.178437 0.000000
vt -0.978670 3.917285 0.000000
vt -1.051051 4.178437 0.000000
vt -1.468006 3.917285 0.000000
vt -1.575567 4.178437 0.000000
vt -1.957341 3.917285 0.000000
vt -2.099566 4.178437 0.000000
vt -2.446676 3.917285 0.000000
vt -2.623162 4.178437 0.000000
vt -2.936011 3.917285 0.000000
vt -3.146472 4.178437 0.000000
vt -3.425347 3.917285 0.000000
vt -3.669609 4.178437 0.000000
vt -3.914682 3.917285 0.000000
vt -4.192689 4.178437 0.000000
vt -4.161408 3.917285 0.000000
vt -4.408134 3.917285 0.000000
vt -4.715826 4.178437 0.000000
vt -4.654860 3.917285 0.000000
vt -4.901586 3.917285 0.000000
vt -5.239135 4.178437 0.000000
vt -5.148312 3.917285 0.000000
vt -5.395038 3.917285 0.000000
vt -5.762732 4.178437 0.000000
vt -5.641764 3.917285 0.000000
vt -6.286731 4.178437 0.000000
vt -6.135216 3.917285 0.000000
vt -5.888490 3.917285 0.000000
vt -6.381942 3.917285 0.000000
vt -6.811247 4.178437 0.000000
vt -6.875394 3.917285 0.000000
vt -6.875394 0.652881 0.000000
vt -6.381942 0.652881 0.000000
vt -6.135216 0.652881 0.000000
vt -5.888490 0.652881 0.000000
vt -5.641764 0.652881 0.000000
vt -7.368846 1.044644 0.000000
vt -6.875394 2.611480 0.000000
vt -6.381942 2.611459 0.000000
vt -6.875394 2.350371 0.000000
vt -6.135216 2.611448 0.000000
vt -6.381942 2.350371 0.000000
vt -5.888490 2.611437 0.000000
vt -6.135216 2.350371 0.000000
vt -5.641764 2.611426 0.000000
vt -5.888490 2.350371 0.000000
vt -5.395038 2.611416 0.000000
vt -5.641764 2.350371 0.000000
vt -5.148312 2.611405 0.000000
vt -5.395038 2.350371 0.000000
vt -4.901586 2.611394 0.000000
vt -5.148312 2.350371 0.000000
vt -4.654860 2.611383 0.000000
vt -4.901586 2.350371 0.000000
vt -4.408134 2.611373 0.000000
vt -4.654860 2.350371 0.000000
vt -4.161408 2.611362 0.000000
vt -4.408134 2.350371 0.000000
vt -3.914682 2.611351 0.000000
vt -4.161408 2.350371 0.000000
vt -3.425347 2.611330 0.000000
vt -3.914682 2.350371 0.000000
vt -2.936011 2.611308 0.000000
vt -3.425347 2.350371 0.000000
vt -2.446676 2.611287 0.000000
vt -2.936011 2.350371 0.000000
vt -1.957341 2.611266 0.000000
vt -2.446676 2.350371 0.000000
vt -6.875394 1.566957 0.000000
vt -6.381942 1.566978 0.000000
vt -6.381942 1.436338 0.000000
vt -6.135216 1.566989 0.000000
vt -6.135216 1.436338 0.000000
vt -6.135216 1.305762 0.000000
vt -5.888490 1.567000 0.000000
vt -5.888490 1.436338 0.000000
vt -5.888490 1.305762 0.000000
vt -5.888490 1.175185 0.000000
vt -5.641764 1.567011 0.000000
vt -5.641764 1.436338 0.000000
vt -5.641764 1.305762 0.000000
vt -5.641764 1.175185 0.000000
vt -5.641764 1.044764 0.000000
vt -5.395038 1.567021 0.000000
vt -5.395038 1.436338 0.000000
vt -5.395038 1.305762 0.000000
vt -5.395038 1.175185 0.000000
vt -5.395038 1.044781 0.000000
vt -5.395038 0.914033 0.000000
vt -5.148312 1.567032 0.000000
vt -5.148312 1.436338 0.000000
vt -5.148312 1.305762 0.000000
vt -5.148312 1.175185 0.000000
vt -5.148312 1.044799 0.000000
vt -5.148312 0.914033 0.000000
vt -5.148312 0.783457 0.000000
vt -4.901586 1.567043 0.000000
vt -4.901586 1.436338 0.000000
vt -4.901586 1.305762 0.000000
vt -4.901586 1.175185 0.000000
vt -4.901586 1.044816 0.000000
vt -4.901586 0.914033 0.000000
vt -4.901586 0.783457 0.000000
vt -4.901586 0.652881 0.000000
vt -4.654860 1.567054 0.000000
vt -4.654860 1.436338 0.000000
vt -4.654860 1.305762 0.000000
vt -4.654860 1.175185 0.000000
vt -4.654860 1.044833 0.000000
vt -4.654860 0.914033 0.000000
vt -4.654860 0.783457 0.000000
vt -4.654860 0.652881 0.000000
vt -4.654860 0.522500 0.000000
vt -4.408134 1.567064 0.000000
vt -4.408134 1.436338 0.000000
vt -4.408134 1.305762 0.000000
vt -4.408134 1.175185 0.000000
vt -4.408134 1.044850 0.000000
vt -4.408134 0.914033 0.000000
vt -4.408134 0.783457 0.000000
vt -4.408134 0.652881 0.000000
vt -4.408134 0.522515 0.000000
vt -4.408134 0.391728 0.000000
vt -4.161408 1.567075 0.000000
vt -4.161408 1.436338 0.000000
vt -4.161408 1.305762 0.000000
vt -4.161408 1.175185 0.000000
vt -4.161408 1.044867 0.000000
vt -4.161408 0.914033 0.000000
vt -4.161408 0.783457 0.000000
vt -4.161408 0.652881 0.000000
vt -4.161408 0.522531 0.000000
vt -4.161408 0.391728 0.000000
vt -4.161408 0.261152 0.000000
vt -3.914682 1.567086 0.000000
vt -3.914682 1.436338 0.000000
vt -3.914682 1.305762 0.000000
vt -3.914682 1.175185 0.000000
vt -3.914682 1.044885 0.000000
vt -3.914682 0.914033 0.000000
vt -3.914682 0.783457 0.000000
vt -3.914682 0.652881 0.000000
vt -3.914682 0.522546 0.000000
vt -3.914682 0.391728 0.000000
vt -3.914682 0.261152 0.000000
vt -3.425347 1.567107 0.000000
vt -3.425347 1.436338 0.000000
vt -3.425347 1.305762 0.000000
vt -3.425347 1.175185 0.000000
vt -3.425347 1.044919 0.000000
vt -3.425347 0.914033 0.000000
vt -3.425347 0.783457 0.000000
vt -3.425347 0.652881 0.000000
vt -3.425347 0.522575 0.000000
vt -3.425347 0.391728 0.000000
vt -3.425347 0.261152 0.000000
vt -2.936011 1.567129 0.000000
vt -2.936011 1.436338 0.000000
vt -2.936011 1.305762 0.000000
vt -2.936011 1.175185 0.000000
vt -2.936011 1.044953 0.000000
vt -2.936011 0.914033 0.000000
vt -2.936011 0.783457 0.000000
vt -2.936011 0.652881 0.000000
vt -2.936011 0.522605 0.000000
vt -2.936011 0.391728 0.000000
vt -2.936011 0.261152 0.000000
vt -2.446676 1.567150 0.000000
vt -2.446676 1.436338 0.000000
vt -2.446676 1.305762 0.000000
vt -2.446676 1.175185 0.000000
vt -2.446676 1.044987 0.000000
vt -2.446676 0.914033 0.000000
vt -2.446676 0.783457 0.000000
vt -2.446676 0.652881 0.000000
vt -2.446676 0.522635 0.000000
vt -2.446676 0.391728 0.000000
vt -2.446676 0.261152 0.000000
vt -6.875394 1.175185 0.000000
vt -6.875394 1.044678 0.000000
vt -6.381942 1.044713 0.000000
vt -6.875394 0.261152 0.000000
vt -6.381942 0.261152 0.000000
vt -6.135216 0.261152 0.000000
vt -5.395038 0.261152 0.000000
vt 0.526063 0.000000 0.000000
vt 0.489425 0.129652 0.000000
vt 0.000000 0.000000 0.000000
vt 0.489425 0.259304 0.000000
vt 0.000000 0.519085 0.000000
vt 0.489425 0.388957 0.000000
vt 0.489425 0.519056 0.000000
vt 0.978851 0.519026 0.000000
vt 0.978851 0.648261 0.000000
vt 1.468276 0.648261 0.000000
vt 0.978851 0.777913 0.000000
vt 1.468276 0.777913 0.000000
vt 0.978851 0.907565 0.000000
vt 1.468276 0.907565 0.000000
vt 1.468276 1.037660 0.000000
vt 1.957702 1.037626 0.000000
vt 1.957702 1.166870 0.000000
vt 2.447127 1.166870 0.000000
vt 1.957702 1.296522 0.000000
vt 2.447127 1.296522 0.000000
vt 1.957702 1.426174 0.000000
vt 2.447127 1.426174 0.000000
vt 2.447127 1.556060 0.000000
vt 2.936552 1.556039 0.000000
vt 2.936552 1.685478 0.000000
vt 3.425978 1.685478 0.000000
vt 2.936552 1.815130 0.000000
vt 3.425978 1.815130 0.000000
vt 2.936552 1.944783 0.000000
vt 3.425978 1.944783 0.000000
vt 2.936552 2.074435 0.000000
vt 3.425978 2.074435 0.000000
vt 2.936552 2.333739 0.000000
vt 3.425978 2.333739 0.000000
vt 2.936552 2.592830 0.000000
vt 3.425978 2.592851 0.000000
vt 2.936552 2.852348 0.000000
vt 3.425978 2.852348 0.000000
vt 2.936552 3.111311 0.000000
vt 3.425978 3.111345 0.000000
vt 2.936552 3.370956 0.000000
vt 3.425978 3.370956 0.000000
vt 2.936552 3.629962 0.000000
vt 3.425978 3.629992 0.000000
vt 2.936552 3.889565 0.000000
vt 3.425978 3.889565 0.000000
vt 3.147325 4.148869 0.000000
vt 3.670587 4.148869 0.000000
vt 3.915403 3.889565 0.000000
vt 4.193791 4.148869 0.000000
vt 4.162214 3.889565 0.000000
vt 4.409025 3.889565 0.000000
vt 4.409025 3.630051 0.000000
vt 4.655836 3.630066 0.000000
vt 4.655836 3.370956 0.000000
vt 4.902647 3.370956 0.000000
vt 4.902647 3.111447 0.000000
vt 5.149458 3.111464 0.000000
vt 5.149458 2.852348 0.000000
vt 5.396269 2.852348 0.000000
vt 5.396269 2.592937 0.000000
vt 5.643079 2.592947 0.000000
vt 5.643079 2.333739 0.000000
vt 5.889890 2.333739 0.000000
vt 5.889890 2.074435 0.000000
vt 6.136701 2.074435 0.000000
vt 6.136701 1.944783 0.000000
vt 6.383512 1.944783 0.000000
vt 6.383512 1.815130 0.000000
vt 6.630323 1.815130 0.000000
vt 6.630323 1.685478 0.000000
vt 6.877134 1.685478 0.000000
vt 6.630323 1.555879 0.000000
vt 6.877134 1.555869 0.000000
vt 6.630323 1.426174 0.000000
vt 6.877134 1.426174 0.000000
vt 6.877134 1.296522 0.000000
vt 7.123945 1.296522 0.000000
vt 7.123945 1.166870 0.000000
vt 7.370756 1.166870 0.000000
vt 7.123945 1.037269 0.000000
vt 7.370756 1.037252 0.000000
vt 7.123945 0.907565 0.000000
vt 7.370756 0.907565 0.000000
vt 7.370756 0.777913 0.000000
vt 7.864377 0.922529 0.000000
vt 7.370756 0.648261 0.000000
vt 7.864377 0.461432 0.000000
vt 7.370756 0.518639 0.000000
vt 7.370756 0.388957 0.000000
vt 7.123945 0.388957 0.000000
vt 7.370756 0.259304 0.000000
vt 7.123945 0.259304 0.000000
vt 7.370756 0.129652 0.000000
vt 7.123945 0.129652 0.000000
vt 7.338314 0.000000 0.000000
vt 6.813012 0.000000 0.000000
vt 6.877134 0.129652 0.000000
vt 6.630323 0.129652 0.000000
vt 6.630323 0.259304 0.000000
vt 6.383512 0.259304 0.000000
vt 6.383512 0.388957 0.000000
vt 6.136701 0.388957 0.000000
vt 6.383512 0.518698 0.000000
vt 6.136701 0.518713 0.000000
vt 6.383512 0.648261 0.000000
vt 6.136701 0.648261 0.000000
vt 6.136701 0.777913 0.000000
vt 5.889890 0.777913 0.000000
vt 5.889890 0.907565 0.000000
vt 5.643079 0.907565 0.000000
vt 5.889890 1.037354 0.000000
vt 5.643079 1.037371 0.000000
vt 5.889890 1.166870 0.000000
vt 5.643079 1.166870 0.000000
vt 5.643079 1.296522 0.000000
vt 5.396269 1.296522 0.000000
vt 5.396269 1.426174 0.000000
vt 5.149458 1.426174 0.000000
vt 5.396269 1.555933 0.000000
vt 5.149458 1.555943 0.000000
vt 5.396269 1.685478 0.000000
vt 5.149458 1.685478 0.000000
vt 5.149458 1.815130 0.000000
vt 4.902647 1.815130 0.000000
vt 4.902647 1.944783 0.000000
vt 4.655836 1.944783 0.000000
vt 4.655836 2.074435 0.000000
vt 4.409025 2.074435 0.000000
vt 4.409025 2.333739 0.000000
vt 4.162214 2.333739 0.000000
vt 4.162214 2.592883 0.000000
vt 3.915403 2.592873 0.000000
vt 3.915403 2.852348 0.000000
vt 0.978851 0.129652 0.000000
vt 1.051365 0.000000 0.000000
vt 1.468276 0.129652 0.000000
vt 1.576026 0.000000 0.000000
vt 1.957702 0.129652 0.000000
vt 2.100161 0.000000 0.000000
vt 2.447127 0.129652 0.000000
vt 2.623888 0.000000 0.000000
vt 2.936552 0.129652 0.000000
vt 3.147325 0.000000 0.000000
vt 3.425978 0.129652 0.000000
vt 3.670587 0.000000 0.000000
vt 3.915403 0.129652 0.000000
vt 4.193791 0.000000 0.000000
vt 4.162214 0.129652 0.000000
vt 4.409025 0.129652 0.000000
vt 4.162214 0.259304 0.000000
vt 4.409025 0.259304 0.000000
vt 4.162214 0.388957 0.000000
vt 4.409025 0.388957 0.000000
vt 4.409025 0.518818 0.000000
vt 4.655836 0.518803 0.000000
vt 4.655836 0.648261 0.000000
vt 4.902647 0.648261 0.000000
vt 4.655836 0.777913 0.000000
vt 4.902647 0.777913 0.000000
vt 4.655836 0.907565 0.000000
vt 4.902647 0.907565 0.000000
vt 4.902647 1.037422 0.000000
vt 5.149458 1.037405 0.000000
vt 5.149458 1.166870 0.000000
vt 5.396269 1.166870 0.000000
vt 5.149458 1.296522 0.000000
vt 4.717053 0.000000 0.000000
vt 4.655836 0.129652 0.000000
vt 4.655836 0.259304 0.000000
vt 4.655836 0.388957 0.000000
vt 4.902647 0.518788 0.000000
vt 5.149458 0.648261 0.000000
vt 5.149458 0.777913 0.000000
vt 5.149458 0.907565 0.000000
vt 5.396269 1.037388 0.000000
vt 4.902647 0.129652 0.000000
vt 5.240489 0.000000 0.000000
vt 5.149458 0.129652 0.000000
vt 5.396269 0.129652 0.000000
vt 5.149458 0.259304 0.000000
vt 5.396269 0.259304 0.000000
vt 5.149458 0.388957 0.000000
vt 5.396269 0.388957 0.000000
vt 5.396269 0.518758 0.000000
vt 5.643079 0.518743 0.000000
vt 5.643079 0.648261 0.000000
vt 5.889890 0.648261 0.000000
vt 5.643079 0.777913 0.000000
vt 5.764217 0.000000 0.000000
vt 5.643079 0.129652 0.000000
vt 5.643079 0.259304 0.000000
vt 5.643079 0.388957 0.000000
vt 5.889890 0.518728 0.000000
vt 6.288352 0.000000 0.000000
vt 6.136701 0.129652 0.000000
vt 5.889890 0.129652 0.000000
vt 6.383512 0.129652 0.000000
vt 6.136701 0.259304 0.000000
vt 5.889890 0.259304 0.000000
vt 5.889890 0.388957 0.000000
vt 7.864377 0.000000 0.000000
vt 7.864377 1.383387 0.000000
vt 7.864377 1.844101 0.000000
vt 7.370756 1.555847 0.000000
vt 7.370756 1.426174 0.000000
vt 7.370756 1.296522 0.000000
vt 7.123945 1.426174 0.000000
vt 7.864377 2.304768 0.000000
vt 7.370756 2.074435 0.000000
vt 7.370756 1.944783 0.000000
vt 7.370756 1.815130 0.000000
vt 7.123945 1.944783 0.000000
vt 7.123945 1.815130 0.000000
vt 6.877134 1.944783 0.000000
vt 6.877134 1.815130 0.000000
vt 6.630323 1.944783 0.000000
vt 7.864377 2.765483 0.000000
vt 7.370756 2.593022 0.000000
vt 7.370756 2.333739 0.000000
vt 7.123945 2.333739 0.000000
vt 7.123945 2.074435 0.000000
vt 6.877134 2.333739 0.000000
vt 6.877134 2.074435 0.000000
vt 6.630323 2.333739 0.000000
vt 6.630323 2.074435 0.000000
vt 6.383512 2.333739 0.000000
vt 6.383512 2.074435 0.000000
vt 6.136701 2.333739 0.000000
vt 7.864377 3.226341 0.000000
vt 7.370756 3.111618 0.000000
vt 7.370756 2.852348 0.000000
vt 7.123945 2.852348 0.000000
vt 7.123945 2.593011 0.000000
vt 6.877134 2.852348 0.000000
vt 6.877134 2.593001 0.000000
vt 6.630323 2.852348 0.000000
vt 6.630323 2.592990 0.000000
vt 6.383512 2.852348 0.000000
vt 6.383512 2.592979 0.000000
vt 6.136701 2.852348 0.000000
vt 6.136701 2.592969 0.000000
vt 5.889890 2.852348 0.000000
vt 5.889890 2.592958 0.000000
vt 5.643079 2.852348 0.000000
vt 7.370756 3.370956 0.000000
vt 7.864377 3.687438 0.000000
vt 7.370756 3.630231 0.000000
vt 7.370756 3.889565 0.000000
vt 7.123945 3.889565 0.000000
vt 7.338314 4.148869 0.000000
vt 6.813012 4.148869 0.000000
vt 7.864377 4.148869 0.000000
vt 6.288352 4.148869 0.000000
vt 6.630323 3.889565 0.000000
vt 6.877134 3.889565 0.000000
vt 7.123945 3.630216 0.000000
vt 5.764217 4.148869 0.000000
vt 6.136701 3.889565 0.000000
vt 6.383512 3.889565 0.000000
vt 6.630323 3.630186 0.000000
vt 6.877134 3.630201 0.000000
vt 6.877134 3.370956 0.000000
vt 7.123945 3.370956 0.000000
vt 7.123945 3.111601 0.000000
vt 5.240489 4.148869 0.000000
vt 5.396269 3.889565 0.000000
vt 5.643079 3.889565 0.000000
vt 5.889890 3.889565 0.000000
vt 5.889890 3.630141 0.000000
vt 6.136701 3.630156 0.000000
vt 6.136701 3.370956 0.000000
vt 6.383512 3.370956 0.000000
vt 6.383512 3.111550 0.000000
vt 6.630323 3.111567 0.000000
vt 4.717053 4.148869 0.000000
vt 4.902647 3.889565 0.000000
vt 5.149458 3.889565 0.000000
vt 5.396269 3.630111 0.000000
vt 5.643079 3.630126 0.000000
vt 5.643079 3.370956 0.000000
vt 5.889890 3.370956 0.000000
vt 5.889890 3.111515 0.000000
vt 6.136701 3.111532 0.000000
vt 4.655836 3.889565 0.000000
vt 4.902647 3.630081 0.000000
vt 5.149458 3.630096 0.000000
vt 5.149458 3.370956 0.000000
vt 5.396269 3.370956 0.000000
vt 5.396269 3.111481 0.000000
vt 5.643079 3.111498 0.000000
vt 2.623888 4.148869 0.000000
vt 2.447127 3.889565 0.000000
vt 2.447127 3.629932 0.000000
vt 2.447127 3.370956 0.000000
vt 2.447127 3.111277 0.000000
vt 2.447127 2.852348 0.000000
vt 2.447127 2.592809 0.000000
vt 2.447127 2.333739 0.000000
vt 2.447127 2.074435 0.000000
vt 2.447127 1.944783 0.000000
vt 2.447127 1.815130 0.000000
vt 2.447127 1.685478 0.000000
vt 1.957702 1.556082 0.000000
vt 1.468276 1.426174 0.000000
vt 1.468276 1.296522 0.000000
vt 1.468276 1.166870 0.000000
vt 0.978851 1.037694 0.000000
vt 0.489425 0.907565 0.000000
vt 0.489425 0.777913 0.000000
vt 0.489425 0.648261 0.000000
vt 2.100161 4.148869 0.000000
vt 1.957702 3.889565 0.000000
vt 1.957702 3.629903 0.000000
vt 1.957702 3.370956 0.000000
vt 1.957702 3.111243 0.000000
vt 1.957702 2.852348 0.000000
vt 1.957702 2.592788 0.000000
vt 1.957702 2.333739 0.000000
vt 1.957702 2.074435 0.000000
vt 1.957702 1.944783 0.000000
vt 1.957702 1.815130 0.000000
vt 1.957702 1.685478 0.000000
vt 1.468276 1.556103 0.000000
vt 0.978851 1.426174 0.000000
vt 0.978851 1.296522 0.000000
vt 0.978851 1.166870 0.000000
vt 0.489425 1.037728 0.000000
vt 0.000000 1.037762 0.000000
vt 1.576026 4.148869 0.000000
vt 1.468276 3.889565 0.000000
vt 1.468276 3.629873 0.000000
vt 1.468276 3.370956 0.000000
vt 1.468276 3.111209 0.000000
vt 1.468276 2.852348 0.000000
vt 1.468276 2.592767 0.000000
vt 1.468276 2.333739 0.000000
vt 1.468276 2.074435 0.000000
vt 1.468276 1.944783 0.000000
vt 1.468276 1.815130 0.000000
vt 1.468276 1.685478 0.000000
vt 0.978851 1.556124 0.000000
vt 0.489425 1.426174 0.000000
vt 0.489425 1.296522 0.000000
vt 0.489425 1.166870 0.000000
vt 1.051365 4.148869 0.000000
vt 0.978851 3.889565 0.000000
vt 0.978851 3.629843 0.000000
vt 0.978851 3.370956 0.000000
vt 0.978851 3.111175 0.000000
vt 0.978851 2.852348 0.000000
vt 0.978851 2.592745 0.000000
vt 0.978851 2.333739 0.000000
vt 0.978851 2.074435 0.000000
vt 0.978851 1.944783 0.000000
vt 0.978851 1.815130 0.000000
vt 0.978851 1.685478 0.000000
vt 0.489425 1.556145 0.000000
vt 0.000000 1.556166 0.000000
vt 0.526063 4.148869 0.000000
vt 0.489425 3.889565 0.000000
vt 0.489425 3.629814 0.000000
vt 0.489425 3.370956 0.000000
vt 0.489425 3.111141 0.000000
vt 0.489425 2.852348 0.000000
vt 0.489425 2.592724 0.000000
vt 0.489425 2.333739 0.000000
vt 0.489425 2.074435 0.000000
vt 0.489425 1.944783 0.000000
vt 0.489425 1.815130 0.000000
vt 0.489425 1.685478 0.000000
vt 0.000000 4.148869 0.000000
vt 0.000000 3.629784 0.000000
vt 0.000000 3.111108 0.000000
vt 0.000000 2.592703 0.000000
vt 0.000000 2.074435 0.000000
vt 7.370756 1.685478 0.000000
vt 7.123945 1.685478 0.000000
vt 6.877134 0.259304 0.000000
vt 6.877134 0.388957 0.000000
vt 7.123945 0.518654 0.000000
vt 4.902647 0.259304 0.000000
vt 4.902647 0.388957 0.000000
vt 5.149458 0.518773 0.000000
vt 5.396269 0.648261 0.000000
vt 5.396269 0.777913 0.000000
vt 5.396269 0.907565 0.000000
vt 3.915403 0.259304 0.000000
vt 3.915403 0.388957 0.000000
vt 4.162214 0.518833 0.000000
vt 4.409025 0.648261 0.000000
vt 4.409025 0.777913 0.000000
vt 4.409025 0.907565 0.000000
vt 4.655836 1.037439 0.000000
vt 4.902647 1.166870 0.000000
vt 4.902647 1.296522 0.000000
vt 4.902647 1.426174 0.000000
vt 3.425978 0.259304 0.000000
vt 3.425978 0.388957 0.000000
vt 3.915403 0.518848 0.000000
vt 4.162214 0.648261 0.000000
vt 4.162214 0.777913 0.000000
vt 4.162214 0.907565 0.000000
vt 4.409025 1.037457 0.000000
vt 4.655836 1.166870 0.000000
vt 4.655836 1.296522 0.000000
vt 4.655836 1.426174 0.000000
vt 4.902647 1.555954 0.000000
vt 2.936552 0.259304 0.000000
vt 2.936552 0.388957 0.000000
vt 3.425978 0.518878 0.000000
vt 3.915403 0.648261 0.000000
vt 3.915403 0.777913 0.000000
vt 3.915403 0.907565 0.000000
vt 4.162214 1.037474 0.000000
vt 4.409025 1.166870 0.000000
vt 4.409025 1.296522 0.000000
vt 4.409025 1.426174 0.000000
vt 4.655836 1.555965 0.000000
vt 4.902647 1.685478 0.000000
vt 2.447127 0.259304 0.000000
vt 2.447127 0.388957 0.000000
vt 2.936552 0.518907 0.000000
vt 3.425978 0.648261 0.000000
vt 3.425978 0.777913 0.000000
vt 3.425978 0.907565 0.000000
vt 3.915403 1.037491 0.000000
vt 4.162214 1.166870 0.000000
vt 4.162214 1.296522 0.000000
vt 4.162214 1.426174 0.000000
vt 4.409025 1.555976 0.000000
vt 4.655836 1.685478 0.000000
vt 4.655836 1.815130 0.000000
vt 1.957702 0.259304 0.000000
vt 1.957702 0.388957 0.000000
vt 2.447127 0.518937 0.000000
vt 2.936552 0.648261 0.000000
vt 2.936552 0.777913 0.000000
vt 2.936552 0.907565 0.000000
vt 3.425978 1.037525 0.000000
vt 3.915403 1.166870 0.000000
vt 3.915403 1.296522 0.000000
vt 3.915403 1.426174 0.000000
vt 4.162214 1.555986 0.000000
vt 4.409025 1.685478 0.000000
vt 4.409025 1.815130 0.000000
vt 4.409025 1.944783 0.000000
vt 1.468276 0.259304 0.000000
vt 1.468276 0.388957 0.000000
vt 1.957702 0.518967 0.000000
vt 2.447127 0.648261 0.000000
vt 2.447127 0.777913 0.000000
vt 2.447127 0.907565 0.000000
vt 2.936552 1.037559 0.000000
vt 3.425978 1.166870 0.000000
vt 3.425978 1.296522 0.000000
vt 3.425978 1.426174 0.000000
vt 3.915403 1.555997 0.000000
vt 4.162214 1.685478 0.000000
vt 4.162214 1.815130 0.000000
vt 4.162214 1.944783 0.000000
vt 4.162214 2.074435 0.000000
vt 0.978851 0.259304 0.000000
vt 0.978851 0.388957 0.000000
vt 1.468276 0.518996 0.000000
vt 1.957702 0.648261 0.000000
vt 1.957702 0.777913 0.000000
vt 1.957702 0.907565 0.000000
vt 2.447127 1.037592 0.000000
vt 2.936552 1.166870 0.000000
vt 2.936552 1.296522 0.000000
vt 2.936552 1.426174 0.000000
vt 3.425978 1.556018 0.000000
vt 3.915403 1.685478 0.000000
vt 3.915403 1.815130 0.000000
vt 3.915403 1.944783 0.000000
vt 3.915403 2.074435 0.000000
vt 3.915403 2.333739 0.000000
vt 6.877134 0.518668 0.000000
vt 6.630323 0.388957 0.000000
vt 6.630323 0.518683 0.000000
vt 7.123945 0.648261 0.000000
vt 7.123945 0.777913 0.000000
vt 6.630323 0.648261 0.000000
vt 6.383512 0.777913 0.000000
vt 6.136701 0.907565 0.000000
vt 6.136701 1.037337 0.000000
vt 6.136701 1.166870 0.000000
vt 5.889890 1.296522 0.000000
vt 5.643079 1.426174 0.000000
vt 5.643079 1.555922 0.000000
vt 5.643079 1.685478 0.000000
vt 5.396269 1.815130 0.000000
vt 5.149458 1.944783 0.000000
vt 4.902647 2.074435 0.000000
vt 4.655836 2.333739 0.000000
vt 4.409025 2.592894 0.000000
vt 4.162214 2.852348 0.000000
vt 3.915403 3.111379 0.000000
vt 6.877134 0.648261 0.000000
vt 6.877134 0.777913 0.000000
vt 6.877134 0.907565 0.000000
vt 6.877134 1.037286 0.000000
vt 6.630323 0.907565 0.000000
vt 6.630323 0.777913 0.000000
vt 6.630323 1.037303 0.000000
vt 6.383512 0.907565 0.000000
vt 6.877134 1.166870 0.000000
vt 6.630323 1.166870 0.000000
vt 6.383512 1.037320 0.000000
vt 6.383512 1.166870 0.000000
vt 7.123945 1.555858 0.000000
vt 6.383512 1.426174 0.000000
vt 6.630323 1.296522 0.000000
vt 6.383512 1.296522 0.000000
vt 6.136701 1.426174 0.000000
vt 6.136701 1.296522 0.000000
vt 6.383512 1.555890 0.000000
vt 6.136701 1.555901 0.000000
vt 5.889890 1.426174 0.000000
vt 5.889890 1.555911 0.000000
vt 5.889890 1.944783 0.000000
vt 6.136701 1.815130 0.000000
vt 5.889890 1.815130 0.000000
vt 6.136701 1.685478 0.000000
vt 5.889890 1.685478 0.000000
vt 5.643079 1.944783 0.000000
vt 5.643079 1.815130 0.000000
vt 5.643079 2.074435 0.000000
vt 5.396269 2.074435 0.000000
vt 5.396269 1.944783 0.000000
vt 5.149458 2.074435 0.000000
vt 6.383512 1.685478 0.000000
vt 5.396269 2.333739 0.000000
vt 5.149458 2.333739 0.000000
vt 5.149458 2.592926 0.000000
vt 4.902647 2.333739 0.000000
vt 4.902647 2.592915 0.000000
vt 4.902647 2.852348 0.000000
vt 4.655836 2.592905 0.000000
vt 4.409025 2.852348 0.000000
vt 4.162214 3.111396 0.000000
vt 3.915403 3.370956 0.000000
vt 6.877134 3.111584 0.000000
vt 4.655836 2.852348 0.000000
vt 4.655836 3.111430 0.000000
vt 4.409025 3.111413 0.000000
vt 4.162214 3.370956 0.000000
vt 3.915403 3.630021 0.000000
vt 6.630323 3.370956 0.000000
vt 6.383512 3.630171 0.000000
vt 4.409025 3.370956 0.000000
vt 4.162214 3.630036 0.000000
vt -4.246972 0.000000 0.000000
vt -4.414098 0.000000 0.000000
vt -4.405675 -0.495636 0.000000
vt -4.571829 -0.495871 0.000000
vt -4.554676 -0.994777 0.000000
vt -4.719913 -0.995201 0.000000
vt -4.693908 -1.497202 0.000000
vt -4.858284 -1.497772 0.000000
vt -4.823309 -2.002687 0.000000
vt -4.986881 -2.003362 0.000000
vt -4.942822 -2.511009 0.000000
vt -5.105650 -2.511751 0.000000
vt -5.052393 -3.021940 0.000000
vt -5.214536 -3.022714 0.000000
vt -5.151974 -3.535255 0.000000
vt -5.313493 -3.536029 0.000000
vt -5.241520 -4.050724 0.000000
vt -5.402478 -4.051470 0.000000
vt -5.320993 -4.568118 0.000000
vt -5.481450 -4.568811 0.000000
vt -5.390355 -5.087209 0.000000
vt -5.550376 -5.087824 0.000000
vt -5.449578 -5.607764 0.000000
vt -5.609225 -5.608283 0.000000
vt -5.498633 -6.129553 0.000000
vt -5.657972 -6.129959 0.000000
vt -5.537501 -6.652343 0.000000
vt -5.696595 -6.652624 0.000000
vt -5.566162 -7.175903 0.000000
vt -5.725077 -7.176047 0.000000
vt -5.584605 -7.700000 0.000000
vt -5.743405 -7.700000 0.000000
vn -0.591310 -0.000000 -0.806445
vn -0.591310 -0.000000 -0.806445
vn -0.591310 -0.000000 -0.806445
vn -0.591310 -0.000000 -0.806445
vn -0.591310 -0.000000 -0.806445
vn -0.591310 -0.000000 -0.806445
vn -0.591310 -0.000000 -0.806445
vn -0.591310 -0.000000 -0.806445
vn -0.591310 -0.000000 -0.806445
vn -0.591310 -0.000000 -0.806445
vn -0.591310 -0.000000 -0.806445
vn -0.591310 -0.000000 -0.806445
vn -0.591310 -0.000000 -0.806445
vn -0.591310 -0.000000 -0.806445
vn -0.591310 -0.000000 -0.806445
vn -0.591310 -0.000000 -0.806445
vn -0.591310 -0.000000 -0.806445
vn -0.591310 -0.000000 -0.806445
vn -0.591310 -0.000000 -0.806445
vn -0.591310 -0.000000 -0.806445
vn -0.591310 -0.000000 -0.806445
vn -0.591310 -0.000000 -0.806445
vn -0.591310 -0.000000 -0.806445
vn -0.591310 -0.000000 -0.806445
vn -0.591310 -0.000000 -0.806445
vn -0.591310 -0.000000 -0.806445
vn -0.591310 -0.000000 -0.806445
vn -0.591310 -0.000000 -0.806445
vn -0.591310 -0.000000 -0.806445
vn -0.591310 -0.000000 -0.806445
vn -0.591310 -0.000000 -0.806445
vn -0.591310 -0.000000 -0.806445
vn 0.000000 1.000000 0.000000
vn 0.000000 1.000000 0.000000
vn 0.000000 1.000000 0.000000
vn 0.000000 1.000000 0.000000
vn 0.000000 1.000000 0.000000
vn 0.000000 1.000000 0.000000
vn 0.000000 1.000000 0.000000
vn 0.000000 1.000000 0.000000
vn 0.000000 1.000000 0.000000
vn 0.000000 1.000000 0.000000
vn 0.000000 1.000000 0.000000
vn 0.000000 1.000000 0.000000
vn 0.000000 1.000000 0.000000
vn 0.000000 1.000000 0.000000
vn 0.000000 1.000000 0.000000
vn 0.000000 1.000000 0.000000
vn 0.000000 1.000000 0.000000
vn 0.000000 1.000000 0.000000
vn -0.000000 -1.000000 -0.000000
vn -0.000000 -1.000000 -0.000000
vn -0.000000 -1.000000 -0.000000
vn -0.000000 -1.000000 -0.000000
vn -0.000000 -1.000000 -0.000000
vn -0.000000 -1.000000 -0.000000
vn -0.000000 -1.000000 -0.000000
vn -0.000000 -1.000000 -0.000000
vn -0.000000 -1.000000 -0.000000
vn -0.000000 -1.000000 -0.000000
vn -0.000000 -1.000000 -0.000000
vn -0.000000 -1.000000 -0.000000
vn -0.000000 -1.000000 -0.000000
vn -0.000000 -1.000000 -0.000000
vn -0.000000 -1.000000 -0.000000
vn -0.000000 -1.000000 -0.000000
vn -0.000000 -1.000000 -0.000000
vn -0.000000 -1.000000 -0.000000
vn -0.000000 -1.000000 -0.000000
vn -0.000000 -1.000000 -0.000000
vn -0.805640 0.044649 0.590720
vn -0.806187 0.025269 0.591121
vn -0.798872 0.043452 0.599930
vn -0.793984 0.025269 0.607413
vn -0.791952 0.043452 0.609035
vn -0.784928 0.043452 0.618062
vn -0.791192 0.061650 0.608452
vn -0.784175 0.061650 0.617470
vn -0.790168 0.079856 0.607666
vn -0.783160 0.079856 0.616671
vn -0.789556 0.088959 0.607197
vn -0.782555 0.088959 0.616194
vn -0.788878 0.098061 0.606676
vn -0.781883 0.098061 0.615665
vn -0.788133 0.107161 0.606104
vn -0.781145 0.107161 0.615084
vn -0.787322 0.116258 0.605481
vn -0.780342 0.116258 0.614451
vn -0.786445 0.125352 0.604807
vn -0.779473 0.125352 0.613767
vn -0.785500 0.134440 0.604082
vn -0.778537 0.134440 0.613030
vn -0.784490 0.143523 0.603305
vn -0.777536 0.143523 0.612242
vn -0.783412 0.152598 0.602477
vn -0.776468 0.152598 0.611401
vn -0.782268 0.161666 0.601598
vn -0.775335 0.161666 0.610508
vn -0.781057 0.170725 0.600668
vn -0.774135 0.170725 0.609564
vn -0.778459 0.188662 0.598672
vn -0.771561 0.188662 0.607537
vn -0.775600 0.206553 0.596474
vn -0.768727 0.206553 0.605306
vn -0.772479 0.224389 0.594076
vn -0.765635 0.224389 0.602871
vn -0.769098 0.242164 0.591477
vn -0.762284 0.242164 0.600232
vn -0.765457 0.259870 0.588679
vn -0.758677 0.259870 0.597392
vn -0.761558 0.277498 0.585682
vn -0.754813 0.277498 0.594350
vn -0.757403 0.295041 0.582488
vn -0.750695 0.295041 0.591107
vn -0.752991 0.312492 0.579097
vn -0.739529 0.312492 0.596192
vn -0.743862 0.295041 0.599683
vn -0.736956 0.295041 0.608150
vn -0.740999 0.277498 0.611486
vn -0.733935 0.277498 0.619947
vn -0.737692 0.259870 0.623119
vn -0.730510 0.259870 0.631524
vn -0.733984 0.242164 0.634527
vn -0.723224 0.259870 0.639855
vn -0.726663 0.242164 0.642897
vn -0.715843 0.259870 0.648102
vn -0.719247 0.242164 0.651184
vn -0.708377 0.259870 0.656255
vn -0.711744 0.242164 0.659376
vn -0.704597 0.259870 0.660311
vn -0.707947 0.242164 0.663451
vn -0.700802 0.259870 0.664338
vn -0.704134 0.242164 0.667496
vn -0.696984 0.259870 0.668341
vn -0.700299 0.242164 0.671519
vn -0.693158 0.259870 0.672309
vn -0.696453 0.242164 0.675507
vn -0.689283 0.259870 0.676282
vn -0.692560 0.242164 0.679498
vn -0.685398 0.259870 0.680218
vn -0.688658 0.242164 0.683452
vn -0.681493 0.259870 0.684131
vn -0.684733 0.242164 0.687384
vn -0.677577 0.259870 0.688010
vn -0.680798 0.242164 0.691282
vn -0.673616 0.259870 0.691888
vn -0.676819 0.242164 0.695178
vn -0.669646 0.259870 0.695731
vn -0.672830 0.242164 0.699040
vn -0.665655 0.259870 0.699551
vn -0.668820 0.242164 0.702877
vn -0.662353 0.255984 0.704102
vn -0.665661 0.237005 0.707619
vn -0.671759 0.224389 0.705967
vn -0.668709 0.217963 0.710859
vn -0.674472 0.206553 0.708818
vn -0.671498 0.198864 0.713823
vn -0.676959 0.188662 0.711431
vn -0.674027 0.179714 0.716512
vn -0.679217 0.170725 0.713804
vn -0.676298 0.160517 0.718926
vn -0.680270 0.161666 0.714910
vn -0.681264 0.152598 0.715956
vn -0.685349 0.152598 0.712046
vn -0.686291 0.143523 0.713025
vn -0.690360 0.143523 0.709087
vn -0.691250 0.134440 0.710000
vn -0.695308 0.134440 0.706026
vn -0.696142 0.125352 0.706875
vn -0.700173 0.125352 0.702884
vn -0.700954 0.116258 0.703668
vn -0.704971 0.116258 0.699643
vn -0.705697 0.107161 0.700363
vn -0.709696 0.107161 0.696310
vn -0.710366 0.098061 0.696968
vn -0.714350 0.098061 0.692883
vn -0.714964 0.088959 0.693479
vn -0.718921 0.088959 0.689376
vn -0.719477 0.079856 0.689910
vn -0.723418 0.079856 0.685777
vn -0.724355 0.061650 0.686665
vn -0.728277 0.061650 0.682504
vn -0.728976 0.043452 0.683159
vn -0.732879 0.043452 0.678970
vn -0.728138 0.025269 0.684964
vn -0.741934 0.025269 0.669997
vn -0.740612 0.043452 0.670527
vn -0.748248 0.043452 0.661994
vn -0.739902 0.061650 0.669884
vn -0.747531 0.061650 0.661360
vn -0.738945 0.079856 0.669017
vn -0.746564 0.079856 0.660504
vn -0.738373 0.088959 0.668500
vn -0.745986 0.088959 0.659993
vn -0.737739 0.098061 0.667926
vn -0.745346 0.098061 0.659426
vn -0.737043 0.107161 0.667296
vn -0.744643 0.107161 0.658804
vn -0.736285 0.116258 0.666609
vn -0.743877 0.116258 0.658127
vn -0.735465 0.125352 0.665867
vn -0.743048 0.125352 0.657394
vn -0.734582 0.134440 0.665068
vn -0.742156 0.134440 0.656605
vn -0.733637 0.143523 0.664212
vn -0.741202 0.143523 0.655760
vn -0.732630 0.152598 0.663300
vn -0.740184 0.152598 0.654860
vn -0.731560 0.161666 0.662332
vn -0.739104 0.161666 0.653904
vn -0.730429 0.170725 0.661307
vn -0.737960 0.170725 0.652892
vn -0.728000 0.188662 0.659108
vn -0.735506 0.188662 0.650721
vn -0.725326 0.206553 0.656687
vn -0.732805 0.206553 0.648331
vn -0.722408 0.224389 0.654046
vn -0.729857 0.224389 0.645723
vn -0.781452 0.025269 0.623453
vn -0.777796 0.043452 0.627013
vn -0.777049 0.061650 0.626413
vn -0.776043 0.079856 0.625604
vn -0.775442 0.088959 0.625121
vn -0.774776 0.098061 0.624585
vn -0.774045 0.107161 0.623996
vn -0.773248 0.116258 0.623355
vn -0.772386 0.125352 0.622661
vn -0.771459 0.134440 0.621914
vn -0.770466 0.143523 0.621115
vn -0.769408 0.152598 0.620263
vn -0.768284 0.161666 0.619358
vn -0.767095 0.170725 0.618400
vn -0.764543 0.188662 0.616345
vn -0.761734 0.206553 0.614082
vn -0.758669 0.224389 0.611613
vn -0.755348 0.242164 0.608938
vn -0.751773 0.259870 0.606057
vn -0.747944 0.277498 0.602972
vn -0.768596 0.025269 0.639235
vn -0.770562 0.043452 0.635882
vn -0.769824 0.061650 0.635272
vn -0.768828 0.079856 0.634450
vn -0.768233 0.088959 0.633960
vn -0.767573 0.098061 0.633415
vn -0.766849 0.107161 0.632818
vn -0.766061 0.116258 0.632167
vn -0.765207 0.125352 0.631463
vn -0.764289 0.134440 0.630705
vn -0.763306 0.143523 0.629894
vn -0.762258 0.152598 0.629029
vn -0.761145 0.161666 0.628110
vn -0.759967 0.170725 0.627139
vn -0.757440 0.188662 0.625053
vn -0.754658 0.206553 0.622758
vn -0.751622 0.224389 0.620252
vn -0.748333 0.242164 0.617538
vn -0.744792 0.259870 0.614616
vn -0.763224 0.043452 0.644671
vn -0.755422 0.025269 0.654752
vn -0.755787 0.043452 0.653375
vn -0.714041 0.025269 0.699648
vn -0.721101 0.043452 0.691466
vn -0.725050 0.043452 0.687324
vn -0.699648 0.025269 0.714041
vn -0.705073 0.043452 0.707803
vn -0.709114 0.043452 0.703754
vn -0.713132 0.043452 0.699682
vn -0.708434 0.061650 0.703079
vn -0.712449 0.061650 0.699011
vn -0.707517 0.079856 0.702170
vn -0.711527 0.079856 0.698107
vn -0.706970 0.088959 0.701626
vn -0.710976 0.088959 0.697566
vn -0.706363 0.098061 0.701024
vn -0.684964 0.025269 0.728138
vn -0.692816 0.043452 0.719804
vn -0.696924 0.043452 0.715828
vn -0.701010 0.043452 0.711826
vn -0.696255 0.061650 0.715142
vn -0.700339 0.061650 0.711143
vn -0.695355 0.079856 0.714216
vn -0.699434 0.079856 0.710222
vn -0.694817 0.088959 0.713664
vn -0.698893 0.088959 0.709672
vn -0.694220 0.098061 0.713051
vn -0.698294 0.098061 0.709063
vn -0.693565 0.107161 0.712379
vn -0.697636 0.107161 0.708393
vn -0.692852 0.116258 0.711646
vn -0.696919 0.116258 0.707664
vn -0.692080 0.125352 0.710853
vn -0.688687 0.043452 0.723756
vn -0.684500 0.044649 0.727645
vn -0.688026 0.061650 0.723062
vn -0.683778 0.064017 0.726877
vn -0.687136 0.079856 0.722127
vn -0.682798 0.083369 0.725835
vn -0.686605 0.088959 0.721568
vn -0.681560 0.102700 0.724520
vn -0.686015 0.098061 0.720949
vn -0.685368 0.107161 0.720269
vn -0.690129 0.098061 0.717012
vn -0.689478 0.107161 0.716336
vn -0.684663 0.116258 0.719528
vn -0.680064 0.122005 0.722930
vn -0.683900 0.125352 0.718726
vn -0.683080 0.134440 0.717863
vn -0.688001 0.125352 0.714802
vn -0.687175 0.134440 0.713944
vn -0.678310 0.141279 0.721065
vn -0.682201 0.143523 0.716940
vn -0.658786 0.274896 0.700310
vn -0.662265 0.277498 0.695989
vn -0.666236 0.277498 0.692188
vn -0.670186 0.277498 0.688365
vn -0.674127 0.277498 0.684505
vn -0.678022 0.277498 0.680647
vn -0.681908 0.277498 0.676754
vn -0.685772 0.277498 0.672838
vn -0.689629 0.277498 0.668885
vn -0.693435 0.277498 0.664938
vn -0.697233 0.277498 0.660954
vn -0.701009 0.277498 0.656949
vn -0.704770 0.277498 0.652912
vn -0.712198 0.277498 0.644802
vn -0.719541 0.277498 0.636596
vn -0.726790 0.277498 0.628308
vn -0.729930 0.295041 0.616565
vn -0.725679 0.312492 0.612975
vn -0.654958 0.293734 0.696241
vn -0.658652 0.295041 0.692191
vn -0.662601 0.295041 0.688412
vn -0.666529 0.295041 0.684609
vn -0.670450 0.295041 0.680770
vn -0.674323 0.295041 0.676934
vn -0.678188 0.295041 0.673062
vn -0.682031 0.295041 0.669167
vn -0.685867 0.295041 0.665234
vn -0.689652 0.295041 0.661310
vn -0.693429 0.295041 0.657348
vn -0.697184 0.295041 0.653365
vn -0.700925 0.295041 0.649349
vn -0.708312 0.295041 0.641284
vn -0.715616 0.295041 0.633123
vn -0.722825 0.295041 0.624880
vn -0.650869 0.312492 0.691894
vn -0.666547 0.312492 0.676804
vn -0.681874 0.312492 0.661359
vn -0.696844 0.312492 0.645567
vn -0.711448 0.312492 0.629436
vn -0.764031 0.295041 0.573765
vn -0.766058 0.312492 0.561697
vn -0.770870 0.293734 0.565225
vn -0.768223 0.277498 0.576913
vn -0.775376 0.274896 0.568529
vn -0.772155 0.259870 0.579866
vn -0.779575 0.255984 0.571608
vn -0.775826 0.242164 0.582623
vn -0.783468 0.237005 0.574462
vn -0.779236 0.224389 0.585184
vn -0.787055 0.217963 0.577093
vn -0.782383 0.206553 0.587548
vn -0.790338 0.198864 0.579499
vn -0.785267 0.188662 0.589713
vn -0.793315 0.179714 0.581683
vn -0.787887 0.170725 0.591681
vn -0.795988 0.160517 0.583642
vn -0.789108 0.161666 0.592598
vn -0.790262 0.152598 0.593464
vn -0.798356 0.141279 0.585379
vn -0.791349 0.143523 0.594280
vn -0.792368 0.134440 0.595045
vn -0.800420 0.122005 0.586892
vn -0.793320 0.125352 0.595760
vn -0.794205 0.116258 0.596425
vn -0.802180 0.102700 0.588183
vn -0.795023 0.107161 0.597039
vn -0.803637 0.083369 0.589251
vn -0.796457 0.088959 0.598116
vn -0.795773 0.098061 0.597603
vn -0.797073 0.079856 0.598579
vn -0.804790 0.064017 0.590097
vn -0.798106 0.061650 0.599355
vn -0.704397 0.061650 0.707124
vn -0.703485 0.079856 0.706209
vn -0.702941 0.088959 0.705663
vn -0.702338 0.098061 0.705057
vn -0.701675 0.107161 0.704392
vn -0.717129 0.043452 0.695585
vn -0.762492 0.061650 0.644054
vn -0.761505 0.079856 0.643221
vn -0.755062 0.061650 0.652748
vn -0.760916 0.088959 0.642724
vn -0.754085 0.079856 0.651904
vn -0.760262 0.098061 0.642172
vn -0.753502 0.088959 0.651400
vn -0.759545 0.107161 0.641567
vn -0.752855 0.098061 0.650840
vn -0.758763 0.116258 0.640907
vn -0.752145 0.107161 0.650227
vn -0.757917 0.125352 0.640194
vn -0.751371 0.116258 0.649558
vn -0.757008 0.134440 0.639426
vn -0.750534 0.125352 0.648834
vn -0.756034 0.143523 0.638604
vn -0.749633 0.134440 0.648055
vn -0.754995 0.152598 0.637727
vn -0.748669 0.143523 0.647222
vn -0.753893 0.161666 0.636797
vn -0.747641 0.152598 0.646333
vn -0.752726 0.170725 0.635812
vn -0.746550 0.161666 0.645390
vn -0.750222 0.188662 0.633698
vn -0.745395 0.170725 0.644391
vn -0.747466 0.206553 0.631371
vn -0.742916 0.188662 0.642248
vn -0.744459 0.224389 0.628832
vn -0.740187 0.206553 0.639889
vn -0.741201 0.242164 0.626081
vn -0.737210 0.224389 0.637315
vn -0.732177 0.061650 0.678318
vn -0.731231 0.079856 0.677440
vn -0.727335 0.079856 0.681621
vn -0.730665 0.088959 0.676916
vn -0.726772 0.088959 0.681093
vn -0.722858 0.088959 0.685246
vn -0.730038 0.098061 0.676334
vn -0.726149 0.098061 0.680509
vn -0.722238 0.098061 0.684658
vn -0.718304 0.098061 0.688784
vn -0.729350 0.107161 0.675696
vn -0.725464 0.107161 0.679867
vn -0.721556 0.107161 0.684012
vn -0.717626 0.107161 0.688135
vn -0.713677 0.107161 0.692229
vn -0.728600 0.116258 0.675001
vn -0.724717 0.116258 0.679168
vn -0.720814 0.116258 0.683309
vn -0.716888 0.116258 0.687427
vn -0.712944 0.116258 0.691517
vn -0.708966 0.116258 0.695594
vn -0.727789 0.125352 0.674248
vn -0.723910 0.125352 0.678411
vn -0.720011 0.125352 0.682547
vn -0.716089 0.125352 0.686661
vn -0.712150 0.125352 0.690746
vn -0.708176 0.125352 0.694819
vn -0.704186 0.125352 0.698863
vn -0.726916 0.134440 0.673439
vn -0.723041 0.134440 0.677597
vn -0.719147 0.134440 0.681728
vn -0.715230 0.134440 0.685837
vn -0.711296 0.134440 0.689916
vn -0.707326 0.134440 0.693985
vn -0.703340 0.134440 0.698024
vn -0.699332 0.134440 0.702040
vn -0.725981 0.143523 0.672572
vn -0.722111 0.143523 0.676725
vn -0.718222 0.143523 0.680851
vn -0.714310 0.143523 0.684955
vn -0.710381 0.143523 0.689028
vn -0.706416 0.143523 0.693092
vn -0.702436 0.143523 0.697126
vn -0.698433 0.143523 0.701137
vn -0.694414 0.143523 0.705118
vn -0.724984 0.152598 0.671648
vn -0.721120 0.152598 0.675796
vn -0.717236 0.152598 0.679917
vn -0.713329 0.152598 0.684014
vn -0.709406 0.152598 0.688082
vn -0.705446 0.152598 0.692141
vn -0.701471 0.152598 0.696169
vn -0.697474 0.152598 0.700174
vn -0.693461 0.152598 0.704149
vn -0.689413 0.152598 0.708113
vn -0.723926 0.161666 0.670667
vn -0.720067 0.161666 0.674809
vn -0.716189 0.161666 0.678924
vn -0.712288 0.161666 0.683016
vn -0.708371 0.161666 0.687077
vn -0.704417 0.161666 0.691130
vn -0.700447 0.161666 0.695153
vn -0.696456 0.161666 0.699152
vn -0.692449 0.161666 0.703121
vn -0.688406 0.161666 0.707079
vn -0.684349 0.161666 0.711007
vn -0.722807 0.170725 0.669629
vn -0.718953 0.170725 0.673765
vn -0.715081 0.170725 0.677873
vn -0.711186 0.170725 0.681959
vn -0.707276 0.170725 0.686013
vn -0.703327 0.170725 0.690061
vn -0.699364 0.170725 0.694078
vn -0.695378 0.170725 0.698070
vn -0.691378 0.170725 0.702032
vn -0.687341 0.170725 0.705985
vn -0.683290 0.170725 0.709907
vn -0.720404 0.188662 0.667402
vn -0.716562 0.188662 0.671525
vn -0.712703 0.188662 0.675619
vn -0.708821 0.188662 0.679691
vn -0.704925 0.188662 0.683731
vn -0.700988 0.188662 0.687766
vn -0.697038 0.188662 0.691769
vn -0.693066 0.188662 0.695749
vn -0.689080 0.188662 0.699697
vn -0.685055 0.188662 0.703638
vn -0.681018 0.188662 0.707546
vn -0.717759 0.206553 0.664950
vn -0.713930 0.206553 0.669059
vn -0.710085 0.206553 0.673138
vn -0.706217 0.206553 0.677195
vn -0.702337 0.206553 0.681219
vn -0.698413 0.206553 0.685241
vn -0.694478 0.206553 0.689229
vn -0.690520 0.206553 0.693194
vn -0.686550 0.206553 0.697126
vn -0.682539 0.206553 0.701053
vn -0.678517 0.206553 0.704948
vn -0.714872 0.224389 0.662275
vn -0.711058 0.224389 0.666367
vn -0.707229 0.224389 0.670430
vn -0.703376 0.224389 0.674471
vn -0.699513 0.224389 0.678477
vn -0.695604 0.224389 0.682484
vn -0.691684 0.224389 0.686456
vn -0.687743 0.224389 0.690405
vn -0.683789 0.224389 0.694321
vn -0.679794 0.224389 0.698233
vn -0.675787 0.224389 0.702112
vn -0.720409 0.061650 0.690804
vn -0.716443 0.061650 0.694917
vn -0.715517 0.079856 0.694017
vn -0.692152 0.061650 0.719114
vn -0.691256 0.079856 0.718184
vn -0.690722 0.088959 0.717628
vn -0.688769 0.116258 0.715599
vn 0.654583 -0.295506 -0.695843
vn 0.658271 -0.296824 -0.691791
vn 0.650444 -0.314374 -0.691442
vn 0.662218 -0.296824 -0.688014
vn 0.666111 -0.314374 -0.676362
vn 0.666144 -0.296824 -0.684213
vn 0.670063 -0.296824 -0.680376
vn 0.673785 -0.279179 -0.684158
vn 0.677678 -0.279179 -0.680302
vn 0.681192 -0.261449 -0.683829
vn 0.681562 -0.279179 -0.676411
vn 0.685096 -0.261449 -0.679918
vn 0.685425 -0.279179 -0.672497
vn 0.688978 -0.261449 -0.675983
vn 0.692852 -0.261449 -0.672013
vn 0.696188 -0.243639 -0.675250
vn 0.700032 -0.243639 -0.671264
vn 0.703148 -0.225759 -0.674252
vn 0.703866 -0.243639 -0.667242
vn 0.706999 -0.225759 -0.670212
vn 0.707677 -0.243639 -0.663199
vn 0.710828 -0.225759 -0.666151
vn 0.714640 -0.225759 -0.662059
vn 0.717562 -0.207817 -0.664768
vn 0.721353 -0.207817 -0.660652
vn 0.724046 -0.189819 -0.663118
vn 0.725127 -0.207817 -0.656508
vn 0.727834 -0.189819 -0.658958
vn 0.728878 -0.207817 -0.652341
vn 0.731599 -0.189819 -0.654776
vn 0.732604 -0.207817 -0.648154
vn 0.735339 -0.189819 -0.650573
vn 0.739985 -0.207817 -0.639714
vn 0.742747 -0.189819 -0.642102
vn 0.747262 -0.207817 -0.631199
vn 0.750052 -0.189819 -0.633554
vn 0.754452 -0.207817 -0.622587
vn 0.757268 -0.189819 -0.624911
vn 0.761526 -0.207817 -0.613914
vn 0.764369 -0.189819 -0.616205
vn 0.768517 -0.207817 -0.605140
vn 0.771385 -0.189819 -0.607399
vn 0.775387 -0.207817 -0.596311
vn 0.778282 -0.189819 -0.598536
vn 0.782169 -0.207817 -0.587387
vn 0.785089 -0.189819 -0.589579
vn 0.790139 -0.200072 -0.579354
vn 0.793153 -0.180806 -0.581564
vn 0.787742 -0.171775 -0.591571
vn 0.795859 -0.161493 -0.583548
vn 0.788978 -0.162660 -0.592500
vn 0.790146 -0.153536 -0.593377
vn 0.783297 -0.153536 -0.602389
vn 0.784388 -0.144404 -0.603227
vn 0.777435 -0.144404 -0.612162
vn 0.778449 -0.135265 -0.612961
vn 0.771371 -0.135265 -0.621844
vn 0.772310 -0.126121 -0.622600
vn 0.765132 -0.126121 -0.631401
vn 0.765996 -0.116971 -0.632114
vn 0.758699 -0.116971 -0.640854
vn 0.759491 -0.107817 -0.641521
vn 0.752091 -0.107817 -0.650180
vn 0.752810 -0.098661 -0.650802
vn 0.745302 -0.098661 -0.659387
vn 0.745950 -0.089502 -0.659961
vn 0.742156 -0.089502 -0.664225
vn 0.742737 -0.080342 -0.664745
vn 0.738916 -0.080342 -0.668991
vn 0.739432 -0.071183 -0.669458
vn 0.735583 -0.071183 -0.673684
vn 0.736034 -0.062024 -0.674097
vn 0.731712 -0.071183 -0.677887
vn 0.732160 -0.062024 -0.678303
vn 0.727814 -0.071183 -0.682070
vn 0.728260 -0.062024 -0.682488
vn 0.724338 -0.062024 -0.686649
vn 0.724721 -0.052867 -0.687012
vn 0.720773 -0.052867 -0.691152
vn 0.721092 -0.043713 -0.691459
vn 0.716804 -0.052867 -0.695268
vn 0.717121 -0.043713 -0.695577
vn 0.712808 -0.052867 -0.699364
vn 0.713124 -0.043713 -0.699674
vn 0.709106 -0.043713 -0.703746
vn 0.714038 -0.025418 -0.699645
vn 0.705065 -0.043713 -0.707795
vn 0.699645 -0.025418 -0.714038
vn 0.701002 -0.043713 -0.711818
vn 0.696916 -0.043713 -0.715820
vn 0.696607 -0.052867 -0.715503
vn 0.692808 -0.043713 -0.719796
vn 0.692501 -0.052867 -0.719477
vn 0.688679 -0.043713 -0.723748
vn 0.688374 -0.052867 -0.723427
vn 0.684491 -0.044916 -0.727636
vn 0.683761 -0.064403 -0.726859
vn 0.688011 -0.062024 -0.723045
vn 0.687589 -0.071183 -0.722602
vn 0.691712 -0.071183 -0.718657
vn 0.691229 -0.080342 -0.718155
vn 0.695327 -0.080342 -0.714188
vn 0.694783 -0.089502 -0.713629
vn 0.699406 -0.080342 -0.710194
vn 0.698859 -0.089502 -0.709637
vn 0.703458 -0.080342 -0.706181
vn 0.702907 -0.089502 -0.705628
vn 0.706935 -0.089502 -0.701592
vn 0.706321 -0.098661 -0.700983
vn 0.710324 -0.098661 -0.696926
vn 0.709645 -0.107817 -0.696261
vn 0.714308 -0.098661 -0.692842
vn 0.713626 -0.107817 -0.692180
vn 0.718261 -0.098661 -0.688743
vn 0.717575 -0.107817 -0.688086
vn 0.721505 -0.107817 -0.683963
vn 0.720754 -0.116971 -0.683251
vn 0.724656 -0.116971 -0.679110
vn 0.723839 -0.126121 -0.678344
vn 0.728539 -0.116971 -0.674944
vn 0.727717 -0.126121 -0.674182
vn 0.732391 -0.116971 -0.670761
vn 0.731565 -0.126121 -0.670005
vn 0.735393 -0.126121 -0.665801
vn 0.734499 -0.135265 -0.664992
vn 0.738298 -0.135265 -0.660772
vn 0.737336 -0.144404 -0.659911
vn 0.741106 -0.144404 -0.655675
vn 0.740075 -0.153536 -0.654763
vn 0.747531 -0.153536 -0.646238
vn 0.746426 -0.162660 -0.645283
vn 0.753768 -0.162660 -0.636691
vn 0.752587 -0.171775 -0.635694
vn 0.759826 -0.171775 -0.627023
vn 0.661929 -0.279179 -0.695636
vn 0.658459 -0.276558 -0.699963
vn 0.665361 -0.261449 -0.699242
vn 0.662071 -0.257534 -0.703802
vn 0.668565 -0.243639 -0.702610
vn 0.665420 -0.238442 -0.707362
vn 0.671541 -0.225759 -0.705737
vn 0.668506 -0.219286 -0.710643
vn 0.674288 -0.207817 -0.708624
vn 0.671329 -0.200072 -0.713644
vn 0.676805 -0.189819 -0.711269
vn 0.673890 -0.180806 -0.716366
vn 0.679092 -0.171775 -0.713672
vn 0.676189 -0.161493 -0.718810
vn 0.680157 -0.162660 -0.714792
vn 0.681164 -0.153536 -0.715850
vn 0.684235 -0.162660 -0.710889
vn 0.685249 -0.153536 -0.711942
vn 0.688292 -0.162660 -0.706962
vn 0.689311 -0.153536 -0.708009
vn 0.693359 -0.153536 -0.704046
vn 0.694324 -0.144404 -0.705026
vn 0.698342 -0.144404 -0.701046
vn 0.699253 -0.135265 -0.701960
vn 0.702345 -0.144404 -0.697036
vn 0.703261 -0.135265 -0.697945
vn 0.706325 -0.144404 -0.693003
vn 0.707246 -0.135265 -0.693907
vn 0.711215 -0.135265 -0.689838
vn 0.712080 -0.126121 -0.690678
vn 0.716019 -0.126121 -0.686594
vn 0.716827 -0.116971 -0.687369
vn 0.719940 -0.126121 -0.682480
vn 0.678226 -0.142138 -0.720976
vn 0.682113 -0.144404 -0.716847
vn 0.686203 -0.144404 -0.712933
vn 0.690271 -0.144404 -0.708995
vn 0.695229 -0.135265 -0.705946
vn 0.700104 -0.126121 -0.702815
vn 0.704116 -0.126121 -0.698794
vn 0.708107 -0.126121 -0.694751
vn 0.712884 -0.116971 -0.691458
vn 0.683002 -0.135265 -0.717782
vn 0.680002 -0.122746 -0.722863
vn 0.683833 -0.126121 -0.718655
vn 0.684606 -0.116971 -0.719467
vn 0.687934 -0.126121 -0.714731
vn 0.688711 -0.116971 -0.715539
vn 0.692012 -0.126121 -0.710783
vn 0.692794 -0.116971 -0.711586
vn 0.696860 -0.116971 -0.707605
vn 0.697586 -0.107817 -0.708343
vn 0.701625 -0.107817 -0.704342
vn 0.702296 -0.098661 -0.705015
vn 0.705647 -0.107817 -0.700313
vn 0.681516 -0.103323 -0.724473
vn 0.685319 -0.107817 -0.720217
vn 0.689429 -0.107817 -0.716285
vn 0.693516 -0.107817 -0.712328
vn 0.698252 -0.098661 -0.709020
vn 0.682769 -0.083874 -0.725804
vn 0.686571 -0.089502 -0.721533
vn 0.685975 -0.098661 -0.720906
vn 0.687109 -0.080342 -0.722098
vn 0.690688 -0.089502 -0.717593
vn 0.690088 -0.098661 -0.716969
vn 0.694179 -0.098661 -0.713009
vn 0.684962 -0.025418 -0.728136
vn 0.728136 -0.025418 -0.684962
vn 0.741931 -0.025418 -0.669994
vn 0.732871 -0.043713 -0.678962
vn 0.728968 -0.043713 -0.683151
vn 0.725042 -0.043713 -0.687316
vn 0.728645 -0.052867 -0.682848
vn 0.755419 -0.025418 -0.654749
vn 0.748240 -0.043713 -0.661987
vn 0.744434 -0.043713 -0.666264
vn 0.740603 -0.043713 -0.670519
vn 0.744104 -0.052867 -0.665969
vn 0.740275 -0.052867 -0.670222
vn 0.743711 -0.062024 -0.665617
vn 0.739885 -0.062024 -0.669868
vn 0.743256 -0.071183 -0.665210
vn 0.768593 -0.025418 -0.639232
vn 0.763216 -0.043713 -0.644663
vn 0.755778 -0.043713 -0.653367
vn 0.755443 -0.052867 -0.653078
vn 0.747908 -0.052867 -0.661693
vn 0.755045 -0.062024 -0.652733
vn 0.747514 -0.062024 -0.661344
vn 0.754582 -0.071183 -0.652333
vn 0.747056 -0.071183 -0.660939
vn 0.754056 -0.080342 -0.651878
vn 0.746535 -0.080342 -0.660478
vn 0.753465 -0.089502 -0.651368
vn 0.781449 -0.025418 -0.623451
vn 0.777787 -0.043713 -0.627006
vn 0.770553 -0.043713 -0.635875
vn 0.770212 -0.052867 -0.635593
vn 0.762877 -0.052867 -0.644378
vn 0.769806 -0.062024 -0.635258
vn 0.762474 -0.062024 -0.644039
vn 0.769334 -0.071183 -0.634868
vn 0.762007 -0.071183 -0.643644
vn 0.768797 -0.080342 -0.634425
vn 0.761475 -0.080342 -0.643196
vn 0.768195 -0.089502 -0.633929
vn 0.760878 -0.089502 -0.642692
vn 0.767528 -0.098661 -0.633378
vn 0.760217 -0.098661 -0.642134
vn 0.766795 -0.107817 -0.632773
vn 0.784919 -0.043713 -0.618055
vn 0.793981 -0.025418 -0.607411
vn 0.791943 -0.043713 -0.609028
vn 0.798863 -0.043713 -0.599923
vn 0.798509 -0.052867 -0.599657
vn 0.805631 -0.044916 -0.590713
vn 0.804770 -0.064403 -0.590082
vn 0.806184 -0.025418 -0.591119
vn 0.803603 -0.083874 -0.589226
vn 0.797599 -0.071183 -0.598974
vn 0.798088 -0.062024 -0.599341
vn 0.791592 -0.052867 -0.608759
vn 0.802128 -0.103323 -0.588145
vn 0.796418 -0.089502 -0.598087
vn 0.797042 -0.080342 -0.598556
vn 0.790689 -0.071183 -0.608066
vn 0.791174 -0.062024 -0.608438
vn 0.784157 -0.062024 -0.617455
vn 0.784571 -0.052867 -0.617781
vn 0.777442 -0.052867 -0.626729
vn 0.800346 -0.122746 -0.586838
vn 0.794138 -0.116971 -0.596375
vn 0.794966 -0.107817 -0.596996
vn 0.795726 -0.098661 -0.597567
vn 0.788831 -0.098661 -0.606640
vn 0.789517 -0.089502 -0.607167
vn 0.782516 -0.089502 -0.616163
vn 0.783130 -0.080342 -0.616646
vn 0.776013 -0.080342 -0.625579
vn 0.776555 -0.071183 -0.626016
vn 0.798257 -0.142138 -0.585306
vn 0.792278 -0.135265 -0.594978
vn 0.793242 -0.126121 -0.595702
vn 0.787256 -0.116971 -0.605430
vn 0.788077 -0.107817 -0.606061
vn 0.781090 -0.107817 -0.615040
vn 0.781836 -0.098661 -0.615628
vn 0.774730 -0.098661 -0.624547
vn 0.775404 -0.089502 -0.625090
vn 0.791246 -0.144404 -0.594203
vn 0.785411 -0.135265 -0.604013
vn 0.786367 -0.126121 -0.604748
vn 0.779396 -0.126121 -0.613706
vn 0.780276 -0.116971 -0.614400
vn 0.773183 -0.116971 -0.623302
vn 0.773990 -0.107817 -0.623951
vn 0.786816 -0.219286 -0.576918
vn 0.778983 -0.225759 -0.584994
vn 0.772228 -0.225759 -0.593883
vn 0.765386 -0.225759 -0.602675
vn 0.758423 -0.225759 -0.611414
vn 0.751378 -0.225759 -0.620051
vn 0.744217 -0.225759 -0.628628
vn 0.736971 -0.225759 -0.637108
vn 0.729620 -0.225759 -0.645513
vn 0.725909 -0.225759 -0.649684
vn 0.722174 -0.225759 -0.653833
vn 0.718415 -0.225759 -0.657961
vn 0.711473 -0.243639 -0.659125
vn 0.704286 -0.261449 -0.660020
vn 0.700492 -0.261449 -0.664044
vn 0.696677 -0.261449 -0.668046
vn 0.689279 -0.279179 -0.668545
vn 0.681637 -0.296824 -0.668780
vn 0.677796 -0.296824 -0.672673
vn 0.673933 -0.296824 -0.676543
vn 0.783184 -0.238442 -0.574254
vn 0.775531 -0.243639 -0.582402
vn 0.768805 -0.243639 -0.591252
vn 0.761994 -0.243639 -0.600004
vn 0.755061 -0.243639 -0.608706
vn 0.748049 -0.243639 -0.617303
vn 0.740919 -0.243639 -0.625843
vn 0.733705 -0.243639 -0.634285
vn 0.726387 -0.243639 -0.642653
vn 0.722692 -0.243639 -0.646805
vn 0.718973 -0.243639 -0.650936
vn 0.715231 -0.243639 -0.655045
vn 0.708064 -0.261449 -0.655965
vn 0.700653 -0.279179 -0.656616
vn 0.696879 -0.279179 -0.660619
vn 0.693083 -0.279179 -0.664601
vn 0.685471 -0.296824 -0.664850
vn 0.681428 -0.314374 -0.660927
vn 0.779243 -0.257534 -0.571364
vn 0.771814 -0.261449 -0.579610
vn 0.765119 -0.261449 -0.588419
vn 0.758342 -0.261449 -0.597128
vn 0.751441 -0.261449 -0.605790
vn 0.744463 -0.261449 -0.614344
vn 0.737367 -0.261449 -0.622844
vn 0.730188 -0.261449 -0.631245
vn 0.722905 -0.261449 -0.639572
vn 0.719228 -0.261449 -0.643705
vn 0.715527 -0.261449 -0.647816
vn 0.711803 -0.261449 -0.651906
vn 0.704412 -0.279179 -0.652581
vn 0.696781 -0.296824 -0.652987
vn 0.693028 -0.296824 -0.656968
vn 0.689253 -0.296824 -0.660928
vn 0.774991 -0.276558 -0.568247
vn 0.767833 -0.279179 -0.576621
vn 0.761172 -0.279179 -0.585385
vn 0.754431 -0.279179 -0.594048
vn 0.747564 -0.279179 -0.602666
vn 0.740623 -0.279179 -0.611176
vn 0.733563 -0.279179 -0.619632
vn 0.726422 -0.279179 -0.627989
vn 0.719176 -0.279179 -0.636274
vn 0.715518 -0.279179 -0.640385
vn 0.711837 -0.279179 -0.644475
vn 0.708132 -0.279179 -0.648543
vn 0.700520 -0.296824 -0.648974
vn 0.696389 -0.314374 -0.645145
vn 0.770429 -0.295506 -0.564902
vn 0.763590 -0.296824 -0.573434
vn 0.756965 -0.296824 -0.582151
vn 0.750261 -0.296824 -0.590765
vn 0.743432 -0.296824 -0.599337
vn 0.736530 -0.296824 -0.607798
vn 0.729509 -0.296824 -0.616209
vn 0.722407 -0.296824 -0.624519
vn 0.715202 -0.296824 -0.632757
vn 0.711564 -0.296824 -0.636846
vn 0.707903 -0.296824 -0.640913
vn 0.704218 -0.296824 -0.644959
vn 0.765557 -0.314374 -0.561330
vn 0.752499 -0.314374 -0.578718
vn 0.739046 -0.314374 -0.595802
vn 0.725205 -0.314374 -0.612574
vn 0.710983 -0.314374 -0.629025
vn 0.736749 -0.043713 -0.674752
vn 0.736422 -0.052867 -0.674453
vn 0.692136 -0.062024 -0.719097
vn 0.696239 -0.062024 -0.715125
vn 0.700692 -0.052867 -0.711502
vn 0.687098 -0.135265 -0.713863
vn 0.691171 -0.135265 -0.709919
vn 0.696074 -0.126121 -0.706806
vn 0.700895 -0.116971 -0.703608
vn 0.704912 -0.116971 -0.699584
vn 0.708906 -0.116971 -0.695535
vn 0.683163 -0.171775 -0.709775
vn 0.687214 -0.171775 -0.705855
vn 0.692334 -0.162660 -0.703004
vn 0.697371 -0.153536 -0.700071
vn 0.701368 -0.153536 -0.696067
vn 0.705343 -0.153536 -0.692039
vn 0.710289 -0.144404 -0.688939
vn 0.715149 -0.135265 -0.685759
vn 0.719066 -0.135265 -0.681651
vn 0.722959 -0.135265 -0.677520
vn 0.680863 -0.189819 -0.707385
vn 0.684900 -0.189819 -0.703478
vn 0.691250 -0.171775 -0.701902
vn 0.696340 -0.162660 -0.699036
vn 0.700331 -0.162660 -0.695038
vn 0.704300 -0.162660 -0.691016
vn 0.709302 -0.153536 -0.687981
vn 0.714217 -0.144404 -0.684866
vn 0.718129 -0.144404 -0.680763
vn 0.722017 -0.144404 -0.676637
vn 0.726833 -0.135265 -0.673362
vn 0.678331 -0.207817 -0.704755
vn 0.682353 -0.207817 -0.700862
vn 0.688923 -0.189819 -0.699538
vn 0.695249 -0.171775 -0.697941
vn 0.699234 -0.171775 -0.693949
vn 0.703197 -0.171775 -0.689933
vn 0.708254 -0.162660 -0.686963
vn 0.713224 -0.153536 -0.683914
vn 0.717130 -0.153536 -0.679817
vn 0.721014 -0.153536 -0.675697
vn 0.725887 -0.144404 -0.672485
vn 0.730676 -0.135265 -0.669190
vn 0.675568 -0.225759 -0.701884
vn 0.679573 -0.225759 -0.698007
vn 0.686362 -0.207817 -0.696936
vn 0.692908 -0.189819 -0.695591
vn 0.696880 -0.189819 -0.691612
vn 0.700829 -0.189819 -0.687610
vn 0.707145 -0.171775 -0.685886
vn 0.712170 -0.162660 -0.682903
vn 0.716070 -0.162660 -0.678812
vn 0.719948 -0.162660 -0.674698
vn 0.724878 -0.153536 -0.671549
vn 0.729724 -0.144404 -0.668319
vn 0.733542 -0.144404 -0.664126
vn 0.672574 -0.243639 -0.698773
vn 0.676561 -0.243639 -0.694913
vn 0.683567 -0.225759 -0.694096
vn 0.690331 -0.207817 -0.693004
vn 0.694288 -0.207817 -0.689040
vn 0.698222 -0.207817 -0.685053
vn 0.704765 -0.189819 -0.683575
vn 0.711054 -0.171775 -0.681833
vn 0.714948 -0.171775 -0.677748
vn 0.718820 -0.171775 -0.673641
vn 0.723807 -0.162660 -0.670556
vn 0.728710 -0.153536 -0.667390
vn 0.732522 -0.153536 -0.663203
vn 0.736311 -0.153536 -0.658994
vn 0.669350 -0.261449 -0.695424
vn 0.673319 -0.261449 -0.691583
vn 0.680539 -0.243639 -0.691019
vn 0.687519 -0.225759 -0.690181
vn 0.691460 -0.225759 -0.686233
vn 0.695378 -0.225759 -0.682262
vn 0.702145 -0.207817 -0.681032
vn 0.708660 -0.189819 -0.679537
vn 0.712541 -0.189819 -0.675466
vn 0.716399 -0.189819 -0.671372
vn 0.722673 -0.171775 -0.669505
vn 0.727632 -0.162660 -0.666403
vn 0.731439 -0.162660 -0.662222
vn 0.735222 -0.162660 -0.658020
vn 0.738981 -0.162660 -0.653795
vn 0.665898 -0.279179 -0.691837
vn 0.669846 -0.279179 -0.688016
vn 0.677278 -0.261449 -0.687706
vn 0.684472 -0.243639 -0.687123
vn 0.688395 -0.243639 -0.683192
vn 0.692296 -0.243639 -0.679239
vn 0.699286 -0.225759 -0.678257
vn 0.706024 -0.207817 -0.677010
vn 0.709891 -0.207817 -0.672954
vn 0.713735 -0.207817 -0.668876
vn 0.720240 -0.189819 -0.667250
vn 0.726492 -0.171775 -0.665359
vn 0.730293 -0.171775 -0.661185
vn 0.734070 -0.171775 -0.656989
vn 0.737823 -0.171775 -0.652771
vn 0.745257 -0.171775 -0.644272
vn 0.700323 -0.062024 -0.711127
vn 0.695813 -0.071183 -0.714687
vn 0.699894 -0.071183 -0.710691
vn 0.704752 -0.052867 -0.707481
vn 0.708791 -0.052867 -0.703434
vn 0.703949 -0.071183 -0.706675
vn 0.707490 -0.080342 -0.702142
vn 0.710942 -0.089502 -0.697532
vn 0.714929 -0.089502 -0.693445
vn 0.718886 -0.089502 -0.689342
vn 0.722195 -0.098661 -0.684617
vn 0.725412 -0.107817 -0.679818
vn 0.729298 -0.107817 -0.675648
vn 0.733155 -0.107817 -0.671461
vn 0.736223 -0.116971 -0.666553
vn 0.739196 -0.126121 -0.661576
vn 0.742072 -0.135265 -0.656530
vn 0.748572 -0.144404 -0.647138
vn 0.754884 -0.153536 -0.637634
vn 0.761019 -0.162660 -0.628006
vn 0.766953 -0.171775 -0.618285
vn 0.704380 -0.062024 -0.707108
vn 0.708418 -0.062024 -0.703063
vn 0.712432 -0.062024 -0.698995
vn 0.716426 -0.062024 -0.694901
vn 0.711996 -0.071183 -0.698567
vn 0.707984 -0.071183 -0.702632
vn 0.715988 -0.071183 -0.694474
vn 0.711499 -0.080342 -0.698079
vn 0.720393 -0.062024 -0.690788
vn 0.719951 -0.071183 -0.690364
vn 0.715489 -0.080342 -0.693989
vn 0.719449 -0.080342 -0.689883
vn 0.732547 -0.052867 -0.678661
vn 0.727306 -0.080342 -0.681594
vn 0.723895 -0.071183 -0.686229
vn 0.723389 -0.080342 -0.685750
vn 0.726737 -0.089502 -0.681060
vn 0.722823 -0.089502 -0.685213
vn 0.731202 -0.080342 -0.677413
vn 0.730630 -0.089502 -0.676882
vn 0.726105 -0.098661 -0.680468
vn 0.729995 -0.098661 -0.676294
vn 0.741511 -0.098661 -0.663648
vn 0.738337 -0.089502 -0.668467
vn 0.737695 -0.098661 -0.667886
vn 0.734494 -0.089502 -0.672687
vn 0.733856 -0.098661 -0.672103
vn 0.740802 -0.107817 -0.663014
vn 0.736991 -0.107817 -0.667248
vn 0.744590 -0.107817 -0.658757
vn 0.743814 -0.116971 -0.658071
vn 0.740031 -0.116971 -0.662323
vn 0.742975 -0.126121 -0.657329
vn 0.735070 -0.080342 -0.673214
vn 0.751308 -0.116971 -0.649503
vn 0.750460 -0.126121 -0.648770
vn 0.757843 -0.126121 -0.640131
vn 0.749548 -0.135265 -0.647982
vn 0.756922 -0.135265 -0.639353
vn 0.764202 -0.135265 -0.630633
vn 0.755936 -0.144404 -0.638521
vn 0.762146 -0.153536 -0.628936
vn 0.768157 -0.162660 -0.619255
vn 0.773992 -0.171775 -0.609451
vn 0.777031 -0.062024 -0.626399
vn 0.763207 -0.144404 -0.629812
vn 0.770366 -0.144404 -0.621034
vn 0.769295 -0.153536 -0.620171
vn 0.775206 -0.162660 -0.610407
vn 0.780913 -0.171775 -0.600557
vn 0.783677 -0.071183 -0.617077
vn 0.790137 -0.080342 -0.607642
vn 0.776354 -0.153536 -0.611311
vn 0.782139 -0.162660 -0.601499
vn 0.728371 -0.000000 0.685183
vn 0.728371 -0.000000 0.685183
vn 0.728371 -0.000000 0.685183
vn 0.728371 -0.000000 0.685183
vn 0.728371 -0.000000 0.685183
vn 0.728371 -0.000000 0.685183
vn 0.728371 -0.000000 0.685183
vn 0.728371 -0.000000 0.685183
vn 0.728371 -0.000000 0.685183
vn 0.728371 -0.000000 0.685183
vn 0.728371 -0.000000 0.685183
vn 0.728371 -0.000000 0.685183
vn 0.728371 -0.000000 0.685183
vn 0.728371 -0.000000 0.685183
vn 0.728371 -0.000000 0.685183
vn 0.728371 -0.000000 0.685183
vn 0.728371 -0.000000 0.685183
vn 0.728371 -0.000000 0.685183
vn 0.728371 -0.000000 0.685183
vn 0.728371 -0.000000 0.685183
vn 0.728371 -0.000000 0.685183
vn 0.728371 -0.000000 0.685183
vn 0.728371 -0.000000 0.685183
vn 0.728371 -0.000000 0.685183
vn 0.728371 -0.000000 0.685183
vn 0.728371 -0.000000 0.685183
vn 0.728371 -0.000000 0.685183
vn 0.728371 -0.000000 0.685183
vn 0.728371 -0.000000 0.685183
vn 0.728371 -0.000000 0.685183
vn 0.728371 -0.000000 0.685183
vn 0.728371 -0.000000 0.685183
usemtl Aluminum_-_Anodized_Glossy_(Blue)
f 1/1/1 2/2/2 32/3/3
f 32/3/3 2/2/2 31/4/4
f 31/4/4 2/2/2 3/5/5
f 31/4/4 3/5/5 30/6/6
f 30/6/6 3/5/5 4/7/7
f 30/6/6 4/7/7 29/8/8
f 29/8/8 4/7/7 5/9/9
f 29/8/8 5/9/9 28/10/10
f 28/10/10 5/9/9 6/11/11
f 28/10/10 6/11/11 27/12/12
f 27/12/12 6/11/11 7/13/13
f 27/12/12 7/13/13 26/14/14
f 26/14/14 7/13/13 8/15/15
f 26/14/14 8/15/15 25/16/16
f 25/16/16 8/15/15 9/17/17
f 25/16/16 9/17/17 24/18/18
f 24/18/18 9/17/17 10/19/19
f 24/18/18 10/19/19 23/20/20
f 23/20/20 10/19/19 11/21/21
f 23/20/20 11/21/21 22/22/22
f 22/22/22 11/21/21 12/23/23
f 22/22/22 12/23/23 21/24/24
f 21/24/24 12/23/23 13/25/25
f 21/24/24 13/25/25 20/26/26
f 20/26/26 13/25/25 14/27/27
f 20/26/26 14/27/27 19/28/28
f 19/28/28 14/27/27 15/29/29
f 19/28/28 15/29/29 18/30/30
f 18/30/30 15/29/29 16/31/31
f 18/30/30 16/31/31 17/32/32
f 34/33/33 35/34/34 33/35/35
f 33/35/35 35/34/34 48/36/36
f 48/36/36 35/34/34 36/37/37
f 48/36/36 36/37/37 47/38/38
f 47/38/38 36/37/37 37/39/39
f 47/38/38 37/39/39 46/40/40
f 46/40/40 37/39/39 38/41/41
f 46/40/40 38/41/41 45/42/42
f 45/42/42 38/41/41 39/43/43
f 45/42/42 39/43/43 44/44/44
f 44/44/44 39/43/43 40/45/45
f 44/44/44 40/45/45 43/46/46
f 43/46/46 40/45/45 41/47/47
f 43/46/46 41/47/47 42/48/48
f 42/48/48 41/47/47 1/49/49
f 42/48/48 1/49/49 32/50/50
f 49/51/51 50/52/52 66/53/53
f 66/53/53 50/52/52 51/54/54
f 66/53/53 51/54/54 65/55/55
f 65/55/55 51/54/54 52/56/56
f 65/55/55 52/56/56 64/57/57
f 64/57/57 52/56/56 53/58/58
f 64/57/57 53/58/58 63/59/59
f 63/59/59 53/58/58 54/60/60
f 63/59/59 54/60/60 62/61/61
f 62/61/61 54/60/60 55/62/62
f 62/61/61 55/62/62 61/63/63
f 61/63/63 55/62/62 56/64/64
f 61/63/63 56/64/64 60/65/65
f 60/65/65 56/64/64 57/66/66
f 60/65/65 57/66/66 59/67/67
f 59/67/67 57/66/66 58/68/68
f 59/67/67 58/68/68 16/69/69
f 16/69/69 58/68/68 17/70/70
f 18/71/71 17/72/72 91/73/73
f 91/73/73 17/72/72 58/74/74
f 91/73/73 58/74/74 111/75/75
f 111/75/75 58/74/74 90/76/76
f 111/75/75 90/76/76 112/77/77
f 112/77/77 90/76/76 168/78/78
f 112/77/77 168/78/78 113/79/79
f 113/79/79 168/78/78 167/80/80
f 113/79/79 167/80/80 114/81/81
f 114/81/81 167/80/80 166/82/82
f 114/81/81 166/82/82 115/83/83
f 115/83/83 166/82/82 165/84/84
f 115/83/83 165/84/84 116/85/85
f 116/85/85 165/84/84 164/86/86
f 116/85/85 164/86/86 117/87/87
f 117/87/87 164/86/86 163/88/88
f 117/87/87 163/88/88 118/89/89
f 118/89/89 163/88/88 162/90/90
f 118/89/89 162/90/90 119/91/91
f 119/91/91 162/90/90 161/92/92
f 119/91/91 161/92/92 120/93/93
f 120/93/93 161/92/92 160/94/94
f 120/93/93 160/94/94 121/95/95
f 121/95/95 160/94/94 159/96/96
f 121/95/95 159/96/96 122/97/97
f 122/97/97 159/96/96 158/98/98
f 122/97/97 158/98/98 123/99/99
f 123/99/99 158/98/98 157/100/100
f 123/99/99 157/100/100 124/101/101
f 124/101/101 157/100/100 156/102/102
f 124/101/101 156/102/102 125/103/103
f 125/103/103 156/102/102 155/104/104
f 125/103/103 155/104/104 126/105/105
f 126/105/105 155/104/104 154/106/106
f 126/105/105 154/106/106 127/107/107
f 127/107/107 154/106/106 153/108/108
f 127/107/107 153/108/108 128/109/109
f 128/109/109 153/108/108 152/110/110
f 128/109/109 152/110/110 129/111/111
f 129/111/111 152/110/110 151/112/112
f 129/111/111 151/112/112 130/113/113
f 130/113/113 151/112/112 150/114/114
f 130/113/113 150/114/114 42/115/115
f 42/115/115 150/114/114 43/116/116
f 43/116/116 150/114/114 149/117/117
f 43/116/116 149/117/117 188/118/118
f 188/118/118 149/117/117 189/119/119
f 188/118/118 189/119/119 186/120/120
f 186/120/120 189/119/119 185/121/121
f 186/120/120 185/121/121 230/122/122
f 230/122/122 185/121/121 231/123/123
f 230/122/122 231/123/123 225/124/124
f 225/124/124 231/123/123 224/125/125
f 225/124/124 224/125/125 265/126/126
f 265/126/126 224/125/125 264/127/127
f 265/126/126 264/127/127 462/128/128
f 462/128/128 264/127/127 461/129/129
f 462/128/128 461/129/129 289/130/130
f 289/130/130 461/129/129 290/131/131
f 289/130/130 290/131/131 285/132/132
f 285/132/132 290/131/131 284/133/133
f 285/132/132 284/133/133 429/134/134
f 429/134/134 284/133/133 430/135/135
f 429/134/134 430/135/135 329/136/136
f 329/136/136 430/135/135 330/137/137
f 329/136/136 330/137/137 324/138/138
f 324/138/138 330/137/137 323/139/139
f 324/138/138 323/139/139 484/140/140
f 484/140/140 323/139/139 485/141/141
f 484/140/140 485/141/141 409/142/142
f 409/142/142 485/141/141 410/143/143
f 409/142/142 410/143/143 369/144/144
f 369/144/144 410/143/143 370/145/145
f 369/144/144 370/145/145 364/146/146
f 364/146/146 370/145/145 363/147/147
f 364/146/146 363/147/147 466/148/148
f 466/148/148 363/147/147 467/149/149
f 466/148/148 467/149/149 389/150/150
f 389/150/150 467/149/149 390/151/151
f 389/150/150 390/151/151 78/152/152
f 78/152/152 390/151/151 77/153/153
f 77/153/153 390/151/151 391/154/154
f 77/153/153 391/154/154 76/155/155
f 76/155/155 391/154/154 392/156/156
f 76/155/155 392/156/156 75/157/157
f 75/157/157 392/156/156 393/158/158
f 75/157/157 393/158/158 74/159/159
f 74/159/159 393/158/158 394/160/160
f 74/159/159 394/160/160 73/161/161
f 73/161/161 394/160/160 395/162/162
f 73/161/161 395/162/162 396/163/163
f 396/163/163 395/162/162 473/164/164
f 396/163/163 473/164/164 474/165/165
f 474/165/165 473/164/164 356/166/166
f 474/165/165 356/166/166 355/167/167
f 355/167/167 356/166/166 378/168/168
f 355/167/167 378/168/168 379/169/169
f 379/169/169 378/168/168 419/170/170
f 379/169/169 419/170/170 420/171/171
f 420/171/171 419/170/170 495/172/172
f 420/171/171 495/172/172 496/173/173
f 496/173/173 495/172/172 312/174/174
f 496/173/173 312/174/174 311/175/175
f 311/175/175 312/174/174 342/176/176
f 311/175/175 342/176/176 343/177/177
f 343/177/177 342/176/176 443/178/178
f 343/177/177 443/178/178 444/179/179
f 444/179/179 443/178/178 270/180/180
f 444/179/179 270/180/180 269/181/181
f 269/181/181 270/180/180 305/182/182
f 269/181/181 305/182/182 306/183/183
f 306/183/183 305/182/182 86/184/184
f 306/183/183 86/184/184 53/185/185
f 53/185/185 86/184/184 54/186/186
f 54/186/186 86/184/184 248/187/187
f 54/186/186 248/187/187 208/188/188
f 208/188/188 248/187/187 249/189/189
f 208/188/188 249/189/189 209/190/190
f 209/190/190 249/189/189 250/191/191
f 209/190/190 250/191/191 210/192/192
f 210/192/192 250/191/191 251/193/193
f 210/192/192 251/193/193 211/194/194
f 211/194/194 251/193/193 252/195/195
f 211/194/194 252/195/195 212/196/196
f 212/196/196 252/195/195 253/197/197
f 212/196/196 253/197/197 213/198/198
f 213/198/198 253/197/197 254/199/199
f 213/198/198 254/199/199 214/200/200
f 214/200/200 254/199/199 255/201/201
f 214/200/200 255/201/201 215/202/202
f 215/202/202 255/201/201 256/203/203
f 215/202/202 256/203/203 216/204/204
f 216/204/204 256/203/203 257/205/205
f 216/204/204 257/205/205 217/206/206
f 217/206/206 257/205/205 258/207/207
f 217/206/206 258/207/207 218/208/208
f 218/208/208 258/207/207 259/209/209
f 218/208/208 259/209/209 219/210/210
f 219/210/210 259/209/209 260/211/211
f 219/210/210 260/211/211 220/212/212
f 220/212/212 260/211/211 261/213/213
f 220/212/212 261/213/213 221/214/214
f 221/214/214 261/213/213 262/215/215
f 221/214/214 262/215/215 222/216/216
f 222/216/216 262/215/215 263/217/217
f 222/216/216 263/217/217 223/218/218
f 223/218/218 263/217/217 264/127/127
f 223/218/218 264/127/127 224/125/125
f 58/74/74 57/219/219 90/76/76
f 90/76/76 57/219/219 89/220/220
f 90/76/76 89/220/220 168/78/78
f 168/78/78 89/220/220 131/221/221
f 168/78/78 131/221/221 167/80/80
f 167/80/80 131/221/221 132/222/222
f 167/80/80 132/222/222 166/82/82
f 166/82/82 132/222/222 133/223/223
f 166/82/82 133/223/223 165/84/84
f 165/84/84 133/223/223 134/224/224
f 165/84/84 134/224/224 164/86/86
f 164/86/86 134/224/224 135/225/225
f 164/86/86 135/225/225 163/88/88
f 163/88/88 135/225/225 136/226/226
f 163/88/88 136/226/226 162/90/90
f 162/90/90 136/226/226 137/227/227
f 162/90/90 137/227/227 161/92/92
f 161/92/92 137/227/227 138/228/228
f 161/92/92 138/228/228 160/94/94
f 160/94/94 138/228/228 139/229/229
f 160/94/94 139/229/229 159/96/96
f 159/96/96 139/229/229 140/230/230
f 159/96/96 140/230/230 158/98/98
f 158/98/98 140/230/230 141/231/231
f 158/98/98 141/231/231 157/100/100
f 157/100/100 141/231/231 142/232/232
f 157/100/100 142/232/232 156/102/102
f 156/102/102 142/232/232 143/233/233
f 156/102/102 143/233/233 155/104/104
f 155/104/104 143/233/233 144/234/234
f 155/104/104 144/234/234 154/106/106
f 154/106/106 144/234/234 145/235/235
f 154/106/106 145/235/235 153/108/108
f 153/108/108 145/235/235 146/236/236
f 153/108/108 146/236/236 152/110/110
f 152/110/110 146/236/236 147/237/237
f 152/110/110 147/237/237 151/112/112
f 151/112/112 147/237/237 148/238/238
f 151/112/112 148/238/238 150/114/114
f 150/114/114 148/238/238 149/117/117
f 57/219/219 56/239/239 89/220/220
f 89/220/220 56/239/239 207/240/240
f 89/220/220 207/240/240 131/221/221
f 131/221/221 207/240/240 206/241/241
f 131/221/221 206/241/241 132/222/222
f 132/222/222 206/241/241 205/242/242
f 132/222/222 205/242/242 133/223/223
f 133/223/223 205/242/242 204/243/243
f 133/223/223 204/243/243 134/224/224
f 134/224/224 204/243/243 203/244/244
f 134/224/224 203/244/244 135/225/225
f 135/225/225 203/244/244 202/245/245
f 135/225/225 202/245/245 136/226/226
f 136/226/226 202/245/245 201/246/246
f 136/226/226 201/246/246 137/227/227
f 137/227/227 201/246/246 200/247/247
f 137/227/227 200/247/247 138/228/228
f 138/228/228 200/247/247 199/248/248
f 138/228/228 199/248/248 139/229/229
f 139/229/229 199/248/248 198/249/249
f 139/229/229 198/249/249 140/230/230
f 140/230/230 198/249/249 197/250/250
f 140/230/230 197/250/250 141/231/231
f 141/231/231 197/250/250 196/251/251
f 141/231/231 196/251/251 142/232/232
f 142/232/232 196/251/251 195/252/252
f 142/232/232 195/252/252 143/233/233
f 143/233/233 195/252/252 194/253/253
f 143/233/233 194/253/253 144/234/234
f 144/234/234 194/253/253 193/254/254
f 144/234/234 193/254/254 145/235/235
f 145/235/235 193/254/254 192/255/255
f 145/235/235 192/255/255 146/236/236
f 146/236/236 192/255/255 191/256/256
f 146/236/236 191/256/256 147/237/237
f 147/237/237 191/256/256 190/257/257
f 147/237/237 190/257/257 148/238/238
f 148/238/238 190/257/257 189/119/119
f 148/238/238 189/119/119 149/117/117
f 207/240/240 56/239/239 88/258/258
f 88/258/258 56/239/239 55/259/259
f 88/258/258 55/259/259 247/260/260
f 247/260/260 55/259/259 208/188/188
f 247/260/260 208/188/188 209/190/190
f 55/259/259 54/186/186 208/188/188
f 52/261/261 85/262/262 53/185/185
f 53/185/185 85/262/262 268/263/263
f 53/185/185 268/263/263 306/183/183
f 306/183/183 268/263/263 269/181/181
f 51/264/264 83/265/265 52/261/261
f 52/261/261 83/265/265 426/266/266
f 52/261/261 426/266/266 307/267/267
f 307/267/267 426/266/266 500/268/268
f 307/267/267 500/268/268 308/269/269
f 308/269/269 500/268/268 499/270/270
f 308/269/269 499/270/270 309/271/271
f 309/271/271 499/270/270 498/272/272
f 309/271/271 498/272/272 310/273/273
f 310/273/273 498/272/272 497/274/274
f 310/273/273 497/274/274 311/175/175
f 311/175/175 497/274/274 496/173/173
f 50/275/275 81/276/276 51/264/264
f 51/264/264 81/276/276 347/277/277
f 51/264/264 347/277/277 386/278/278
f 386/278/278 347/277/277 348/279/279
f 386/278/278 348/279/279 385/280/280
f 385/280/280 348/279/279 349/281/281
f 385/280/280 349/281/281 384/282/282
f 384/282/282 349/281/281 350/283/283
f 384/282/282 350/283/283 383/284/284
f 383/284/284 350/283/283 351/285/285
f 383/284/284 351/285/285 382/286/286
f 382/286/286 351/285/285 352/287/287
f 382/286/286 352/287/287 381/288/288
f 381/288/288 352/287/287 353/289/289
f 381/288/288 353/289/289 380/290/290
f 380/290/290 353/289/289 354/291/291
f 380/290/290 354/291/291 379/169/169
f 379/169/169 354/291/291 355/167/167
f 81/276/276 50/275/275 406/292/292
f 406/292/292 50/275/275 67/293/293
f 406/292/292 67/293/293 405/294/294
f 405/294/294 67/293/293 68/295/295
f 405/294/294 68/295/295 404/296/296
f 404/296/296 68/295/295 69/297/297
f 404/296/296 69/297/297 403/298/298
f 403/298/298 69/297/297 70/299/299
f 403/298/298 70/299/299 402/300/300
f 402/300/300 70/299/299 401/301/301
f 402/300/300 401/301/301 479/302/302
f 479/302/302 401/301/301 478/303/303
f 479/302/302 478/303/303 351/285/285
f 351/285/285 478/303/303 352/287/287
f 401/301/301 70/299/299 400/304/304
f 400/304/304 70/299/299 71/305/305
f 400/304/304 71/305/305 399/306/306
f 399/306/306 71/305/305 398/307/307
f 399/306/306 398/307/307 476/308/308
f 476/308/308 398/307/307 475/309/309
f 476/308/308 475/309/309 354/291/291
f 354/291/291 475/309/309 355/167/167
f 71/305/305 72/310/310 398/307/307
f 398/307/307 72/310/310 397/311/311
f 398/307/307 397/311/311 475/309/309
f 475/309/309 397/311/311 474/165/165
f 475/309/309 474/165/165 355/167/167
f 397/311/311 72/310/310 396/163/163
f 396/163/163 72/310/310 73/161/161
f 78/152/152 79/312/312 389/150/150
f 389/150/150 79/312/312 388/313/313
f 389/150/150 388/313/313 466/148/148
f 466/148/148 388/313/313 465/314/314
f 466/148/148 465/314/314 364/146/146
f 364/146/146 465/314/314 365/315/315
f 364/146/146 365/315/315 369/144/144
f 369/144/144 365/315/315 368/316/316
f 369/144/144 368/316/316 409/142/142
f 409/142/142 368/316/316 408/317/317
f 409/142/142 408/317/317 484/140/140
f 484/140/140 408/317/317 483/318/318
f 484/140/140 483/318/318 324/138/138
f 324/138/138 483/318/318 325/319/319
f 324/138/138 325/319/319 329/136/136
f 329/136/136 325/319/319 328/320/320
f 329/136/136 328/320/320 429/134/134
f 429/134/134 328/320/320 428/321/321
f 429/134/134 428/321/321 285/132/132
f 285/132/132 428/321/321 286/322/322
f 285/132/132 286/322/322 289/130/130
f 289/130/130 286/322/322 288/323/323
f 289/130/130 288/323/323 462/128/128
f 462/128/128 288/323/323 463/324/324
f 462/128/128 463/324/324 265/126/126
f 265/126/126 463/324/324 266/325/325
f 265/126/126 266/325/325 225/124/124
f 225/124/124 266/325/325 226/326/326
f 225/124/124 226/326/326 230/122/122
f 230/122/122 226/326/326 229/327/327
f 230/122/122 229/327/327 186/120/120
f 186/120/120 229/327/327 187/328/328
f 186/120/120 187/328/328 188/118/118
f 188/118/118 187/328/328 44/329/329
f 188/118/118 44/329/329 43/116/116
f 79/312/312 80/330/330 388/313/313
f 388/313/313 80/330/330 387/331/331
f 388/313/313 387/331/331 465/314/314
f 465/314/314 387/331/331 82/332/332
f 465/314/314 82/332/332 365/315/315
f 365/315/315 82/332/332 366/333/333
f 365/315/315 366/333/333 368/316/316
f 368/316/316 366/333/333 367/334/334
f 368/316/316 367/334/334 408/317/317
f 408/317/317 367/334/334 407/335/335
f 408/317/317 407/335/335 483/318/318
f 483/318/318 407/335/335 84/336/336
f 483/318/318 84/336/336 325/319/319
f 325/319/319 84/336/336 326/337/337
f 325/319/319 326/337/337 328/320/320
f 328/320/320 326/337/337 327/338/338
f 328/320/320 327/338/338 428/321/321
f 428/321/321 327/338/338 427/339/339
f 428/321/321 427/339/339 286/322/322
f 286/322/322 427/339/339 87/340/340
f 286/322/322 87/340/340 288/323/323
f 288/323/323 87/340/340 287/341/341
f 288/323/323 287/341/341 463/324/324
f 463/324/324 287/341/341 464/342/342
f 463/324/324 464/342/342 266/325/325
f 266/325/325 464/342/342 267/343/343
f 266/325/325 267/343/343 226/326/326
f 226/326/326 267/343/343 227/344/344
f 226/326/326 227/344/344 229/327/327
f 229/327/327 227/344/344 228/345/345
f 229/327/327 228/345/345 187/328/328
f 187/328/328 228/345/345 44/329/329
f 80/330/330 33/346/346 387/331/331
f 387/331/331 33/346/346 82/332/332
f 33/346/346 48/347/347 82/332/332
f 82/332/332 48/347/347 366/333/333
f 47/348/348 84/336/336 48/347/347
f 48/347/347 84/336/336 407/335/335
f 48/347/347 407/335/335 367/334/334
f 46/349/349 87/340/340 47/348/348
f 47/348/348 87/340/340 427/339/339
f 47/348/348 427/339/339 327/338/338
f 45/350/350 267/343/343 46/349/349
f 46/349/349 267/343/343 464/342/342
f 46/349/349 464/342/342 287/341/341
f 44/329/329 228/345/345 45/350/350
f 45/350/350 228/345/345 227/344/344
f 45/350/350 227/344/344 267/343/343
f 130/113/113 42/115/115 110/351/351
f 110/351/351 42/115/115 32/352/352
f 110/351/351 32/352/352 31/353/353
f 110/351/351 31/353/353 109/354/354
f 109/354/354 31/353/353 30/355/355
f 109/354/354 30/355/355 108/356/356
f 108/356/356 30/355/355 29/357/357
f 108/356/356 29/357/357 107/358/358
f 107/358/358 29/357/357 28/359/359
f 107/358/358 28/359/359 106/360/360
f 106/360/360 28/359/359 27/361/361
f 106/360/360 27/361/361 105/362/362
f 105/362/362 27/361/361 26/363/363
f 105/362/362 26/363/363 104/364/364
f 104/364/364 26/363/363 25/365/365
f 104/364/364 25/365/365 103/366/366
f 103/366/366 25/365/365 24/367/367
f 103/366/366 24/367/367 102/368/368
f 102/368/368 24/367/367 101/369/369
f 102/368/368 101/369/369 121/95/95
f 121/95/95 101/369/369 120/93/93
f 24/367/367 23/370/370 101/369/369
f 101/369/369 23/370/370 100/371/371
f 101/369/369 100/371/371 120/93/93
f 120/93/93 100/371/371 119/91/91
f 100/371/371 23/370/370 99/372/372
f 99/372/372 23/370/370 22/373/373
f 99/372/372 22/373/373 98/374/374
f 98/374/374 22/373/373 97/375/375
f 98/374/374 97/375/375 117/87/87
f 117/87/87 97/375/375 116/85/85
f 22/373/373 21/376/376 97/375/375
f 97/375/375 21/376/376 96/377/377
f 97/375/375 96/377/377 116/85/85
f 116/85/85 96/377/377 115/83/83
f 20/378/378 94/379/379 21/376/376
f 21/376/376 94/379/379 95/380/380
f 21/376/376 95/380/380 96/377/377
f 96/377/377 95/380/380 115/83/83
f 94/379/379 20/378/378 93/381/381
f 93/381/381 20/378/378 19/382/382
f 93/381/381 19/382/382 92/383/383
f 92/383/383 19/382/382 18/71/71
f 92/383/383 18/71/71 91/73/73
f 367/334/334 366/333/333 48/347/347
f 51/264/264 386/278/278 83/265/265
f 83/265/265 386/278/278 385/280/280
f 83/265/265 385/280/280 425/384/384
f 425/384/384 385/280/280 384/282/282
f 425/384/384 384/282/282 424/385/385
f 424/385/385 384/282/282 383/284/284
f 424/385/385 383/284/284 423/386/386
f 423/386/386 383/284/284 382/286/286
f 423/386/386 382/286/286 422/387/387
f 422/387/387 382/286/286 381/288/288
f 422/387/387 381/288/288 421/388/388
f 421/388/388 381/288/288 380/290/290
f 421/388/388 380/290/290 420/171/171
f 420/171/171 380/290/290 379/169/169
f 327/338/338 326/337/337 47/348/348
f 47/348/348 326/337/337 84/336/336
f 85/262/262 52/261/261 346/389/389
f 346/389/389 52/261/261 307/267/267
f 346/389/389 307/267/267 308/269/269
f 87/340/340 46/349/349 287/341/341
f 91/73/73 111/75/75 92/383/383
f 92/383/383 111/75/75 112/77/77
f 92/383/383 112/77/77 93/381/381
f 93/381/381 112/77/77 113/79/79
f 93/381/381 113/79/79 94/379/379
f 94/379/379 113/79/79 114/81/81
f 94/379/379 114/81/81 95/380/380
f 95/380/380 114/81/81 115/83/83
f 119/91/91 100/371/371 99/372/372
f 117/87/87 118/89/89 98/374/374
f 98/374/374 118/89/89 99/372/372
f 118/89/89 119/91/91 99/372/372
f 121/95/95 122/97/97 102/368/368
f 102/368/368 122/97/97 103/366/366
f 122/97/97 123/99/99 103/366/366
f 103/366/366 123/99/99 104/364/364
f 123/99/99 124/101/101 104/364/364
f 104/364/364 124/101/101 105/362/362
f 124/101/101 125/103/103 105/362/362
f 105/362/362 125/103/103 106/360/360
f 125/103/103 126/105/105 106/360/360
f 106/360/360 126/105/105 107/358/358
f 126/105/105 127/107/107 107/358/358
f 107/358/358 127/107/107 108/356/356
f 127/107/107 128/109/109 108/356/356
f 108/356/356 128/109/109 109/354/354
f 128/109/109 129/111/111 109/354/354
f 109/354/354 129/111/111 110/351/351
f 129/111/111 130/113/113 110/351/351
f 205/242/242 206/241/241 169/390/390
f 169/390/390 206/241/241 88/258/258
f 169/390/390 88/258/258 247/260/260
f 204/243/243 205/242/242 170/391/391
f 170/391/391 205/242/242 169/390/390
f 170/391/391 169/390/390 246/392/392
f 246/392/392 169/390/390 247/260/260
f 246/392/392 247/260/260 209/190/190
f 203/244/244 204/243/243 171/393/393
f 171/393/393 204/243/243 170/391/391
f 171/393/393 170/391/391 245/394/394
f 245/394/394 170/391/391 246/392/392
f 245/394/394 246/392/392 210/192/192
f 210/192/192 246/392/392 209/190/190
f 202/245/245 203/244/244 172/395/395
f 172/395/395 203/244/244 171/393/393
f 172/395/395 171/393/393 244/396/396
f 244/396/396 171/393/393 245/394/394
f 244/396/396 245/394/394 211/194/194
f 211/194/194 245/394/394 210/192/192
f 201/246/246 202/245/245 173/397/397
f 173/397/397 202/245/245 172/395/395
f 173/397/397 172/395/395 243/398/398
f 243/398/398 172/395/395 244/396/396
f 243/398/398 244/396/396 212/196/196
f 212/196/196 244/396/396 211/194/194
f 200/247/247 201/246/246 174/399/399
f 174/399/399 201/246/246 173/397/397
f 174/399/399 173/397/397 242/400/400
f 242/400/400 173/397/397 243/398/398
f 242/400/400 243/398/398 213/198/198
f 213/198/198 243/398/398 212/196/196
f 199/248/248 200/247/247 175/401/401
f 175/401/401 200/247/247 174/399/399
f 175/401/401 174/399/399 241/402/402
f 241/402/402 174/399/399 242/400/400
f 241/402/402 242/400/400 214/200/200
f 214/200/200 242/400/400 213/198/198
f 198/249/249 199/248/248 176/403/403
f 176/403/403 199/248/248 175/401/401
f 176/403/403 175/401/401 240/404/404
f 240/404/404 175/401/401 241/402/402
f 240/404/404 241/402/402 215/202/202
f 215/202/202 241/402/402 214/200/200
f 197/250/250 198/249/249 177/405/405
f 177/405/405 198/249/249 176/403/403
f 177/405/405 176/403/403 239/406/406
f 239/406/406 176/403/403 240/404/404
f 239/406/406 240/404/404 216/204/204
f 216/204/204 240/404/404 215/202/202
f 196/251/251 197/250/250 178/407/407
f 178/407/407 197/250/250 177/405/405
f 178/407/407 177/405/405 238/408/408
f 238/408/408 177/405/405 239/406/406
f 238/408/408 239/406/406 217/206/206
f 217/206/206 239/406/406 216/204/204
f 195/252/252 196/251/251 179/409/409
f 179/409/409 196/251/251 178/407/407
f 179/409/409 178/407/407 237/410/410
f 237/410/410 178/407/407 238/408/408
f 237/410/410 238/408/408 218/208/208
f 218/208/208 238/408/408 217/206/206
f 194/253/253 195/252/252 180/411/411
f 180/411/411 195/252/252 179/409/409
f 180/411/411 179/409/409 236/412/412
f 236/412/412 179/409/409 237/410/410
f 236/412/412 237/410/410 219/210/210
f 219/210/210 237/410/410 218/208/208
f 193/254/254 194/253/253 181/413/413
f 181/413/413 194/253/253 180/411/411
f 181/413/413 180/411/411 235/414/414
f 235/414/414 180/411/411 236/412/412
f 235/414/414 236/412/412 220/212/212
f 220/212/212 236/412/412 219/210/210
f 192/255/255 193/254/254 182/415/415
f 182/415/415 193/254/254 181/413/413
f 182/415/415 181/413/413 234/416/416
f 234/416/416 181/413/413 235/414/414
f 234/416/416 235/414/414 221/214/214
f 221/214/214 235/414/414 220/212/212
f 191/256/256 192/255/255 183/417/417
f 183/417/417 192/255/255 182/415/415
f 183/417/417 182/415/415 233/418/418
f 233/418/418 182/415/415 234/416/416
f 233/418/418 234/416/416 222/216/216
f 222/216/216 234/416/416 221/214/214
f 190/257/257 191/256/256 184/419/419
f 184/419/419 191/256/256 183/417/417
f 184/419/419 183/417/417 232/420/420
f 232/420/420 183/417/417 233/418/418
f 232/420/420 233/418/418 223/218/218
f 223/218/218 233/418/418 222/216/216
f 189/119/119 190/257/257 185/121/121
f 185/121/121 190/257/257 184/419/419
f 185/121/121 184/419/419 231/123/123
f 231/123/123 184/419/419 232/420/420
f 231/123/123 232/420/420 224/125/125
f 224/125/125 232/420/420 223/218/218
f 206/241/241 207/240/240 88/258/258
f 249/189/189 248/187/187 446/421/421
f 446/421/421 248/187/187 86/184/184
f 446/421/421 86/184/184 305/182/182
f 250/191/191 249/189/189 447/422/422
f 447/422/422 249/189/189 446/421/421
f 447/422/422 446/421/421 304/423/423
f 304/423/423 446/421/421 305/182/182
f 304/423/423 305/182/182 270/180/180
f 251/193/193 250/191/191 448/424/424
f 448/424/424 250/191/191 447/422/422
f 448/424/424 447/422/422 303/425/425
f 303/425/425 447/422/422 304/423/423
f 303/425/425 304/423/423 271/426/426
f 271/426/426 304/423/423 270/180/180
f 271/426/426 270/180/180 443/178/178
f 252/195/195 251/193/193 449/427/427
f 449/427/427 251/193/193 448/424/424
f 449/427/427 448/424/424 302/428/428
f 302/428/428 448/424/424 303/425/425
f 302/428/428 303/425/425 272/429/429
f 272/429/429 303/425/425 271/426/426
f 272/429/429 271/426/426 442/430/430
f 442/430/430 271/426/426 443/178/178
f 442/430/430 443/178/178 342/176/176
f 253/197/197 252/195/195 450/431/431
f 450/431/431 252/195/195 449/427/427
f 450/431/431 449/427/427 301/432/432
f 301/432/432 449/427/427 302/428/428
f 301/432/432 302/428/428 273/433/433
f 273/433/433 302/428/428 272/429/429
f 273/433/433 272/429/429 441/434/434
f 441/434/434 272/429/429 442/430/430
f 441/434/434 442/430/430 341/435/435
f 341/435/435 442/430/430 342/176/176
f 341/435/435 342/176/176 312/174/174
f 254/199/199 253/197/197 451/436/436
f 451/436/436 253/197/197 450/431/431
f 451/436/436 450/431/431 300/437/437
f 300/437/437 450/431/431 301/432/432
f 300/437/437 301/432/432 274/438/438
f 274/438/438 301/432/432 273/433/433
f 274/438/438 273/433/433 440/439/439
f 440/439/439 273/433/433 441/434/434
f 440/439/439 441/434/434 340/440/440
f 340/440/440 441/434/434 341/435/435
f 340/440/440 341/435/435 313/441/441
f 313/441/441 341/435/435 312/174/174
f 313/441/441 312/174/174 495/172/172
f 255/201/201 254/199/199 452/442/442
f 452/442/442 254/199/199 451/436/436
f 452/442/442 451/436/436 299/443/443
f 299/443/443 451/436/436 300/437/437
f 299/443/443 300/437/437 275/444/444
f 275/444/444 300/437/437 274/438/438
f 275/444/444 274/438/438 439/445/445
f 439/445/445 274/438/438 440/439/439
f 439/445/445 440/439/439 339/446/446
f 339/446/446 440/439/439 340/440/440
f 339/446/446 340/440/440 314/447/447
f 314/447/447 340/440/440 313/441/441
f 314/447/447 313/441/441 494/448/448
f 494/448/448 313/441/441 495/172/172
f 494/448/448 495/172/172 419/170/170
f 256/203/203 255/201/201 453/449/449
f 453/449/449 255/201/201 452/442/442
f 453/449/449 452/442/442 298/450/450
f 298/450/450 452/442/442 299/443/443
f 298/450/450 299/443/443 276/451/451
f 276/451/451 299/443/443 275/444/444
f 276/451/451 275/444/444 438/452/452
f 438/452/452 275/444/444 439/445/445
f 438/452/452 439/445/445 338/453/453
f 338/453/453 439/445/445 339/446/446
f 338/453/453 339/446/446 315/454/454
f 315/454/454 339/446/446 314/447/447
f 315/454/454 314/447/447 493/455/455
f 493/455/455 314/447/447 494/448/448
f 493/455/455 494/448/448 418/456/456
f 418/456/456 494/448/448 419/170/170
f 418/456/456 419/170/170 378/168/168
f 257/205/205 256/203/203 454/457/457
f 454/457/457 256/203/203 453/449/449
f 454/457/457 453/449/449 297/458/458
f 297/458/458 453/449/449 298/450/450
f 297/458/458 298/450/450 277/459/459
f 277/459/459 298/450/450 276/451/451
f 277/459/459 276/451/451 437/460/460
f 437/460/460 276/451/451 438/452/452
f 437/460/460 438/452/452 337/461/461
f 337/461/461 438/452/452 338/453/453
f 337/461/461 338/453/453 316/462/462
f 316/462/462 338/453/453 315/454/454
f 316/462/462 315/454/454 492/463/463
f 492/463/463 315/454/454 493/455/455
f 492/463/463 493/455/455 417/464/464
f 417/464/464 493/455/455 418/456/456
f 417/464/464 418/456/456 377/465/465
f 377/465/465 418/456/456 378/168/168
f 377/465/465 378/168/168 356/166/166
f 258/207/207 257/205/205 455/466/466
f 455/466/466 257/205/205 454/457/457
f 455/466/466 454/457/457 296/467/467
f 296/467/467 454/457/457 297/458/458
f 296/467/467 297/458/458 278/468/468
f 278/468/468 297/458/458 277/459/459
f 278/468/468 277/459/459 436/469/469
f 436/469/469 277/459/459 437/460/460
f 436/469/469 437/460/460 336/470/470
f 336/470/470 437/460/460 337/461/461
f 336/470/470 337/461/461 317/471/471
f 317/471/471 337/461/461 316/462/462
f 317/471/471 316/462/462 491/472/472
f 491/472/472 316/462/462 492/463/463
f 491/472/472 492/463/463 416/473/473
f 416/473/473 492/463/463 417/464/464
f 416/473/473 417/464/464 376/474/474
f 376/474/474 417/464/464 377/465/465
f 376/474/474 377/465/465 357/475/475
f 357/475/475 377/465/465 356/166/166
f 357/475/475 356/166/166 473/164/164
f 259/209/209 258/207/207 456/476/476
f 456/476/476 258/207/207 455/466/466
f 456/476/476 455/466/466 295/477/477
f 295/477/477 455/466/466 296/467/467
f 295/477/477 296/467/467 279/478/478
f 279/478/478 296/467/467 278/468/468
f 279/478/478 278/468/468 435/479/479
f 435/479/479 278/468/468 436/469/469
f 435/479/479 436/469/469 335/480/480
f 335/480/480 436/469/469 336/470/470
f 335/480/480 336/470/470 318/481/481
f 318/481/481 336/470/470 317/471/471
f 318/481/481 317/471/471 490/482/482
f 490/482/482 317/471/471 491/472/472
f 490/482/482 491/472/472 415/483/483
f 415/483/483 491/472/472 416/473/473
f 415/483/483 416/473/473 375/484/484
f 375/484/484 416/473/473 376/474/474
f 375/484/484 376/474/474 358/485/485
f 358/485/485 376/474/474 357/475/475
f 358/485/485 357/475/475 472/486/486
f 472/486/486 357/475/475 473/164/164
f 472/486/486 473/164/164 395/162/162
f 260/211/211 259/209/209 457/487/487
f 457/487/487 259/209/209 456/476/476
f 457/487/487 456/476/476 294/488/488
f 294/488/488 456/476/476 295/477/477
f 294/488/488 295/477/477 280/489/489
f 280/489/489 295/477/477 279/478/478
f 280/489/489 279/478/478 434/490/490
f 434/490/490 279/478/478 435/479/479
f 434/490/490 435/479/479 334/491/491
f 334/491/491 435/479/479 335/480/480
f 334/491/491 335/480/480 319/492/492
f 319/492/492 335/480/480 318/481/481
f 319/492/492 318/481/481 489/493/493
f 489/493/493 318/481/481 490/482/482
f 489/493/493 490/482/482 414/494/494
f 414/494/494 490/482/482 415/483/483
f 414/494/494 415/483/483 374/495/495
f 374/495/495 415/483/483 375/484/484
f 374/495/495 375/484/484 359/496/496
f 359/496/496 375/484/484 358/485/485
f 359/496/496 358/485/485 471/497/497
f 471/497/497 358/485/485 472/486/486
f 471/497/497 472/486/486 394/160/160
f 394/160/160 472/486/486 395/162/162
f 261/213/213 260/211/211 458/498/498
f 458/498/498 260/211/211 457/487/487
f 458/498/498 457/487/487 293/499/499
f 293/499/499 457/487/487 294/488/488
f 293/499/499 294/488/488 281/500/500
f 281/500/500 294/488/488 280/489/489
f 281/500/500 280/489/489 433/501/501
f 433/501/501 280/489/489 434/490/490
f 433/501/501 434/490/490 333/502/502
f 333/502/502 434/490/490 334/491/491
f 333/502/502 334/491/491 320/503/503
f 320/503/503 334/491/491 319/492/492
f 320/503/503 319/492/492 488/504/504
f 488/504/504 319/492/492 489/493/493
f 488/504/504 489/493/493 413/505/505
f 413/505/505 489/493/493 414/494/494
f 413/505/505 414/494/494 373/506/506
f 373/506/506 414/494/494 374/495/495
f 373/506/506 374/495/495 360/507/507
f 360/507/507 374/495/495 359/496/496
f 360/507/507 359/496/496 470/508/508
f 470/508/508 359/496/496 471/497/497
f 470/508/508 471/497/497 393/158/158
f 393/158/158 471/497/497 394/160/160
f 262/215/215 261/213/213 459/509/509
f 459/509/509 261/213/213 458/498/498
f 459/509/509 458/498/498 292/510/510
f 292/510/510 458/498/498 293/499/499
f 292/510/510 293/499/499 282/511/511
f 282/511/511 293/499/499 281/500/500
f 282/511/511 281/500/500 432/512/512
f 432/512/512 281/500/500 433/501/501
f 432/512/512 433/501/501 332/513/513
f 332/513/513 433/501/501 333/502/502
f 332/513/513 333/502/502 321/514/514
f 321/514/514 333/502/502 320/503/503
f 321/514/514 320/503/503 487/515/515
f 487/515/515 320/503/503 488/504/504
f 487/515/515 488/504/504 412/516/516
f 412/516/516 488/504/504 413/505/505
f 412/516/516 413/505/505 372/517/517
f 372/517/517 413/505/505 373/506/506
f 372/517/517 373/506/506 361/518/518
f 361/518/518 373/506/506 360/507/507
f 361/518/518 360/507/507 469/519/519
f 469/519/519 360/507/507 470/508/508
f 469/519/519 470/508/508 392/156/156
f 392/156/156 470/508/508 393/158/158
f 461/129/129 264/127/127 263/217/217
f 263/217/217 262/215/215 460/520/520
f 460/520/520 262/215/215 459/509/509
f 460/520/520 459/509/509 291/521/521
f 291/521/521 459/509/509 292/510/510
f 291/521/521 292/510/510 283/522/522
f 283/522/522 292/510/510 282/511/511
f 283/522/522 282/511/511 431/523/523
f 431/523/523 282/511/511 432/512/512
f 431/523/523 432/512/512 331/524/524
f 331/524/524 432/512/512 332/513/513
f 331/524/524 332/513/513 322/525/525
f 322/525/525 332/513/513 321/514/514
f 322/525/525 321/514/514 486/526/526
f 486/526/526 321/514/514 487/515/515
f 486/526/526 487/515/515 411/527/527
f 411/527/527 487/515/515 412/516/516
f 411/527/527 412/516/516 371/528/528
f 371/528/528 412/516/516 372/517/517
f 371/528/528 372/517/517 362/529/529
f 362/529/529 372/517/517 361/518/518
f 362/529/529 361/518/518 468/530/530
f 468/530/530 361/518/518 469/519/519
f 468/530/530 469/519/519 391/154/154
f 391/154/154 469/519/519 392/156/156
f 269/181/181 268/263/263 445/531/531
f 445/531/531 268/263/263 85/262/262
f 445/531/531 85/262/262 345/532/532
f 345/532/532 85/262/262 346/389/389
f 345/532/532 346/389/389 308/269/269
f 283/522/522 284/133/133 291/521/521
f 291/521/521 284/133/133 290/131/131
f 291/521/521 290/131/131 460/520/520
f 460/520/520 290/131/131 461/129/129
f 460/520/520 461/129/129 263/217/217
f 284/133/133 283/522/522 430/135/135
f 430/135/135 283/522/522 431/523/523
f 430/135/135 431/523/523 330/137/137
f 330/137/137 431/523/523 331/524/524
f 330/137/137 331/524/524 323/139/139
f 323/139/139 331/524/524 322/525/525
f 323/139/139 322/525/525 485/141/141
f 485/141/141 322/525/525 486/526/526
f 485/141/141 486/526/526 410/143/143
f 410/143/143 486/526/526 411/527/527
f 410/143/143 411/527/527 370/145/145
f 370/145/145 411/527/527 371/528/528
f 370/145/145 371/528/528 363/147/147
f 363/147/147 371/528/528 362/529/529
f 363/147/147 362/529/529 467/149/149
f 467/149/149 362/529/529 468/530/530
f 467/149/149 468/530/530 390/151/151
f 390/151/151 468/530/530 391/154/154
f 308/269/269 309/271/271 345/532/532
f 345/532/532 309/271/271 344/533/533
f 345/532/532 344/533/533 445/531/531
f 445/531/531 344/533/533 444/179/179
f 445/531/531 444/179/179 269/181/181
f 309/271/271 310/273/273 344/533/533
f 344/533/533 310/273/273 343/177/177
f 344/533/533 343/177/177 444/179/179
f 310/273/273 311/175/175 343/177/177
f 348/279/279 347/277/277 482/534/534
f 482/534/534 347/277/277 81/276/276
f 482/534/534 81/276/276 405/294/294
f 405/294/294 81/276/276 406/292/292
f 349/281/281 348/279/279 481/535/535
f 481/535/535 348/279/279 482/534/534
f 481/535/535 482/534/534 404/296/296
f 404/296/296 482/534/534 405/294/294
f 479/302/302 351/285/285 350/283/283
f 350/283/283 349/281/281 480/536/536
f 480/536/536 349/281/281 481/535/535
f 480/536/536 481/535/535 403/298/298
f 403/298/298 481/535/535 404/296/296
f 476/308/308 354/291/291 353/289/289
f 353/289/289 352/287/287 477/537/537
f 477/537/537 352/287/287 478/303/303
f 477/537/537 478/303/303 400/304/304
f 400/304/304 478/303/303 401/301/301
f 474/165/165 397/311/311 396/163/163
f 477/537/537 400/304/304 399/306/306
f 477/537/537 399/306/306 476/308/308
f 480/536/536 403/298/298 402/300/300
f 480/536/536 402/300/300 479/302/302
f 420/171/171 496/173/173 421/388/388
f 421/388/388 496/173/173 497/274/274
f 421/388/388 497/274/274 422/387/387
f 422/387/387 497/274/274 498/272/272
f 422/387/387 498/272/272 423/386/386
f 423/386/386 498/272/272 499/270/270
f 423/386/386 499/270/270 424/385/385
f 424/385/385 499/270/270 500/268/268
f 424/385/385 500/268/268 425/384/384
f 425/384/384 500/268/268 426/266/266
f 425/384/384 426/266/266 83/265/265
f 353/289/289 477/537/537 476/308/308
f 350/283/283 480/536/536 479/302/302
f 501/538/538 548/539/539 34/540/540
f 34/540/540 548/539/539 515/541/541
f 34/540/540 515/541/541 35/542/542
f 35/542/542 515/541/541 571/543/543
f 35/542/542 571/543/543 570/544/544
f 570/544/544 571/543/543 569/545/545
f 570/544/544 569/545/545 957/546/546
f 957/546/546 569/545/545 956/547/547
f 957/546/546 956/547/547 978/548/548
f 978/548/548 956/547/547 977/549/549
f 978/548/548 977/549/549 616/550/550
f 616/550/550 977/549/549 617/551/551
f 616/550/550 617/551/551 612/552/552
f 612/552/552 617/551/551 611/553/553
f 612/552/552 611/553/553 996/554/554
f 996/554/554 611/553/553 995/555/555
f 996/554/554 995/555/555 661/556/556
f 661/556/556 995/555/555 662/557/557
f 661/556/556 662/557/557 655/558/558
f 655/558/558 662/557/557 654/559/559
f 655/558/558 654/559/559 912/560/560
f 912/560/560 654/559/559 911/561/561
f 912/560/560 911/561/561 1015/562/562
f 1015/562/562 911/561/561 1014/563/563
f 1015/562/562 1014/563/563 706/564/564
f 706/564/564 1014/563/563 707/565/565
f 706/564/564 707/565/565 696/566/566
f 696/566/566 707/565/565 695/567/567
f 696/566/566 695/567/567 750/568/568
f 750/568/568 695/567/567 751/569/569
f 750/568/568 751/569/569 739/570/570
f 739/570/570 751/569/569 738/571/571
f 739/570/570 738/571/571 793/572/572
f 793/572/572 738/571/571 794/573/573
f 793/572/572 794/573/573 782/574/574
f 782/574/574 794/573/573 781/575/575
f 782/574/574 781/575/575 835/576/576
f 835/576/576 781/575/575 836/577/577
f 835/576/576 836/577/577 824/578/578
f 824/578/578 836/577/577 823/579/579
f 824/578/578 823/579/579 878/580/580
f 878/580/580 823/579/579 879/581/581
f 878/580/580 879/581/581 867/582/582
f 867/582/582 879/581/581 866/583/583
f 867/582/582 866/583/583 7/584/584
f 7/584/584 866/583/583 8/585/585
f 8/585/585 866/583/583 865/586/586
f 8/585/585 865/586/586 9/587/587
f 9/587/587 865/586/586 864/588/588
f 9/587/587 864/588/588 863/589/589
f 863/589/589 864/588/588 882/590/590
f 863/589/589 882/590/590 883/591/591
f 883/591/591 882/590/590 819/592/592
f 883/591/591 819/592/592 818/593/593
f 818/593/593 819/592/592 841/594/594
f 818/593/593 841/594/594 842/595/595
f 842/595/595 841/594/594 775/596/596
f 842/595/595 775/596/596 774/597/597
f 774/597/597 775/596/596 801/598/598
f 774/597/597 801/598/598 802/599/599
f 802/599/599 801/598/598 730/600/600
f 802/599/599 730/600/600 729/601/601
f 729/601/601 730/600/600 760/602/602
f 729/601/601 760/602/602 761/603/603
f 761/603/603 760/602/602 685/604/604
f 761/603/603 685/604/604 684/605/605
f 684/605/605 685/604/604 718/606/606
f 684/605/605 718/606/606 719/607/607
f 719/607/607 718/606/606 1002/608/608
f 719/607/607 1002/608/608 1001/609/609
f 1001/609/609 1002/608/608 898/610/610
f 1001/609/609 898/610/610 897/611/611
f 897/611/611 898/610/610 640/612/612
f 897/611/611 640/612/612 639/613/613
f 639/613/613 640/612/612 677/614/614
f 639/613/613 677/614/614 678/615/615
f 678/615/615 677/614/614 979/616/616
f 678/615/615 979/616/616 520/617/617
f 520/617/617 979/616/616 594/618/618
f 520/617/617 594/618/618 593/619/619
f 593/619/619 594/618/618 635/620/620
f 593/619/619 635/620/620 636/621/621
f 636/621/621 635/620/620 518/622/622
f 636/621/621 518/622/622 65/623/623
f 65/623/623 518/622/622 937/624/624
f 65/623/623 937/624/624 66/625/625
f 66/625/625 937/624/624 549/626/626
f 66/625/625 549/626/626 592/627/627
f 592/627/627 549/626/626 591/628/628
f 592/627/627 591/628/628 516/629/629
f 516/629/629 591/628/628 917/630/630
f 516/629/629 917/630/630 527/631/631
f 527/631/631 917/630/630 528/632/632
f 527/631/631 528/632/632 514/633/633
f 514/633/633 528/632/632 513/634/634
f 513/634/634 528/632/632 529/635/635
f 513/634/634 529/635/635 530/636/636
f 530/636/636 529/635/635 919/637/637
f 530/636/636 919/637/637 920/638/638
f 920/638/638 919/637/637 588/639/639
f 920/638/638 588/639/639 587/640/640
f 587/640/640 588/639/639 553/641/641
f 587/640/640 553/641/641 554/642/642
f 554/642/642 553/641/641 941/643/643
f 554/642/642 941/643/643 942/644/644
f 942/644/644 941/643/643 963/645/645
f 942/644/644 963/645/645 964/646/646
f 964/646/646 963/645/645 630/647/647
f 964/646/646 630/647/647 629/648/648
f 629/648/648 630/647/647 599/649/649
f 629/648/648 599/649/649 600/650/650
f 600/650/650 599/649/649 984/651/651
f 600/650/650 984/651/651 985/652/652
f 985/652/652 984/651/651 672/653/653
f 985/652/652 672/653/653 671/654/654
f 671/654/654 672/653/653 645/655/655
f 671/654/654 645/655/655 646/656/656
f 646/656/656 645/655/655 903/657/657
f 646/656/656 903/657/657 904/658/658
f 904/658/658 903/657/657 1007/659/659
f 904/658/658 1007/659/659 1008/660/660
f 1008/660/660 1007/659/659 713/661/661
f 1008/660/660 713/661/661 712/662/662
f 712/662/662 713/661/661 690/663/663
f 712/662/662 690/663/663 691/664/664
f 691/664/664 690/663/663 755/665/665
f 691/664/664 755/665/665 754/666/666
f 754/666/666 755/665/665 735/667/667
f 754/666/666 735/667/667 736/668/668
f 736/668/668 735/667/667 796/669/669
f 736/668/668 796/669/669 795/670/670
f 795/670/670 796/669/669 780/671/671
f 795/670/670 780/671/671 781/575/575
f 781/575/575 780/671/671 836/577/577
f 548/539/539 501/538/538 547/672/672
f 547/672/672 501/538/538 502/673/673
f 547/672/672 502/673/673 546/674/674
f 546/674/674 502/673/673 503/675/675
f 546/674/674 503/675/675 545/676/676
f 545/676/676 503/675/675 504/677/677
f 545/676/676 504/677/677 544/678/678
f 544/678/678 504/677/677 505/679/679
f 544/678/678 505/679/679 543/680/680
f 543/680/680 505/679/679 506/681/681
f 543/680/680 506/681/681 542/682/682
f 542/682/682 506/681/681 507/683/683
f 542/682/682 507/683/683 541/684/684
f 541/684/684 507/683/683 508/685/685
f 541/684/684 508/685/685 540/686/686
f 540/686/686 508/685/685 539/687/687
f 540/686/686 539/687/687 929/688/688
f 929/688/688 539/687/687 928/689/689
f 929/688/688 928/689/689 579/690/690
f 579/690/690 928/689/689 580/691/691
f 579/690/690 580/691/691 561/692/692
f 561/692/692 580/691/691 560/693/693
f 561/692/692 560/693/693 948/694/694
f 948/694/694 560/693/693 947/695/695
f 948/694/694 947/695/695 969/696/696
f 969/696/696 947/695/695 968/697/697
f 969/696/696 968/697/697 625/698/698
f 625/698/698 968/697/697 626/699/699
f 625/698/698 626/699/699 603/700/700
f 603/700/700 626/699/699 602/701/701
f 603/700/700 602/701/701 987/702/702
f 987/702/702 602/701/701 986/703/703
f 987/702/702 986/703/703 670/704/704
f 670/704/704 986/703/703 671/654/654
f 670/704/704 671/654/654 646/656/656
f 508/685/685 509/705/705 539/687/687
f 539/687/687 509/705/705 538/706/706
f 539/687/687 538/706/706 928/689/689
f 928/689/689 538/706/706 927/707/707
f 928/689/689 927/707/707 580/691/691
f 580/691/691 927/707/707 581/708/708
f 580/691/691 581/708/708 560/693/693
f 560/693/693 581/708/708 559/709/709
f 560/693/693 559/709/709 947/695/695
f 947/695/695 559/709/709 946/710/710
f 947/695/695 946/710/710 968/697/697
f 968/697/697 946/710/710 967/711/711
f 968/697/697 967/711/711 626/699/699
f 626/699/699 967/711/711 627/712/712
f 626/699/699 627/712/712 602/701/701
f 602/701/701 627/712/712 601/713/713
f 602/701/701 601/713/713 986/703/703
f 986/703/703 601/713/713 985/652/652
f 986/703/703 985/652/652 671/654/654
f 538/706/706 509/705/705 537/714/714
f 537/714/714 509/705/705 510/715/715
f 537/714/714 510/715/715 536/716/716
f 536/716/716 510/715/715 535/717/717
f 536/716/716 535/717/717 925/718/718
f 925/718/718 535/717/717 924/719/719
f 925/718/718 924/719/719 583/720/720
f 583/720/720 924/719/719 584/721/721
f 583/720/720 584/721/721 557/722/722
f 557/722/722 584/721/721 556/723/723
f 557/722/722 556/723/723 944/724/724
f 944/724/724 556/723/723 943/725/725
f 944/724/724 943/725/725 965/726/726
f 965/726/726 943/725/725 964/646/646
f 965/726/726 964/646/646 629/648/648
f 510/715/715 511/727/727 535/717/717
f 535/717/717 511/727/727 534/728/728
f 535/717/717 534/728/728 924/719/719
f 924/719/719 534/728/728 923/729/729
f 924/719/719 923/729/729 584/721/721
f 584/721/721 923/729/729 585/730/730
f 584/721/721 585/730/730 556/723/723
f 556/723/723 585/730/730 555/731/731
f 556/723/723 555/731/731 943/725/725
f 943/725/725 555/731/731 942/644/644
f 943/725/725 942/644/644 964/646/646
f 512/732/732 532/733/733 511/727/727
f 511/727/727 532/733/733 533/734/734
f 511/727/727 533/734/734 534/728/728
f 534/728/728 533/734/734 923/729/729
f 513/634/634 530/636/636 512/732/732
f 512/732/732 530/636/636 531/735/735
f 512/732/732 531/735/735 532/733/733
f 532/733/733 531/735/735 921/736/736
f 532/733/733 921/736/736 922/737/737
f 922/737/737 921/736/736 586/738/738
f 922/737/737 586/738/738 585/730/730
f 585/730/730 586/738/738 555/731/731
f 514/633/633 49/739/739 527/631/631
f 527/631/631 49/739/739 516/629/629
f 49/739/739 66/625/625 516/629/629
f 516/629/629 66/625/625 592/627/627
f 64/740/740 520/617/617 65/623/623
f 65/623/623 520/617/617 593/619/619
f 65/623/623 593/619/619 636/621/621
f 63/741/741 895/742/742 64/740/740
f 64/740/740 895/742/742 637/743/743
f 64/740/740 637/743/743 679/744/744
f 679/744/744 637/743/743 638/745/745
f 679/744/744 638/745/745 678/615/615
f 678/615/615 638/745/745 639/613/613
f 62/746/746 523/747/747 63/741/741
f 63/741/741 523/747/747 680/748/748
f 63/741/741 680/748/748 722/749/749
f 722/749/749 680/748/748 681/750/750
f 722/749/749 681/750/750 721/751/751
f 721/751/751 681/750/750 682/752/752
f 721/751/751 682/752/752 720/753/753
f 720/753/753 682/752/752 683/754/754
f 720/753/753 683/754/754 719/607/607
f 719/607/607 683/754/754 684/605/605
f 61/755/755 524/756/756 62/746/746
f 62/746/746 524/756/756 723/757/757
f 62/746/746 723/757/757 523/747/747
f 523/747/747 723/757/757 724/758/758
f 523/747/747 724/758/758 765/759/759
f 765/759/759 724/758/758 725/760/760
f 765/759/759 725/760/760 764/761/761
f 764/761/761 725/760/760 726/762/762
f 764/761/761 726/762/762 763/763/763
f 763/763/763 726/762/762 727/764/764
f 763/763/763 727/764/764 762/765/765
f 762/765/765 727/764/764 728/766/766
f 762/765/765 728/766/766 761/603/603
f 761/603/603 728/766/766 729/601/601
f 60/767/767 525/768/768 61/755/755
f 61/755/755 525/768/768 766/769/769
f 61/755/755 766/769/769 524/756/756
f 524/756/756 766/769/769 767/770/770
f 524/756/756 767/770/770 808/771/771
f 808/771/771 767/770/770 768/772/772
f 808/771/771 768/772/772 807/773/773
f 807/773/773 768/772/772 769/774/774
f 807/773/773 769/774/774 806/775/775
f 806/775/775 769/774/774 770/776/776
f 806/775/775 770/776/776 805/777/777
f 805/777/777 770/776/776 771/778/778
f 805/777/777 771/778/778 804/779/779
f 804/779/779 771/778/778 772/780/780
f 804/779/779 772/780/780 803/781/781
f 803/781/781 772/780/780 773/782/782
f 803/781/781 773/782/782 802/599/599
f 802/599/599 773/782/782 774/597/597
f 525/768/768 60/767/767 526/783/783
f 526/783/783 60/767/767 59/784/784
f 526/783/783 59/784/784 894/785/785
f 894/785/785 59/784/784 851/786/786
f 894/785/785 851/786/786 852/787/787
f 852/787/787 851/786/786 15/788/788
f 852/787/787 15/788/788 14/789/789
f 59/784/784 16/790/790 851/786/786
f 851/786/786 16/790/790 15/788/788
f 13/791/791 854/792/792 14/789/789
f 14/789/789 854/792/792 853/793/793
f 14/789/789 853/793/793 852/787/787
f 852/787/787 853/793/793 893/794/794
f 852/787/787 893/794/794 894/785/785
f 894/785/785 893/794/794 526/783/783
f 12/795/795 856/796/796 13/791/791
f 13/791/791 856/796/796 855/797/797
f 13/791/791 855/797/797 854/792/792
f 854/792/792 855/797/797 891/798/798
f 854/792/792 891/798/798 892/799/799
f 892/799/799 891/798/798 810/800/800
f 892/799/799 810/800/800 809/801/801
f 809/801/801 810/800/800 850/802/802
f 809/801/801 850/802/802 525/768/768
f 525/768/768 850/802/802 766/769/769
f 11/803/803 859/804/804 12/795/795
f 12/795/795 859/804/804 858/805/805
f 12/795/795 858/805/805 857/806/806
f 857/806/806 858/805/805 888/807/807
f 857/806/806 888/807/807 889/808/808
f 889/808/808 888/807/807 813/809/809
f 889/808/808 813/809/809 812/810/810
f 812/810/810 813/809/809 847/811/811
f 812/810/810 847/811/811 848/812/812
f 848/812/812 847/811/811 769/774/774
f 848/812/812 769/774/774 768/772/772
f 10/813/813 861/814/814 11/803/803
f 11/803/803 861/814/814 860/815/815
f 11/803/803 860/815/815 859/804/804
f 859/804/804 860/815/815 886/816/816
f 859/804/804 886/816/816 887/817/817
f 887/817/817 886/816/816 815/818/818
f 887/817/817 815/818/818 814/819/819
f 814/819/819 815/818/818 845/820/820
f 814/819/819 845/820/820 846/821/821
f 846/821/821 845/820/820 771/778/778
f 846/821/821 771/778/778 770/776/776
f 9/587/587 863/589/589 10/813/813
f 10/813/813 863/589/589 862/822/822
f 10/813/813 862/822/822 861/814/814
f 861/814/814 862/822/822 884/823/823
f 861/814/814 884/823/823 885/824/824
f 885/824/824 884/823/823 817/825/825
f 885/824/824 817/825/825 816/826/826
f 816/826/826 817/825/825 843/827/827
f 816/826/826 843/827/827 844/828/828
f 844/828/828 843/827/827 773/782/782
f 844/828/828 773/782/782 772/780/780
f 7/584/584 6/829/829 867/582/582
f 867/582/582 6/829/829 868/830/830
f 867/582/582 868/830/830 878/580/580
f 878/580/580 868/830/830 877/831/831
f 878/580/580 877/831/831 824/578/578
f 824/578/578 877/831/831 825/832/832
f 824/578/578 825/832/832 835/576/576
f 835/576/576 825/832/832 834/833/833
f 835/576/576 834/833/833 782/574/574
f 782/574/574 834/833/833 783/834/834
f 782/574/574 783/834/834 793/572/572
f 793/572/572 783/834/834 792/835/835
f 793/572/572 792/835/835 739/570/570
f 739/570/570 792/835/835 740/836/836
f 739/570/570 740/836/836 750/568/568
f 750/568/568 740/836/836 749/837/837
f 750/568/568 749/837/837 696/566/566
f 696/566/566 749/837/837 697/838/838
f 696/566/566 697/838/838 706/564/564
f 706/564/564 697/838/838 705/839/839
f 706/564/564 705/839/839 1015/562/562
f 1015/562/562 705/839/839 1016/840/840
f 1015/562/562 1016/840/840 912/560/560
f 912/560/560 1016/840/840 913/841/841
f 912/560/560 913/841/841 655/558/558
f 655/558/558 913/841/841 656/842/842
f 655/558/558 656/842/842 661/556/556
f 661/556/556 656/842/842 660/843/843
f 661/556/556 660/843/843 996/554/554
f 996/554/554 660/843/843 997/844/844
f 996/554/554 997/844/844 612/552/552
f 612/552/552 997/844/844 613/845/845
f 612/552/552 613/845/845 616/550/550
f 616/550/550 613/845/845 615/846/846
f 616/550/550 615/846/846 978/548/548
f 978/548/548 615/846/846 517/847/847
f 978/548/548 517/847/847 957/546/546
f 957/546/546 517/847/847 958/848/848
f 957/546/546 958/848/848 570/544/544
f 570/544/544 958/848/848 35/542/542
f 6/829/829 5/849/849 868/830/830
f 868/830/830 5/849/849 869/850/850
f 868/830/830 869/850/850 877/831/831
f 877/831/831 869/850/850 876/851/851
f 877/831/831 876/851/851 825/832/832
f 825/832/832 876/851/851 826/852/852
f 825/832/832 826/852/852 834/833/833
f 834/833/833 826/852/852 833/853/853
f 834/833/833 833/853/853 783/834/834
f 783/834/834 833/853/853 784/854/854
f 783/834/834 784/854/854 792/835/835
f 792/835/835 784/854/854 791/855/855
f 792/835/835 791/855/855 740/836/836
f 740/836/836 791/855/855 741/856/856
f 740/836/836 741/856/856 749/837/837
f 749/837/837 741/856/856 748/857/857
f 749/837/837 748/857/857 697/838/838
f 697/838/838 748/857/857 698/858/858
f 697/838/838 698/858/858 705/839/839
f 705/839/839 698/858/858 704/859/859
f 705/839/839 704/859/859 1016/840/840
f 1016/840/840 704/859/859 1017/860/860
f 1016/840/840 1017/860/860 913/841/841
f 913/841/841 1017/860/860 914/861/861
f 913/841/841 914/861/861 656/842/842
f 656/842/842 914/861/861 657/862/862
f 656/842/842 657/862/862 660/843/843
f 660/843/843 657/862/862 659/863/863
f 660/843/843 659/863/863 997/844/844
f 997/844/844 659/863/863 998/864/864
f 997/844/844 998/864/864 613/845/845
f 613/845/845 998/864/864 614/865/865
f 613/845/845 614/865/865 615/846/846
f 615/846/846 614/865/865 36/866/866
f 615/846/846 36/866/866 517/847/847
f 517/847/847 36/866/866 35/542/542
f 517/847/847 35/542/542 958/848/848
f 5/849/849 4/867/867 869/850/850
f 869/850/850 4/867/867 870/868/868
f 869/850/850 870/868/868 876/851/851
f 876/851/851 870/868/868 875/869/869
f 876/851/851 875/869/869 826/852/852
f 826/852/852 875/869/869 827/870/870
f 826/852/852 827/870/870 833/853/853
f 833/853/853 827/870/870 832/871/871
f 833/853/853 832/871/871 784/854/854
f 784/854/854 832/871/871 785/872/872
f 784/854/854 785/872/872 791/855/855
f 791/855/855 785/872/872 790/873/873
f 791/855/855 790/873/873 741/856/856
f 741/856/856 790/873/873 742/874/874
f 741/856/856 742/874/874 748/857/857
f 748/857/857 742/874/874 747/875/875
f 748/857/857 747/875/875 698/858/858
f 698/858/858 747/875/875 699/876/876
f 698/858/858 699/876/876 704/859/859
f 704/859/859 699/876/876 703/877/877
f 704/859/859 703/877/877 1017/860/860
f 1017/860/860 703/877/877 1018/878/878
f 1017/860/860 1018/878/878 914/861/861
f 914/861/861 1018/878/878 915/879/879
f 914/861/861 915/879/879 657/862/862
f 657/862/862 915/879/879 658/880/880
f 657/862/862 658/880/880 659/863/863
f 659/863/863 658/880/880 519/881/881
f 659/863/863 519/881/881 998/864/864
f 998/864/864 519/881/881 999/882/882
f 998/864/864 999/882/882 614/865/865
f 614/865/865 999/882/882 36/866/866
f 4/867/867 3/883/883 870/868/868
f 870/868/868 3/883/883 871/884/884
f 870/868/868 871/884/884 875/869/869
f 875/869/869 871/884/884 874/885/885
f 875/869/869 874/885/885 827/870/870
f 827/870/870 874/885/885 828/886/886
f 827/870/870 828/886/886 832/871/871
f 832/871/871 828/886/886 831/887/887
f 832/871/871 831/887/887 785/872/872
f 785/872/872 831/887/887 786/888/888
f 785/872/872 786/888/888 790/873/873
f 790/873/873 786/888/888 789/889/889
f 790/873/873 789/889/889 742/874/874
f 742/874/874 789/889/889 743/890/890
f 742/874/874 743/890/890 747/875/875
f 747/875/875 743/890/890 746/891/891
f 747/875/875 746/891/891 699/876/876
f 699/876/876 746/891/891 700/892/892
f 699/876/876 700/892/892 703/877/877
f 703/877/877 700/892/892 702/893/893
f 703/877/877 702/893/893 1018/878/878
f 1018/878/878 702/893/893 1019/894/894
f 1018/878/878 1019/894/894 915/879/879
f 915/879/879 1019/894/894 916/895/895
f 915/879/879 916/895/895 658/880/880
f 658/880/880 916/895/895 37/896/896
f 658/880/880 37/896/896 519/881/881
f 519/881/881 37/896/896 36/866/866
f 519/881/881 36/866/866 999/882/882
f 3/883/883 2/897/897 871/884/884
f 871/884/884 2/897/897 872/898/898
f 871/884/884 872/898/898 874/885/885
f 874/885/885 872/898/898 873/899/899
f 874/885/885 873/899/899 828/886/886
f 828/886/886 873/899/899 829/900/900
f 828/886/886 829/900/900 831/887/887
f 831/887/887 829/900/900 830/901/901
f 831/887/887 830/901/901 786/888/888
f 786/888/888 830/901/901 787/902/902
f 786/888/888 787/902/902 789/889/889
f 789/889/889 787/902/902 788/903/903
f 789/889/889 788/903/903 743/890/890
f 743/890/890 788/903/903 744/904/904
f 743/890/890 744/904/904 746/891/891
f 746/891/891 744/904/904 745/905/905
f 746/891/891 745/905/905 700/892/892
f 700/892/892 745/905/905 701/906/906
f 700/892/892 701/906/906 702/893/893
f 702/893/893 701/906/906 521/907/907
f 702/893/893 521/907/907 1019/894/894
f 1019/894/894 521/907/907 1020/908/908
f 1019/894/894 1020/908/908 916/895/895
f 916/895/895 1020/908/908 37/896/896
f 2/897/897 1/909/909 872/898/898
f 872/898/898 1/909/909 41/910/910
f 872/898/898 41/910/910 873/899/899
f 873/899/899 41/910/910 829/900/900
f 41/910/910 40/911/911 829/900/900
f 829/900/900 40/911/911 830/901/901
f 830/901/901 40/911/911 787/902/902
f 787/902/902 40/911/911 39/912/912
f 787/902/902 39/912/912 788/903/903
f 788/903/903 39/912/912 744/904/904
f 39/912/912 38/913/913 744/904/904
f 744/904/904 38/913/913 745/905/905
f 37/896/896 521/907/907 38/913/913
f 38/913/913 521/907/907 701/906/906
f 38/913/913 701/906/906 745/905/905
f 678/615/615 520/617/617 679/744/744
f 679/744/744 520/617/617 64/740/740
f 521/907/907 37/896/896 1020/908/908
f 638/745/745 637/743/743 895/742/742
f 63/741/741 722/749/749 522/914/914
f 522/914/914 722/749/749 721/751/751
f 522/914/914 721/751/751 1000/915/915
f 1000/915/915 721/751/751 720/753/753
f 1000/915/915 720/753/753 1001/609/609
f 1001/609/609 720/753/753 719/607/607
f 529/635/635 528/632/632 918/916/916
f 918/916/916 528/632/632 917/630/630
f 918/916/916 917/630/630 590/917/917
f 590/917/917 917/630/630 591/628/628
f 590/917/917 591/628/628 550/918/918
f 550/918/918 591/628/628 549/626/626
f 550/918/918 549/626/626 937/624/624
f 921/736/736 531/735/735 920/638/638
f 920/638/638 531/735/735 530/636/636
f 923/729/729 533/734/734 922/737/737
f 922/737/737 533/734/734 532/733/733
f 927/707/707 538/706/706 537/714/714
f 537/714/714 536/716/716 926/919/919
f 926/919/919 536/716/716 925/718/718
f 926/919/919 925/718/718 582/920/920
f 582/920/920 925/718/718 583/720/720
f 582/920/920 583/720/720 558/921/921
f 558/921/921 583/720/720 557/722/722
f 558/921/921 557/722/722 945/922/922
f 945/922/922 557/722/722 944/724/724
f 945/922/922 944/724/724 966/923/923
f 966/923/923 944/724/724 965/726/726
f 966/923/923 965/726/726 628/924/924
f 628/924/924 965/726/726 629/648/648
f 628/924/924 629/648/648 600/650/650
f 541/684/684 540/686/686 930/925/925
f 930/925/925 540/686/686 929/688/688
f 930/925/925 929/688/688 578/926/926
f 578/926/926 929/688/688 579/690/690
f 578/926/926 579/690/690 562/927/927
f 562/927/927 579/690/690 561/692/692
f 562/927/927 561/692/692 949/928/928
f 949/928/928 561/692/692 948/694/694
f 949/928/928 948/694/694 970/929/929
f 970/929/929 948/694/694 969/696/696
f 970/929/929 969/696/696 624/930/930
f 624/930/930 969/696/696 625/698/698
f 624/930/930 625/698/698 604/931/931
f 604/931/931 625/698/698 603/700/700
f 604/931/931 603/700/700 988/932/932
f 988/932/932 603/700/700 987/702/702
f 988/932/932 987/702/702 669/933/933
f 669/933/933 987/702/702 670/704/704
f 669/933/933 670/704/704 647/934/934
f 647/934/934 670/704/704 646/656/656
f 647/934/934 646/656/656 904/658/658
f 542/682/682 541/684/684 931/935/935
f 931/935/935 541/684/684 930/925/925
f 931/935/935 930/925/925 577/936/936
f 577/936/936 930/925/925 578/926/926
f 577/936/936 578/926/926 563/937/937
f 563/937/937 578/926/926 562/927/927
f 563/937/937 562/927/927 950/938/938
f 950/938/938 562/927/927 949/928/928
f 950/938/938 949/928/928 971/939/939
f 971/939/939 949/928/928 970/929/929
f 971/939/939 970/929/929 623/940/940
f 623/940/940 970/929/929 624/930/930
f 623/940/940 624/930/930 605/941/941
f 605/941/941 624/930/930 604/931/931
f 605/941/941 604/931/931 989/942/942
f 989/942/942 604/931/931 988/932/932
f 989/942/942 988/932/932 668/943/943
f 668/943/943 988/932/932 669/933/933
f 668/943/943 669/933/933 648/944/944
f 648/944/944 669/933/933 647/934/934
f 648/944/944 647/934/934 905/945/945
f 905/945/945 647/934/934 904/658/658
f 905/945/945 904/658/658 1008/660/660
f 543/680/680 542/682/682 932/946/946
f 932/946/946 542/682/682 931/935/935
f 932/946/946 931/935/935 576/947/947
f 576/947/947 931/935/935 577/936/936
f 576/947/947 577/936/936 564/948/948
f 564/948/948 577/936/936 563/937/937
f 564/948/948 563/937/937 951/949/949
f 951/949/949 563/937/937 950/938/938
f 951/949/949 950/938/938 972/950/950
f 972/950/950 950/938/938 971/939/939
f 972/950/950 971/939/939 622/951/951
f 622/951/951 971/939/939 623/940/940
f 622/951/951 623/940/940 606/952/952
f 606/952/952 623/940/940 605/941/941
f 606/952/952 605/941/941 990/953/953
f 990/953/953 605/941/941 989/942/942
f 990/953/953 989/942/942 667/954/954
f 667/954/954 989/942/942 668/943/943
f 667/954/954 668/943/943 649/955/955
f 649/955/955 668/943/943 648/944/944
f 649/955/955 648/944/944 906/956/956
f 906/956/956 648/944/944 905/945/945
f 906/956/956 905/945/945 1009/957/957
f 1009/957/957 905/945/945 1008/660/660
f 1009/957/957 1008/660/660 712/662/662
f 544/678/678 543/680/680 933/958/958
f 933/958/958 543/680/680 932/946/946
f 933/958/958 932/946/946 575/959/959
f 575/959/959 932/946/946 576/947/947
f 575/959/959 576/947/947 565/960/960
f 565/960/960 576/947/947 564/948/948
f 565/960/960 564/948/948 952/961/961
f 952/961/961 564/948/948 951/949/949
f 952/961/961 951/949/949 973/962/962
f 973/962/962 951/949/949 972/950/950
f 973/962/962 972/950/950 621/963/963
f 621/963/963 972/950/950 622/951/951
f 621/963/963 622/951/951 607/964/964
f 607/964/964 622/951/951 606/952/952
f 607/964/964 606/952/952 991/965/965
f 991/965/965 606/952/952 990/953/953
f 991/965/965 990/953/953 666/966/966
f 666/966/966 990/953/953 667/954/954
f 666/966/966 667/954/954 650/967/967
f 650/967/967 667/954/954 649/955/955
f 650/967/967 649/955/955 907/968/968
f 907/968/968 649/955/955 906/956/956
f 907/968/968 906/956/956 1010/969/969
f 1010/969/969 906/956/956 1009/957/957
f 1010/969/969 1009/957/957 711/970/970
f 711/970/970 1009/957/957 712/662/662
f 711/970/970 712/662/662 691/664/664
f 545/676/676 544/678/678 934/971/971
f 934/971/971 544/678/678 933/958/958
f 934/971/971 933/958/958 574/972/972
f 574/972/972 933/958/958 575/959/959
f 574/972/972 575/959/959 566/973/973
f 566/973/973 575/959/959 565/960/960
f 566/973/973 565/960/960 953/974/974
f 953/974/974 565/960/960 952/961/961
f 953/974/974 952/961/961 974/975/975
f 974/975/975 952/961/961 973/962/962
f 974/975/975 973/962/962 620/976/976
f 620/976/976 973/962/962 621/963/963
f 620/976/976 621/963/963 608/977/977
f 608/977/977 621/963/963 607/964/964
f 608/977/977 607/964/964 992/978/978
f 992/978/978 607/964/964 991/965/965
f 992/978/978 991/965/965 665/979/979
f 665/979/979 991/965/965 666/966/966
f 665/979/979 666/966/966 651/980/980
f 651/980/980 666/966/966 650/967/967
f 651/980/980 650/967/967 908/981/981
f 908/981/981 650/967/967 907/968/968
f 908/981/981 907/968/968 1011/982/982
f 1011/982/982 907/968/968 1010/969/969
f 1011/982/982 1010/969/969 710/983/983
f 710/983/983 1010/969/969 711/970/970
f 710/983/983 711/970/970 692/984/984
f 692/984/984 711/970/970 691/664/664
f 692/984/984 691/664/664 754/666/666
f 546/674/674 545/676/676 935/985/985
f 935/985/985 545/676/676 934/971/971
f 935/985/985 934/971/971 573/986/986
f 573/986/986 934/971/971 574/972/972
f 573/986/986 574/972/972 567/987/987
f 567/987/987 574/972/972 566/973/973
f 567/987/987 566/973/973 954/988/988
f 954/988/988 566/973/973 953/974/974
f 954/988/988 953/974/974 975/989/989
f 975/989/989 953/974/974 974/975/975
f 975/989/989 974/975/975 619/990/990
f 619/990/990 974/975/975 620/976/976
f 619/990/990 620/976/976 609/991/991
f 609/991/991 620/976/976 608/977/977
f 609/991/991 608/977/977 993/992/992
f 993/992/992 608/977/977 992/978/978
f 993/992/992 992/978/978 664/993/993
f 664/993/993 992/978/978 665/979/979
f 664/993/993 665/979/979 652/994/994
f 652/994/994 665/979/979 651/980/980
f 652/994/994 651/980/980 909/995/995
f 909/995/995 651/980/980 908/981/981
f 909/995/995 908/981/981 1012/996/996
f 1012/996/996 908/981/981 1011/982/982
f 1012/996/996 1011/982/982 709/997/997
f 709/997/997 1011/982/982 710/983/983
f 709/997/997 710/983/983 693/998/998
f 693/998/998 710/983/983 692/984/984
f 693/998/998 692/984/984 753/999/999
f 753/999/999 692/984/984 754/666/666
f 753/999/999 754/666/666 736/668/668
f 515/541/541 548/539/539 547/672/672
f 547/672/672 546/674/674 936/1000/1000
f 936/1000/1000 546/674/674 935/985/985
f 936/1000/1000 935/985/985 572/1001/1001
f 572/1001/1001 935/985/985 573/986/986
f 572/1001/1001 573/986/986 568/1002/1002
f 568/1002/1002 573/986/986 567/987/987
f 568/1002/1002 567/987/987 955/1003/1003
f 955/1003/1003 567/987/987 954/988/988
f 955/1003/1003 954/988/988 976/1004/1004
f 976/1004/1004 954/988/988 975/989/989
f 976/1004/1004 975/989/989 618/1005/1005
f 618/1005/1005 975/989/989 619/990/990
f 618/1005/1005 619/990/990 610/1006/1006
f 610/1006/1006 619/990/990 609/991/991
f 610/1006/1006 609/991/991 994/1007/1007
f 994/1007/1007 609/991/991 993/992/992
f 994/1007/1007 993/992/992 663/1008/1008
f 663/1008/1008 993/992/992 664/993/993
f 663/1008/1008 664/993/993 653/1009/1009
f 653/1009/1009 664/993/993 652/994/994
f 653/1009/1009 652/994/994 910/1010/1010
f 910/1010/1010 652/994/994 909/995/995
f 910/1010/1010 909/995/995 1013/1011/1011
f 1013/1011/1011 909/995/995 1012/996/996
f 1013/1011/1011 1012/996/996 708/1012/1012
f 708/1012/1012 1012/996/996 709/997/997
f 708/1012/1012 709/997/997 694/1013/1013
f 694/1013/1013 709/997/997 693/998/998
f 694/1013/1013 693/998/998 752/1014/1014
f 752/1014/1014 693/998/998 753/999/999
f 752/1014/1014 753/999/999 737/1015/1015
f 737/1015/1015 753/999/999 736/668/668
f 737/1015/1015 736/668/668 795/670/670
f 550/918/918 551/1016/1016 590/917/917
f 590/917/917 551/1016/1016 589/1017/1017
f 590/917/917 589/1017/1017 918/916/916
f 918/916/916 589/1017/1017 919/637/637
f 918/916/916 919/637/637 529/635/635
f 551/1016/1016 552/1018/1018 589/1017/1017
f 589/1017/1017 552/1018/1018 588/639/639
f 589/1017/1017 588/639/639 919/637/637
f 551/1016/1016 550/918/918 938/1019/1019
f 938/1019/1019 550/918/918 937/624/624
f 938/1019/1019 937/624/624 959/1020/1020
f 959/1020/1020 937/624/624 518/622/622
f 959/1020/1020 518/622/622 635/620/620
f 588/639/639 552/1018/1018 553/641/641
f 553/641/641 552/1018/1018 940/1021/1021
f 553/641/641 940/1021/1021 941/643/643
f 941/643/643 940/1021/1021 962/1022/1022
f 941/643/643 962/1022/1022 963/645/645
f 963/645/645 962/1022/1022 631/1023/1023
f 963/645/645 631/1023/1023 630/647/647
f 630/647/647 631/1023/1023 598/1024/1024
f 630/647/647 598/1024/1024 599/649/649
f 599/649/649 598/1024/1024 983/1025/1025
f 599/649/649 983/1025/1025 984/651/651
f 984/651/651 983/1025/1025 673/1026/1026
f 984/651/651 673/1026/1026 672/653/653
f 672/653/653 673/1026/1026 644/1027/1027
f 672/653/653 644/1027/1027 645/655/655
f 645/655/655 644/1027/1027 902/1028/1028
f 645/655/655 902/1028/1028 903/657/657
f 903/657/657 902/1028/1028 1006/1029/1029
f 903/657/657 1006/1029/1029 1007/659/659
f 1007/659/659 1006/1029/1029 714/1030/1030
f 1007/659/659 714/1030/1030 713/661/661
f 713/661/661 714/1030/1030 689/1031/1031
f 713/661/661 689/1031/1031 690/663/663
f 690/663/663 689/1031/1031 756/1032/1032
f 690/663/663 756/1032/1032 755/665/665
f 755/665/665 756/1032/1032 734/1033/1033
f 755/665/665 734/1033/1033 735/667/667
f 735/667/667 734/1033/1033 797/1034/1034
f 735/667/667 797/1034/1034 796/669/669
f 796/669/669 797/1034/1034 779/1035/1035
f 796/669/669 779/1035/1035 780/671/671
f 780/671/671 779/1035/1035 837/1036/1036
f 780/671/671 837/1036/1036 836/577/577
f 836/577/577 837/1036/1036 823/579/579
f 552/1018/1018 551/1016/1016 939/1037/1037
f 939/1037/1037 551/1016/1016 938/1019/1019
f 939/1037/1037 938/1019/1019 960/1038/1038
f 960/1038/1038 938/1019/1019 959/1020/1020
f 960/1038/1038 959/1020/1020 634/1039/1039
f 634/1039/1039 959/1020/1020 635/620/620
f 634/1039/1039 635/620/620 594/618/618
f 587/640/640 554/642/642 586/738/738
f 586/738/738 554/642/642 555/731/731
f 555/731/731 554/642/642 942/644/644
f 558/921/921 559/709/709 582/920/920
f 582/920/920 559/709/709 581/708/708
f 582/920/920 581/708/708 926/919/919
f 926/919/919 581/708/708 927/707/707
f 926/919/919 927/707/707 537/714/714
f 559/709/709 558/921/921 946/710/710
f 946/710/710 558/921/921 945/922/922
f 946/710/710 945/922/922 967/711/711
f 967/711/711 945/922/922 966/923/923
f 967/711/711 966/923/923 627/712/712
f 627/712/712 966/923/923 628/924/924
f 627/712/712 628/924/924 601/713/713
f 601/713/713 628/924/924 600/650/650
f 601/713/713 600/650/650 985/652/652
f 568/1002/1002 569/545/545 572/1001/1001
f 572/1001/1001 569/545/545 571/543/543
f 572/1001/1001 571/543/543 936/1000/1000
f 936/1000/1000 571/543/543 515/541/541
f 936/1000/1000 515/541/541 547/672/672
f 569/545/545 568/1002/1002 956/547/547
f 956/547/547 568/1002/1002 955/1003/1003
f 956/547/547 955/1003/1003 977/549/549
f 977/549/549 955/1003/1003 976/1004/1004
f 977/549/549 976/1004/1004 617/551/551
f 617/551/551 976/1004/1004 618/1005/1005
f 617/551/551 618/1005/1005 611/553/553
f 611/553/553 618/1005/1005 610/1006/1006
f 611/553/553 610/1006/1006 995/555/555
f 995/555/555 610/1006/1006 994/1007/1007
f 995/555/555 994/1007/1007 662/557/557
f 662/557/557 994/1007/1007 663/1008/1008
f 662/557/557 663/1008/1008 654/559/559
f 654/559/559 663/1008/1008 653/1009/1009
f 654/559/559 653/1009/1009 911/561/561
f 911/561/561 653/1009/1009 910/1010/1010
f 911/561/561 910/1010/1010 1014/563/563
f 1014/563/563 910/1010/1010 1013/1011/1011
f 1014/563/563 1013/1011/1011 707/565/565
f 707/565/565 1013/1011/1011 708/1012/1012
f 707/565/565 708/1012/1012 695/567/567
f 695/567/567 708/1012/1012 694/1013/1013
f 695/567/567 694/1013/1013 751/569/569
f 751/569/569 694/1013/1013 752/1014/1014
f 751/569/569 752/1014/1014 738/571/571
f 738/571/571 752/1014/1014 737/1015/1015
f 738/571/571 737/1015/1015 794/573/573
f 794/573/573 737/1015/1015 795/670/670
f 794/573/573 795/670/670 781/575/575
f 922/737/737 585/730/730 923/729/729
f 920/638/638 587/640/640 921/736/736
f 921/736/736 587/640/640 586/738/738
f 594/618/618 595/1040/1040 634/1039/1039
f 634/1039/1039 595/1040/1040 633/1041/1041
f 634/1039/1039 633/1041/1041 960/1038/1038
f 960/1038/1038 633/1041/1041 961/1042/1042
f 960/1038/1038 961/1042/1042 939/1037/1037
f 939/1037/1037 961/1042/1042 940/1021/1021
f 939/1037/1037 940/1021/1021 552/1018/1018
f 595/1040/1040 596/1043/1043 633/1041/1041
f 633/1041/1041 596/1043/1043 632/1044/1044
f 633/1041/1041 632/1044/1044 961/1042/1042
f 961/1042/1042 632/1044/1044 962/1022/1022
f 961/1042/1042 962/1022/1022 940/1021/1021
f 594/618/618 979/616/616 595/1040/1040
f 595/1040/1040 979/616/616 980/1045/1045
f 595/1040/1040 980/1045/1045 596/1043/1043
f 596/1043/1043 980/1045/1045 981/1046/1046
f 596/1043/1043 981/1046/1046 597/1047/1047
f 597/1047/1047 981/1046/1046 982/1048/1048
f 597/1047/1047 982/1048/1048 598/1024/1024
f 598/1024/1024 982/1048/1048 983/1025/1025
f 596/1043/1043 597/1047/1047 632/1044/1044
f 632/1044/1044 597/1047/1047 631/1023/1023
f 632/1044/1044 631/1023/1023 962/1022/1022
f 597/1047/1047 598/1024/1024 631/1023/1023
f 639/613/613 638/745/745 896/1049/1049
f 896/1049/1049 638/745/745 895/742/742
f 896/1049/1049 895/742/742 522/914/914
f 522/914/914 895/742/742 63/741/741
f 640/612/612 641/1050/1050 676/1051/1051
f 676/1051/1051 641/1050/1050 675/1052/1052
f 676/1051/1051 675/1052/1052 981/1046/1046
f 981/1046/1046 675/1052/1052 982/1048/1048
f 641/1050/1050 642/1053/1053 675/1052/1052
f 675/1052/1052 642/1053/1053 674/1054/1054
f 675/1052/1052 674/1054/1054 982/1048/1048
f 982/1048/1048 674/1054/1054 983/1025/1025
f 640/612/612 898/610/610 641/1050/1050
f 641/1050/1050 898/610/610 899/1055/1055
f 641/1050/1050 899/1055/1055 642/1053/1053
f 642/1053/1053 899/1055/1055 900/1056/1056
f 642/1053/1053 900/1056/1056 643/1057/1057
f 643/1057/1057 900/1056/1056 901/1058/1058
f 643/1057/1057 901/1058/1058 644/1027/1027
f 644/1027/1027 901/1058/1058 902/1028/1028
f 642/1053/1053 643/1057/1057 674/1054/1054
f 674/1054/1054 643/1057/1057 673/1026/1026
f 674/1054/1054 673/1026/1026 983/1025/1025
f 643/1057/1057 644/1027/1027 673/1026/1026
f 640/612/612 676/1051/1051 677/614/614
f 677/614/614 676/1051/1051 980/1045/1045
f 677/614/614 980/1045/1045 979/616/616
f 980/1045/1045 676/1051/1051 981/1046/1046
f 523/747/747 765/759/759 680/748/748
f 680/748/748 765/759/759 681/750/750
f 765/759/759 764/761/761 681/750/750
f 681/750/750 764/761/761 682/752/752
f 764/761/761 763/763/763 682/752/752
f 682/752/752 763/763/763 683/754/754
f 763/763/763 762/765/765 683/754/754
f 683/754/754 762/765/765 684/605/605
f 685/604/604 686/1059/1059 717/1060/1060
f 717/1060/1060 686/1059/1059 716/1061/1061
f 717/1060/1060 716/1061/1061 1004/1062/1062
f 1004/1062/1062 716/1061/1061 1005/1063/1063
f 1004/1062/1062 1005/1063/1063 901/1058/1058
f 901/1058/1058 1005/1063/1063 902/1028/1028
f 762/765/765 761/603/603 684/605/605
f 686/1059/1059 687/1064/1064 716/1061/1061
f 716/1061/1061 687/1064/1064 715/1065/1065
f 716/1061/1061 715/1065/1065 1005/1063/1063
f 1005/1063/1063 715/1065/1065 1006/1029/1029
f 1005/1063/1063 1006/1029/1029 902/1028/1028
f 685/604/604 760/602/602 686/1059/1059
f 686/1059/1059 760/602/602 759/1066/1066
f 686/1059/1059 759/1066/1066 687/1064/1064
f 687/1064/1064 759/1066/1066 758/1067/1067
f 687/1064/1064 758/1067/1067 688/1068/1068
f 688/1068/1068 758/1067/1067 757/1069/1069
f 688/1068/1068 757/1069/1069 689/1031/1031
f 689/1031/1031 757/1069/1069 756/1032/1032
f 687/1064/1064 688/1068/1068 715/1065/1065
f 715/1065/1065 688/1068/1068 714/1030/1030
f 715/1065/1065 714/1030/1030 1006/1029/1029
f 688/1068/1068 689/1031/1031 714/1030/1030
f 685/604/604 717/1060/1060 718/606/606
f 718/606/606 717/1060/1060 1003/1070/1070
f 718/606/606 1003/1070/1070 1002/608/608
f 1002/608/608 1003/1070/1070 899/1055/1055
f 1002/608/608 899/1055/1055 898/610/610
f 1003/1070/1070 717/1060/1060 1004/1062/1062
f 524/756/756 808/771/771 723/757/757
f 723/757/757 808/771/771 724/758/758
f 808/771/771 807/773/773 724/758/758
f 724/758/758 807/773/773 725/760/760
f 807/773/773 806/775/775 725/760/760
f 725/760/760 806/775/775 726/762/762
f 806/775/775 805/777/777 726/762/762
f 726/762/762 805/777/777 727/764/764
f 805/777/777 804/779/779 727/764/764
f 727/764/764 804/779/779 728/766/766
f 759/1066/1066 760/602/602 730/600/600
f 804/779/779 803/781/781 728/766/766
f 728/766/766 803/781/781 729/601/601
f 758/1067/1067 759/1066/1066 731/1071/1071
f 731/1071/1071 759/1066/1066 730/600/600
f 731/1071/1071 730/600/600 801/598/598
f 803/781/781 802/599/599 729/601/601
f 757/1069/1069 758/1067/1067 732/1072/1072
f 732/1072/1072 758/1067/1067 731/1071/1071
f 732/1072/1072 731/1071/1071 800/1073/1073
f 800/1073/1073 731/1071/1071 801/598/598
f 800/1073/1073 801/598/598 775/596/596
f 756/1032/1032 757/1069/1069 733/1074/1074
f 733/1074/1074 757/1069/1069 732/1072/1072
f 733/1074/1074 732/1072/1072 799/1075/1075
f 799/1075/1075 732/1072/1072 800/1073/1073
f 799/1075/1075 800/1073/1073 776/1076/1076
f 776/1076/1076 800/1073/1073 775/596/596
f 776/1076/1076 775/596/596 841/594/594
f 756/1032/1032 733/1074/1074 734/1033/1033
f 734/1033/1033 733/1074/1074 798/1077/1077
f 734/1033/1033 798/1077/1077 797/1034/1034
f 797/1034/1034 798/1077/1077 778/1078/1078
f 797/1034/1034 778/1078/1078 779/1035/1035
f 779/1035/1035 778/1078/1078 838/1079/1079
f 779/1035/1035 838/1079/1079 837/1036/1036
f 837/1036/1036 838/1079/1079 822/1080/1080
f 837/1036/1036 822/1080/1080 823/579/579
f 823/579/579 822/1080/1080 879/581/581
f 798/1077/1077 733/1074/1074 799/1075/1075
f 766/769/769 850/802/802 767/770/770
f 767/770/770 850/802/802 849/1081/1081
f 767/770/770 849/1081/1081 768/772/772
f 768/772/772 849/1081/1081 848/812/812
f 846/821/821 770/776/776 847/811/811
f 847/811/811 770/776/776 769/774/774
f 844/828/828 772/780/780 845/820/820
f 845/820/820 772/780/780 771/778/778
f 842/595/595 774/597/597 843/827/827
f 843/827/827 774/597/597 773/782/782
f 798/1077/1077 799/1075/1075 777/1082/1082
f 777/1082/1082 799/1075/1075 776/1076/1076
f 777/1082/1082 776/1076/1076 840/1083/1083
f 840/1083/1083 776/1076/1076 841/594/594
f 840/1083/1083 841/594/594 819/592/592
f 798/1077/1077 777/1082/1082 778/1078/1078
f 778/1078/1078 777/1082/1082 839/1084/1084
f 778/1078/1078 839/1084/1084 838/1079/1079
f 838/1079/1079 839/1084/1084 821/1085/1085
f 838/1079/1079 821/1085/1085 822/1080/1080
f 822/1080/1080 821/1085/1085 880/1086/1086
f 822/1080/1080 880/1086/1086 879/581/581
f 879/581/581 880/1086/1086 866/583/583
f 839/1084/1084 777/1082/1082 840/1083/1083
f 525/768/768 526/783/783 809/801/801
f 809/801/801 526/783/783 893/794/794
f 809/801/801 893/794/794 892/799/799
f 892/799/799 893/794/794 853/793/793
f 892/799/799 853/793/793 854/792/792
f 849/1081/1081 850/802/802 810/800/800
f 848/812/812 849/1081/1081 811/1087/1087
f 811/1087/1087 849/1081/1081 810/800/800
f 811/1087/1087 810/800/800 891/798/798
f 848/812/812 811/1087/1087 812/810/810
f 812/810/810 811/1087/1087 890/1088/1088
f 812/810/810 890/1088/1088 889/808/808
f 889/808/808 890/1088/1088 856/796/796
f 889/808/808 856/796/796 857/806/806
f 857/806/806 856/796/796 12/795/795
f 890/1088/1088 811/1087/1087 891/798/798
f 846/821/821 847/811/811 813/809/809
f 846/821/821 813/809/809 814/819/819
f 814/819/819 813/809/809 888/807/807
f 814/819/819 888/807/807 887/817/817
f 887/817/817 888/807/807 858/805/805
f 887/817/817 858/805/805 859/804/804
f 844/828/828 845/820/820 815/818/818
f 844/828/828 815/818/818 816/826/826
f 816/826/826 815/818/818 886/816/816
f 816/826/826 886/816/816 885/824/824
f 885/824/824 886/816/816 860/815/815
f 885/824/824 860/815/815 861/814/814
f 842/595/595 843/827/827 817/825/825
f 842/595/595 817/825/825 818/593/593
f 818/593/593 817/825/825 884/823/823
f 818/593/593 884/823/823 883/591/591
f 883/591/591 884/823/823 862/822/822
f 883/591/591 862/822/822 863/589/589
f 839/1084/1084 840/1083/1083 820/1089/1089
f 820/1089/1089 840/1083/1083 819/592/592
f 820/1089/1089 819/592/592 882/590/590
f 839/1084/1084 820/1089/1089 821/1085/1085
f 821/1085/1085 820/1089/1089 881/1090/1090
f 821/1085/1085 881/1090/1090 880/1086/1086
f 880/1086/1086 881/1090/1090 865/586/586
f 880/1086/1086 865/586/586 866/583/583
f 881/1090/1090 820/1089/1089 882/590/590
f 890/1088/1088 891/798/798 855/797/797
f 855/797/797 856/796/796 890/1088/1088
f 881/1090/1090 882/590/590 864/588/588
f 864/588/588 865/586/586 881/1090/1090
f 639/613/613 896/1049/1049 897/611/611
f 897/611/611 896/1049/1049 1000/915/915
f 897/611/611 1000/915/915 1001/609/609
f 1000/915/915 896/1049/1049 522/914/914
f 1004/1062/1062 901/1058/1058 900/1056/1056
f 1004/1062/1062 900/1056/1056 1003/1070/1070
f 1003/1070/1070 900/1056/1056 899/1055/1055
f 34/1091/1091 33/1092/1092 501/1093/1093
f 501/1093/1093 33/1092/1092 80/1094/1094
f 501/1093/1093 80/1094/1094 502/1095/1095
f 502/1095/1095 80/1094/1094 79/1096/1096
f 502/1095/1095 79/1096/1096 503/1097/1097
f 503/1097/1097 79/1096/1096 78/1098/1098
f 503/1097/1097 78/1098/1098 504/1099/1099
f 504/1099/1099 78/1098/1098 77/1100/1100
f 504/1099/1099 77/1100/1100 505/1101/1101
f 505/1101/1101 77/1100/1100 76/1102/1102
f 505/1101/1101 76/1102/1102 506/1103/1103
f 506/1103/1103 76/1102/1102 75/1104/1104
f 506/1103/1103 75/1104/1104 507/1105/1105
f 507/1105/1105 75/1104/1104 74/1106/1106
f 507/1105/1105 74/1106/1106 508/1107/1107
f 508/1107/1107 74/1106/1106 73/1108/1108
f 508/1107/1107 73/1108/1108 509/1109/1109
f 509/1109/1109 73/1108/1108 72/1110/1110
f 509/1109/1109 72/1110/1110 510/1111/1111
f 510/1111/1111 72/1110/1110 71/1112/1112
f 510/1111/1111 71/1112/1112 511/1113/1113
f 511/1113/1113 71/1112/1112 70/1114/1114
f 511/1113/1113 70/1114/1114 512/1115/1115
f 512/1115/1115 70/1114/1114 69/1116/1116
f 512/1115/1115 69/1116/1116 513/1117/1117
f 513/1117/1117 69/1116/1116 68/1118/1118
f 513/1117/1117 68/1118/1118 514/1119/1119
f 514/1119/1119 68/1118/1118 67/1120/1120
f 514/1119/1119 67/1120/1120 49/1121/1121
f 49/1121/1121 67/1120/1120 50/1122/1122
# 1020 vertices
# 1122 texture params
# 1122 normals
# 2036 facets

# 1 groups
