# WaveFront *.obj file (generated by Autodesk ATF)

mtllib P10.mtl

g Body1

v -16.034691 10.550000 -14.827507
v -15.911986 10.550000 -14.714040
v -15.405391 10.550000 -15.243628
v -14.881180 10.550000 -15.755785
v -14.339952 10.550000 -16.249925
v -13.782326 10.550000 -16.725483
v -13.208939 10.550000 -17.181915
v -12.620448 10.550000 -17.618699
v -12.017526 10.550000 -18.035336
v -11.400861 10.550000 -18.431349
v -10.771159 10.550000 -18.806286
v -10.129140 10.550000 -19.159718
v -9.475539 10.550000 -19.491240
v -8.811101 10.550000 -19.800474
v -8.136589 10.550000 -20.087065
v -7.452772 10.550000 -20.350687
v -6.760432 10.550000 -20.591037
v -6.060362 10.550000 -20.807842
v -5.353362 10.550000 -21.000852
v -4.640241 10.550000 -21.169847
v -3.921813 10.550000 -21.314635
v -3.198900 10.550000 -21.435049
v -2.472329 10.550000 -21.530951
v -1.742932 10.550000 -21.602233
v -1.011541 10.550000 -21.648812
v -0.278993 10.550000 -21.670635
v 0.453873 10.550000 -21.667678
v 0.457373 10.550000 -21.834768
v -0.281145 10.550000 -21.837748
v -1.019341 10.550000 -21.815756
v -1.756372 10.550000 -21.768818
v -2.491395 10.550000 -21.696987
v -3.223568 10.550000 -21.600344
v -3.952056 10.550000 -21.479002
v -4.676024 10.550000 -21.333098
v -5.394645 10.550000 -21.162800
v -6.107097 10.550000 -20.968301
v -6.812565 10.550000 -20.749825
v -7.510244 10.550000 -20.507621
v -8.199334 10.550000 -20.241966
v -8.879048 10.550000 -19.953165
v -9.548609 10.550000 -19.641546
v -10.207251 10.550000 -19.307468
v -10.854221 10.550000 -18.951310
v -11.488778 10.550000 -18.573482
v -12.110199 10.550000 -18.174415
v -12.717771 10.550000 -17.754565
v -13.310800 10.550000 -17.314413
v -13.888608 10.550000 -16.854461
v -14.450534 10.550000 -16.375236
v -14.995936 10.550000 -15.877285
v -15.524189 10.550000 -15.361179
v -16.894082 2.850000 -15.622197
v -17.010674 2.850000 -15.730012
v -16.469099 2.850000 -16.296167
v -15.908692 2.850000 -16.843687
v -15.330094 2.850000 -17.371946
v -14.733965 2.850000 -17.880340
v -14.120987 2.850000 -18.368288
v -13.491862 2.850000 -18.835231
v -12.847309 2.850000 -19.280636
v -12.188065 2.850000 -19.703993
v -11.514884 2.850000 -20.104819
v -10.828535 2.850000 -20.482654
v -10.129804 2.850000 -20.837067
v -9.419489 2.850000 -21.167653
v -8.698402 2.850000 -21.474033
v -7.967369 2.850000 -21.755857
v -7.227225 2.850000 -22.012803
v -6.478817 2.850000 -22.244577
v -5.723000 2.850000 -22.450914
v -4.960639 2.850000 -22.631579
v -4.192605 2.850000 -22.786363
v -3.419777 2.850000 -22.915091
v -2.643038 2.850000 -23.017616
v -1.863277 2.850000 -23.093819
v -1.081386 2.850000 -23.143614
v -0.298257 2.850000 -23.166945
v 0.485212 2.850000 -23.163783
v 0.481886 2.850000 -23.005017
v -0.296213 2.850000 -23.008157
v -1.073974 2.850000 -22.984987
v -1.850506 2.850000 -22.935533
v -2.624923 2.850000 -22.859852
v -3.396338 2.850000 -22.758030
v -4.163869 2.850000 -22.630184
v -4.926638 2.850000 -22.476460
v -5.683774 2.850000 -22.297035
v -6.434411 2.850000 -22.092112
v -7.177690 2.850000 -21.861926
v -7.912760 2.850000 -21.606741
v -8.638783 2.850000 -21.326849
v -9.354927 2.850000 -21.022568
v -10.060373 2.850000 -20.694249
v -10.754316 2.850000 -20.342265
v -11.435960 2.850000 -19.967019
v -12.104528 2.850000 -19.568941
v -12.759253 2.850000 -19.148485
v -13.399389 2.850000 -18.706133
v -14.024201 2.850000 -18.242391
v -14.632977 2.850000 -17.757787
v -15.225020 2.850000 -17.252878
v -15.799653 2.850000 -16.728239
v -16.356219 2.850000 -16.184472
v 0.458782 9.805218 -21.902048
v 0.463233 9.052798 -22.114516
v 0.467220 8.293492 -22.304871
v 0.470741 7.528060 -22.472922
v 0.473790 6.757266 -22.618501
v 0.476366 5.981882 -22.741463
v 0.478465 5.202682 -22.841684
v 0.480086 4.420447 -22.919065
v 0.481227 3.635958 -22.973527
v 0.484557 3.635745 -23.132489
v 0.483423 4.420041 -23.078368
v 0.481812 5.202113 -23.001475
v 0.479726 5.981189 -22.901885
v 0.477167 6.756502 -22.779697
v 0.474136 7.527286 -22.635030
v 0.470638 8.292779 -22.468028
v 0.466675 9.052228 -22.278856
v 0.462252 9.804883 -22.067699
v -16.987692 3.635745 -15.708760
v -16.947948 4.420041 -15.672008
v -16.891480 5.202113 -15.619792
v -16.818345 5.981189 -15.552163
v -16.728614 6.756502 -15.469187
v -16.622376 7.527286 -15.370947
v -16.499735 8.292779 -15.257540
v -16.360814 9.052228 -15.129077
v -16.205748 9.804883 -14.985685
v -14.820642 3.341104 -17.786594
v -14.074739 10.088260 -16.891418
v -13.367589 3.341104 -18.902961
v -12.694816 10.088260 -17.951600
v -10.736111 3.341104 -20.512198
v -10.195777 10.088260 -19.479846
v -7.312648 3.341104 -21.966783
v -6.944612 10.088260 -20.861224
v -4.327623 3.341104 -22.743923
v -4.109820 10.088260 -21.599252
v -2.515390 3.341104 -23.014934
v -2.388793 10.088260 -21.856623
v -0.110329 3.341104 -23.151721
v -0.110206 3.832418 -23.125880
v -0.110040 4.323658 -23.091058
v -0.109831 4.814537 -23.047249
v -0.109580 5.304766 -22.994453
v -0.109285 5.794059 -22.932684
v -0.108948 6.282128 -22.861965
v -0.108569 6.768687 -22.782329
v -0.108150 7.250417 -22.694402
v -0.107689 7.730097 -22.597767
v -0.107187 8.207453 -22.492487
v -0.106645 8.682214 -22.378636
v -0.106062 9.154110 -22.256295
v -0.105439 9.622878 -22.125558
v -0.104776 10.088260 -21.986526
v -0.708536 3.341104 -23.141140
v -0.707746 3.832418 -23.115310
v -0.706680 4.323658 -23.080505
v -0.705339 4.814537 -23.036715
v -0.703723 5.304766 -22.983944
v -0.701833 5.794059 -22.922203
v -0.699669 6.282128 -22.851516
v -0.697231 6.768687 -22.771916
v -0.694541 7.250417 -22.684030
v -0.691583 7.730097 -22.587439
v -0.688361 8.207453 -22.482207
v -0.684877 8.682214 -22.368407
v -0.681133 9.154110 -22.246123
v -0.677132 9.622878 -22.115445
v -0.672877 10.088260 -21.976477
v -1.309183 3.341104 -23.114939
v -1.307722 3.832418 -23.089139
v -1.305752 4.323658 -23.054373
v -1.303275 4.814537 -23.010633
v -1.300290 5.304766 -22.957921
v -1.296797 5.794059 -22.896250
v -1.292798 6.282128 -22.825643
v -1.288294 6.768687 -22.746133
v -1.283322 7.250417 -22.658347
v -1.277858 7.730097 -22.561865
v -1.271904 8.207453 -22.456753
v -1.265466 8.682214 -22.343082
v -1.258548 9.154110 -22.220935
v -1.251155 9.622878 -22.090406
v -1.243293 10.088260 -21.951595
v -1.911671 3.341104 -23.072925
v -1.909537 3.832418 -23.047172
v -1.906662 4.323658 -23.012469
v -1.903045 4.814537 -22.968809
v -1.898685 5.304766 -22.916193
v -1.893585 5.794059 -22.854634
v -1.887746 6.282128 -22.784155
v -1.881170 6.768687 -22.704790
v -1.873910 7.250417 -22.617163
v -1.865930 7.730097 -22.520857
v -1.857237 8.207453 -22.415935
v -1.847836 8.682214 -22.302471
v -1.837735 9.154110 -22.180546
v -1.826939 9.622878 -22.050254
v -1.815459 10.088260 -21.911695
v -3.119713 3.341104 -22.940832
v -3.116231 3.832418 -22.915225
v -3.111539 4.323658 -22.880721
v -3.105636 4.814537 -22.837311
v -3.098521 5.304766 -22.784996
v -3.090198 5.794059 -22.723790
v -3.080668 6.282128 -22.653715
v -3.069937 6.768687 -22.574804
v -3.058089 7.250417 -22.487678
v -3.045068 7.730097 -22.391924
v -3.030881 8.207453 -22.287603
v -3.015539 8.682214 -22.174788
v -2.999054 9.154110 -22.053562
v -2.981437 9.622878 -21.924015
v -2.962702 10.088260 -21.786250
v -2.403899 9.622878 -21.994833
v -2.418103 9.154110 -22.124798
v -2.431395 8.682214 -22.246416
v -2.443765 8.207453 -22.359595
v -2.455204 7.730097 -22.464253
v -2.465703 7.250417 -22.560317
v -2.475256 6.768687 -22.647724
v -2.483908 6.282128 -22.726889
v -2.491592 5.794059 -22.797191
v -2.498303 5.304766 -22.858595
v -2.504039 4.814537 -22.911079
v -2.508799 4.323658 -22.954629
v -2.512582 3.832418 -22.989245
v -3.724006 3.341104 -22.850517
v -3.719850 3.832418 -22.825012
v -3.714248 4.323658 -22.790644
v -3.707202 4.814537 -22.747404
v -3.698709 5.304766 -22.695296
v -3.688774 5.794059 -22.634330
v -3.677398 6.282128 -22.564531
v -3.664589 6.768687 -22.485931
v -3.650445 7.250417 -22.399148
v -3.634901 7.730097 -22.303770
v -3.617967 8.207453 -22.199860
v -3.599654 8.682214 -22.087490
v -3.579975 9.154110 -21.966741
v -3.558945 9.622878 -21.837704
v -3.536582 10.088260 -21.700481
v -4.322793 3.832418 -22.718537
v -4.316284 4.323658 -22.684329
v -4.308095 4.814537 -22.641291
v -4.298226 5.304766 -22.589426
v -4.286680 5.794059 -22.528744
v -4.273461 6.282128 -22.459271
v -4.258575 6.768687 -22.381037
v -4.242139 7.250417 -22.294659
v -4.224076 7.730097 -22.199727
v -4.204396 8.207453 -22.096301
v -4.183115 8.682214 -21.984455
v -4.160246 9.154110 -21.864269
v -4.135808 9.622878 -21.735835
v -5.530219 3.341104 -22.481794
v -5.524046 3.832418 -22.456700
v -5.515728 4.323658 -22.422886
v -5.505264 4.814537 -22.380344
v -5.492652 5.304766 -22.329077
v -5.477898 5.794059 -22.269095
v -5.461005 6.282128 -22.200422
v -5.441982 6.768687 -22.123090
v -5.420979 7.250417 -22.037708
v -5.397896 7.730097 -21.943869
v -5.372748 8.207453 -21.841636
v -5.345553 8.682214 -21.731078
v -5.316329 9.154110 -21.612278
v -5.285100 9.622878 -21.485324
v -5.251890 10.088260 -21.350315
v -4.681797 10.088260 -21.482529
v -4.711402 9.622878 -21.618374
v -4.739241 9.154110 -21.746115
v -4.765293 8.682214 -21.865651
v -4.789536 8.207453 -21.976893
v -4.811954 7.730097 -22.079759
v -4.832532 7.250417 -22.174179
v -4.851255 6.768687 -22.260090
v -4.868212 6.282128 -22.337901
v -4.883271 5.794059 -22.406999
v -4.896424 5.304766 -22.467352
v -4.907667 4.814537 -22.518938
v -4.916995 4.323658 -22.561743
v -4.924410 3.832418 -22.595766
v -4.929913 3.341104 -22.621015
v -6.127882 3.341104 -22.326295
v -6.121042 3.832418 -22.301374
v -6.111825 4.323658 -22.267795
v -6.100230 4.814537 -22.225547
v -6.086256 5.304766 -22.174634
v -6.069906 5.794059 -22.115067
v -6.051188 6.282128 -22.046869
v -6.030110 6.768687 -21.970072
v -6.006837 7.250417 -21.885280
v -5.981259 7.730097 -21.792091
v -5.953393 8.207453 -21.690564
v -5.923259 8.682214 -21.580772
v -5.890877 9.154110 -21.462793
v -5.856273 9.622878 -21.336717
v -5.819474 10.088260 -21.202642
v -6.722244 3.341104 -22.154589
v -6.714741 3.832418 -22.129860
v -6.704630 4.323658 -22.096539
v -6.691910 4.814537 -22.054616
v -6.676580 5.304766 -22.004094
v -6.658645 5.794059 -21.944986
v -6.638111 6.282128 -21.877312
v -6.614988 6.768687 -21.801106
v -6.589458 7.250417 -21.716966
v -6.561400 7.730097 -21.624493
v -6.530831 8.207453 -21.523748
v -6.497774 8.682214 -21.414800
v -6.462251 9.154110 -21.297728
v -6.424291 9.622878 -21.172622
v -6.383922 10.088260 -21.039578
v -7.304486 3.832418 -21.942264
v -7.293488 4.323658 -21.909225
v -7.279650 4.814537 -21.867657
v -7.262974 5.304766 -21.817564
v -7.243464 5.794059 -21.758956
v -7.221127 6.282128 -21.691856
v -7.195973 6.768687 -21.616296
v -7.168201 7.250417 -21.532870
v -7.137678 7.730097 -21.441181
v -7.104424 8.207453 -21.341289
v -7.068463 8.682214 -21.233265
v -7.029821 9.154110 -21.117186
v -6.988527 9.622878 -20.993140
v -8.478986 3.341104 -21.543471
v -8.469522 3.832418 -21.519425
v -8.456769 4.323658 -21.487023
v -8.440724 4.814537 -21.446257
v -8.421389 5.304766 -21.397128
v -8.398767 5.794059 -21.339650
v -8.372867 6.282128 -21.273843
v -8.343701 6.768687 -21.199739
v -8.311499 7.250417 -21.117920
v -8.276108 7.730097 -21.027998
v -8.237551 8.207453 -20.930032
v -8.195854 8.682214 -20.824089
v -8.151049 9.154110 -20.710247
v -8.103168 9.622878 -20.588591
v -8.052250 10.088260 -20.459217
v -7.500926 10.088260 -20.667714
v -7.548358 9.622878 -20.798407
v -7.592960 9.154110 -20.921302
v -7.634698 8.682214 -21.036304
v -7.673539 8.207453 -21.143327
v -7.709457 7.730097 -21.242292
v -7.742425 7.250417 -21.333130
v -7.772422 6.768687 -21.415783
v -7.799590 6.282128 -21.490642
v -7.823717 5.794059 -21.557120
v -7.844790 5.304766 -21.615184
v -7.862802 4.814537 -21.664812
v -7.877748 4.323658 -21.705994
v -7.889628 3.832418 -21.738727
v -7.898444 3.341104 -21.763018
v -9.053639 3.341104 -21.308355
v -9.043534 3.832418 -21.284571
v -9.029917 4.323658 -21.252522
v -9.012785 4.814537 -21.212201
v -8.992139 5.304766 -21.163609
v -8.967984 5.794059 -21.106758
v -8.940328 6.282128 -21.041669
v -8.909186 6.768687 -20.968373
v -8.874802 7.250417 -20.887448
v -8.837012 7.730097 -20.798507
v -8.795842 8.207453 -20.701610
v -8.751319 8.682214 -20.596823
v -8.703477 9.154110 -20.484223
v -8.652351 9.622878 -20.363895
v -8.597982 10.088260 -20.235933
v -9.621782 3.341104 -21.057913
v -9.611042 3.832418 -21.034408
v -9.596570 4.323658 -21.002736
v -9.578363 4.814537 -20.962889
v -9.556422 5.304766 -20.914868
v -9.530751 5.794059 -20.858685
v -9.501360 6.282128 -20.794361
v -9.468263 6.768687 -20.721927
v -9.431721 7.250417 -20.641953
v -9.391560 7.730097 -20.554058
v -9.347806 8.207453 -20.458299
v -9.300490 8.682214 -20.354744
v -9.249645 9.154110 -20.243467
v -9.195311 9.622878 -20.124554
v -9.137530 10.088260 -19.998096
v -10.182803 3.341104 -20.792424
v -10.171437 3.832418 -20.769216
v -10.156122 4.323658 -20.737943
v -10.136853 4.814537 -20.698598
v -10.113632 5.304766 -20.651182
v -10.086464 5.794059 -20.595708
v -10.055360 6.282128 -20.532195
v -10.020334 6.768687 -20.460674
v -9.981661 7.250417 -20.381708
v -9.939158 7.730097 -20.294921
v -9.892853 8.207453 -20.200370
v -9.842778 8.682214 -20.098120
v -9.788969 9.154110 -19.988247
v -9.731467 9.622878 -19.870832
v -9.670316 10.088260 -19.745968
v -11.281132 3.341104 -20.217577
v -11.268540 3.832418 -20.195011
v -11.251573 4.323658 -20.164603
v -11.230226 4.814537 -20.126345
v -11.204500 5.304766 -20.080241
v -11.174402 5.794059 -20.026300
v -11.139942 6.282128 -19.964543
v -11.101138 6.768687 -19.895000
v -11.058294 7.250417 -19.818217
v -11.011207 7.730097 -19.733829
v -10.959907 8.207453 -19.641892
v -10.904431 8.682214 -19.542469
v -10.844818 9.154110 -19.435633
v -10.781113 9.622878 -19.321465
v -10.713367 10.088260 -19.200053
v -10.260250 9.622878 -19.603027
v -10.320877 9.154110 -19.718859
v -10.377610 8.682214 -19.827252
v -10.430406 8.207453 -19.928124
v -10.479227 7.730097 -20.021400
v -10.524040 7.250417 -20.107018
v -10.564814 6.768687 -20.184920
v -10.601743 6.282128 -20.255477
v -10.634538 5.794059 -20.318134
v -10.663182 5.304766 -20.372860
v -10.687665 4.814537 -20.419637
v -10.707980 4.323658 -20.458452
v -10.724128 3.832418 -20.489303
v -11.817310 3.341104 -19.908931
v -11.804120 3.832418 -19.886710
v -11.786346 4.323658 -19.856766
v -11.763984 4.814537 -19.819092
v -11.737036 5.304766 -19.773692
v -11.705507 5.794059 -19.720574
v -11.669410 6.282128 -19.659760
v -11.628761 6.768687 -19.591279
v -11.583881 7.250417 -19.515668
v -11.534556 7.730097 -19.432568
v -11.480818 8.207453 -19.342035
v -11.422705 8.682214 -19.244130
v -11.360258 9.154110 -19.138925
v -11.293526 9.622878 -19.026500
v -11.222560 10.088260 -18.906941
v -12.344113 3.341104 -19.586659
v -12.330335 3.832418 -19.564797
v -12.311769 4.323658 -19.535338
v -12.288411 4.814537 -19.498275
v -12.260261 5.304766 -19.453609
v -12.227327 5.794059 -19.401351
v -12.189620 6.282128 -19.341522
v -12.147159 6.768687 -19.274148
v -12.100278 7.250417 -19.199762
v -12.048754 7.730097 -19.118007
v -11.992621 8.207453 -19.028939
v -11.931917 8.682214 -18.932619
v -11.866687 9.154110 -18.829117
v -11.796980 9.622878 -18.718512
v -11.722850 10.088260 -18.600889
v -12.861034 3.341104 -19.251186
v -12.846679 3.832418 -19.229698
v -12.827335 4.323658 -19.200744
v -12.802999 4.814537 -19.164315
v -12.773670 5.304766 -19.120414
v -12.739357 5.794059 -19.069052
v -12.700071 6.282128 -19.010247
v -12.655833 6.768687 -18.944028
v -12.606989 7.250417 -18.870915
v -12.553307 7.730097 -18.790561
v -12.494823 8.207453 -18.703018
v -12.431577 8.682214 -18.608348
v -12.363615 9.154110 -18.506619
v -12.290989 9.622878 -18.397908
v -12.213755 10.088260 -18.282299
v -13.863323 3.341104 -18.542455
v -13.847849 3.832418 -18.521758
v -13.826998 4.323658 -18.493870
v -13.800765 4.814537 -18.458782
v -13.769151 5.304766 -18.416498
v -13.732163 5.794059 -18.367026
v -13.689816 6.282128 -18.310386
v -13.642130 6.768687 -18.246605
v -13.589479 7.250417 -18.176184
v -13.531614 7.730097 -18.098788
v -13.468572 8.207453 -18.014468
v -13.400397 8.682214 -17.923283
v -13.327139 9.154110 -17.825299
v -13.248853 9.622878 -17.720590
v -13.165600 10.088260 -17.609238
v -12.775092 9.622878 -18.065117
v -12.850579 9.154110 -18.171861
v -12.921217 8.682214 -18.271750
v -12.986954 8.207453 -18.364708
v -13.047742 7.730097 -18.450667
v -13.103538 7.250417 -18.529568
v -13.154306 6.768687 -18.601358
v -13.200287 6.282128 -18.666380
v -13.241120 5.794059 -18.724121
v -13.276784 5.304766 -18.774554
v -13.307268 4.814537 -18.817661
v -13.332563 4.323658 -18.853430
v -13.352669 3.832418 -18.881861
v -14.347807 3.341104 -18.170162
v -14.331792 3.832418 -18.149881
v -14.310212 4.323658 -18.122552
v -14.283062 4.814537 -18.088169
v -14.250343 5.304766 -18.046734
v -14.212063 5.794059 -17.998256
v -14.168236 6.282128 -17.942753
v -14.118883 6.768687 -17.880252
v -14.064393 7.250417 -17.811245
v -14.004505 7.730097 -17.735403
v -13.939260 8.207453 -17.652776
v -13.868703 8.682214 -17.563422
v -13.792885 9.154110 -17.467405
v -13.711863 9.622878 -17.364799
v -13.625701 10.088260 -17.255682
v -14.804100 3.832418 -17.766741
v -14.781809 4.323658 -17.739989
v -14.753764 4.814537 -17.706332
v -14.719967 5.304766 -17.665771
v -14.680425 5.794059 -17.618316
v -14.635154 6.282128 -17.563985
v -14.584175 6.768687 -17.502804
v -14.527888 7.250417 -17.435253
v -14.466027 7.730097 -17.361012
v -14.398632 8.207453 -17.280129
v -14.325749 8.682214 -17.192661
v -14.247433 9.154110 -17.098672
v -14.163741 9.622878 -16.998231
v -15.729924 3.341104 -16.987756
v -15.712367 3.832418 -16.968794
v -15.688708 4.323658 -16.943244
v -15.658943 4.814537 -16.911098
v -15.623072 5.304766 -16.872359
v -15.581105 5.794059 -16.827036
v -15.533056 6.282128 -16.775145
v -15.478949 6.768687 -16.716711
v -15.419209 7.250417 -16.652194
v -15.353553 7.730097 -16.581288
v -15.282023 8.207453 -16.504038
v -15.204668 8.682214 -16.420498
v -15.121547 9.154110 -16.330730
v -15.032720 9.622878 -16.234800
v -14.938258 10.088260 -16.132784
v -14.512365 10.088260 -16.516947
v -14.604134 9.622878 -16.621392
v -14.690428 9.154110 -16.719606
v -14.771180 8.682214 -16.811512
v -14.846329 8.207453 -16.897041
v -14.915820 7.730097 -16.976131
v -14.979604 7.250417 -17.048726
v -15.037641 6.768687 -17.114779
v -15.090205 6.282128 -17.174604
v -15.136884 5.794059 -17.227730
v -15.177655 5.304766 -17.274133
v -15.212503 4.814537 -17.313795
v -15.241420 4.323658 -17.346706
v -15.264404 3.832418 -17.372865
v -15.281461 3.341104 -17.392278
v -16.165726 3.341104 -16.573583
v -16.147683 3.832418 -16.555084
v -16.123369 4.323658 -16.530156
v -16.092779 4.814537 -16.498795
v -16.055914 5.304766 -16.461000
v -16.012784 5.794059 -16.416781
v -15.963404 6.282128 -16.366156
v -15.907797 6.768687 -16.309146
v -15.846403 7.250417 -16.246203
v -15.778927 7.730097 -16.177025
v -15.705415 8.207453 -16.101658
v -15.625918 8.682214 -16.020156
v -15.540494 9.154110 -15.932576
v -15.449206 9.622878 -15.838985
v -15.352127 10.088260 -15.739456
v -16.588593 3.341104 -16.150324
v -16.570077 3.832418 -16.132297
v -16.545127 4.323658 -16.108006
v -16.513736 4.814537 -16.077445
v -16.475908 5.304766 -16.040616
v -16.431649 5.794059 -15.997527
v -16.380977 6.282128 -15.948194
v -16.323917 6.768687 -15.892641
v -16.260916 7.250417 -15.831304
v -16.191675 7.730097 -15.763893
v -16.116241 8.207453 -15.690451
v -16.034664 8.682214 -15.611030
v -15.947005 9.154110 -15.525687
v -15.853329 9.622878 -15.434486
v -15.753711 10.088260 -15.337499
v -16.084099 9.805218 -14.873195
v -16.240128 9.052798 -15.017478
v -16.379919 8.293492 -15.146744
v -16.503329 7.528060 -15.260863
v -16.610238 6.757266 -15.359723
v -16.700536 5.981882 -15.443223
v -16.774135 5.202682 -15.511281
v -16.830961 4.420447 -15.563829
v -16.870956 3.635958 -15.600813
v -13.968324 10.088533 -16.763707
v -14.718919 3.341250 -17.664514
v -12.598835 10.088533 -17.815873
v -13.275839 3.341250 -18.773218
v -10.118690 10.088533 -19.332565
v -10.662423 3.341250 -20.371410
v -6.892106 10.088533 -20.703498
v -7.262457 3.341250 -21.816011
v -4.078747 10.088533 -21.435946
v -4.297920 3.341250 -22.587818
v -2.370733 10.088533 -21.691372
v -2.498125 3.341250 -22.856968
v -16.474735 3.341250 -16.039474
v -16.456102 3.832713 -16.021333
v -16.430992 4.324101 -15.996887
v -16.399400 4.815122 -15.966129
v -16.361326 5.305485 -15.929062
v -16.316781 5.794899 -15.885694
v -16.265781 6.283072 -15.836041
v -16.208351 6.769713 -15.780129
v -16.144952 7.251436 -15.718404
v -16.075276 7.731082 -15.650569
v -15.999368 8.208372 -15.576667
v -15.917283 8.683032 -15.496750
v -15.829081 9.154789 -15.410878
v -15.734829 9.623377 -15.319116
v -15.634602 10.088533 -15.221537
v -16.054771 3.341250 -16.459828
v -16.036613 3.832713 -16.441212
v -16.012143 4.324101 -16.416125
v -15.981356 4.815122 -16.384561
v -15.944254 5.305485 -16.346522
v -15.900844 5.794899 -16.302018
v -15.851144 6.283072 -16.251064
v -15.795178 6.769713 -16.193686
v -15.733395 7.251436 -16.130344
v -15.665495 7.731082 -16.060731
v -15.591522 8.208372 -15.984892
v -15.511529 8.683032 -15.902881
v -15.425576 9.154789 -15.814758
v -15.333726 9.623377 -15.720592
v -15.236054 10.088533 -15.620455
v -15.621960 3.341250 -16.871158
v -15.604291 3.832713 -16.852077
v -15.580481 4.324101 -16.826363
v -15.550524 4.815122 -16.794010
v -15.514422 5.305485 -16.755021
v -15.472183 5.794899 -16.709404
v -15.423823 6.283072 -16.657177
v -15.369365 6.769713 -16.598365
v -15.309248 7.251436 -16.533440
v -15.243178 7.731082 -16.462087
v -15.171200 8.208372 -16.384353
v -15.093363 8.683032 -16.300293
v -15.009727 9.154789 -16.209968
v -14.920354 9.623377 -16.113448
v -14.825315 10.088533 -16.010809
v -15.176575 3.341250 -17.272904
v -15.159410 3.832713 -17.253368
v -15.136278 4.324101 -17.227041
v -15.107176 4.815122 -17.193918
v -15.072102 5.305485 -17.154001
v -15.031068 5.794899 -17.107298
v -14.984086 6.283072 -17.053827
v -14.931181 6.769713 -16.993614
v -14.872778 7.251436 -16.927144
v -14.808592 7.731082 -16.854092
v -14.738666 8.208372 -16.774506
v -14.663048 8.683032 -16.688444
v -14.581796 9.154789 -16.595969
v -14.494971 9.623377 -16.497151
v -14.402642 10.088533 -16.392068
v -14.249329 3.341250 -18.045449
v -14.233213 3.832713 -18.025040
v -14.211495 4.324101 -17.997536
v -14.184170 4.815122 -17.962932
v -14.151240 5.305485 -17.921228
v -14.112712 5.794899 -17.872436
v -14.068601 6.283072 -17.816574
v -14.018929 6.769713 -17.753669
v -13.964093 7.251436 -17.684225
v -13.903829 7.731082 -17.607906
v -13.838175 8.208372 -17.524761
v -13.767178 8.683032 -17.434850
v -13.690890 9.154789 -17.338238
v -13.609369 9.623377 -17.235000
v -13.522681 10.088533 -17.125217
v -14.057870 9.623377 -16.871173
v -14.142076 9.154789 -16.972231
v -14.220878 8.683032 -17.066803
v -14.294215 8.208372 -17.154817
v -14.362033 7.731082 -17.236206
v -14.424284 7.251436 -17.310915
v -14.480926 6.769713 -17.378892
v -14.532235 6.283072 -17.440470
v -14.577800 5.794899 -17.495153
v -14.617597 5.305485 -17.542915
v -14.651613 4.815122 -17.583738
v -14.679838 4.324101 -17.617611
v -14.702272 3.832713 -17.644535
v -13.768170 3.341250 -18.415187
v -13.752598 3.832713 -18.394359
v -13.731614 4.324101 -18.366291
v -13.705212 4.815122 -18.330978
v -13.673393 5.305485 -18.288421
v -13.636166 5.794899 -18.238629
v -13.593545 6.283072 -18.181622
v -13.545550 6.769713 -18.117428
v -13.492566 7.251436 -18.046561
v -13.434337 7.731082 -17.968678
v -13.370900 8.208372 -17.883830
v -13.302300 8.683032 -17.792076
v -13.228588 9.154789 -17.693485
v -13.149820 9.623377 -17.588132
v -13.066059 10.088533 -17.476100
v -13.260824 3.832713 -18.751985
v -13.240590 4.324101 -18.723372
v -13.215132 4.815122 -18.687372
v -13.184451 5.305485 -18.643987
v -13.148556 5.794899 -18.593227
v -13.107459 6.283072 -18.535112
v -13.061180 6.769713 -18.469670
v -13.010091 7.251436 -18.397425
v -12.953943 7.731082 -18.318028
v -12.892775 8.208372 -18.231530
v -12.826628 8.683032 -18.137993
v -12.755552 9.154789 -18.037485
v -12.679601 9.623377 -17.930083
v -12.259388 3.341250 -19.452224
v -12.245522 3.832713 -19.430223
v -12.226837 4.324101 -19.400575
v -12.203329 4.815122 -19.363273
v -12.174997 5.305485 -19.318319
v -12.141850 5.794899 -19.265724
v -12.103899 6.283072 -19.205507
v -12.061163 6.769713 -19.137697
v -12.013986 7.251436 -19.062840
v -11.962138 7.731082 -18.980571
v -11.905652 8.208372 -18.890944
v -11.844570 8.683032 -18.794024
v -11.778936 9.154789 -18.689880
v -11.708800 9.623377 -18.578594
v -11.634218 10.088533 -18.460253
v -12.121411 10.088533 -18.144072
v -12.199116 9.623377 -18.260387
v -12.272189 9.154789 -18.369767
v -12.340572 8.683032 -18.472126
v -12.404212 8.208372 -18.567387
v -12.463063 7.731082 -18.655478
v -12.517083 7.251436 -18.736338
v -12.566236 6.769713 -18.809913
v -12.610761 6.283072 -18.876561
v -12.650301 5.794899 -18.935747
v -12.684836 5.305485 -18.987442
v -12.714354 4.815122 -19.031626
v -12.738847 4.324101 -19.068289
v -12.758315 3.832713 -19.097429
v -12.772761 3.341250 -19.119053
v -11.736200 3.341250 -19.772284
v -11.722926 3.832713 -19.749921
v -11.705039 4.324101 -19.719786
v -11.682533 4.815122 -19.681870
v -11.655411 5.305485 -19.636176
v -11.623678 5.794899 -19.582715
v -11.587347 6.283072 -19.521507
v -11.546435 6.769713 -19.452582
v -11.501271 7.251436 -19.376493
v -11.451635 7.731082 -19.292870
v -11.397561 8.208372 -19.201769
v -11.339085 8.683032 -19.103254
v -11.276252 9.154789 -18.997397
v -11.209109 9.623377 -18.884280
v -11.137710 10.088533 -18.763992
v -11.203702 3.341250 -20.078812
v -11.191031 3.832713 -20.056102
v -11.173955 4.324101 -20.025499
v -11.152470 4.815122 -19.986996
v -11.126579 5.305485 -19.940593
v -11.096286 5.794899 -19.886304
v -11.061603 6.283072 -19.824147
v -11.022547 6.769713 -19.754153
v -10.979433 7.251436 -19.676884
v -10.932049 7.731082 -19.591965
v -10.880428 8.208372 -19.499452
v -10.824605 8.683032 -19.399409
v -10.764623 9.154789 -19.291912
v -10.700527 9.623377 -19.177041
v -10.632367 10.088533 -19.054888
v -10.650363 3.832713 -20.348370
v -10.634113 4.324101 -20.317321
v -10.613666 4.815122 -20.278256
v -10.589025 5.305485 -20.231178
v -10.560196 5.794899 -20.176097
v -10.527189 6.283072 -20.113034
v -10.490020 6.769713 -20.042021
v -10.448988 7.251436 -19.963626
v -10.403894 7.731082 -19.877469
v -10.354766 8.208372 -19.783608
v -10.301641 8.683032 -19.682107
v -10.244557 9.154789 -19.573043
v -10.183557 9.623377 -19.456498
v -9.555741 3.341250 -20.913379
v -9.544934 3.832713 -20.889726
v -9.530369 4.324101 -20.857851
v -9.512045 4.815122 -20.817747
v -9.489962 5.305485 -20.769416
v -9.464125 5.794899 -20.712870
v -9.434543 6.283072 -20.648129
v -9.401233 6.769713 -20.575226
v -9.364460 7.251436 -20.494746
v -9.324046 7.731082 -20.406297
v -9.280017 8.208372 -20.309939
v -9.232406 8.683032 -20.205738
v -9.181246 9.154789 -20.093772
v -9.126578 9.623377 -19.974127
v -9.068444 10.088533 -19.846896
v -9.597202 10.088533 -19.596675
v -9.658726 9.623377 -19.722302
v -9.716582 9.154789 -19.840438
v -9.770724 8.683032 -19.950993
v -9.821112 8.208372 -20.053880
v -9.867707 7.731082 -20.149024
v -9.910477 7.251436 -20.236357
v -9.949395 6.769713 -20.315823
v -9.984648 6.283072 -20.387807
v -10.015954 5.794899 -20.451731
v -10.043297 5.305485 -20.507564
v -10.066668 4.815122 -20.555286
v -10.086061 4.324101 -20.594884
v -10.101474 3.832713 -20.626357
v -10.112912 3.341250 -20.649713
v -8.991499 3.341250 -21.162102
v -8.981329 3.832713 -21.138167
v -8.967625 4.324101 -21.105913
v -8.950383 4.815122 -21.065333
v -8.929603 5.305485 -21.016427
v -8.905292 5.794899 -20.959208
v -8.877457 6.283072 -20.893698
v -8.846113 6.769713 -20.819928
v -8.811512 7.251436 -20.738490
v -8.773484 7.731082 -20.648990
v -8.732055 8.208372 -20.551485
v -8.687255 8.683032 -20.446045
v -8.639117 9.154789 -20.332747
v -8.587676 9.623377 -20.211679
v -8.532975 10.088533 -20.082936
v -8.420789 3.341250 -21.395605
v -8.411265 3.832713 -21.371406
v -8.398431 4.324101 -21.338797
v -8.382283 4.815122 -21.297768
v -8.362822 5.305485 -21.248323
v -8.340054 5.794899 -21.190472
v -8.313986 6.283072 -21.124239
v -8.284632 6.769713 -21.049655
v -8.252226 7.251436 -20.967319
v -8.216612 7.731082 -20.876831
v -8.177813 8.208372 -20.778250
v -8.135857 8.683032 -20.671647
v -8.090774 9.154789 -20.557099
v -8.042598 9.623377 -20.434695
v -7.991369 10.088533 -20.304531
v -7.844232 3.341250 -21.613645
v -7.835360 3.832713 -21.589199
v -7.823404 4.324101 -21.556257
v -7.808362 4.815122 -21.514811
v -7.790234 5.305485 -21.464861
v -7.769024 5.794899 -21.406422
v -7.744741 6.283072 -21.339513
v -7.717397 6.769713 -21.264169
v -7.687210 7.251436 -21.180994
v -7.654035 7.731082 -21.089584
v -7.617892 8.208372 -20.989999
v -7.578808 8.683032 -20.882309
v -7.536812 9.154789 -20.766594
v -7.491935 9.623377 -20.642942
v -7.444213 10.088533 -20.511452
v -6.676105 3.341250 -22.002528
v -6.668554 3.832713 -21.977643
v -6.658379 4.324101 -21.944108
v -6.645577 4.815122 -21.901915
v -6.630148 5.305485 -21.851067
v -6.612097 5.794899 -21.791576
v -6.591430 6.283072 -21.723464
v -6.568158 6.769713 -21.646765
v -6.542466 7.251436 -21.562093
v -6.514231 7.731082 -21.469038
v -6.483471 8.208372 -21.367661
v -6.450207 8.683032 -21.258033
v -6.414465 9.154789 -21.140237
v -6.376271 9.623377 -21.014360
v -6.335655 10.088533 -20.880504
v -6.936289 9.623377 -20.836220
v -6.977837 9.154789 -20.961029
v -7.016719 8.683032 -21.077828
v -7.052904 8.208372 -21.186526
v -7.086366 7.731082 -21.287043
v -7.117081 7.251436 -21.379310
v -7.145029 6.769713 -21.463263
v -7.170345 6.283072 -21.539313
v -7.192827 5.794899 -21.606847
v -7.212464 5.305485 -21.665834
v -7.229247 4.815122 -21.716251
v -7.243174 4.324101 -21.758086
v -7.254243 3.832713 -21.791337
v -6.085822 3.341250 -22.173055
v -6.078939 3.832713 -22.147977
v -6.069664 4.324101 -22.114182
v -6.057993 4.815122 -22.071663
v -6.043929 5.305485 -22.020421
v -6.027474 5.794899 -21.960469
v -6.008634 6.283072 -21.891829
v -5.987419 6.769713 -21.814535
v -5.964000 7.251436 -21.729207
v -5.938261 7.731082 -21.635430
v -5.910220 8.208372 -21.533268
v -5.879898 8.683032 -21.422791
v -5.847316 9.154789 -21.304081
v -5.812499 9.623377 -21.177229
v -5.775474 10.088533 -21.042335
v -5.492261 3.341250 -22.327487
v -5.486049 3.832713 -22.302234
v -5.477679 4.324101 -22.268204
v -5.467146 4.815122 -22.225389
v -5.454454 5.305485 -22.173790
v -5.439604 5.794899 -22.113420
v -5.422602 6.283072 -22.044302
v -5.403456 6.769713 -21.966469
v -5.382320 7.251436 -21.880547
v -5.359092 7.731082 -21.786118
v -5.333786 8.208372 -21.683244
v -5.306421 8.683032 -21.571997
v -5.277016 9.154789 -21.452460
v -5.245595 9.623377 -21.324725
v -5.212182 10.088533 -21.188892
v -4.896076 3.341250 -22.465753
v -4.890538 3.832713 -22.440344
v -4.883076 4.324101 -22.406103
v -4.873687 4.815122 -22.363022
v -4.862372 5.305485 -22.311104
v -4.849134 5.794899 -22.250360
v -4.833978 6.283072 -22.180814
v -4.816910 6.769713 -22.102500
v -4.798069 7.251436 -22.016045
v -4.777362 7.731082 -21.921031
v -4.754803 8.208372 -21.817520
v -4.730408 8.683032 -21.705584
v -4.704196 9.154789 -21.585307
v -4.676185 9.623377 -21.456781
v -4.646399 10.088533 -21.320107
v -3.698446 3.341250 -22.693680
v -3.694263 3.832713 -22.668013
v -3.688626 4.324101 -22.633425
v -3.681534 4.815122 -22.589907
v -3.672987 5.305485 -22.537462
v -3.662987 5.794899 -22.476102
v -3.651538 6.283072 -22.405850
v -3.638645 6.769713 -22.326741
v -3.624412 7.251436 -22.239410
v -3.608771 7.731082 -22.143432
v -3.591730 8.208372 -22.038870
v -3.573303 8.683032 -21.925799
v -3.553502 9.154789 -21.804302
v -3.532343 9.623377 -21.674472
v -3.509843 10.088533 -21.536410
v -4.104894 9.623377 -21.573363
v -4.129482 9.154789 -21.702588
v -4.152492 8.683032 -21.823519
v -4.173907 8.208372 -21.936062
v -4.193709 7.731082 -22.040136
v -4.211887 7.251436 -22.135667
v -4.228426 6.769713 -22.222590
v -4.243408 6.283072 -22.301330
v -4.256713 5.794899 -22.371254
v -4.268334 5.305485 -22.432328
v -4.278267 4.815122 -22.484529
v -4.286508 4.324101 -22.527843
v -4.293059 3.832713 -22.562270
v -3.098301 3.341250 -22.783375
v -3.094797 3.832713 -22.757606
v -3.090074 4.324101 -22.722881
v -3.084133 4.815122 -22.679191
v -3.076973 5.305485 -22.626539
v -3.068595 5.794899 -22.564936
v -3.059004 6.283072 -22.494407
v -3.048204 6.769713 -22.414985
v -3.036281 7.251436 -22.327309
v -3.023177 7.731082 -22.230951
v -3.008902 8.208372 -22.125977
v -2.993464 8.683032 -22.012459
v -2.976877 9.154789 -21.890481
v -2.959151 9.623377 -21.760138
v -2.940302 10.088533 -21.621531
v -2.495300 3.832713 -22.831116
v -2.491492 4.324101 -22.796279
v -2.486702 4.815122 -22.752448
v -2.480928 5.305485 -22.699626
v -2.474174 5.794899 -22.637824
v -2.466441 6.283072 -22.567067
v -2.457732 6.769713 -22.487389
v -2.448119 7.251436 -22.399429
v -2.437554 7.731082 -22.302761
v -2.426043 8.208372 -22.197447
v -2.413597 8.683032 -22.083562
v -2.400222 9.154789 -21.961191
v -2.385930 9.623377 -21.830426
v -1.300197 3.341250 -22.956287
v -1.298727 3.832713 -22.930323
v -1.296745 4.324101 -22.895334
v -1.294252 4.815122 -22.851313
v -1.291247 5.305485 -22.798261
v -1.287731 5.794899 -22.736191
v -1.283706 6.283072 -22.665126
v -1.279174 6.769713 -22.585102
v -1.274170 7.251436 -22.496760
v -1.268671 7.731082 -22.399671
v -1.262681 8.208372 -22.293900
v -1.256203 8.683032 -22.179520
v -1.249242 9.154789 -22.056617
v -1.241803 9.623377 -21.925284
v -1.233893 10.088533 -21.785625
v -1.801733 10.088533 -21.746028
v -1.813283 9.623377 -21.885433
v -1.824145 9.154789 -22.016527
v -1.834309 8.683032 -22.139207
v -1.843769 8.208372 -22.253378
v -1.852517 7.731082 -22.358957
v -1.860546 7.251436 -22.455870
v -1.867852 6.769713 -22.544051
v -1.874470 6.283072 -22.623930
v -1.880348 5.794899 -22.694865
v -1.885481 5.305485 -22.756823
v -1.889869 4.815122 -22.809778
v -1.893509 4.324101 -22.853720
v -1.896403 3.832713 -22.888645
v -1.898550 3.341250 -22.914562
v -0.703673 3.341250 -22.982308
v -0.702877 3.832713 -22.956314
v -0.701805 4.324101 -22.921286
v -0.700456 4.815122 -22.877215
v -0.698829 5.305485 -22.824102
v -0.696927 5.794899 -22.761962
v -0.694748 6.283072 -22.690817
v -0.692295 6.769713 -22.610702
v -0.689587 7.251436 -22.522260
v -0.686611 7.731082 -22.425061
v -0.683369 8.208372 -22.319170
v -0.679863 8.683032 -22.204660
v -0.676096 9.154789 -22.081618
v -0.672070 9.623377 -21.950136
v -0.667789 10.088533 -21.810319
v -0.109572 3.341250 -22.992817
v -0.109448 3.832713 -22.966811
v -0.109281 4.324101 -22.931767
v -0.109071 4.815122 -22.887676
v -0.108818 5.305485 -22.834539
v -0.108521 5.794899 -22.772370
v -0.108182 6.283072 -22.701193
v -0.107800 6.769713 -22.621041
v -0.107378 7.251436 -22.532558
v -0.106915 7.731082 -22.435315
v -0.106410 8.208372 -22.329375
v -0.105864 8.683032 -22.214814
v -0.105278 9.154789 -22.091715
v -0.104651 9.623377 -21.960173
v -0.103984 10.088533 -21.820292
vt -37.947915 4.579082 0.000000
vt -38.477503 5.085676 0.000000
vt -38.061382 4.456377 0.000000
vt -38.595054 4.966878 0.000000
vt -38.989660 5.609888 0.000000
vt -39.111160 5.495132 0.000000
vt -39.483799 6.151116 0.000000
vt -39.609110 6.040534 0.000000
vt -39.959357 6.708742 0.000000
vt -40.088336 6.602460 0.000000
vt -40.415789 7.282128 0.000000
vt -40.548287 7.180268 0.000000
vt -40.852574 7.870619 0.000000
vt -40.988440 7.773297 0.000000
vt -41.269211 8.473542 0.000000
vt -41.408290 8.380869 0.000000
vt -41.665224 9.090207 0.000000
vt -41.807357 9.002289 0.000000
vt -42.040161 9.719909 0.000000
vt -42.185185 9.636847 0.000000
vt -42.393593 10.361927 0.000000
vt -42.541342 10.283817 0.000000
vt -42.725115 11.015529 0.000000
vt -42.875421 10.942459 0.000000
vt -43.034348 11.679966 0.000000
vt -43.187039 11.612019 0.000000
vt -43.320940 12.354479 0.000000
vt -43.475841 12.291734 0.000000
vt -43.584562 13.038296 0.000000
vt -43.741496 12.980824 0.000000
vt -43.824912 13.730635 0.000000
vt -43.983700 13.678502 0.000000
vt -44.041716 14.430705 0.000000
vt -44.202176 14.383971 0.000000
vt -44.234727 15.137705 0.000000
vt -44.396674 15.096423 0.000000
vt -44.403722 15.850827 0.000000
vt -44.566973 15.815044 0.000000
vt -44.548510 16.569255 0.000000
vt -44.712877 16.539012 0.000000
vt -44.668923 17.292168 0.000000
vt -44.834219 17.267499 0.000000
vt -44.764826 18.018738 0.000000
vt -44.930861 17.999673 0.000000
vt -44.836107 18.748136 0.000000
vt -45.002693 18.734695 0.000000
vt -44.882687 19.479527 0.000000
vt -45.049631 19.471726 0.000000
vt -44.904510 20.212074 0.000000
vt -45.071623 20.209923 0.000000
vt -45.068643 20.948441 0.000000
vt -44.901553 20.944941 0.000000
vt -16.398628 -39.274921 0.000000
vt -16.515220 -39.382735 0.000000
vt -15.860765 -39.837195 0.000000
vt -15.973645 -39.948890 0.000000
vt -15.304199 -40.380963 0.000000
vt -15.413239 -40.496410 0.000000
vt -14.729567 -40.905601 0.000000
vt -14.834640 -41.024669 0.000000
vt -14.137524 -41.410511 0.000000
vt -14.238511 -41.533063 0.000000
vt -13.528747 -41.895114 0.000000
vt -13.625534 -42.021011 0.000000
vt -12.903935 -42.358857 0.000000
vt -12.996409 -42.487954 0.000000
vt -12.263799 -42.801209 0.000000
vt -12.351855 -42.933359 0.000000
vt -11.609074 -43.221664 0.000000
vt -11.692611 -43.356716 0.000000
vt -10.940506 -43.619742 0.000000
vt -11.019430 -43.757542 0.000000
vt -10.258862 -43.994988 0.000000
vt -10.333081 -44.135377 0.000000
vt -9.564919 -44.346972 0.000000
vt -9.634350 -44.489790 0.000000
vt -8.859473 -44.675292 0.000000
vt -8.924035 -44.820376 0.000000
vt -8.143329 -44.979572 0.000000
vt -8.202948 -45.126756 0.000000
vt -7.417307 -45.259464 0.000000
vt -7.471915 -45.408580 0.000000
vt -6.682236 -45.514649 0.000000
vt -6.731771 -45.665526 0.000000
vt -5.938957 -45.744835 0.000000
vt -5.983363 -45.897300 0.000000
vt -5.188320 -45.949758 0.000000
vt -5.227546 -46.103638 0.000000
vt -4.431184 -46.129184 0.000000
vt -4.465185 -46.284302 0.000000
vt -3.668415 -46.282907 0.000000
vt -3.697151 -46.439086 0.000000
vt -2.900884 -46.410753 0.000000
vt -2.924323 -46.567815 0.000000
vt -2.129469 -46.512575 0.000000
vt -2.147584 -46.670339 0.000000
vt -1.355052 -46.588256 0.000000
vt -1.367823 -46.746542 0.000000
vt -0.578520 -46.637710 0.000000
vt -0.585932 -46.796338 0.000000
vt 0.199241 -46.660880 0.000000
vt 0.197197 -46.819668 0.000000
vt 0.980666 -46.816506 0.000000
vt 0.977340 -46.657741 0.000000
vt 45.330343 0.000000 0.000000
vt 45.564764 -0.744782 0.000000
vt 45.497469 0.000000 0.000000
vt 45.730452 -0.745117 0.000000
vt 45.777279 -1.497202 0.000000
vt 45.941655 -1.497772 0.000000
vt 45.967676 -2.256508 0.000000
vt 46.130868 -2.257221 0.000000
vt 46.135764 -3.021940 0.000000
vt 46.297907 -3.022714 0.000000
vt 46.281375 -3.792734 0.000000
vt 46.442605 -3.793498 0.000000
vt 46.404364 -4.568118 0.000000
vt 46.564821 -4.568811 0.000000
vt 46.504607 -5.347318 0.000000
vt 46.664433 -5.347887 0.000000
vt 46.582004 -6.129553 0.000000
vt 46.741343 -6.129959 0.000000
vt 46.636479 -6.914042 0.000000
vt 46.795475 -6.914255 0.000000
vt 46.667976 -7.700000 0.000000
vt 46.826776 -7.700000 0.000000
vt -7.073736 19.555099 0.000000
vt -7.862298 19.555099 0.000000
vt -7.369358 18.944002 0.000000
vt -7.862298 18.751942 0.000000
vt -7.369358 18.332905 0.000000
vt -7.862298 17.954116 0.000000
vt -7.369358 17.721808 0.000000
vt -7.862298 17.161118 0.000000
vt -7.369358 17.110711 0.000000
vt -7.369358 16.499614 0.000000
vt -6.876419 16.499614 0.000000
vt -6.876419 15.888518 0.000000
vt -6.383480 15.888518 0.000000
vt -6.383480 15.277421 0.000000
vt -5.890541 15.277421 0.000000
vt -5.890541 14.666324 0.000000
vt -5.397601 14.666324 0.000000
vt -5.397601 14.055227 0.000000
vt -4.904662 14.055227 0.000000
vt -4.904662 13.444130 0.000000
vt -4.411723 13.444130 0.000000
vt -4.411723 12.833033 0.000000
vt -3.918783 12.833033 0.000000
vt -3.918783 12.221937 0.000000
vt -3.428936 12.221937 0.000000
vt -3.428936 11.610840 0.000000
vt -2.939088 11.610840 0.000000
vt -2.939088 10.999743 0.000000
vt -2.449240 10.999743 0.000000
vt -2.449240 10.388646 0.000000
vt -1.959392 10.388646 0.000000
vt -1.959392 9.777549 0.000000
vt -1.469544 9.777549 0.000000
vt -1.469544 9.166452 0.000000
vt -0.979696 9.166452 0.000000
vt -0.979696 8.555356 0.000000
vt -0.489848 8.555356 0.000000
vt -0.489848 7.944259 0.000000
vt -0.000000 8.621519 0.000000
vt -0.000000 7.850098 0.000000
vt -0.489848 7.333162 0.000000
vt -0.000000 7.077572 0.000000
vt -0.489848 6.722065 0.000000
vt -0.000000 6.303496 0.000000
vt -0.489848 6.110968 0.000000
vt -0.000000 5.527422 0.000000
vt -0.489848 5.499871 0.000000
vt -0.489848 4.888775 0.000000
vt -0.979696 5.499871 0.000000
vt -0.979696 4.888775 0.000000
vt -1.469544 5.499871 0.000000
vt -1.469544 4.888775 0.000000
vt -1.959392 5.499871 0.000000
vt -1.959392 4.888775 0.000000
vt -2.449240 5.499871 0.000000
vt -2.449240 4.888775 0.000000
vt -2.939088 5.499871 0.000000
vt -2.939088 4.888775 0.000000
vt -3.428936 5.499871 0.000000
vt -3.428936 4.888775 0.000000
vt -3.918783 5.499871 0.000000
vt -3.918783 4.888775 0.000000
vt -4.411723 5.499871 0.000000
vt -4.411723 4.888775 0.000000
vt -4.904662 5.499871 0.000000
vt -4.904662 4.888775 0.000000
vt -5.397601 5.499871 0.000000
vt -5.397601 4.888775 0.000000
vt -5.890541 5.499871 0.000000
vt -5.890541 4.888775 0.000000
vt -6.383480 5.499871 0.000000
vt -6.383480 4.888775 0.000000
vt -6.876419 5.499871 0.000000
vt -6.876419 4.888775 0.000000
vt -7.369358 5.499871 0.000000
vt -7.369358 4.888775 0.000000
vt -7.862298 5.527422 0.000000
vt -7.862298 4.748896 0.000000
vt -7.862298 16.372453 0.000000
vt -7.369358 15.888518 0.000000
vt -6.876419 15.277421 0.000000
vt -6.383480 14.666324 0.000000
vt -5.890541 14.055227 0.000000
vt -5.397601 13.444130 0.000000
vt -4.904662 12.833033 0.000000
vt -4.411723 12.221937 0.000000
vt -3.918783 11.610840 0.000000
vt -3.428936 10.999743 0.000000
vt -2.939088 10.388646 0.000000
vt -2.449240 9.777549 0.000000
vt -1.959392 9.166452 0.000000
vt -1.469544 8.555356 0.000000
vt -0.979696 7.944259 0.000000
vt -7.862298 15.587639 0.000000
vt -7.369358 15.277421 0.000000
vt -6.876419 14.666324 0.000000
vt -6.383480 14.055227 0.000000
vt -5.890541 13.444130 0.000000
vt -5.397601 12.833033 0.000000
vt -4.904662 12.221937 0.000000
vt -4.411723 11.610840 0.000000
vt -3.918783 10.999743 0.000000
vt -3.428936 10.388646 0.000000
vt -2.939088 9.777549 0.000000
vt -2.449240 9.166452 0.000000
vt -1.959392 8.555356 0.000000
vt -1.469544 7.944259 0.000000
vt -0.979696 7.333162 0.000000
vt -7.862298 14.806202 0.000000
vt -7.369358 14.666324 0.000000
vt -6.876419 14.055227 0.000000
vt -6.383480 13.444130 0.000000
vt -5.890541 12.833033 0.000000
vt -5.397601 12.221937 0.000000
vt -4.904662 11.610840 0.000000
vt -4.411723 10.999743 0.000000
vt -3.918783 10.388646 0.000000
vt -3.428936 9.777549 0.000000
vt -2.939088 9.166452 0.000000
vt -2.449240 8.555356 0.000000
vt -1.959392 7.944259 0.000000
vt -1.469544 7.333162 0.000000
vt -0.979696 6.722065 0.000000
vt -7.862298 14.027677 0.000000
vt -7.369358 14.055227 0.000000
vt -6.876419 13.444130 0.000000
vt -6.383480 12.833033 0.000000
vt -5.890541 12.221937 0.000000
vt -5.397601 11.610840 0.000000
vt -4.904662 10.999743 0.000000
vt -4.411723 10.388646 0.000000
vt -3.918783 9.777549 0.000000
vt -3.428936 9.166452 0.000000
vt -2.939088 8.555356 0.000000
vt -2.449240 7.944259 0.000000
vt -1.959392 7.333162 0.000000
vt -1.469544 6.722065 0.000000
vt -0.979696 6.110968 0.000000
vt -7.369358 13.444130 0.000000
vt -7.862298 13.251603 0.000000
vt -7.369358 12.833033 0.000000
vt -7.862298 12.477527 0.000000
vt -7.369358 12.221937 0.000000
vt -7.862298 11.705001 0.000000
vt -7.369358 11.610840 0.000000
vt -7.862298 10.933579 0.000000
vt -7.369358 10.999743 0.000000
vt -7.369358 10.388646 0.000000
vt -6.876419 10.388646 0.000000
vt -6.876419 9.777549 0.000000
vt -6.383480 9.777549 0.000000
vt -6.383480 9.166452 0.000000
vt -5.890541 9.166452 0.000000
vt -5.890541 8.555356 0.000000
vt -5.397601 8.555356 0.000000
vt -5.397601 7.944259 0.000000
vt -4.904662 7.944259 0.000000
vt -4.904662 7.333162 0.000000
vt -4.411723 7.333162 0.000000
vt -4.411723 6.722065 0.000000
vt -3.918783 6.722065 0.000000
vt -3.918783 6.110968 0.000000
vt -3.428936 6.110968 0.000000
vt -7.862298 10.162819 0.000000
vt -7.369358 9.777549 0.000000
vt -6.876419 9.166452 0.000000
vt -6.383480 8.555356 0.000000
vt -5.890541 7.944259 0.000000
vt -5.397601 7.333162 0.000000
vt -4.904662 6.722065 0.000000
vt -4.411723 6.110968 0.000000
vt -7.862298 9.392279 0.000000
vt -7.369358 9.166452 0.000000
vt -6.876419 8.555356 0.000000
vt -6.383480 7.944259 0.000000
vt -5.890541 7.333162 0.000000
vt -5.397601 6.722065 0.000000
vt -4.904662 6.110968 0.000000
vt -7.862298 8.621519 0.000000
vt -7.369358 8.555356 0.000000
vt -6.876419 7.944259 0.000000
vt -6.383480 7.333162 0.000000
vt -5.890541 6.722065 0.000000
vt -5.397601 6.110968 0.000000
vt -7.369358 7.944259 0.000000
vt -7.862298 7.850098 0.000000
vt -7.369358 7.333162 0.000000
vt -7.862298 7.077572 0.000000
vt -7.369358 6.722065 0.000000
vt -7.862298 6.303496 0.000000
vt -7.369358 6.110968 0.000000
vt -7.369358 4.277678 0.000000
vt -7.862298 3.967459 0.000000
vt -7.369358 3.666581 0.000000
vt -7.862298 3.182645 0.000000
vt -7.369358 3.055484 0.000000
vt -7.862298 2.393981 0.000000
vt -7.369358 2.444387 0.000000
vt -7.369358 1.833290 0.000000
vt -6.876419 1.833290 0.000000
vt -6.876419 1.222194 0.000000
vt -6.383480 1.222194 0.000000
vt -6.383480 0.611097 0.000000
vt -5.890541 0.611097 0.000000
vt -6.286731 0.000000 0.000000
vt -5.500891 0.000000 0.000000
vt -7.862298 1.600982 0.000000
vt -7.369358 1.222194 0.000000
vt -6.876419 0.611097 0.000000
vt -7.862298 0.803157 0.000000
vt -7.369358 0.611097 0.000000
vt -7.073736 0.000000 0.000000
vt -7.862298 0.000000 0.000000
vt -4.715826 0.000000 0.000000
vt -4.904662 0.611097 0.000000
vt -5.397601 0.611097 0.000000
vt -5.890541 1.222194 0.000000
vt -6.383480 1.833290 0.000000
vt -6.876419 2.444387 0.000000
vt -4.411723 0.611097 0.000000
vt -3.931149 0.000000 0.000000
vt -3.918783 0.611097 0.000000
vt -3.428936 0.611097 0.000000
vt -3.918783 1.222194 0.000000
vt -3.428936 1.222194 0.000000
vt -3.918783 1.833290 0.000000
vt -3.428936 1.833290 0.000000
vt -3.918783 2.444387 0.000000
vt -3.428936 2.444387 0.000000
vt -3.918783 3.055484 0.000000
vt -3.428936 3.055484 0.000000
vt -3.918783 3.666581 0.000000
vt -3.428936 3.666581 0.000000
vt -3.918783 4.277678 0.000000
vt -3.428936 4.277678 0.000000
vt -3.146472 0.000000 0.000000
vt -2.939088 0.611097 0.000000
vt -2.939088 1.222194 0.000000
vt -2.939088 1.833290 0.000000
vt -2.939088 2.444387 0.000000
vt -2.939088 3.055484 0.000000
vt -2.939088 3.666581 0.000000
vt -2.939088 4.277678 0.000000
vt -2.361407 0.000000 0.000000
vt -2.449240 0.611097 0.000000
vt -2.449240 1.222194 0.000000
vt -2.449240 1.833290 0.000000
vt -2.449240 2.444387 0.000000
vt -2.449240 3.055484 0.000000
vt -2.449240 3.666581 0.000000
vt -2.449240 4.277678 0.000000
vt -1.959392 0.611097 0.000000
vt -1.575567 0.000000 0.000000
vt -1.469544 0.611097 0.000000
vt -0.979696 0.611097 0.000000
vt -1.469544 1.222194 0.000000
vt -0.979696 1.222194 0.000000
vt -1.469544 1.833290 0.000000
vt -0.979696 1.833290 0.000000
vt -1.469544 2.444387 0.000000
vt -0.979696 2.444387 0.000000
vt -1.469544 3.055484 0.000000
vt -0.979696 3.055484 0.000000
vt -1.469544 3.666581 0.000000
vt -0.979696 3.666581 0.000000
vt -1.469544 4.277678 0.000000
vt -0.979696 4.277678 0.000000
vt -0.788562 0.000000 0.000000
vt -0.489848 0.611097 0.000000
vt -0.489848 1.222194 0.000000
vt -0.489848 1.833290 0.000000
vt -0.489848 2.444387 0.000000
vt -0.489848 3.055484 0.000000
vt -0.489848 3.666581 0.000000
vt -0.489848 4.277678 0.000000
vt -0.000000 0.000000 0.000000
vt -0.000000 0.803157 0.000000
vt -0.000000 1.600982 0.000000
vt -0.000000 2.393981 0.000000
vt -0.000000 3.182645 0.000000
vt -0.000000 3.967459 0.000000
vt -0.000000 4.748896 0.000000
vt -0.489848 9.166452 0.000000
vt -0.000000 9.392279 0.000000
vt -0.489848 9.777549 0.000000
vt -0.000000 10.162819 0.000000
vt -0.489848 10.388646 0.000000
vt -0.000000 10.933579 0.000000
vt -0.489848 10.999743 0.000000
vt -0.489848 11.610840 0.000000
vt -0.979696 11.610840 0.000000
vt -0.979696 12.221937 0.000000
vt -1.469544 12.221937 0.000000
vt -1.469544 12.833033 0.000000
vt -1.959392 12.833033 0.000000
vt -1.959392 13.444130 0.000000
vt -2.449240 13.444130 0.000000
vt -2.449240 14.055227 0.000000
vt -2.939088 14.055227 0.000000
vt -2.939088 14.666324 0.000000
vt -3.428936 14.666324 0.000000
vt -3.428936 15.277421 0.000000
vt -3.918783 15.277421 0.000000
vt -3.918783 15.888518 0.000000
vt -4.411723 15.888518 0.000000
vt -4.411723 16.499614 0.000000
vt -4.904662 16.499614 0.000000
vt -4.904662 17.110711 0.000000
vt -5.397601 17.110711 0.000000
vt -5.397601 17.721808 0.000000
vt -5.890541 17.721808 0.000000
vt -5.890541 18.332905 0.000000
vt -6.383480 18.332905 0.000000
vt -6.383480 18.944002 0.000000
vt -6.876419 18.944002 0.000000
vt -6.286731 19.555099 0.000000
vt -0.000000 11.705001 0.000000
vt -0.489848 12.221937 0.000000
vt -0.979696 12.833033 0.000000
vt -1.469544 13.444130 0.000000
vt -1.959392 14.055227 0.000000
vt -2.449240 14.666324 0.000000
vt -2.939088 15.277421 0.000000
vt -3.428936 15.888518 0.000000
vt -3.918783 16.499614 0.000000
vt -4.411723 17.110711 0.000000
vt -4.904662 17.721808 0.000000
vt -5.397601 18.332905 0.000000
vt -5.890541 18.944002 0.000000
vt -0.000000 12.477527 0.000000
vt -0.489848 12.833033 0.000000
vt -0.979696 13.444130 0.000000
vt -1.469544 14.055227 0.000000
vt -1.959392 14.666324 0.000000
vt -2.449240 15.277421 0.000000
vt -2.939088 15.888518 0.000000
vt -3.428936 16.499614 0.000000
vt -3.918783 17.110711 0.000000
vt -4.411723 17.721808 0.000000
vt -4.904662 18.332905 0.000000
vt -5.397601 18.944002 0.000000
vt -5.500891 19.555099 0.000000
vt -0.000000 13.251603 0.000000
vt -0.489848 13.444130 0.000000
vt -0.979696 14.055227 0.000000
vt -1.469544 14.666324 0.000000
vt -1.959392 15.277421 0.000000
vt -2.449240 15.888518 0.000000
vt -2.939088 16.499614 0.000000
vt -3.428936 17.110711 0.000000
vt -3.918783 17.721808 0.000000
vt -4.411723 18.332905 0.000000
vt -4.904662 18.944002 0.000000
vt -0.000000 14.027677 0.000000
vt -0.489848 14.055227 0.000000
vt -0.979696 14.666324 0.000000
vt -1.469544 15.277421 0.000000
vt -1.959392 15.888518 0.000000
vt -2.449240 16.499614 0.000000
vt -2.939088 17.110711 0.000000
vt -3.428936 17.721808 0.000000
vt -3.918783 18.332905 0.000000
vt -4.411723 18.944002 0.000000
vt -4.715826 19.555099 0.000000
vt -0.489848 14.666324 0.000000
vt -0.000000 14.806202 0.000000
vt -0.489848 15.277421 0.000000
vt -0.000000 15.587639 0.000000
vt -0.489848 15.888518 0.000000
vt -0.000000 16.372453 0.000000
vt -0.489848 16.499614 0.000000
vt -0.000000 17.161118 0.000000
vt -0.489848 17.110711 0.000000
vt -0.489848 17.721808 0.000000
vt -0.979696 17.721808 0.000000
vt -0.979696 18.332905 0.000000
vt -1.469544 18.332905 0.000000
vt -1.469544 18.944002 0.000000
vt -1.959392 18.944002 0.000000
vt -1.575567 19.555099 0.000000
vt -2.361407 19.555099 0.000000
vt -0.000000 17.954116 0.000000
vt -0.489848 18.332905 0.000000
vt -0.979696 18.944002 0.000000
vt -0.000000 18.751942 0.000000
vt -0.489848 18.944002 0.000000
vt -0.788562 19.555099 0.000000
vt -0.000000 19.555099 0.000000
vt -3.146472 19.555099 0.000000
vt -2.939088 18.944002 0.000000
vt -2.449240 18.944002 0.000000
vt -1.959392 18.332905 0.000000
vt -1.469544 17.721808 0.000000
vt -0.979696 17.110711 0.000000
vt -3.428936 18.944002 0.000000
vt -3.931149 19.555099 0.000000
vt -3.918783 18.944002 0.000000
vt -6.876419 18.332905 0.000000
vt -6.876419 17.721808 0.000000
vt -6.876419 17.110711 0.000000
vt -3.428936 18.332905 0.000000
vt -2.939088 18.332905 0.000000
vt -2.939088 17.721808 0.000000
vt -2.449240 18.332905 0.000000
vt -2.449240 17.721808 0.000000
vt -2.449240 17.110711 0.000000
vt -6.383480 17.721808 0.000000
vt -5.890541 17.110711 0.000000
vt -5.397601 16.499614 0.000000
vt -4.904662 15.888518 0.000000
vt -4.411723 15.277421 0.000000
vt -3.918783 14.666324 0.000000
vt -3.428936 14.055227 0.000000
vt -2.939088 13.444130 0.000000
vt -2.449240 12.833033 0.000000
vt -1.959392 12.221937 0.000000
vt -1.469544 11.610840 0.000000
vt -0.979696 10.999743 0.000000
vt -1.959392 17.721808 0.000000
vt -1.469544 17.110711 0.000000
vt -0.979696 16.499614 0.000000
vt -6.383480 17.110711 0.000000
vt -6.383480 16.499614 0.000000
vt -1.959392 17.110711 0.000000
vt -1.959392 16.499614 0.000000
vt -5.890541 16.499614 0.000000
vt -5.397601 15.888518 0.000000
vt -4.904662 15.277421 0.000000
vt -4.411723 14.666324 0.000000
vt -3.918783 14.055227 0.000000
vt -3.428936 13.444130 0.000000
vt -2.939088 12.833033 0.000000
vt -2.449240 12.221937 0.000000
vt -1.959392 11.610840 0.000000
vt -1.469544 10.999743 0.000000
vt -0.979696 10.388646 0.000000
vt -1.469544 16.499614 0.000000
vt -0.979696 15.888518 0.000000
vt -5.890541 15.888518 0.000000
vt -5.397601 15.277421 0.000000
vt -4.904662 14.666324 0.000000
vt -4.411723 14.055227 0.000000
vt -3.918783 13.444130 0.000000
vt -3.428936 12.833033 0.000000
vt -2.939088 12.221937 0.000000
vt -2.449240 11.610840 0.000000
vt -1.959392 10.999743 0.000000
vt -1.469544 10.388646 0.000000
vt -0.979696 9.777549 0.000000
vt -1.469544 15.888518 0.000000
vt -0.979696 15.277421 0.000000
vt -6.876419 12.833033 0.000000
vt -6.383480 12.221937 0.000000
vt -5.890541 11.610840 0.000000
vt -5.397601 10.999743 0.000000
vt -4.904662 10.388646 0.000000
vt -4.411723 9.777549 0.000000
vt -3.918783 9.166452 0.000000
vt -3.428936 8.555356 0.000000
vt -2.939088 7.944259 0.000000
vt -2.449240 7.333162 0.000000
vt -1.959392 6.722065 0.000000
vt -1.469544 6.110968 0.000000
vt -6.876419 12.221937 0.000000
vt -6.383480 11.610840 0.000000
vt -5.890541 10.999743 0.000000
vt -5.397601 10.388646 0.000000
vt -4.904662 9.777549 0.000000
vt -4.411723 9.166452 0.000000
vt -3.918783 8.555356 0.000000
vt -3.428936 7.944259 0.000000
vt -2.939088 7.333162 0.000000
vt -2.449240 6.722065 0.000000
vt -1.959392 6.110968 0.000000
vt -6.876419 11.610840 0.000000
vt -6.383480 10.999743 0.000000
vt -5.890541 10.388646 0.000000
vt -5.397601 9.777549 0.000000
vt -4.904662 9.166452 0.000000
vt -4.411723 8.555356 0.000000
vt -3.918783 7.944259 0.000000
vt -3.428936 7.333162 0.000000
vt -2.939088 6.722065 0.000000
vt -2.449240 6.110968 0.000000
vt -6.876419 10.999743 0.000000
vt -6.383480 10.388646 0.000000
vt -5.890541 9.777549 0.000000
vt -5.397601 9.166452 0.000000
vt -4.904662 8.555356 0.000000
vt -4.411723 7.944259 0.000000
vt -3.918783 7.333162 0.000000
vt -3.428936 6.722065 0.000000
vt -2.939088 6.110968 0.000000
vt -6.876419 7.333162 0.000000
vt -6.383480 6.722065 0.000000
vt -5.890541 6.110968 0.000000
vt -6.876419 6.722065 0.000000
vt -6.876419 6.110968 0.000000
vt -6.383480 6.110968 0.000000
vt -6.876419 4.277678 0.000000
vt -6.876419 3.666581 0.000000
vt -6.876419 3.055484 0.000000
vt -6.383480 4.277678 0.000000
vt -6.383480 3.666581 0.000000
vt -6.383480 3.055484 0.000000
vt -6.383480 2.444387 0.000000
vt -5.890541 4.277678 0.000000
vt -5.890541 3.666581 0.000000
vt -5.890541 3.055484 0.000000
vt -5.890541 2.444387 0.000000
vt -5.890541 1.833290 0.000000
vt -5.397601 4.277678 0.000000
vt -5.397601 3.666581 0.000000
vt -5.397601 3.055484 0.000000
vt -5.397601 2.444387 0.000000
vt -5.397601 1.833290 0.000000
vt -5.397601 1.222194 0.000000
vt -4.904662 4.277678 0.000000
vt -4.904662 3.666581 0.000000
vt -4.904662 3.055484 0.000000
vt -4.904662 2.444387 0.000000
vt -4.904662 1.833290 0.000000
vt -4.904662 1.222194 0.000000
vt -4.411723 4.277678 0.000000
vt -4.411723 3.666581 0.000000
vt -4.411723 3.055484 0.000000
vt -4.411723 2.444387 0.000000
vt -4.411723 1.833290 0.000000
vt -4.411723 1.222194 0.000000
vt -1.959392 4.277678 0.000000
vt -1.959392 3.666581 0.000000
vt -1.959392 3.055484 0.000000
vt -1.959392 2.444387 0.000000
vt -1.959392 1.833290 0.000000
vt -1.959392 1.222194 0.000000
vt 0.000000 0.797474 0.000000
vt 0.000000 0.000000 0.000000
vt 0.489944 0.606773 0.000000
vt 0.788802 0.000000 0.000000
vt 0.979889 0.606773 0.000000
vt 1.576026 0.000000 0.000000
vt 1.469833 0.606773 0.000000
vt 1.959777 0.606773 0.000000
vt 1.469833 1.213545 0.000000
vt 1.959777 1.213545 0.000000
vt 1.469833 1.820318 0.000000
vt 1.959777 1.820318 0.000000
vt 1.469833 2.427090 0.000000
vt 1.959777 2.427090 0.000000
vt 1.469833 3.033863 0.000000
vt 1.959777 3.033863 0.000000
vt 1.469833 3.640635 0.000000
vt 1.959777 3.640635 0.000000
vt 1.469833 4.247408 0.000000
vt 1.959777 4.247408 0.000000
vt 1.469833 4.854180 0.000000
vt 1.959777 4.854180 0.000000
vt 1.469833 5.460953 0.000000
vt 1.959777 5.460953 0.000000
vt 1.469833 6.067726 0.000000
vt 1.959777 6.067726 0.000000
vt 1.469833 6.674498 0.000000
vt 1.959777 6.674498 0.000000
vt 1.469833 7.281271 0.000000
vt 1.959777 7.281271 0.000000
vt 1.469833 7.888043 0.000000
vt 1.959777 7.888043 0.000000
vt 1.469833 8.494816 0.000000
vt 1.959777 8.494816 0.000000
vt 1.469833 9.101588 0.000000
vt 1.959777 9.101588 0.000000
vt 1.469833 9.708361 0.000000
vt 1.959777 9.708361 0.000000
vt 1.469833 10.315133 0.000000
vt 1.959777 10.315133 0.000000
vt 1.469833 10.921906 0.000000
vt 1.959777 10.921906 0.000000
vt 1.469833 11.528678 0.000000
vt 1.959777 11.528678 0.000000
vt 1.469833 12.135451 0.000000
vt 1.959777 12.135451 0.000000
vt 1.469833 12.742224 0.000000
vt 1.959777 12.742224 0.000000
vt 1.469833 13.348996 0.000000
vt 1.959777 13.348996 0.000000
vt 1.469833 13.955769 0.000000
vt 1.959777 13.955769 0.000000
vt 1.469833 14.562541 0.000000
vt 1.959777 14.562541 0.000000
vt 1.469833 15.169314 0.000000
vt 1.959777 15.169314 0.000000
vt 1.469833 15.776086 0.000000
vt 1.959777 15.776086 0.000000
vt 1.469833 16.382859 0.000000
vt 1.959777 16.382859 0.000000
vt 1.469833 16.989631 0.000000
vt 1.959777 16.989631 0.000000
vt 1.469833 17.596404 0.000000
vt 1.959777 17.596404 0.000000
vt 1.469833 18.203177 0.000000
vt 1.959777 18.203177 0.000000
vt 1.469833 18.809949 0.000000
vt 1.959777 18.809949 0.000000
vt 1.576026 19.416722 0.000000
vt 2.362068 19.416722 0.000000
vt 2.449721 18.809949 0.000000
vt 2.939666 18.809949 0.000000
vt 2.939666 18.203177 0.000000
vt 3.429610 18.203177 0.000000
vt 3.429610 17.596404 0.000000
vt 3.919554 17.596404 0.000000
vt 3.919554 16.989631 0.000000
vt 4.412657 16.989631 0.000000
vt 4.412657 16.382859 0.000000
vt 4.905760 16.382859 0.000000
vt 4.905760 15.776086 0.000000
vt 5.398863 15.776086 0.000000
vt 5.398863 15.169314 0.000000
vt 5.891966 15.169314 0.000000
vt 5.891966 14.562541 0.000000
vt 6.385069 14.562541 0.000000
vt 6.385069 13.955769 0.000000
vt 6.878172 13.955769 0.000000
vt 6.878172 13.348996 0.000000
vt 7.371275 13.348996 0.000000
vt 7.371275 12.742224 0.000000
vt 7.864377 13.157831 0.000000
vt 7.864377 12.389233 0.000000
vt 7.371275 12.135451 0.000000
vt 7.864377 11.622173 0.000000
vt 7.371275 11.528678 0.000000
vt 7.864377 10.856210 0.000000
vt 7.371275 10.921906 0.000000
vt 7.371275 10.315133 0.000000
vt 6.878172 10.921906 0.000000
vt 6.878172 10.315133 0.000000
vt 6.385069 10.921906 0.000000
vt 6.385069 10.315133 0.000000
vt 5.891966 10.921906 0.000000
vt 5.891966 10.315133 0.000000
vt 5.398863 10.921906 0.000000
vt 5.398863 10.315133 0.000000
vt 4.905760 10.921906 0.000000
vt 4.905760 10.315133 0.000000
vt 4.412657 10.921906 0.000000
vt 4.412657 10.315133 0.000000
vt 3.919554 10.921906 0.000000
vt 3.919554 10.315133 0.000000
vt 3.429610 10.921906 0.000000
vt 3.429610 10.315133 0.000000
vt 2.939666 10.921906 0.000000
vt 2.939666 10.315133 0.000000
vt 2.449721 10.921906 0.000000
vt 2.449721 10.315133 0.000000
vt 2.362068 0.000000 0.000000
vt 2.449721 0.606773 0.000000
vt 2.449721 1.213545 0.000000
vt 2.449721 1.820318 0.000000
vt 2.449721 2.427090 0.000000
vt 2.449721 3.033863 0.000000
vt 2.449721 3.640635 0.000000
vt 2.449721 4.247408 0.000000
vt 2.449721 4.854180 0.000000
vt 2.449721 5.460953 0.000000
vt 2.449721 6.067726 0.000000
vt 2.449721 6.674498 0.000000
vt 2.449721 7.281271 0.000000
vt 2.449721 7.888043 0.000000
vt 2.449721 8.494816 0.000000
vt 2.449721 9.101588 0.000000
vt 2.449721 9.708361 0.000000
vt 2.939666 0.606773 0.000000
vt 3.147325 0.000000 0.000000
vt 3.429610 0.606773 0.000000
vt 3.932189 0.000000 0.000000
vt 3.919554 0.606773 0.000000
vt 4.412657 0.606773 0.000000
vt 3.919554 1.213545 0.000000
vt 4.412657 1.213545 0.000000
vt 3.919554 1.820318 0.000000
vt 4.412657 1.820318 0.000000
vt 3.919554 2.427090 0.000000
vt 4.412657 2.427090 0.000000
vt 3.919554 3.033863 0.000000
vt 4.412657 3.033863 0.000000
vt 3.919554 3.640635 0.000000
vt 4.412657 3.640635 0.000000
vt 3.919554 4.247408 0.000000
vt 4.412657 4.247408 0.000000
vt 3.919554 4.854180 0.000000
vt 4.412657 4.854180 0.000000
vt 3.919554 5.460953 0.000000
vt 4.412657 5.460953 0.000000
vt 3.919554 6.067726 0.000000
vt 4.412657 6.067726 0.000000
vt 3.919554 6.674498 0.000000
vt 4.412657 6.674498 0.000000
vt 3.919554 7.281271 0.000000
vt 4.412657 7.281271 0.000000
vt 3.919554 7.888043 0.000000
vt 4.412657 7.888043 0.000000
vt 3.919554 8.494816 0.000000
vt 4.412657 8.494816 0.000000
vt 3.919554 9.101588 0.000000
vt 4.412657 9.101588 0.000000
vt 3.919554 9.708361 0.000000
vt 4.412657 9.708361 0.000000
vt 4.717053 0.000000 0.000000
vt 4.905760 0.606773 0.000000
vt 4.905760 1.213545 0.000000
vt 4.905760 1.820318 0.000000
vt 4.905760 2.427090 0.000000
vt 4.905760 3.033863 0.000000
vt 4.905760 3.640635 0.000000
vt 4.905760 4.247408 0.000000
vt 4.905760 4.854180 0.000000
vt 4.905760 5.460953 0.000000
vt 4.905760 6.067726 0.000000
vt 4.905760 6.674498 0.000000
vt 4.905760 7.281271 0.000000
vt 4.905760 7.888043 0.000000
vt 4.905760 8.494816 0.000000
vt 4.905760 9.101588 0.000000
vt 4.905760 9.708361 0.000000
vt 5.502309 0.000000 0.000000
vt 5.398863 0.606773 0.000000
vt 5.398863 1.213545 0.000000
vt 5.398863 1.820318 0.000000
vt 5.398863 2.427090 0.000000
vt 5.398863 3.033863 0.000000
vt 5.398863 3.640635 0.000000
vt 5.398863 4.247408 0.000000
vt 5.398863 4.854180 0.000000
vt 5.398863 5.460953 0.000000
vt 5.398863 6.067726 0.000000
vt 5.398863 6.674498 0.000000
vt 5.398863 7.281271 0.000000
vt 5.398863 7.888043 0.000000
vt 5.398863 8.494816 0.000000
vt 5.398863 9.101588 0.000000
vt 5.398863 9.708361 0.000000
vt 5.891966 0.606773 0.000000
vt 6.288352 0.000000 0.000000
vt 6.385069 0.606773 0.000000
vt 6.878172 0.606773 0.000000
vt 6.385069 1.213545 0.000000
vt 6.878172 1.213545 0.000000
vt 6.385069 1.820318 0.000000
vt 6.878172 1.820318 0.000000
vt 6.385069 2.427090 0.000000
vt 6.878172 2.427090 0.000000
vt 6.385069 3.033863 0.000000
vt 6.878172 3.033863 0.000000
vt 6.385069 3.640635 0.000000
vt 6.878172 3.640635 0.000000
vt 6.385069 4.247408 0.000000
vt 6.878172 4.247408 0.000000
vt 6.385069 4.854180 0.000000
vt 6.878172 4.854180 0.000000
vt 6.385069 5.460953 0.000000
vt 6.878172 5.460953 0.000000
vt 6.385069 6.067726 0.000000
vt 6.878172 6.067726 0.000000
vt 6.385069 6.674498 0.000000
vt 6.878172 6.674498 0.000000
vt 6.385069 7.281271 0.000000
vt 6.878172 7.281271 0.000000
vt 6.385069 7.888043 0.000000
vt 6.878172 7.888043 0.000000
vt 6.385069 8.494816 0.000000
vt 6.878172 8.494816 0.000000
vt 6.385069 9.101588 0.000000
vt 6.878172 9.101588 0.000000
vt 6.385069 9.708361 0.000000
vt 6.878172 9.708361 0.000000
vt 7.075576 0.000000 0.000000
vt 7.371275 0.606773 0.000000
vt 7.371275 1.213545 0.000000
vt 7.371275 1.820318 0.000000
vt 7.371275 2.427090 0.000000
vt 7.371275 3.033863 0.000000
vt 7.371275 3.640635 0.000000
vt 7.371275 4.247408 0.000000
vt 7.371275 4.854180 0.000000
vt 7.371275 5.460953 0.000000
vt 7.371275 6.067726 0.000000
vt 7.371275 6.674498 0.000000
vt 7.371275 7.281271 0.000000
vt 7.371275 7.888043 0.000000
vt 7.371275 8.494816 0.000000
vt 7.371275 9.101588 0.000000
vt 7.371275 9.708361 0.000000
vt 7.864377 0.000000 0.000000
vt 7.864377 0.797474 0.000000
vt 7.864377 1.589653 0.000000
vt 7.864377 2.377040 0.000000
vt 7.864377 3.160124 0.000000
vt 7.864377 3.939385 0.000000
vt 7.864377 4.715292 0.000000
vt 7.864377 5.488309 0.000000
vt 7.864377 6.258891 0.000000
vt 7.864377 7.027489 0.000000
vt 7.864377 7.794548 0.000000
vt 7.864377 8.560511 0.000000
vt 7.864377 9.325817 0.000000
vt 7.864377 10.090904 0.000000
vt 7.864377 13.928413 0.000000
vt 7.371275 13.955769 0.000000
vt 6.878172 14.562541 0.000000
vt 6.385069 15.169314 0.000000
vt 5.891966 15.776086 0.000000
vt 5.398863 16.382859 0.000000
vt 4.905760 16.989631 0.000000
vt 4.412657 17.596404 0.000000
vt 3.919554 18.203177 0.000000
vt 3.429610 18.809949 0.000000
vt 3.147325 19.416722 0.000000
vt 7.371275 14.562541 0.000000
vt 7.864377 14.701430 0.000000
vt 7.371275 15.169314 0.000000
vt 7.864377 15.477337 0.000000
vt 7.371275 15.776086 0.000000
vt 7.864377 16.256597 0.000000
vt 7.371275 16.382859 0.000000
vt 7.864377 17.039681 0.000000
vt 7.371275 16.989631 0.000000
vt 7.371275 17.596404 0.000000
vt 6.878172 17.596404 0.000000
vt 6.878172 18.203177 0.000000
vt 6.385069 18.203177 0.000000
vt 6.385069 18.809949 0.000000
vt 5.891966 18.809949 0.000000
vt 6.288352 19.416722 0.000000
vt 5.502309 19.416722 0.000000
vt 7.864377 17.827068 0.000000
vt 7.371275 18.203177 0.000000
vt 6.878172 18.809949 0.000000
vt 7.864377 18.619248 0.000000
vt 7.371275 18.809949 0.000000
vt 7.075576 19.416722 0.000000
vt 7.864377 19.416722 0.000000
vt 4.717053 19.416722 0.000000
vt 4.905760 18.809949 0.000000
vt 5.398863 18.809949 0.000000
vt 5.891966 18.203177 0.000000
vt 6.385069 17.596404 0.000000
vt 6.878172 16.989631 0.000000
vt 4.412657 18.809949 0.000000
vt 3.932189 19.416722 0.000000
vt 3.919554 18.809949 0.000000
vt 0.979889 18.809949 0.000000
vt 0.788802 19.416722 0.000000
vt 0.489944 18.809949 0.000000
vt 0.000000 19.416722 0.000000
vt 0.000000 18.619248 0.000000
vt 0.489944 18.203177 0.000000
vt 0.000000 17.827068 0.000000
vt 0.489944 17.596404 0.000000
vt 0.000000 17.039681 0.000000
vt 0.489944 16.989631 0.000000
vt 0.489944 16.382859 0.000000
vt 0.979889 16.382859 0.000000
vt 0.979889 15.776086 0.000000
vt 0.000000 16.256597 0.000000
vt 0.489944 15.776086 0.000000
vt 0.979889 15.169314 0.000000
vt 0.000000 15.477337 0.000000
vt 0.489944 15.169314 0.000000
vt 0.979889 14.562541 0.000000
vt 0.000000 14.701430 0.000000
vt 0.489944 14.562541 0.000000
vt 0.979889 13.955769 0.000000
vt 0.000000 13.928413 0.000000
vt 0.489944 13.955769 0.000000
vt 0.979889 13.348996 0.000000
vt 0.489944 13.348996 0.000000
vt 0.000000 13.157831 0.000000
vt 0.489944 12.742224 0.000000
vt 0.000000 12.389233 0.000000
vt 0.489944 12.135451 0.000000
vt 0.000000 11.622173 0.000000
vt 0.489944 11.528678 0.000000
vt 0.000000 10.856210 0.000000
vt 0.489944 10.921906 0.000000
vt 0.489944 10.315133 0.000000
vt 0.979889 10.315133 0.000000
vt 0.979889 9.708361 0.000000
vt 0.000000 10.090904 0.000000
vt 0.489944 9.708361 0.000000
vt 0.979889 9.101588 0.000000
vt 0.000000 9.325817 0.000000
vt 0.489944 9.101588 0.000000
vt 0.979889 8.494816 0.000000
vt 0.000000 8.560511 0.000000
vt 0.489944 8.494816 0.000000
vt 0.979889 7.888043 0.000000
vt 0.489944 7.888043 0.000000
vt 0.000000 7.794548 0.000000
vt 0.489944 7.281271 0.000000
vt 0.000000 7.027489 0.000000
vt 0.489944 6.674498 0.000000
vt 0.000000 6.258891 0.000000
vt 0.489944 6.067726 0.000000
vt 0.000000 5.488309 0.000000
vt 0.489944 5.460953 0.000000
vt 0.489944 4.854180 0.000000
vt 0.979889 4.854180 0.000000
vt 0.979889 4.247408 0.000000
vt 0.000000 4.715292 0.000000
vt 0.489944 4.247408 0.000000
vt 0.979889 3.640635 0.000000
vt 0.000000 3.939385 0.000000
vt 0.489944 3.640635 0.000000
vt 0.979889 3.033863 0.000000
vt 0.000000 3.160124 0.000000
vt 0.489944 3.033863 0.000000
vt 0.979889 2.427090 0.000000
vt 0.000000 2.377040 0.000000
vt 0.489944 2.427090 0.000000
vt 0.979889 1.820318 0.000000
vt 0.489944 1.820318 0.000000
vt 0.000000 1.589653 0.000000
vt 0.489944 1.213545 0.000000
vt 5.891966 1.213545 0.000000
vt 5.891966 1.820318 0.000000
vt 5.891966 2.427090 0.000000
vt 5.891966 3.033863 0.000000
vt 5.891966 3.640635 0.000000
vt 5.891966 4.247408 0.000000
vt 5.891966 4.854180 0.000000
vt 5.891966 5.460953 0.000000
vt 5.891966 6.067726 0.000000
vt 5.891966 6.674498 0.000000
vt 5.891966 7.281271 0.000000
vt 5.891966 7.888043 0.000000
vt 5.891966 8.494816 0.000000
vt 5.891966 9.101588 0.000000
vt 5.891966 9.708361 0.000000
vt 3.429610 1.213545 0.000000
vt 3.429610 1.820318 0.000000
vt 3.429610 2.427090 0.000000
vt 3.429610 3.033863 0.000000
vt 3.429610 3.640635 0.000000
vt 3.429610 4.247408 0.000000
vt 3.429610 4.854180 0.000000
vt 3.429610 5.460953 0.000000
vt 3.429610 6.067726 0.000000
vt 3.429610 6.674498 0.000000
vt 3.429610 7.281271 0.000000
vt 3.429610 7.888043 0.000000
vt 3.429610 8.494816 0.000000
vt 3.429610 9.101588 0.000000
vt 3.429610 9.708361 0.000000
vt 2.939666 1.213545 0.000000
vt 2.939666 1.820318 0.000000
vt 2.939666 2.427090 0.000000
vt 2.939666 3.033863 0.000000
vt 2.939666 3.640635 0.000000
vt 2.939666 4.247408 0.000000
vt 2.939666 4.854180 0.000000
vt 2.939666 5.460953 0.000000
vt 2.939666 6.067726 0.000000
vt 2.939666 6.674498 0.000000
vt 2.939666 7.281271 0.000000
vt 2.939666 7.888043 0.000000
vt 2.939666 8.494816 0.000000
vt 2.939666 9.101588 0.000000
vt 2.939666 9.708361 0.000000
vt 0.979889 1.213545 0.000000
vt 0.979889 5.460953 0.000000
vt 0.979889 6.067726 0.000000
vt 0.979889 6.674498 0.000000
vt 0.979889 7.281271 0.000000
vt 0.979889 10.921906 0.000000
vt 0.979889 11.528678 0.000000
vt 0.979889 12.135451 0.000000
vt 0.979889 12.742224 0.000000
vt 6.878172 11.528678 0.000000
vt 6.878172 12.135451 0.000000
vt 6.878172 12.742224 0.000000
vt 6.385069 11.528678 0.000000
vt 6.385069 12.135451 0.000000
vt 6.385069 12.742224 0.000000
vt 6.385069 13.348996 0.000000
vt 5.891966 11.528678 0.000000
vt 5.891966 12.135451 0.000000
vt 5.891966 12.742224 0.000000
vt 5.891966 13.348996 0.000000
vt 5.891966 13.955769 0.000000
vt 5.398863 11.528678 0.000000
vt 5.398863 12.135451 0.000000
vt 5.398863 12.742224 0.000000
vt 5.398863 13.348996 0.000000
vt 5.398863 13.955769 0.000000
vt 5.398863 14.562541 0.000000
vt 4.905760 11.528678 0.000000
vt 4.905760 12.135451 0.000000
vt 4.905760 12.742224 0.000000
vt 4.905760 13.348996 0.000000
vt 4.905760 13.955769 0.000000
vt 4.905760 14.562541 0.000000
vt 4.905760 15.169314 0.000000
vt 4.412657 11.528678 0.000000
vt 4.412657 12.135451 0.000000
vt 4.412657 12.742224 0.000000
vt 4.412657 13.348996 0.000000
vt 4.412657 13.955769 0.000000
vt 4.412657 14.562541 0.000000
vt 4.412657 15.169314 0.000000
vt 4.412657 15.776086 0.000000
vt 3.919554 11.528678 0.000000
vt 3.919554 12.135451 0.000000
vt 3.919554 12.742224 0.000000
vt 3.919554 13.348996 0.000000
vt 3.919554 13.955769 0.000000
vt 3.919554 14.562541 0.000000
vt 3.919554 15.169314 0.000000
vt 3.919554 15.776086 0.000000
vt 3.919554 16.382859 0.000000
vt 3.429610 11.528678 0.000000
vt 3.429610 12.135451 0.000000
vt 3.429610 12.742224 0.000000
vt 3.429610 13.348996 0.000000
vt 3.429610 13.955769 0.000000
vt 3.429610 14.562541 0.000000
vt 3.429610 15.169314 0.000000
vt 3.429610 15.776086 0.000000
vt 3.429610 16.382859 0.000000
vt 3.429610 16.989631 0.000000
vt 2.939666 11.528678 0.000000
vt 2.939666 12.135451 0.000000
vt 2.939666 12.742224 0.000000
vt 2.939666 13.348996 0.000000
vt 2.939666 13.955769 0.000000
vt 2.939666 14.562541 0.000000
vt 2.939666 15.169314 0.000000
vt 2.939666 15.776086 0.000000
vt 2.939666 16.382859 0.000000
vt 2.939666 16.989631 0.000000
vt 2.939666 17.596404 0.000000
vt 2.449721 11.528678 0.000000
vt 2.449721 12.135451 0.000000
vt 2.449721 12.742224 0.000000
vt 2.449721 13.348996 0.000000
vt 2.449721 13.955769 0.000000
vt 2.449721 14.562541 0.000000
vt 2.449721 15.169314 0.000000
vt 2.449721 15.776086 0.000000
vt 2.449721 16.382859 0.000000
vt 2.449721 16.989631 0.000000
vt 2.449721 17.596404 0.000000
vt 2.449721 18.203177 0.000000
vt 6.878172 15.169314 0.000000
vt 6.385069 15.776086 0.000000
vt 5.891966 16.382859 0.000000
vt 5.398863 16.989631 0.000000
vt 4.905760 17.596404 0.000000
vt 4.412657 18.203177 0.000000
vt 6.878172 15.776086 0.000000
vt 6.878172 16.382859 0.000000
vt 6.385069 16.382859 0.000000
vt 5.891966 16.989631 0.000000
vt 5.398863 17.596404 0.000000
vt 4.905760 18.203177 0.000000
vt 6.385069 16.989631 0.000000
vt 0.979889 16.989631 0.000000
vt 0.979889 17.596404 0.000000
vt 0.979889 18.203177 0.000000
vt 5.891966 17.596404 0.000000
vt 5.398863 18.203177 0.000000
vt -16.909497 0.000000 0.000000
vt -17.076623 0.000000 0.000000
vt -17.143918 -0.744782 0.000000
vt -17.309606 -0.745117 0.000000
vt -17.356433 -1.497202 0.000000
vt -17.520808 -1.497772 0.000000
vt -17.546830 -2.256508 0.000000
vt -17.710022 -2.257221 0.000000
vt -17.714918 -3.021940 0.000000
vt -17.877061 -3.022714 0.000000
vt -17.860529 -3.792734 0.000000
vt -18.021759 -3.793498 0.000000
vt -17.983517 -4.568118 0.000000
vt -18.143975 -4.568811 0.000000
vt -18.083761 -5.347318 0.000000
vt -18.243587 -5.347887 0.000000
vt -18.161158 -6.129553 0.000000
vt -18.320497 -6.129959 0.000000
vt -18.215633 -6.914042 0.000000
vt -18.374629 -6.914255 0.000000
vt -18.247129 -7.700000 0.000000
vt -18.405930 -7.700000 0.000000
vn 0.000000 1.000000 0.000000
vn 0.000000 1.000000 0.000000
vn 0.000000 1.000000 0.000000
vn 0.000000 1.000000 0.000000
vn 0.000000 1.000000 0.000000
vn 0.000000 1.000000 0.000000
vn 0.000000 1.000000 0.000000
vn 0.000000 1.000000 0.000000
vn 0.000000 1.000000 0.000000
vn 0.000000 1.000000 0.000000
vn 0.000000 1.000000 0.000000
vn 0.000000 1.000000 0.000000
vn 0.000000 1.000000 0.000000
vn 0.000000 1.000000 0.000000
vn 0.000000 1.000000 0.000000
vn 0.000000 1.000000 0.000000
vn 0.000000 1.000000 0.000000
vn 0.000000 1.000000 0.000000
vn 0.000000 1.000000 0.000000
vn 0.000000 1.000000 0.000000
vn 0.000000 1.000000 0.000000
vn 0.000000 1.000000 0.000000
vn 0.000000 1.000000 0.000000
vn 0.000000 1.000000 0.000000
vn 0.000000 1.000000 0.000000
vn 0.000000 1.000000 0.000000
vn 0.000000 1.000000 0.000000
vn 0.000000 1.000000 0.000000
vn 0.000000 1.000000 0.000000
vn 0.000000 1.000000 0.000000
vn 0.000000 1.000000 0.000000
vn 0.000000 1.000000 0.000000
vn 0.000000 1.000000 0.000000
vn 0.000000 1.000000 0.000000
vn 0.000000 1.000000 0.000000
vn 0.000000 1.000000 0.000000
vn 0.000000 1.000000 0.000000
vn 0.000000 1.000000 0.000000
vn 0.000000 1.000000 0.000000
vn 0.000000 1.000000 0.000000
vn 0.000000 1.000000 0.000000
vn 0.000000 1.000000 0.000000
vn 0.000000 1.000000 0.000000
vn 0.000000 1.000000 0.000000
vn 0.000000 1.000000 0.000000
vn 0.000000 1.000000 0.000000
vn 0.000000 1.000000 0.000000
vn 0.000000 1.000000 0.000000
vn 0.000000 1.000000 0.000000
vn 0.000000 1.000000 0.000000
vn 0.000000 1.000000 0.000000
vn 0.000000 1.000000 0.000000
vn 0.000000 -1.000000 0.000000
vn 0.000000 -1.000000 0.000000
vn 0.000000 -1.000000 0.000000
vn 0.000000 -1.000000 0.000000
vn 0.000000 -1.000000 0.000000
vn 0.000000 -1.000000 0.000000
vn 0.000000 -1.000000 0.000000
vn 0.000000 -1.000000 0.000000
vn 0.000000 -1.000000 0.000000
vn 0.000000 -1.000000 0.000000
vn 0.000000 -1.000000 0.000000
vn 0.000000 -1.000000 0.000000
vn 0.000000 -1.000000 0.000000
vn 0.000000 -1.000000 0.000000
vn 0.000000 -1.000000 0.000000
vn 0.000000 -1.000000 0.000000
vn 0.000000 -1.000000 0.000000
vn 0.000000 -1.000000 0.000000
vn 0.000000 -1.000000 0.000000
vn 0.000000 -1.000000 0.000000
vn 0.000000 -1.000000 0.000000
vn 0.000000 -1.000000 0.000000
vn 0.000000 -1.000000 0.000000
vn 0.000000 -1.000000 0.000000
vn 0.000000 -1.000000 0.000000
vn 0.000000 -1.000000 0.000000
vn 0.000000 -1.000000 0.000000
vn 0.000000 -1.000000 0.000000
vn 0.000000 -1.000000 0.000000
vn 0.000000 -1.000000 0.000000
vn 0.000000 -1.000000 0.000000
vn 0.000000 -1.000000 0.000000
vn 0.000000 -1.000000 0.000000
vn 0.000000 -1.000000 0.000000
vn 0.000000 -1.000000 0.000000
vn 0.000000 -1.000000 0.000000
vn 0.000000 -1.000000 0.000000
vn 0.000000 -1.000000 0.000000
vn 0.000000 -1.000000 0.000000
vn 0.000000 -1.000000 0.000000
vn 0.000000 -1.000000 0.000000
vn 0.000000 -1.000000 0.000000
vn 0.000000 -1.000000 0.000000
vn 0.000000 -1.000000 0.000000
vn 0.000000 -1.000000 0.000000
vn 0.000000 -1.000000 0.000000
vn 0.000000 -1.000000 0.000000
vn 0.000000 -1.000000 0.000000
vn 0.000000 -1.000000 0.000000
vn 0.000000 -1.000000 0.000000
vn 0.000000 -1.000000 0.000000
vn 0.000000 -1.000000 0.000000
vn 0.999781 0.000000 0.020942
vn 0.999781 0.000000 0.020942
vn 0.999781 0.000000 0.020942
vn 0.999781 0.000000 0.020942
vn 0.999781 0.000000 0.020942
vn 0.999781 0.000000 0.020942
vn 0.999781 0.000000 0.020942
vn 0.999781 0.000000 0.020942
vn 0.999781 0.000000 0.020942
vn 0.999781 0.000000 0.020942
vn 0.999781 0.000000 0.020942
vn 0.999781 0.000000 0.020942
vn 0.999781 0.000000 0.020942
vn 0.999781 0.000000 0.020942
vn 0.999781 0.000000 0.020942
vn 0.999781 0.000000 0.020942
vn 0.999781 0.000000 0.020942
vn 0.999781 0.000000 0.020942
vn 0.999781 0.000000 0.020942
vn 0.999781 0.000000 0.020942
vn 0.999781 0.000000 0.020942
vn 0.999781 0.000000 0.020942
vn 0.020911 0.054334 -0.998304
vn 0.020936 0.025269 -0.999461
vn -0.004761 0.043434 -0.999045
vn -0.012869 0.025269 -0.999598
vn -0.030575 0.043434 -0.998588
vn -0.046659 0.025269 -0.998591
vn -0.056494 0.043434 -0.997458
vn -0.080396 0.025269 -0.996443
vn -0.082493 0.043434 -0.995645
vn -0.108544 0.043434 -0.993142
vn -0.108440 0.061613 -0.992192
vn -0.134493 0.061613 -0.988997
vn -0.134320 0.079799 -0.987720
vn -0.160337 0.079799 -0.983831
vn -0.160076 0.097985 -0.982229
vn -0.186023 0.097985 -0.977647
vn -0.185657 0.116164 -0.975724
vn -0.211495 0.116164 -0.970451
vn -0.211007 0.134327 -0.968211
vn -0.236701 0.134327 -0.962252
vn -0.236073 0.152466 -0.959700
vn -0.261586 0.152466 -0.953062
vn -0.260802 0.170575 -0.950204
vn -0.286098 0.170575 -0.942896
vn -0.285146 0.188531 -0.939760
vn -0.310190 0.188531 -0.931793
vn -0.309050 0.206440 -0.928370
vn -0.333807 0.206440 -0.919758
vn -0.332464 0.224296 -0.916056
vn -0.356900 0.224296 -0.906815
vn -0.355337 0.242090 -0.902844
vn -0.379420 0.242090 -0.892991
vn -0.377623 0.259814 -0.888762
vn -0.401320 0.259814 -0.878316
vn -0.399275 0.277461 -0.873839
vn -0.422555 0.277461 -0.862822
vn -0.420248 0.295023 -0.858110
vn -0.443083 0.295023 -0.846545
vn -0.415321 0.312492 -0.854317
vn -0.443969 0.312492 -0.839786
vn -0.465576 0.295023 -0.834386
vn -0.472109 0.312492 -0.824295
vn -0.487704 0.295023 -0.821648
vn -0.499709 0.312492 -0.807861
vn -0.509446 0.295023 -0.808348
vn -0.526738 0.312492 -0.790504
vn -0.530779 0.295023 -0.794503
vn -0.551685 0.295023 -0.780132
vn -0.533694 0.277461 -0.798866
vn -0.554714 0.277461 -0.784415
vn -0.536428 0.259814 -0.802958
vn -0.557556 0.259814 -0.788434
vn -0.538980 0.242090 -0.806779
vn -0.560209 0.242090 -0.792186
vn -0.541351 0.224296 -0.810327
vn -0.562673 0.224296 -0.795670
vn -0.543539 0.206440 -0.813602
vn -0.564947 0.206440 -0.798885
vn -0.545543 0.188531 -0.816602
vn -0.567030 0.188531 -0.801831
vn -0.547364 0.170575 -0.819327
vn -0.568922 0.170575 -0.804507
vn -0.549010 0.152466 -0.821792
vn -0.570634 0.152466 -0.806927
vn -0.550470 0.134327 -0.823978
vn -0.572151 0.134327 -0.809073
vn -0.551744 0.116164 -0.825884
vn -0.573475 0.116164 -0.810945
vn -0.552831 0.097985 -0.827512
vn -0.574606 0.097985 -0.812544
vn -0.553733 0.079799 -0.828862
vn -0.575543 0.079799 -0.813869
vn -0.554449 0.061613 -0.829934
vn -0.576287 0.061613 -0.814921
vn -0.554980 0.043434 -0.830729
vn -0.576839 0.043434 -0.815702
vn -0.554330 0.025269 -0.831913
vn -0.582141 0.025269 -0.812695
vn -0.114041 0.025269 -0.993155
vn -0.134622 0.043434 -0.989945
vn -0.160545 0.061613 -0.985104
vn -0.186326 0.079799 -0.979242
vn -0.211912 0.097985 -0.972364
vn -0.237249 0.116164 -0.964479
vn -0.262282 0.134327 -0.955596
vn -0.286958 0.152466 -0.945732
vn -0.311225 0.170575 -0.934903
vn -0.335038 0.188531 -0.923150
vn -0.358343 0.206440 -0.910480
vn -0.381089 0.224296 -0.896918
vn -0.403230 0.242090 -0.882495
vn -0.424720 0.259814 -0.867242
vn -0.445516 0.277461 -0.851194
vn -0.147555 0.025269 -0.988731
vn -0.160699 0.043434 -0.986047
vn -0.186567 0.061613 -0.980508
vn -0.212258 0.079799 -0.973950
vn -0.237716 0.097985 -0.966380
vn -0.262889 0.116164 -0.957808
vn -0.287721 0.134327 -0.948247
vn -0.312161 0.152466 -0.937715
vn -0.336157 0.170575 -0.926231
vn -0.359664 0.188531 -0.913837
vn -0.382629 0.206440 -0.900543
vn -0.405003 0.224296 -0.886377
vn -0.426741 0.242090 -0.871369
vn -0.447798 0.259814 -0.855554
vn -0.468133 0.277461 -0.838968
vn -0.180901 0.025269 -0.983177
vn -0.186746 0.043434 -0.981448
vn -0.212532 0.061613 -0.975210
vn -0.238104 0.079799 -0.967956
vn -0.263407 0.097985 -0.959696
vn -0.288387 0.116164 -0.950441
vn -0.312992 0.134327 -0.940209
vn -0.337168 0.152466 -0.929017
vn -0.360864 0.170575 -0.916887
vn -0.384040 0.188531 -0.903864
vn -0.406640 0.206440 -0.889959
vn -0.428618 0.224296 -0.875202
vn -0.449929 0.242090 -0.859626
vn -0.470531 0.259814 -0.843266
vn -0.490382 0.277461 -0.826160
vn -0.214040 0.025269 -0.976498
vn -0.212736 0.043434 -0.976144
vn -0.238412 0.061613 -0.969208
vn -0.263837 0.079799 -0.961261
vn -0.288956 0.097985 -0.952315
vn -0.313716 0.116164 -0.942384
vn -0.338064 0.134327 -0.931487
vn -0.361950 0.152466 -0.919645
vn -0.385321 0.170575 -0.906880
vn -0.408139 0.188531 -0.893240
vn -0.430350 0.206440 -0.878738
vn -0.451908 0.224296 -0.863406
vn -0.472770 0.242090 -0.847279
vn -0.492895 0.259814 -0.830392
vn -0.512243 0.277461 -0.812787
vn -0.238640 0.043434 -0.970136
vn -0.246934 0.025269 -0.968703
vn -0.264431 0.043434 -0.963426
vn -0.279545 0.025269 -0.959800
vn -0.290079 0.043434 -0.956017
vn -0.311837 0.025269 -0.949799
vn -0.315556 0.043434 -0.947912
vn -0.343773 0.025269 -0.938713
vn -0.340834 0.043434 -0.939120
vn -0.365886 0.043434 -0.929646
vn -0.365536 0.061613 -0.928756
vn -0.390309 0.061613 -0.918620
vn -0.389805 0.079799 -0.917433
vn -0.414267 0.079799 -0.906651
vn -0.413592 0.097985 -0.905174
vn -0.437708 0.097985 -0.893762
vn -0.436847 0.116164 -0.892004
vn -0.460584 0.116164 -0.879982
vn -0.459520 0.134327 -0.877951
vn -0.482848 0.134327 -0.865340
vn -0.481567 0.152466 -0.863045
vn -0.504456 0.152466 -0.849870
vn -0.502943 0.170575 -0.847321
vn -0.525364 0.170575 -0.833605
vn -0.523616 0.188531 -0.830832
vn -0.375315 0.025269 -0.926553
vn -0.390683 0.043434 -0.919500
vn -0.414803 0.061613 -0.907823
vn -0.438422 0.079799 -0.895220
vn -0.461492 0.097985 -0.881717
vn -0.483965 0.116164 -0.867343
vn -0.505797 0.134327 -0.852130
vn -0.526944 0.152466 -0.836113
vn -0.406428 0.025269 -0.913333
vn -0.415200 0.043434 -0.908693
vn -0.438989 0.061613 -0.896378
vn -0.462244 0.079799 -0.883155
vn -0.484919 0.097985 -0.869052
vn -0.506968 0.116164 -0.854102
vn -0.528345 0.134327 -0.838336
vn -0.437077 0.025269 -0.899069
vn -0.439409 0.043434 -0.897236
vn -0.462842 0.061613 -0.884297
vn -0.485710 0.079799 -0.870470
vn -0.507967 0.097985 -0.855785
vn -0.529568 0.116164 -0.840276
vn -0.463286 0.043434 -0.885144
vn -0.467225 0.025269 -0.883777
vn -0.486804 0.043434 -0.872431
vn -0.496839 0.025269 -0.867474
vn -0.509942 0.043434 -0.859112
vn -0.525886 0.025269 -0.850180
vn -0.532674 0.043434 -0.845205
vn -0.598231 0.043434 -0.800146
vn -0.609287 0.025269 -0.792547
vn -0.619138 0.043434 -0.784080
vn -0.635735 0.025269 -0.771494
vn -0.639542 0.043434 -0.767529
vn -0.661457 0.025269 -0.749558
vn -0.659427 0.043434 -0.750513
vn -0.678779 0.043434 -0.733057
vn -0.678129 0.061613 -0.732355
vn -0.696917 0.061613 -0.714500
vn -0.696017 0.079799 -0.713577
vn -0.714223 0.079799 -0.695354
vn -0.713061 0.097985 -0.694222
vn -0.731648 0.083369 -0.676565
vn -0.729555 0.112356 -0.674630
vn -0.686422 0.025269 -0.726765
vn -0.697585 0.043434 -0.715185
vn -0.715147 0.061613 -0.696253
vn -0.710602 0.025269 -0.703140
vn -0.715832 0.043434 -0.696920
vn -0.733119 0.054334 -0.677926
vn -0.733970 0.025269 -0.678712
vn -0.726840 0.141279 -0.672119
vn -0.710015 0.134327 -0.691256
vn -0.711658 0.116164 -0.692856
vn -0.694884 0.097985 -0.712415
vn -0.677253 0.079799 -0.731410
vn -0.658796 0.061613 -0.749795
vn -0.708132 0.152466 -0.689423
vn -0.723502 0.170121 -0.669032
vn -0.706008 0.170575 -0.687355
vn -0.703660 0.188531 -0.685069
vn -0.688011 0.170575 -0.705369
vn -0.685722 0.188531 -0.703023
vn -0.669463 0.170575 -0.722996
vn -0.667236 0.188531 -0.720591
vn -0.650377 0.170575 -0.740213
vn -0.648213 0.188531 -0.737750
vn -0.630764 0.170575 -0.756995
vn -0.628666 0.188531 -0.754477
vn -0.610640 0.170575 -0.773319
vn -0.608609 0.188531 -0.770747
vn -0.590021 0.170575 -0.789164
vn -0.588058 0.188531 -0.786539
vn -0.719540 0.198864 -0.665369
vn -0.701074 0.206440 -0.682552
vn -0.683203 0.206440 -0.700440
vn -0.664785 0.206440 -0.717944
vn -0.645832 0.206440 -0.735040
vn -0.626356 0.206440 -0.751705
vn -0.606373 0.206440 -0.767915
vn -0.585898 0.206440 -0.783649
vn -0.714953 0.227492 -0.661127
vn -0.698253 0.224296 -0.679805
vn -0.680453 0.224296 -0.697621
vn -0.662109 0.224296 -0.715054
vn -0.643232 0.224296 -0.732082
vn -0.623835 0.224296 -0.748679
vn -0.603933 0.224296 -0.764825
vn -0.583540 0.224296 -0.780495
vn -0.695195 0.242090 -0.676828
vn -0.709741 0.255984 -0.656308
vn -0.691903 0.259814 -0.673623
vn -0.688376 0.277461 -0.670189
vn -0.674265 0.259814 -0.691276
vn -0.670828 0.277461 -0.687753
vn -0.656088 0.259814 -0.708551
vn -0.652744 0.277461 -0.704940
vn -0.637383 0.259814 -0.725424
vn -0.634134 0.277461 -0.721727
vn -0.618162 0.259814 -0.741871
vn -0.615012 0.277461 -0.738089
vn -0.598440 0.259814 -0.757869
vn -0.595390 0.277461 -0.754006
vn -0.578233 0.259814 -0.773397
vn -0.575286 0.277461 -0.769455
vn -0.703902 0.284324 -0.650908
vn -0.684617 0.295023 -0.666529
vn -0.667165 0.295023 -0.683997
vn -0.649179 0.295023 -0.701090
vn -0.630671 0.295023 -0.717785
vn -0.611653 0.295023 -0.734059
vn -0.592139 0.295023 -0.749889
vn -0.572144 0.295023 -0.765253
vn -0.697435 0.312492 -0.644928
vn -0.675231 0.312492 -0.668141
vn -0.652254 0.312492 -0.690589
vn -0.628532 0.312492 -0.712248
vn -0.604091 0.312492 -0.733092
vn -0.578959 0.312492 -0.753097
vn -0.553165 0.312492 -0.772242
vn -0.397094 0.295023 -0.869067
vn -0.386198 0.312492 -0.867871
vn -0.373647 0.295023 -0.879403
vn -0.356633 0.312492 -0.880433
vn -0.349931 0.295023 -0.889106
vn -0.326661 0.312492 -0.891987
vn -0.325971 0.295023 -0.898167
vn -0.301795 0.295023 -0.906576
vn -0.303453 0.277461 -0.911555
vn -0.278953 0.277461 -0.919348
vn -0.280382 0.259814 -0.924058
vn -0.255591 0.259814 -0.931219
vn -0.256807 0.242090 -0.935651
vn -0.231761 0.242090 -0.942167
vn -0.232780 0.224296 -0.946311
vn -0.207512 0.224296 -0.952171
vn -0.208350 0.206440 -0.956019
vn -0.182896 0.206440 -0.961214
vn -0.183570 0.188531 -0.964758
vn -0.157966 0.188531 -0.969280
vn -0.158493 0.170575 -0.972514
vn -0.132775 0.170575 -0.976358
vn -0.133174 0.152466 -0.979295
vn -0.107377 0.152466 -0.982458
vn -0.107662 0.134327 -0.985071
vn -0.081822 0.134327 -0.987553
vn -0.082012 0.116164 -0.989838
vn -0.056165 0.116164 -0.991641
vn -0.056275 0.097985 -0.993595
vn -0.030456 0.097985 -0.994722
vn -0.030506 0.079799 -0.996344
vn -0.004750 0.079799 -0.996800
vn -0.004756 0.061613 -0.998089
vn 0.020870 0.083369 -0.996300
vn -0.296315 0.312492 -0.902522
vn -0.277429 0.295023 -0.914327
vn -0.254288 0.277461 -0.926473
vn -0.230663 0.259814 -0.937705
vn -0.206603 0.242090 -0.948002
vn -0.182160 0.224296 -0.957345
vn -0.157386 0.206440 -0.965718
vn -0.132333 0.188531 -0.973111
vn -0.107055 0.170575 -0.979512
vn -0.081605 0.152466 -0.984934
vn -0.056035 0.134327 -0.989352
vn -0.030397 0.116164 -0.992765
vn -0.004742 0.097985 -0.995177
vn -0.265631 0.312492 -0.912025
vn -0.252900 0.295023 -0.921414
vn -0.229487 0.277461 -0.932926
vn -0.205624 0.259814 -0.943512
vn -0.181362 0.242090 -0.953153
vn -0.156752 0.224296 -0.961832
vn -0.131847 0.206440 -0.969535
vn -0.106699 0.188531 -0.976254
vn -0.081360 0.170575 -0.981980
vn -0.055886 0.152466 -0.986727
vn -0.030326 0.134327 -0.990473
vn -0.004733 0.116164 -0.993219
vn 0.020810 0.112356 -0.993450
vn -0.234642 0.312492 -0.920485
vn -0.228234 0.295023 -0.927831
vn -0.204576 0.277461 -0.938703
vn -0.180503 0.259814 -0.948639
vn -0.156066 0.242090 -0.957620
vn -0.131316 0.224296 -0.965633
vn -0.106306 0.206440 -0.972667
vn -0.081090 0.188531 -0.978714
vn -0.055719 0.170575 -0.983768
vn -0.030246 0.152466 -0.987846
vn -0.004722 0.134327 -0.990926
vn -0.203386 0.312492 -0.927892
vn -0.203459 0.295023 -0.933577
vn -0.179583 0.277461 -0.943804
vn -0.155327 0.259814 -0.953085
vn -0.130741 0.242090 -0.961405
vn -0.105879 0.224296 -0.968752
vn -0.080792 0.206440 -0.975118
vn -0.055533 0.188531 -0.980496
vn -0.030155 0.170575 -0.984883
vn -0.004710 0.152466 -0.988297
vn 0.020732 0.141279 -0.989753
vn -0.178602 0.295023 -0.938649
vn -0.171896 0.312492 -0.934238
vn -0.153691 0.295023 -0.943048
vn -0.140210 0.312492 -0.939516
vn -0.128752 0.295023 -0.946776
vn -0.108364 0.312492 -0.943719
vn -0.103811 0.295023 -0.949834
vn -0.076394 0.312492 -0.946844
vn -0.078895 0.295023 -0.952227
vn -0.054030 0.295023 -0.953961
vn -0.054327 0.277461 -0.959200
vn -0.029402 0.277461 -0.960287
vn -0.029553 0.259814 -0.965206
vn -0.004602 0.259814 -0.965648
vn -0.004624 0.242090 -0.970243
vn 0.020245 0.255984 -0.966469
vn 0.020393 0.227492 -0.973566
vn -0.044337 0.312492 -0.948885
vn -0.029242 0.295023 -0.955043
vn -0.004578 0.277461 -0.960726
vn -0.012229 0.312492 -0.949842
vn -0.004553 0.295023 -0.955479
vn 0.020078 0.284324 -0.958518
vn 0.019894 0.312492 -0.949712
vn 0.020524 0.198864 -0.979812
vn -0.004663 0.206440 -0.978448
vn -0.004644 0.224296 -0.974510
vn -0.029693 0.242090 -0.969799
vn -0.054605 0.259814 -0.964113
vn -0.079329 0.277461 -0.957456
vn -0.004680 0.188531 -0.982056
vn 0.020637 0.170121 -0.985207
vn -0.004696 0.170575 -0.985334
vn -0.030546 0.061613 -0.997633
vn -0.056440 0.061613 -0.996503
vn -0.082414 0.061613 -0.994692
vn -0.030055 0.188531 -0.981607
vn -0.029944 0.206440 -0.978001
vn -0.055329 0.206440 -0.976894
vn -0.029824 0.224296 -0.974065
vn -0.055107 0.224296 -0.972962
vn -0.080467 0.224296 -0.971193
vn -0.056367 0.079799 -0.995216
vn -0.082173 0.097985 -0.991790
vn -0.107911 0.116164 -0.987351
vn -0.133528 0.134327 -0.981899
vn -0.158970 0.152466 -0.975440
vn -0.184183 0.170575 -0.967978
vn -0.209118 0.188531 -0.959545
vn -0.233720 0.206440 -0.950135
vn -0.257937 0.224296 -0.939766
vn -0.281716 0.242090 -0.928455
vn -0.305007 0.259814 -0.916224
vn -0.327761 0.277461 -0.903099
vn -0.054865 0.242090 -0.968701
vn -0.079735 0.259814 -0.962361
vn -0.104381 0.277461 -0.955050
vn -0.082307 0.079799 -0.993407
vn -0.108300 0.079799 -0.990910
vn -0.080114 0.242090 -0.966941
vn -0.105415 0.242090 -0.964510
vn -0.108124 0.097985 -0.989297
vn -0.133837 0.116164 -0.984172
vn -0.159393 0.134327 -0.978034
vn -0.184737 0.152466 -0.970889
vn -0.209816 0.170575 -0.962747
vn -0.234582 0.188531 -0.953639
vn -0.258979 0.206440 -0.943564
vn -0.282955 0.224296 -0.932538
vn -0.306459 0.242090 -0.920584
vn -0.329440 0.259814 -0.907725
vn -0.351852 0.277461 -0.893988
vn -0.104916 0.259814 -0.959942
vn -0.129459 0.277461 -0.951975
vn -0.134101 0.097985 -0.986111
vn -0.159761 0.116164 -0.980297
vn -0.185228 0.134327 -0.973472
vn -0.210447 0.152466 -0.965643
vn -0.235365 0.170575 -0.956822
vn -0.259934 0.188531 -0.947043
vn -0.284098 0.206440 -0.936307
vn -0.307806 0.224296 -0.924633
vn -0.331008 0.242090 -0.912045
vn -0.353655 0.259814 -0.898568
vn -0.375698 0.277461 -0.884232
vn -0.130122 0.259814 -0.956851
vn -0.154535 0.277461 -0.948227
vn -0.264178 0.061613 -0.962504
vn -0.289427 0.079799 -0.953868
vn -0.314334 0.097985 -0.944242
vn -0.338847 0.116164 -0.933643
vn -0.362912 0.134327 -0.922091
vn -0.386481 0.152466 -0.909608
vn -0.409501 0.170575 -0.896221
vn -0.431937 0.188531 -0.881979
vn -0.453734 0.206440 -0.866895
vn -0.474849 0.224296 -0.851005
vn -0.495240 0.242090 -0.834344
vn -0.514867 0.259814 -0.816951
vn -0.289801 0.061613 -0.955102
vn -0.314847 0.079799 -0.945782
vn -0.339515 0.097985 -0.935483
vn -0.363752 0.116164 -0.924224
vn -0.387508 0.134327 -0.912027
vn -0.410733 0.152466 -0.898917
vn -0.433378 0.170575 -0.884922
vn -0.455407 0.188531 -0.870092
vn -0.476768 0.206440 -0.854444
vn -0.497418 0.224296 -0.838013
vn -0.517317 0.242090 -0.820838
vn -0.315254 0.061613 -0.947005
vn -0.340068 0.079799 -0.937009
vn -0.364469 0.097985 -0.926046
vn -0.388405 0.116164 -0.914138
vn -0.411826 0.134327 -0.901308
vn -0.434682 0.152466 -0.887584
vn -0.456927 0.170575 -0.872996
vn -0.478526 0.188531 -0.857595
vn -0.499428 0.206440 -0.841400
vn -0.519593 0.224296 -0.824448
vn -0.340508 0.061613 -0.938221
vn -0.365064 0.079799 -0.927556
vn -0.389171 0.097985 -0.915939
vn -0.412779 0.116164 -0.903393
vn -0.435838 0.134327 -0.889945
vn -0.458302 0.152466 -0.875622
vn -0.480123 0.170575 -0.860457
vn -0.501270 0.188531 -0.844503
vn -0.521692 0.206440 -0.827780
vn -0.486338 0.061613 -0.871596
vn -0.508795 0.079799 -0.857181
vn -0.530612 0.097985 -0.841932
vn -0.509453 0.061613 -0.858290
vn -0.532164 0.061613 -0.844396
vn -0.531477 0.079799 -0.843306
vn -0.597659 0.061613 -0.799380
vn -0.618545 0.061613 -0.783330
vn -0.638929 0.061613 -0.766794
vn -0.596887 0.079799 -0.798347
vn -0.617746 0.079799 -0.782318
vn -0.638104 0.079799 -0.765804
vn -0.657945 0.079799 -0.748826
vn -0.595915 0.097985 -0.797047
vn -0.616740 0.097985 -0.781044
vn -0.637065 0.097985 -0.764557
vn -0.656873 0.097985 -0.747607
vn -0.676151 0.097985 -0.730219
vn -0.594743 0.116164 -0.795479
vn -0.615527 0.116164 -0.779508
vn -0.635812 0.116164 -0.763053
vn -0.655581 0.116164 -0.746136
vn -0.674821 0.116164 -0.728782
vn -0.693517 0.116164 -0.711014
vn -0.593369 0.134327 -0.793643
vn -0.614106 0.134327 -0.777708
vn -0.634344 0.134327 -0.761291
vn -0.654068 0.134327 -0.744414
vn -0.673263 0.134327 -0.727100
vn -0.691916 0.134327 -0.709372
vn -0.591796 0.152466 -0.791538
vn -0.612477 0.152466 -0.775645
vn -0.632662 0.152466 -0.759272
vn -0.652333 0.152466 -0.742439
vn -0.671477 0.152466 -0.725171
vn -0.690080 0.152466 -0.707491
vn -0.580984 0.242090 -0.777078
vn -0.601288 0.242090 -0.761476
vn -0.621104 0.242090 -0.745401
vn -0.640416 0.242090 -0.728876
vn -0.659210 0.242090 -0.711923
vn -0.677474 0.242090 -0.694566
vn 0.674789 -0.314374 0.667704
vn 0.696979 -0.314374 0.644507
vn 0.684221 -0.296805 0.666144
vn 0.703527 -0.286042 0.650561
vn 0.688027 -0.279142 0.669850
vn 0.709439 -0.257534 0.656028
vn 0.691597 -0.261392 0.673325
vn 0.694931 -0.243564 0.676571
vn 0.673968 -0.261392 0.690972
vn 0.677216 -0.243564 0.694302
vn 0.655799 -0.261392 0.708239
vn 0.658959 -0.243564 0.711653
vn 0.637102 -0.261392 0.725104
vn 0.640172 -0.243564 0.728599
vn 0.617890 -0.261392 0.741543
vn 0.620868 -0.243564 0.745118
vn 0.598176 -0.261392 0.757535
vn 0.601060 -0.243564 0.761186
vn 0.577978 -0.261392 0.773056
vn 0.580764 -0.243564 0.776782
vn 0.557310 -0.261392 0.788086
vn 0.559996 -0.243564 0.791884
vn 0.536191 -0.261392 0.802604
vn 0.538776 -0.243564 0.806472
vn 0.514640 -0.261392 0.816590
vn 0.517121 -0.243564 0.820526
vn 0.492677 -0.261392 0.830026
vn 0.495052 -0.243564 0.834027
vn 0.470323 -0.261392 0.842894
vn 0.472590 -0.243564 0.846956
vn 0.447601 -0.261392 0.855177
vn 0.449758 -0.243564 0.859299
vn 0.424533 -0.261392 0.866860
vn 0.426579 -0.243564 0.871038
vn 0.401143 -0.261392 0.877928
vn 0.403076 -0.243564 0.882160
vn 0.377457 -0.261392 0.888370
vn 0.379276 -0.243564 0.892651
vn 0.353499 -0.261392 0.898172
vn 0.355202 -0.243564 0.902501
vn 0.329295 -0.261392 0.907325
vn 0.330882 -0.243564 0.911698
vn 0.304873 -0.261392 0.915820
vn 0.306342 -0.243564 0.920234
vn 0.280258 -0.261392 0.923650
vn 0.281609 -0.243564 0.928102
vn 0.255478 -0.261392 0.930809
vn 0.256710 -0.243564 0.935295
vn 0.230561 -0.261392 0.937292
vn 0.231672 -0.243564 0.941809
vn 0.205534 -0.261392 0.943096
vn 0.206524 -0.243564 0.947642
vn 0.180424 -0.261392 0.948220
vn 0.181293 -0.243564 0.952790
vn 0.155258 -0.261392 0.952664
vn 0.156006 -0.243564 0.957256
vn 0.130064 -0.261392 0.956429
vn 0.130691 -0.243564 0.961039
vn 0.104869 -0.261392 0.959519
vn 0.105375 -0.243564 0.964144
vn 0.079700 -0.261392 0.961937
vn 0.080084 -0.243564 0.966573
vn 0.054581 -0.261392 0.963688
vn 0.054844 -0.243564 0.968333
vn 0.029540 -0.261392 0.964781
vn 0.029682 -0.243564 0.969431
vn 0.004600 -0.261392 0.965222
vn 0.004622 -0.243564 0.969874
vn -0.020236 -0.257534 0.966057
vn -0.020387 -0.228872 0.973243
vn 0.004643 -0.225665 0.974194
vn 0.004662 -0.207702 0.978181
vn 0.029936 -0.207702 0.977734
vn 0.030048 -0.189686 0.981385
vn 0.055521 -0.189686 0.980274
vn 0.055708 -0.171622 0.983587
vn 0.081345 -0.171622 0.981799
vn 0.081593 -0.153402 0.984790
vn 0.107361 -0.153402 0.982314
vn 0.107650 -0.135150 0.984960
vn 0.133513 -0.135150 0.981789
vn 0.133826 -0.116875 0.984089
vn 0.159748 -0.116875 0.980215
vn 0.160067 -0.098584 0.982171
vn 0.186012 -0.098584 0.977589
vn 0.186319 -0.080285 0.979204
vn 0.212250 -0.080285 0.973912
vn 0.212527 -0.061985 0.975187
vn 0.238407 -0.061985 0.969185
vn 0.238638 -0.043694 0.970125
vn 0.264428 -0.043694 0.963415
vn 0.246933 -0.025418 0.968699
vn 0.279544 -0.025418 0.959796
vn 0.290076 -0.043694 0.956006
vn 0.311836 -0.025418 0.949796
vn 0.315552 -0.043694 0.947902
vn 0.343771 -0.025418 0.938709
vn 0.340830 -0.043694 0.939109
vn 0.365882 -0.043694 0.929635
vn 0.340500 -0.061985 0.938199
vn 0.365527 -0.061985 0.928734
vn 0.340055 -0.080285 0.936972
vn 0.365049 -0.080285 0.927520
vn 0.339494 -0.098584 0.935428
vn 0.364448 -0.098584 0.925991
vn 0.338818 -0.116875 0.933564
vn 0.363722 -0.116875 0.924147
vn 0.338026 -0.135150 0.931382
vn 0.362871 -0.135150 0.921986
vn 0.337118 -0.153402 0.928881
vn 0.361897 -0.153402 0.919510
vn 0.336094 -0.171622 0.926060
vn 0.360798 -0.171622 0.916718
vn 0.334963 -0.189686 0.922941
vn 0.359583 -0.189686 0.913630
vn 0.333716 -0.207702 0.919507
vn 0.358245 -0.207702 0.910231
vn 0.332356 -0.225665 0.915759
vn 0.356785 -0.225665 0.906521
vn 0.714716 -0.228872 0.660908
vn 0.698026 -0.225665 0.679584
vn 0.680233 -0.225665 0.697395
vn 0.661895 -0.225665 0.714822
vn 0.643024 -0.225665 0.731844
vn 0.623633 -0.225665 0.748437
vn 0.603737 -0.225665 0.764577
vn 0.583350 -0.225665 0.780242
vn 0.562491 -0.225665 0.795412
vn 0.541175 -0.225665 0.810065
vn 0.519424 -0.225665 0.824181
vn 0.497257 -0.225665 0.837742
vn 0.474695 -0.225665 0.850729
vn 0.451761 -0.225665 0.863126
vn 0.428479 -0.225665 0.874918
vn 0.404872 -0.225665 0.886089
vn 0.380965 -0.225665 0.896628
vn 0.700883 -0.207702 0.682366
vn 0.719359 -0.200072 0.665202
vn 0.703500 -0.189686 0.684914
vn 0.723370 -0.171155 0.668911
vn 0.705878 -0.171622 0.687228
vn 0.708028 -0.153402 0.689322
vn 0.687884 -0.171622 0.705239
vn 0.689979 -0.153402 0.707387
vn 0.669340 -0.171622 0.722863
vn 0.671378 -0.153402 0.725065
vn 0.650257 -0.171622 0.740076
vn 0.652237 -0.153402 0.742330
vn 0.630648 -0.171622 0.756855
vn 0.632569 -0.153402 0.759160
vn 0.610528 -0.171622 0.773177
vn 0.612387 -0.153402 0.775532
vn 0.589912 -0.171622 0.789018
vn 0.591709 -0.153402 0.791422
vn 0.568818 -0.171622 0.804359
vn 0.570550 -0.153402 0.806809
vn 0.547263 -0.171622 0.819176
vn 0.548930 -0.153402 0.821672
vn 0.525267 -0.171622 0.833451
vn 0.526867 -0.153402 0.835990
vn 0.502850 -0.171622 0.847165
vn 0.504382 -0.153402 0.849745
vn 0.480035 -0.171622 0.860298
vn 0.481497 -0.153402 0.862919
vn 0.456843 -0.171622 0.872835
vn 0.458235 -0.153402 0.875494
vn 0.433299 -0.171622 0.884759
vn 0.434618 -0.153402 0.887454
vn 0.409426 -0.171622 0.896056
vn 0.410673 -0.153402 0.898786
vn 0.385250 -0.171622 0.906713
vn 0.386424 -0.153402 0.909475
vn 0.726750 -0.142138 0.672036
vn 0.709935 -0.135150 0.691178
vn 0.691837 -0.135150 0.709292
vn 0.673187 -0.135150 0.727017
vn 0.653994 -0.135150 0.744330
vn 0.634272 -0.135150 0.761205
vn 0.614037 -0.135150 0.777620
vn 0.593302 -0.135150 0.793553
vn 0.572087 -0.135150 0.808982
vn 0.550408 -0.135150 0.823884
vn 0.528286 -0.135150 0.838242
vn 0.505740 -0.135150 0.852034
vn 0.482794 -0.135150 0.865243
vn 0.459469 -0.135150 0.877851
vn 0.435789 -0.135150 0.889844
vn 0.411779 -0.135150 0.901206
vn 0.387465 -0.135150 0.911924
vn 0.729498 -0.113038 0.674577
vn 0.711598 -0.116875 0.692798
vn 0.693458 -0.116875 0.710954
vn 0.674764 -0.116875 0.728721
vn 0.655526 -0.116875 0.746074
vn 0.635759 -0.116875 0.762988
vn 0.615475 -0.116875 0.779442
vn 0.594693 -0.116875 0.795413
vn 0.573427 -0.116875 0.810877
vn 0.551698 -0.116875 0.825815
vn 0.529523 -0.116875 0.840206
vn 0.506925 -0.116875 0.854030
vn 0.483925 -0.116875 0.867270
vn 0.460545 -0.116875 0.879908
vn 0.436810 -0.116875 0.891929
vn 0.412744 -0.116875 0.903318
vn 0.388372 -0.116875 0.914061
vn 0.713018 -0.098584 0.694180
vn 0.731617 -0.083874 0.676537
vn 0.714196 -0.080285 0.695327
vn 0.715131 -0.061985 0.696237
vn 0.695990 -0.080285 0.713549
vn 0.696901 -0.061985 0.714484
vn 0.677227 -0.080285 0.731381
vn 0.678114 -0.061985 0.732339
vn 0.657919 -0.080285 0.748797
vn 0.658780 -0.061985 0.749777
vn 0.638079 -0.080285 0.765774
vn 0.638915 -0.061985 0.766776
vn 0.617722 -0.080285 0.782288
vn 0.618531 -0.061985 0.783312
vn 0.596863 -0.080285 0.798316
vn 0.597645 -0.061985 0.799361
vn 0.575520 -0.080285 0.813837
vn 0.576274 -0.061985 0.814903
vn 0.553711 -0.080285 0.828829
vn 0.554436 -0.061985 0.829914
vn 0.531456 -0.080285 0.843273
vn 0.532152 -0.061985 0.844377
vn 0.508776 -0.080285 0.857148
vn 0.509442 -0.061985 0.858270
vn 0.485691 -0.080285 0.870436
vn 0.486327 -0.061985 0.871575
vn 0.462226 -0.080285 0.883120
vn 0.462831 -0.061985 0.884276
vn 0.438404 -0.080285 0.895185
vn 0.438978 -0.061985 0.896357
vn 0.414251 -0.080285 0.906615
vn 0.414793 -0.061985 0.907802
vn 0.389790 -0.080285 0.917397
vn 0.390300 -0.061985 0.918599
vn 0.733106 -0.054661 0.677914
vn 0.715824 -0.043694 0.696912
vn 0.697577 -0.043694 0.715176
vn 0.678771 -0.043694 0.733049
vn 0.659419 -0.043694 0.750504
vn 0.639534 -0.043694 0.767520
vn 0.619131 -0.043694 0.784071
vn 0.598224 -0.043694 0.800136
vn 0.576833 -0.043694 0.815693
vn 0.554974 -0.043694 0.830719
vn 0.532668 -0.043694 0.845196
vn 0.509936 -0.043694 0.859102
vn 0.486799 -0.043694 0.872421
vn 0.463280 -0.043694 0.885134
vn 0.439404 -0.043694 0.897226
vn 0.415195 -0.043694 0.908682
vn 0.390679 -0.043694 0.919489
vn 0.733967 -0.025418 0.678710
vn 0.710599 -0.025418 0.703138
vn 0.686419 -0.025418 0.726762
vn 0.661454 -0.025418 0.749555
vn 0.635733 -0.025418 0.771491
vn 0.609284 -0.025418 0.792544
vn 0.582139 -0.025418 0.812692
vn 0.554328 -0.025418 0.831910
vn 0.525884 -0.025418 0.850177
vn 0.496838 -0.025418 0.867471
vn 0.467223 -0.025418 0.883774
vn 0.437075 -0.025418 0.899066
vn 0.406427 -0.025418 0.913330
vn 0.375314 -0.025418 0.926549
vn 0.214039 -0.025418 0.976494
vn 0.212734 -0.043694 0.976133
vn 0.186563 -0.061985 0.980486
vn 0.160331 -0.080285 0.983793
vn 0.134093 -0.098584 0.986053
vn 0.107902 -0.116875 0.987268
vn 0.081813 -0.135150 0.987442
vn 0.055878 -0.153402 0.986583
vn 0.030150 -0.171622 0.984701
vn 0.004679 -0.189686 0.981834
vn -0.020519 -0.200072 0.979566
vn 0.186744 -0.043694 0.981436
vn 0.180900 -0.025418 0.983173
vn 0.160697 -0.043694 0.986036
vn 0.147555 -0.025418 0.988727
vn 0.134621 -0.043694 0.989933
vn 0.114040 -0.025418 0.993151
vn 0.108543 -0.043694 0.993131
vn 0.080396 -0.025418 0.996439
vn 0.082492 -0.043694 0.995633
vn 0.056493 -0.043694 0.997446
vn 0.056439 -0.061985 0.996480
vn 0.030545 -0.061985 0.997610
vn 0.030505 -0.080285 0.996305
vn 0.004750 -0.080285 0.996761
vn 0.004742 -0.098584 0.995117
vn -0.020869 -0.083874 0.996258
vn -0.020808 -0.113038 0.993373
vn 0.046659 -0.025418 0.998587
vn 0.030574 -0.043694 0.998577
vn 0.004756 -0.061985 0.998066
vn 0.012869 -0.025418 0.999594
vn 0.004761 -0.043694 0.999034
vn -0.020911 -0.054661 0.998286
vn -0.020936 -0.025418 0.999458
vn -0.020730 -0.142138 0.989630
vn 0.004722 -0.135150 0.990814
vn 0.004733 -0.116875 0.993135
vn 0.030455 -0.098584 0.994663
vn 0.056365 -0.080285 0.995177
vn 0.082412 -0.061985 0.994669
vn 0.004709 -0.153402 0.988153
vn -0.020633 -0.171155 0.985028
vn 0.004695 -0.171622 0.985152
vn 0.004576 -0.279142 0.960239
vn -0.020067 -0.286042 0.958007
vn 0.004551 -0.296805 0.954927
vn -0.019881 -0.314374 0.949091
vn 0.012221 -0.314374 0.949221
vn 0.029225 -0.296805 0.954491
vn 0.044308 -0.314374 0.948265
vn 0.053999 -0.296805 0.953410
vn 0.076344 -0.314374 0.946224
vn 0.078850 -0.296805 0.951677
vn 0.103751 -0.296805 0.949285
vn 0.104328 -0.279142 0.954566
vn 0.129393 -0.279142 0.951492
vn 0.108293 -0.314374 0.943102
vn 0.128677 -0.296805 0.946229
vn 0.154457 -0.279142 0.947746
vn 0.140119 -0.314374 0.938901
vn 0.153602 -0.296805 0.942504
vn 0.179492 -0.279142 0.943325
vn 0.171784 -0.314374 0.933627
vn 0.178499 -0.296805 0.938107
vn 0.204473 -0.279142 0.938227
vn 0.203253 -0.314374 0.927285
vn 0.203342 -0.296805 0.933037
vn 0.229371 -0.279142 0.932453
vn 0.228102 -0.296805 0.927295
vn 0.234489 -0.314374 0.919883
vn 0.252754 -0.296805 0.920881
vn 0.265457 -0.314374 0.911428
vn 0.277269 -0.296805 0.913799
vn 0.296122 -0.314374 0.901932
vn 0.301621 -0.296805 0.906053
vn 0.326448 -0.314374 0.891404
vn 0.325783 -0.296805 0.897648
vn 0.349728 -0.296805 0.888593
vn 0.351674 -0.279142 0.893535
vn 0.375508 -0.279142 0.883784
vn 0.356400 -0.314374 0.879857
vn 0.373431 -0.296805 0.878895
vn 0.399072 -0.279142 0.873396
vn 0.385945 -0.314374 0.867304
vn 0.396865 -0.296805 0.868565
vn 0.422341 -0.279142 0.862385
vn 0.415049 -0.314374 0.853758
vn 0.420005 -0.296805 0.857615
vn 0.445290 -0.279142 0.850762
vn 0.442827 -0.296805 0.846056
vn 0.443678 -0.314374 0.839237
vn 0.465307 -0.296805 0.833904
vn 0.471800 -0.314374 0.823756
vn 0.487423 -0.296805 0.821174
vn 0.499382 -0.314374 0.807333
vn 0.509151 -0.296805 0.807881
vn 0.526394 -0.314374 0.789987
vn 0.530473 -0.296805 0.794044
vn 0.551366 -0.296805 0.779681
vn 0.554433 -0.279142 0.784018
vn 0.574994 -0.279142 0.769065
vn 0.552803 -0.314374 0.771737
vn 0.571813 -0.296805 0.764811
vn 0.595089 -0.279142 0.753624
vn 0.578580 -0.314374 0.752605
vn 0.591797 -0.296805 0.749455
vn 0.614700 -0.279142 0.737715
vn 0.603696 -0.314374 0.732612
vn 0.611299 -0.296805 0.733635
vn 0.633813 -0.279142 0.721361
vn 0.628121 -0.314374 0.711782
vn 0.630307 -0.296805 0.717370
vn 0.652413 -0.279142 0.704583
vn 0.648804 -0.296805 0.700685
vn 0.651828 -0.314374 0.690137
vn 0.666779 -0.296805 0.683602
vn 0.694842 -0.098584 0.712373
vn 0.676111 -0.098584 0.730175
vn 0.656834 -0.098584 0.747563
vn 0.637027 -0.098584 0.764511
vn 0.616704 -0.098584 0.780998
vn 0.595879 -0.098584 0.797000
vn 0.574572 -0.098584 0.812495
vn 0.552799 -0.098584 0.827463
vn 0.530580 -0.098584 0.841882
vn 0.507937 -0.098584 0.855734
vn 0.484891 -0.098584 0.869001
vn 0.461464 -0.098584 0.881664
vn 0.437682 -0.098584 0.893709
vn 0.413568 -0.098584 0.905120
vn 0.389148 -0.098584 0.915885
vn 0.685567 -0.189686 0.702864
vn 0.667085 -0.189686 0.720428
vn 0.648066 -0.189686 0.737583
vn 0.628524 -0.189686 0.754306
vn 0.608471 -0.189686 0.770572
vn 0.587925 -0.189686 0.786361
vn 0.566902 -0.189686 0.801649
vn 0.545419 -0.189686 0.816417
vn 0.523497 -0.189686 0.830644
vn 0.501156 -0.189686 0.844311
vn 0.478418 -0.189686 0.857401
vn 0.455304 -0.189686 0.869895
vn 0.431839 -0.189686 0.881779
vn 0.408047 -0.189686 0.893038
vn 0.383953 -0.189686 0.903659
vn 0.683016 -0.207702 0.700249
vn 0.664603 -0.207702 0.717748
vn 0.645655 -0.207702 0.734839
vn 0.626185 -0.207702 0.751500
vn 0.606208 -0.207702 0.767706
vn 0.585738 -0.207702 0.783435
vn 0.564793 -0.207702 0.798667
vn 0.543390 -0.207702 0.813380
vn 0.521550 -0.207702 0.827554
vn 0.499292 -0.207702 0.841170
vn 0.476638 -0.207702 0.854211
vn 0.453610 -0.207702 0.866659
vn 0.430233 -0.207702 0.878499
vn 0.406529 -0.207702 0.889716
vn 0.382524 -0.207702 0.900297
vn 0.670488 -0.279142 0.687405
vn 0.533423 -0.279142 0.798461
vn 0.511983 -0.279142 0.812375
vn 0.490134 -0.279142 0.825741
vn 0.467895 -0.279142 0.838543
vn 0.327595 -0.279142 0.902641
vn 0.303299 -0.279142 0.911093
vn 0.278811 -0.279142 0.918882
vn 0.254160 -0.279142 0.926004
vn 0.315247 -0.061985 0.946983
vn 0.289794 -0.061985 0.955080
vn 0.264172 -0.061985 0.962482
vn 0.314834 -0.080285 0.945745
vn 0.289416 -0.080285 0.953831
vn 0.263826 -0.080285 0.961223
vn 0.238095 -0.080285 0.967918
vn 0.314315 -0.098584 0.944186
vn 0.288938 -0.098584 0.952258
vn 0.263391 -0.098584 0.959639
vn 0.237702 -0.098584 0.966322
vn 0.211900 -0.098584 0.972306
vn 0.313689 -0.116875 0.942305
vn 0.288363 -0.116875 0.950362
vn 0.262867 -0.116875 0.957727
vn 0.237229 -0.116875 0.964398
vn 0.211478 -0.116875 0.970370
vn 0.185641 -0.116875 0.975642
vn 0.312956 -0.135150 0.940103
vn 0.287689 -0.135150 0.948140
vn 0.262252 -0.135150 0.955488
vn 0.236674 -0.135150 0.962143
vn 0.210983 -0.135150 0.968102
vn 0.185207 -0.135150 0.973362
vn 0.159375 -0.135150 0.977923
vn 0.312116 -0.153402 0.937578
vn 0.286916 -0.153402 0.945593
vn 0.261548 -0.153402 0.952922
vn 0.236039 -0.153402 0.959559
vn 0.210417 -0.153402 0.965501
vn 0.184710 -0.153402 0.970747
vn 0.158947 -0.153402 0.975297
vn 0.133154 -0.153402 0.979152
vn 0.311168 -0.171622 0.934730
vn 0.286045 -0.171622 0.942722
vn 0.260754 -0.171622 0.950028
vn 0.235322 -0.171622 0.956645
vn 0.209778 -0.171622 0.962569
vn 0.184149 -0.171622 0.967799
vn 0.158464 -0.171622 0.972335
vn 0.132750 -0.171622 0.976178
vn 0.107035 -0.171622 0.979331
vn 0.310120 -0.189686 0.931582
vn 0.285081 -0.189686 0.939547
vn 0.259875 -0.189686 0.946828
vn 0.234529 -0.189686 0.953423
vn 0.209071 -0.189686 0.959327
vn 0.183529 -0.189686 0.964540
vn 0.157930 -0.189686 0.969060
vn 0.132303 -0.189686 0.972890
vn 0.106674 -0.189686 0.976033
vn 0.081071 -0.189686 0.978492
vn 0.308966 -0.207702 0.928116
vn 0.284021 -0.207702 0.936051
vn 0.258908 -0.207702 0.943306
vn 0.233657 -0.207702 0.949876
vn 0.208293 -0.207702 0.955758
vn 0.182846 -0.207702 0.960951
vn 0.157343 -0.207702 0.965455
vn 0.131811 -0.207702 0.969271
vn 0.106277 -0.207702 0.972402
vn 0.080770 -0.207702 0.974852
vn 0.055314 -0.207702 0.976627
vn 0.307707 -0.225665 0.924333
vn 0.282863 -0.225665 0.932236
vn 0.257853 -0.225665 0.939461
vn 0.232704 -0.225665 0.946004
vn 0.207444 -0.225665 0.951863
vn 0.182101 -0.225665 0.957034
vn 0.156701 -0.225665 0.961520
vn 0.131273 -0.225665 0.965320
vn 0.105844 -0.225665 0.968438
vn 0.080441 -0.225665 0.970878
vn 0.055089 -0.225665 0.972646
vn 0.029814 -0.225665 0.973749
vn 0.160541 -0.061985 0.985081
vn 0.134314 -0.080285 0.987681
vn 0.108118 -0.098584 0.989238
vn 0.082005 -0.116875 0.989755
vn 0.056029 -0.135150 0.989240
vn 0.030241 -0.153402 0.987701
vn 0.134490 -0.061985 0.988974
vn 0.108438 -0.061985 0.992169
vn 0.108296 -0.080285 0.990872
vn 0.082168 -0.098584 0.991731
vn 0.056160 -0.116875 0.991558
vn 0.030323 -0.135150 0.990361
vn 0.082304 -0.080285 0.993368
vn 0.079288 -0.279142 0.956971
vn 0.054300 -0.279142 0.958713
vn 0.029387 -0.279142 0.959800
vn 0.056272 -0.098584 0.993536
vn 0.030394 -0.116875 0.992681
vn -0.678929 -0.000000 0.734204
vn -0.678929 -0.000000 0.734204
vn -0.678929 -0.000000 0.734204
vn -0.678929 -0.000000 0.734204
vn -0.678929 -0.000000 0.734204
vn -0.678929 -0.000000 0.734204
vn -0.678929 -0.000000 0.734204
vn -0.678929 -0.000000 0.734204
vn -0.678929 -0.000000 0.734204
vn -0.678929 -0.000000 0.734204
vn -0.678929 -0.000000 0.734204
vn -0.678929 -0.000000 0.734204
vn -0.678929 -0.000000 0.734204
vn -0.678929 -0.000000 0.734204
vn -0.678929 -0.000000 0.734204
vn -0.678929 -0.000000 0.734204
vn -0.678929 -0.000000 0.734204
vn -0.678929 -0.000000 0.734204
vn -0.678929 -0.000000 0.734204
vn -0.678929 -0.000000 0.734204
vn -0.678929 -0.000000 0.734204
vn -0.678929 -0.000000 0.734204
usemtl Aluminum_-_Anodized_Glossy_(Blue)
f 2/1/1 3/2/2 1/3/3
f 1/3/3 3/2/2 52/4/4
f 52/4/4 3/2/2 4/5/5
f 52/4/4 4/5/5 51/6/6
f 51/6/6 4/5/5 5/7/7
f 51/6/6 5/7/7 50/8/8
f 50/8/8 5/7/7 6/9/9
f 50/8/8 6/9/9 49/10/10
f 49/10/10 6/9/9 7/11/11
f 49/10/10 7/11/11 48/12/12
f 48/12/12 7/11/11 8/13/13
f 48/12/12 8/13/13 47/14/14
f 47/14/14 8/13/13 9/15/15
f 47/14/14 9/15/15 46/16/16
f 46/16/16 9/15/15 10/17/17
f 46/16/16 10/17/17 45/18/18
f 45/18/18 10/17/17 11/19/19
f 45/18/18 11/19/19 44/20/20
f 44/20/20 11/19/19 12/21/21
f 44/20/20 12/21/21 43/22/22
f 43/22/22 12/21/21 13/23/23
f 43/22/22 13/23/23 42/24/24
f 42/24/24 13/23/23 14/25/25
f 42/24/24 14/25/25 41/26/26
f 41/26/26 14/25/25 15/27/27
f 41/26/26 15/27/27 40/28/28
f 40/28/28 15/27/27 16/29/29
f 40/28/28 16/29/29 39/30/30
f 39/30/30 16/29/29 17/31/31
f 39/30/30 17/31/31 38/32/32
f 38/32/32 17/31/31 18/33/33
f 38/32/32 18/33/33 37/34/34
f 37/34/34 18/33/33 19/35/35
f 37/34/34 19/35/35 36/36/36
f 36/36/36 19/35/35 20/37/37
f 36/36/36 20/37/37 35/38/38
f 35/38/38 20/37/37 21/39/39
f 35/38/38 21/39/39 34/40/40
f 34/40/40 21/39/39 22/41/41
f 34/40/40 22/41/41 33/42/42
f 33/42/42 22/41/41 23/43/43
f 33/42/42 23/43/43 32/44/44
f 32/44/44 23/43/43 24/45/45
f 32/44/44 24/45/45 31/46/46
f 31/46/46 24/45/45 25/47/47
f 31/46/46 25/47/47 30/48/48
f 30/48/48 25/47/47 26/49/49
f 30/48/48 26/49/49 29/50/50
f 29/50/50 26/49/49 28/51/51
f 28/51/51 26/49/49 27/52/52
f 53/53/53 54/54/54 104/55/55
f 104/55/55 54/54/54 55/56/56
f 104/55/55 55/56/56 103/57/57
f 103/57/57 55/56/56 56/58/58
f 103/57/57 56/58/58 102/59/59
f 102/59/59 56/58/58 57/60/60
f 102/59/59 57/60/60 101/61/61
f 101/61/61 57/60/60 58/62/62
f 101/61/61 58/62/62 100/63/63
f 100/63/63 58/62/62 59/64/64
f 100/63/63 59/64/64 99/65/65
f 99/65/65 59/64/64 60/66/66
f 99/65/65 60/66/66 98/67/67
f 98/67/67 60/66/66 61/68/68
f 98/67/67 61/68/68 97/69/69
f 97/69/69 61/68/68 62/70/70
f 97/69/69 62/70/70 96/71/71
f 96/71/71 62/70/70 63/72/72
f 96/71/71 63/72/72 95/73/73
f 95/73/73 63/72/72 64/74/74
f 95/73/73 64/74/74 94/75/75
f 94/75/75 64/74/74 65/76/76
f 94/75/75 65/76/76 93/77/77
f 93/77/77 65/76/76 66/78/78
f 93/77/77 66/78/78 92/79/79
f 92/79/79 66/78/78 67/80/80
f 92/79/79 67/80/80 91/81/81
f 91/81/81 67/80/80 68/82/82
f 91/81/81 68/82/82 90/83/83
f 90/83/83 68/82/82 69/84/84
f 90/83/83 69/84/84 89/85/85
f 89/85/85 69/84/84 70/86/86
f 89/85/85 70/86/86 88/87/87
f 88/87/87 70/86/86 71/88/88
f 88/87/87 71/88/88 87/89/89
f 87/89/89 71/88/88 72/90/90
f 87/89/89 72/90/90 86/91/91
f 86/91/91 72/90/90 73/92/92
f 86/91/91 73/92/92 85/93/93
f 85/93/93 73/92/92 74/94/94
f 85/93/93 74/94/94 84/95/95
f 84/95/95 74/94/94 75/96/96
f 84/95/95 75/96/96 83/97/97
f 83/97/97 75/96/96 76/98/98
f 83/97/97 76/98/98 82/99/99
f 82/99/99 76/98/98 77/100/100
f 82/99/99 77/100/100 81/101/101
f 81/101/101 77/100/100 78/102/102
f 81/101/101 78/102/102 79/103/103
f 79/103/103 80/104/104 81/101/101
f 27/105/105 105/106/106 28/107/107
f 28/107/107 105/106/106 122/108/108
f 122/108/108 105/106/106 106/109/109
f 122/108/108 106/109/109 121/110/110
f 121/110/110 106/109/109 107/111/111
f 121/110/110 107/111/111 120/112/112
f 120/112/112 107/111/111 108/113/113
f 120/112/112 108/113/113 119/114/114
f 119/114/114 108/113/113 109/115/115
f 119/114/114 109/115/115 118/116/116
f 118/116/116 109/115/115 110/117/117
f 118/116/116 110/117/117 117/118/118
f 117/118/118 110/117/117 111/119/119
f 117/118/118 111/119/119 116/120/120
f 116/120/120 111/119/119 112/121/121
f 116/120/120 112/121/121 115/122/122
f 115/122/122 112/121/121 113/123/123
f 115/122/122 113/123/123 114/124/124
f 114/124/124 113/123/123 80/125/125
f 114/124/124 80/125/125 79/126/126
f 114/127/127 79/128/128 144/129/129
f 144/129/129 79/128/128 78/130/130
f 144/129/129 78/130/130 159/131/131
f 159/131/131 78/130/130 77/132/132
f 159/131/131 77/132/132 174/133/133
f 174/133/133 77/132/132 76/134/134
f 174/133/133 76/134/134 189/135/135
f 189/135/135 76/134/134 142/136/136
f 189/135/135 142/136/136 231/137/137
f 231/137/137 142/136/136 205/138/138
f 231/137/137 205/138/138 206/139/139
f 206/139/139 205/138/138 234/140/140
f 206/139/139 234/140/140 235/141/141
f 235/141/141 234/140/140 249/142/142
f 235/141/141 249/142/142 250/143/143
f 250/143/143 249/142/142 285/144/144
f 250/143/143 285/144/144 284/145/145
f 284/145/145 285/144/144 265/146/146
f 284/145/145 265/146/146 266/147/147
f 266/147/147 265/146/146 296/148/148
f 266/147/147 296/148/148 297/149/149
f 297/149/149 296/148/148 312/150/150
f 297/149/149 312/150/150 313/151/151
f 313/151/151 312/150/150 327/152/152
f 313/151/151 327/152/152 328/153/153
f 328/153/153 327/152/152 353/154/154
f 328/153/153 353/154/154 352/155/155
f 352/155/155 353/154/154 343/156/156
f 352/155/155 343/156/156 344/157/157
f 344/157/157 343/156/156 374/158/158
f 344/157/157 374/158/158 375/159/159
f 375/159/159 374/158/158 390/160/160
f 375/159/159 390/160/160 391/161/161
f 391/161/161 390/160/160 406/162/162
f 391/161/161 406/162/162 407/163/163
f 407/163/163 406/162/162 137/164/164
f 407/163/163 137/164/164 42/165/165
f 42/165/165 137/164/164 43/166/166
f 43/166/166 137/164/164 422/167/167
f 43/166/166 422/167/167 44/168/168
f 44/168/168 422/167/167 450/169/169
f 44/168/168 450/169/169 45/170/170
f 45/170/170 450/169/169 465/171/171
f 45/170/170 465/171/171 46/172/172
f 46/172/172 465/171/171 480/173/173
f 46/172/172 480/173/173 135/174/174
f 135/174/174 480/173/173 479/175/175
f 135/174/174 479/175/175 496/176/176
f 496/176/176 479/175/175 478/177/177
f 496/176/176 478/177/177 497/178/178
f 497/178/178 478/177/177 477/179/179
f 497/178/178 477/179/179 498/180/180
f 498/180/180 477/179/179 476/181/181
f 498/180/180 476/181/181 499/182/182
f 499/182/182 476/181/181 475/183/183
f 499/182/182 475/183/183 500/184/184
f 500/184/184 475/183/183 474/185/185
f 500/184/184 474/185/185 501/186/186
f 501/186/186 474/185/185 473/187/187
f 501/186/186 473/187/187 502/188/188
f 502/188/188 473/187/187 472/189/189
f 502/188/188 472/189/189 503/190/190
f 503/190/190 472/189/189 471/191/191
f 503/190/190 471/191/191 504/192/192
f 504/192/192 471/191/191 470/193/193
f 504/192/192 470/193/193 505/194/194
f 505/194/194 470/193/193 469/195/195
f 505/194/194 469/195/195 506/196/196
f 506/196/196 469/195/195 468/197/197
f 506/196/196 468/197/197 507/198/198
f 507/198/198 468/197/197 467/199/199
f 507/198/198 467/199/199 508/200/200
f 508/200/200 467/199/199 466/201/201
f 508/200/200 466/201/201 134/202/202
f 134/202/202 466/201/201 61/203/203
f 134/202/202 61/203/203 60/204/204
f 76/134/134 75/205/205 142/136/136
f 142/136/136 75/205/205 204/206/206
f 142/136/136 204/206/206 205/138/138
f 205/138/138 204/206/206 233/207/207
f 205/138/138 233/207/207 234/140/140
f 234/140/140 233/207/207 248/208/208
f 234/140/140 248/208/208 249/142/142
f 249/142/142 248/208/208 286/209/209
f 249/142/142 286/209/209 285/144/144
f 285/144/144 286/209/209 264/210/210
f 285/144/144 264/210/210 265/146/146
f 265/146/146 264/210/210 295/211/211
f 265/146/146 295/211/211 296/148/148
f 296/148/148 295/211/211 311/212/212
f 296/148/148 311/212/212 312/150/150
f 312/150/150 311/212/212 326/213/213
f 312/150/150 326/213/213 327/152/152
f 327/152/152 326/213/213 354/214/214
f 327/152/152 354/214/214 353/154/154
f 353/154/154 354/214/214 342/215/215
f 353/154/154 342/215/215 343/156/156
f 343/156/156 342/215/215 373/216/216
f 343/156/156 373/216/216 374/158/158
f 374/158/158 373/216/216 389/217/217
f 374/158/158 389/217/217 390/160/160
f 390/160/160 389/217/217 405/218/218
f 390/160/160 405/218/218 406/162/162
f 406/162/162 405/218/218 423/219/219
f 406/162/162 423/219/219 137/164/164
f 137/164/164 423/219/219 422/167/167
f 75/205/205 74/220/220 204/206/206
f 204/206/206 74/220/220 232/221/221
f 204/206/206 232/221/221 233/207/207
f 233/207/207 232/221/221 247/222/222
f 233/207/207 247/222/222 248/208/208
f 248/208/208 247/222/222 287/223/223
f 248/208/208 287/223/223 286/209/209
f 286/209/209 287/223/223 263/224/224
f 286/209/209 263/224/224 264/210/210
f 264/210/210 263/224/224 294/225/225
f 264/210/210 294/225/225 295/211/211
f 295/211/211 294/225/225 310/226/226
f 295/211/211 310/226/226 311/212/212
f 311/212/212 310/226/226 325/227/227
f 311/212/212 325/227/227 326/213/213
f 326/213/213 325/227/227 355/228/228
f 326/213/213 355/228/228 354/214/214
f 354/214/214 355/228/228 341/229/229
f 354/214/214 341/229/229 342/215/215
f 342/215/215 341/229/229 372/230/230
f 342/215/215 372/230/230 373/216/216
f 373/216/216 372/230/230 388/231/231
f 373/216/216 388/231/231 389/217/217
f 389/217/217 388/231/231 404/232/232
f 389/217/217 404/232/232 405/218/218
f 405/218/218 404/232/232 424/233/233
f 405/218/218 424/233/233 423/219/219
f 423/219/219 424/233/233 421/234/234
f 423/219/219 421/234/234 422/167/167
f 422/167/167 421/234/234 450/169/169
f 74/220/220 73/235/235 232/221/221
f 232/221/221 73/235/235 140/236/236
f 232/221/221 140/236/236 247/222/222
f 247/222/222 140/236/236 288/237/237
f 247/222/222 288/237/237 287/223/223
f 287/223/223 288/237/237 262/238/238
f 287/223/223 262/238/238 263/224/224
f 263/224/224 262/238/238 293/239/239
f 263/224/224 293/239/239 294/225/225
f 294/225/225 293/239/239 309/240/240
f 294/225/225 309/240/240 310/226/226
f 310/226/226 309/240/240 324/241/241
f 310/226/226 324/241/241 325/227/227
f 325/227/227 324/241/241 356/242/242
f 325/227/227 356/242/242 355/228/228
f 355/228/228 356/242/242 340/243/243
f 355/228/228 340/243/243 341/229/229
f 341/229/229 340/243/243 371/244/244
f 341/229/229 371/244/244 372/230/230
f 372/230/230 371/244/244 387/245/245
f 372/230/230 387/245/245 388/231/231
f 388/231/231 387/245/245 403/246/246
f 388/231/231 403/246/246 404/232/232
f 404/232/232 403/246/246 425/247/247
f 404/232/232 425/247/247 424/233/233
f 424/233/233 425/247/247 420/248/248
f 424/233/233 420/248/248 421/234/234
f 421/234/234 420/248/248 449/249/249
f 421/234/234 449/249/249 450/169/169
f 450/169/169 449/249/249 465/171/171
f 73/235/235 72/250/250 140/236/236
f 140/236/236 72/250/250 289/251/251
f 140/236/236 289/251/251 288/237/237
f 288/237/237 289/251/251 261/252/252
f 288/237/237 261/252/252 262/238/238
f 262/238/238 261/252/252 292/253/253
f 262/238/238 292/253/253 293/239/239
f 293/239/239 292/253/253 308/254/254
f 293/239/239 308/254/254 309/240/240
f 309/240/240 308/254/254 323/255/255
f 309/240/240 323/255/255 324/241/241
f 324/241/241 323/255/255 357/256/256
f 324/241/241 357/256/256 356/242/242
f 356/242/242 357/256/256 339/257/257
f 356/242/242 339/257/257 340/243/243
f 340/243/243 339/257/257 370/258/258
f 340/243/243 370/258/258 371/244/244
f 371/244/244 370/258/258 386/259/259
f 371/244/244 386/259/259 387/245/245
f 387/245/245 386/259/259 402/260/260
f 387/245/245 402/260/260 403/246/246
f 403/246/246 402/260/260 426/261/261
f 403/246/246 426/261/261 425/247/247
f 425/247/247 426/261/261 419/262/262
f 425/247/247 419/262/262 420/248/248
f 420/248/248 419/262/262 448/263/263
f 420/248/248 448/263/263 449/249/249
f 449/249/249 448/263/263 464/264/264
f 449/249/249 464/264/264 465/171/171
f 465/171/171 464/264/264 480/173/173
f 289/251/251 72/250/250 260/265/265
f 260/265/265 72/250/250 71/266/266
f 260/265/265 71/266/266 290/267/267
f 290/267/267 71/266/266 70/268/268
f 290/267/267 70/268/268 305/269/269
f 305/269/269 70/268/268 69/270/270
f 305/269/269 69/270/270 138/271/271
f 138/271/271 69/270/270 68/272/272
f 138/271/271 68/272/272 362/273/273
f 362/273/273 68/272/272 333/274/274
f 362/273/273 333/274/274 334/275/275
f 334/275/275 333/274/274 364/276/276
f 334/275/275 364/276/276 365/277/277
f 365/277/277 364/276/276 380/278/278
f 365/277/277 380/278/278 381/279/279
f 381/279/279 380/278/278 396/280/280
f 381/279/279 396/280/280 397/281/281
f 397/281/281 396/280/280 432/282/282
f 397/281/281 432/282/282 431/283/283
f 431/283/283 432/282/282 413/284/284
f 431/283/283 413/284/284 414/285/285
f 414/285/285 413/284/284 442/286/286
f 414/285/285 442/286/286 443/287/287
f 443/287/287 442/286/286 458/288/288
f 443/287/287 458/288/288 459/289/289
f 459/289/289 458/288/288 474/185/185
f 459/289/289 474/185/185 475/183/183
f 68/272/272 67/290/290 333/274/274
f 333/274/274 67/290/290 363/291/291
f 333/274/274 363/291/291 364/276/276
f 364/276/276 363/291/291 379/292/292
f 364/276/276 379/292/292 380/278/278
f 380/278/278 379/292/292 395/293/293
f 380/278/278 395/293/293 396/280/280
f 396/280/280 395/293/293 433/294/294
f 396/280/280 433/294/294 432/282/282
f 432/282/282 433/294/294 412/295/295
f 432/282/282 412/295/295 413/284/284
f 413/284/284 412/295/295 441/296/296
f 413/284/284 441/296/296 442/286/286
f 442/286/286 441/296/296 457/297/297
f 442/286/286 457/297/297 458/288/288
f 458/288/288 457/297/297 473/187/187
f 458/288/288 473/187/187 474/185/185
f 67/290/290 66/298/298 363/291/291
f 363/291/291 66/298/298 378/299/299
f 363/291/291 378/299/299 379/292/292
f 379/292/292 378/299/299 394/300/300
f 379/292/292 394/300/300 395/293/293
f 395/293/293 394/300/300 434/301/301
f 395/293/293 434/301/301 433/294/294
f 433/294/294 434/301/301 411/302/302
f 433/294/294 411/302/302 412/295/295
f 412/295/295 411/302/302 440/303/303
f 412/295/295 440/303/303 441/296/296
f 441/296/296 440/303/303 456/304/304
f 441/296/296 456/304/304 457/297/297
f 457/297/297 456/304/304 472/189/189
f 457/297/297 472/189/189 473/187/187
f 66/298/298 65/305/305 378/299/299
f 378/299/299 65/305/305 393/306/306
f 378/299/299 393/306/306 394/300/300
f 394/300/300 393/306/306 435/307/307
f 394/300/300 435/307/307 434/301/301
f 434/301/301 435/307/307 410/308/308
f 434/301/301 410/308/308 411/302/302
f 411/302/302 410/308/308 439/309/309
f 411/302/302 439/309/309 440/303/303
f 440/303/303 439/309/309 455/310/310
f 440/303/303 455/310/310 456/304/304
f 456/304/304 455/310/310 471/191/191
f 456/304/304 471/191/191 472/189/189
f 393/306/306 65/305/305 136/311/311
f 136/311/311 65/305/305 64/312/312
f 136/311/311 64/312/312 408/313/313
f 408/313/313 64/312/312 63/314/314
f 408/313/313 63/314/314 436/315/315
f 436/315/315 63/314/314 62/316/316
f 436/315/315 62/316/316 451/317/317
f 451/317/317 62/316/316 61/203/203
f 451/317/317 61/203/203 466/201/201
f 134/202/202 60/204/204 481/318/318
f 481/318/318 60/204/204 59/319/319
f 481/318/318 59/319/319 509/320/320
f 509/320/320 59/319/319 58/321/321
f 509/320/320 58/321/321 132/322/322
f 132/322/322 58/321/321 57/323/323
f 132/322/322 57/323/323 566/324/324
f 566/324/324 57/323/323 537/325/325
f 566/324/324 537/325/325 538/326/326
f 538/326/326 537/325/325 568/327/327
f 538/326/326 568/327/327 569/328/328
f 569/328/328 568/327/327 584/329/329
f 569/328/328 584/329/329 585/330/330
f 585/330/330 584/329/329 124/331/331
f 585/330/330 124/331/331 125/332/332
f 57/323/323 56/333/333 537/325/325
f 537/325/325 56/333/333 567/334/334
f 537/325/325 567/334/334 568/327/327
f 568/327/327 567/334/334 583/335/335
f 568/327/327 583/335/335 584/329/329
f 584/329/329 583/335/335 124/331/331
f 56/333/333 55/336/336 567/334/334
f 567/334/334 55/336/336 582/337/337
f 567/334/334 582/337/337 583/335/335
f 583/335/335 582/337/337 123/338/338
f 583/335/335 123/338/338 124/331/331
f 55/336/336 54/339/339 582/337/337
f 582/337/337 54/339/339 123/338/338
f 126/340/340 587/341/341 125/332/332
f 125/332/332 587/341/341 586/342/342
f 125/332/332 586/342/342 585/330/330
f 585/330/330 586/342/342 570/343/343
f 585/330/330 570/343/343 569/328/328
f 569/328/328 570/343/343 539/344/344
f 569/328/328 539/344/344 538/326/326
f 538/326/326 539/344/344 565/345/345
f 538/326/326 565/345/345 566/324/324
f 566/324/324 565/345/345 132/322/322
f 587/341/341 126/340/340 588/346/346
f 588/346/346 126/340/340 127/347/347
f 588/346/346 127/347/347 589/348/348
f 589/348/348 127/347/347 590/349/349
f 589/348/348 590/349/349 574/350/350
f 574/350/350 590/349/349 575/351/351
f 574/350/350 575/351/351 544/352/352
f 544/352/352 575/351/351 545/353/353
f 544/352/352 545/353/353 559/354/354
f 559/354/354 545/353/353 558/355/355
f 559/354/354 558/355/355 530/356/356
f 530/356/356 558/355/355 531/357/357
f 530/356/356 531/357/357 516/358/358
f 516/358/358 531/357/357 517/359/359
f 516/358/358 517/359/359 488/360/360
f 488/360/360 517/359/359 489/361/361
f 488/360/360 489/361/361 502/188/188
f 502/188/188 489/361/361 501/186/186
f 127/347/347 128/362/362 590/349/349
f 590/349/349 128/362/362 591/363/363
f 590/349/349 591/363/363 575/351/351
f 575/351/351 591/363/363 576/364/364
f 575/351/351 576/364/364 545/353/353
f 545/353/353 576/364/364 546/365/365
f 545/353/353 546/365/365 558/355/355
f 558/355/355 546/365/365 557/366/366
f 558/355/355 557/366/366 531/357/357
f 531/357/357 557/366/366 532/367/367
f 531/357/357 532/367/367 517/359/359
f 517/359/359 532/367/367 518/368/368
f 517/359/359 518/368/368 489/361/361
f 489/361/361 518/368/368 490/369/369
f 489/361/361 490/369/369 501/186/186
f 501/186/186 490/369/369 500/184/184
f 128/362/362 129/370/370 591/363/363
f 591/363/363 129/370/370 592/371/371
f 591/363/363 592/371/371 576/364/364
f 576/364/364 592/371/371 577/372/372
f 576/364/364 577/372/372 546/365/365
f 546/365/365 577/372/372 547/373/373
f 546/365/365 547/373/373 557/366/366
f 557/366/366 547/373/373 556/374/374
f 557/366/366 556/374/374 532/367/367
f 532/367/367 556/374/374 533/375/375
f 532/367/367 533/375/375 518/368/368
f 518/368/368 533/375/375 519/376/376
f 518/368/368 519/376/376 490/369/369
f 490/369/369 519/376/376 491/377/377
f 490/369/369 491/377/377 500/184/184
f 500/184/184 491/377/377 499/182/182
f 592/371/371 129/370/370 593/378/378
f 593/378/378 129/370/370 130/379/379
f 593/378/378 130/379/379 594/380/380
f 594/380/380 130/379/379 595/381/381
f 594/380/380 595/381/381 579/382/382
f 579/382/382 595/381/381 580/383/383
f 579/382/382 580/383/383 549/384/384
f 549/384/384 580/383/383 550/385/385
f 549/384/384 550/385/385 554/386/386
f 554/386/386 550/385/385 553/387/387
f 554/386/386 553/387/387 535/388/388
f 535/388/388 553/387/387 536/389/389
f 535/388/388 536/389/389 521/390/390
f 521/390/390 536/389/389 522/391/391
f 521/390/390 522/391/391 493/392/392
f 493/392/392 522/391/391 494/393/393
f 493/392/392 494/393/393 497/178/178
f 497/178/178 494/393/393 496/176/176
f 130/379/379 131/394/394 595/381/381
f 595/381/381 131/394/394 596/395/395
f 595/381/381 596/395/395 580/383/383
f 580/383/383 596/395/395 581/396/396
f 580/383/383 581/396/396 550/385/385
f 550/385/385 581/396/396 551/397/397
f 550/385/385 551/397/397 553/387/387
f 553/387/387 551/397/397 552/398/398
f 553/387/387 552/398/398 536/389/389
f 536/389/389 552/398/398 133/399/399
f 536/389/389 133/399/399 522/391/391
f 522/391/391 133/399/399 523/400/400
f 522/391/391 523/400/400 494/393/393
f 494/393/393 523/400/400 495/401/401
f 494/393/393 495/401/401 496/176/176
f 496/176/176 495/401/401 135/174/174
f 131/394/394 1/402/402 596/395/395
f 596/395/395 1/402/402 52/403/403
f 596/395/395 52/403/403 581/396/396
f 581/396/396 52/403/403 51/404/404
f 581/396/396 51/404/404 551/397/397
f 551/397/397 51/404/404 50/405/405
f 551/397/397 50/405/405 552/398/398
f 552/398/398 50/405/405 133/399/399
f 50/405/405 49/406/406 133/399/399
f 133/399/399 49/406/406 523/400/400
f 49/406/406 48/407/407 523/400/400
f 523/400/400 48/407/407 495/401/401
f 48/407/407 47/408/408 495/401/401
f 495/401/401 47/408/408 135/174/174
f 47/408/408 46/172/172 135/174/174
f 407/163/163 42/165/165 392/409/409
f 392/409/409 42/165/165 41/410/410
f 392/409/409 41/410/410 377/411/411
f 377/411/411 41/410/410 40/412/412
f 377/411/411 40/412/412 347/413/413
f 347/413/413 40/412/412 39/414/414
f 347/413/413 39/414/414 348/415/415
f 348/415/415 39/414/414 139/416/416
f 348/415/415 139/416/416 332/417/417
f 332/417/417 139/416/416 318/418/418
f 332/417/417 318/418/418 317/419/419
f 317/419/419 318/418/418 302/420/420
f 317/419/419 302/420/420 301/421/421
f 301/421/421 302/420/420 271/422/422
f 301/421/421 271/422/422 270/423/423
f 270/423/423 271/422/422 279/424/424
f 270/423/423 279/424/424 280/425/425
f 280/425/425 279/424/424 255/426/426
f 280/425/425 255/426/426 254/427/427
f 254/427/427 255/426/426 240/428/428
f 254/427/427 240/428/428 239/429/429
f 239/429/429 240/428/428 211/430/430
f 239/429/429 211/430/430 210/431/431
f 210/431/431 211/430/430 226/432/432
f 210/431/431 226/432/432 227/433/433
f 227/433/433 226/432/432 194/434/434
f 227/433/433 194/434/434 193/435/435
f 193/435/435 194/434/434 178/436/436
f 193/435/435 178/436/436 177/437/437
f 177/437/437 178/436/436 162/438/438
f 177/437/437 162/438/438 161/439/439
f 161/439/439 162/438/438 146/440/440
f 161/439/439 146/440/440 145/441/441
f 145/441/441 146/440/440 115/442/442
f 145/441/441 115/442/442 114/127/127
f 39/414/414 38/443/443 139/416/416
f 139/416/416 38/443/443 319/444/444
f 139/416/416 319/444/444 318/418/418
f 318/418/418 319/444/444 303/445/445
f 318/418/418 303/445/445 302/420/420
f 302/420/420 303/445/445 272/446/446
f 302/420/420 272/446/446 271/422/422
f 271/422/422 272/446/446 278/447/447
f 271/422/422 278/447/447 279/424/424
f 279/424/424 278/447/447 256/448/448
f 279/424/424 256/448/448 255/426/426
f 255/426/426 256/448/448 241/449/449
f 255/426/426 241/449/449 240/428/428
f 240/428/428 241/449/449 212/450/450
f 240/428/428 212/450/450 211/430/430
f 211/430/430 212/450/450 225/451/451
f 211/430/430 225/451/451 226/432/432
f 226/432/432 225/451/451 195/452/452
f 226/432/432 195/452/452 194/434/434
f 194/434/434 195/452/452 179/453/453
f 194/434/434 179/453/453 178/436/436
f 178/436/436 179/453/453 163/454/454
f 178/436/436 163/454/454 162/438/438
f 162/438/438 163/454/454 147/455/455
f 162/438/438 147/455/455 146/440/440
f 146/440/440 147/455/455 115/442/442
f 38/443/443 37/456/456 319/444/444
f 319/444/444 37/456/456 304/457/457
f 319/444/444 304/457/457 303/445/445
f 303/445/445 304/457/457 273/458/458
f 303/445/445 273/458/458 272/446/446
f 272/446/446 273/458/458 277/459/459
f 272/446/446 277/459/459 278/447/447
f 278/447/447 277/459/459 257/460/460
f 278/447/447 257/460/460 256/448/448
f 256/448/448 257/460/460 242/461/461
f 256/448/448 242/461/461 241/449/449
f 241/449/449 242/461/461 213/462/462
f 241/449/449 213/462/462 212/450/450
f 212/450/450 213/462/462 224/463/463
f 212/450/450 224/463/463 225/451/451
f 225/451/451 224/463/463 196/464/464
f 225/451/451 196/464/464 195/452/452
f 195/452/452 196/464/464 180/465/465
f 195/452/452 180/465/465 179/453/453
f 179/453/453 180/465/465 164/466/466
f 179/453/453 164/466/466 163/454/454
f 163/454/454 164/466/466 148/467/467
f 163/454/454 148/467/467 147/455/455
f 147/455/455 148/467/467 116/468/468
f 147/455/455 116/468/468 115/442/442
f 37/456/456 36/469/469 304/457/457
f 304/457/457 36/469/469 274/470/470
f 304/457/457 274/470/470 273/458/458
f 273/458/458 274/470/470 276/471/471
f 273/458/458 276/471/471 277/459/459
f 277/459/459 276/471/471 258/472/472
f 277/459/459 258/472/472 257/460/460
f 257/460/460 258/472/472 243/473/473
f 257/460/460 243/473/473 242/461/461
f 242/461/461 243/473/473 214/474/474
f 242/461/461 214/474/474 213/462/462
f 213/462/462 214/474/474 223/475/475
f 213/462/462 223/475/475 224/463/463
f 224/463/463 223/475/475 197/476/476
f 224/463/463 197/476/476 196/464/464
f 196/464/464 197/476/476 181/477/477
f 196/464/464 181/477/477 180/465/465
f 180/465/465 181/477/477 165/478/478
f 180/465/465 165/478/478 164/466/466
f 164/466/466 165/478/478 149/479/479
f 164/466/466 149/479/479 148/467/467
f 148/467/467 149/479/479 116/468/468
f 36/469/469 35/480/480 274/470/470
f 274/470/470 35/480/480 275/481/481
f 274/470/470 275/481/481 276/471/471
f 276/471/471 275/481/481 259/482/482
f 276/471/471 259/482/482 258/472/472
f 258/472/472 259/482/482 244/483/483
f 258/472/472 244/483/483 243/473/473
f 243/473/473 244/483/483 215/484/484
f 243/473/473 215/484/484 214/474/474
f 214/474/474 215/484/484 222/485/485
f 214/474/474 222/485/485 223/475/475
f 223/475/475 222/485/485 198/486/486
f 223/475/475 198/486/486 197/476/476
f 197/476/476 198/486/486 182/487/487
f 197/476/476 182/487/487 181/477/477
f 181/477/477 182/487/487 166/488/488
f 181/477/477 166/488/488 165/478/478
f 165/478/478 166/488/488 150/489/489
f 165/478/478 150/489/489 149/479/479
f 149/479/479 150/489/489 117/490/490
f 149/479/479 117/490/490 116/468/468
f 275/481/481 35/480/480 141/491/491
f 141/491/491 35/480/480 34/492/492
f 141/491/491 34/492/492 246/493/493
f 246/493/493 34/492/492 33/494/494
f 246/493/493 33/494/494 218/495/495
f 218/495/495 33/494/494 32/496/496
f 218/495/495 32/496/496 143/497/497
f 143/497/497 32/496/496 31/498/498
f 143/497/497 31/498/498 203/499/499
f 203/499/499 31/498/498 188/500/500
f 203/499/499 188/500/500 187/501/501
f 187/501/501 188/500/500 172/502/502
f 187/501/501 172/502/502 171/503/503
f 171/503/503 172/502/502 156/504/504
f 171/503/503 156/504/504 155/505/505
f 155/505/505 156/504/504 121/506/506
f 155/505/505 121/506/506 120/507/507
f 31/498/498 30/508/508 188/500/500
f 188/500/500 30/508/508 173/509/509
f 188/500/500 173/509/509 172/502/502
f 172/502/502 173/509/509 157/510/510
f 172/502/502 157/510/510 156/504/504
f 156/504/504 157/510/510 121/506/506
f 30/508/508 29/511/511 173/509/509
f 173/509/509 29/511/511 158/512/512
f 173/509/509 158/512/512 157/510/510
f 157/510/510 158/512/512 122/513/513
f 157/510/510 122/513/513 121/506/506
f 29/511/511 28/514/514 158/512/512
f 158/512/512 28/514/514 122/513/513
f 119/515/515 153/516/516 120/507/507
f 120/507/507 153/516/516 154/517/517
f 120/507/507 154/517/517 155/505/505
f 155/505/505 154/517/517 170/518/518
f 155/505/505 170/518/518 171/503/503
f 171/503/503 170/518/518 186/519/519
f 171/503/503 186/519/519 187/501/501
f 187/501/501 186/519/519 202/520/520
f 187/501/501 202/520/520 203/499/499
f 203/499/499 202/520/520 143/497/497
f 153/516/516 119/515/515 152/521/521
f 152/521/521 119/515/515 118/522/522
f 152/521/521 118/522/522 151/523/523
f 151/523/523 118/522/522 150/489/489
f 151/523/523 150/489/489 166/488/488
f 118/522/522 117/490/490 150/489/489
f 145/441/441 114/127/127 144/129/129
f 145/441/441 144/129/129 160/524/524
f 160/524/524 144/129/129 159/131/131
f 160/524/524 159/131/131 175/525/525
f 175/525/525 159/131/131 174/133/133
f 175/525/525 174/133/133 190/526/526
f 190/526/526 174/133/133 189/135/135
f 190/526/526 189/135/135 231/137/137
f 152/521/521 151/523/523 167/527/527
f 167/527/527 151/523/523 166/488/488
f 167/527/527 166/488/488 182/487/487
f 153/516/516 152/521/521 168/528/528
f 168/528/528 152/521/521 167/527/527
f 168/528/528 167/527/527 183/529/529
f 183/529/529 167/527/527 182/487/487
f 183/529/529 182/487/487 198/486/486
f 154/517/517 153/516/516 169/530/530
f 169/530/530 153/516/516 168/528/528
f 169/530/530 168/528/528 184/531/531
f 184/531/531 168/528/528 183/529/529
f 184/531/531 183/529/529 199/532/532
f 199/532/532 183/529/529 198/486/486
f 199/532/532 198/486/486 222/485/485
f 145/441/441 160/524/524 161/439/439
f 161/439/439 160/524/524 176/533/533
f 161/439/439 176/533/533 177/437/437
f 177/437/437 176/533/533 192/534/534
f 177/437/437 192/534/534 193/435/435
f 193/435/435 192/534/534 228/535/535
f 193/435/435 228/535/535 227/433/433
f 227/433/433 228/535/535 209/536/536
f 227/433/433 209/536/536 210/431/431
f 210/431/431 209/536/536 238/537/537
f 210/431/431 238/537/537 239/429/429
f 239/429/429 238/537/537 253/538/538
f 239/429/429 253/538/538 254/427/427
f 254/427/427 253/538/538 281/539/539
f 254/427/427 281/539/539 280/425/425
f 280/425/425 281/539/539 269/540/540
f 280/425/425 269/540/540 270/423/423
f 270/423/423 269/540/540 300/541/541
f 270/423/423 300/541/541 301/421/421
f 301/421/421 300/541/541 316/542/542
f 301/421/421 316/542/542 317/419/419
f 317/419/419 316/542/542 331/543/543
f 317/419/419 331/543/543 332/417/417
f 332/417/417 331/543/543 349/544/544
f 332/417/417 349/544/544 348/415/415
f 348/415/415 349/544/544 347/413/413
f 176/533/533 160/524/524 175/525/525
f 154/517/517 169/530/530 170/518/518
f 170/518/518 169/530/530 185/545/545
f 170/518/518 185/545/545 186/519/519
f 186/519/519 185/545/545 201/546/546
f 186/519/519 201/546/546 202/520/520
f 202/520/520 201/546/546 219/547/547
f 202/520/520 219/547/547 143/497/497
f 143/497/497 219/547/547 218/495/495
f 185/545/545 169/530/530 184/531/531
f 176/533/533 175/525/525 191/548/548
f 191/548/548 175/525/525 190/526/526
f 191/548/548 190/526/526 230/549/549
f 230/549/549 190/526/526 231/137/137
f 230/549/549 231/137/137 206/139/139
f 185/545/545 184/531/531 200/550/550
f 200/550/550 184/531/531 199/532/532
f 200/550/550 199/532/532 221/551/551
f 221/551/551 199/532/532 222/485/485
f 221/551/551 222/485/485 215/484/484
f 176/533/533 191/548/548 192/534/534
f 192/534/534 191/548/548 229/552/552
f 192/534/534 229/552/552 228/535/535
f 228/535/535 229/552/552 208/553/553
f 228/535/535 208/553/553 209/536/536
f 209/536/536 208/553/553 237/554/554
f 209/536/536 237/554/554 238/537/537
f 238/537/537 237/554/554 252/555/555
f 238/537/537 252/555/555 253/538/538
f 253/538/538 252/555/555 282/556/556
f 253/538/538 282/556/556 281/539/539
f 281/539/539 282/556/556 268/557/557
f 281/539/539 268/557/557 269/540/540
f 269/540/540 268/557/557 299/558/558
f 269/540/540 299/558/558 300/541/541
f 300/541/541 299/558/558 315/559/559
f 300/541/541 315/559/559 316/542/542
f 316/542/542 315/559/559 330/560/560
f 316/542/542 330/560/560 331/543/543
f 331/543/543 330/560/560 350/561/561
f 331/543/543 350/561/561 349/544/544
f 349/544/544 350/561/561 346/562/562
f 349/544/544 346/562/562 347/413/413
f 347/413/413 346/562/562 377/411/411
f 229/552/552 191/548/548 230/549/549
f 185/545/545 200/550/550 201/546/546
f 201/546/546 200/550/550 220/563/563
f 201/546/546 220/563/563 219/547/547
f 219/547/547 220/563/563 217/564/564
f 219/547/547 217/564/564 218/495/495
f 218/495/495 217/564/564 246/493/493
f 220/563/563 200/550/550 221/551/551
f 229/552/552 230/549/549 207/565/565
f 207/565/565 230/549/549 206/139/139
f 207/565/565 206/139/139 235/141/141
f 229/552/552 207/565/565 208/553/553
f 208/553/553 207/565/565 236/566/566
f 208/553/553 236/566/566 237/554/554
f 237/554/554 236/566/566 251/567/567
f 237/554/554 251/567/567 252/555/555
f 252/555/555 251/567/567 283/568/568
f 252/555/555 283/568/568 282/556/556
f 282/556/556 283/568/568 267/569/569
f 282/556/556 267/569/569 268/557/557
f 268/557/557 267/569/569 298/570/570
f 268/557/557 298/570/570 299/558/558
f 299/558/558 298/570/570 314/571/571
f 299/558/558 314/571/571 315/559/559
f 315/559/559 314/571/571 329/572/572
f 315/559/559 329/572/572 330/560/560
f 330/560/560 329/572/572 351/573/573
f 330/560/560 351/573/573 350/561/561
f 350/561/561 351/573/573 345/574/574
f 350/561/561 345/574/574 346/562/562
f 346/562/562 345/574/574 376/575/575
f 346/562/562 376/575/575 377/411/411
f 377/411/411 376/575/575 392/409/409
f 236/566/566 207/565/565 235/141/141
f 220/563/563 221/551/551 216/576/576
f 216/576/576 221/551/551 215/484/484
f 216/576/576 215/484/484 244/483/483
f 220/563/563 216/576/576 217/564/564
f 217/564/564 216/576/576 245/577/577
f 217/564/564 245/577/577 246/493/493
f 246/493/493 245/577/577 141/491/491
f 245/577/577 216/576/576 244/483/483
f 251/567/567 236/566/566 250/143/143
f 250/143/143 236/566/566 235/141/141
f 141/491/491 245/577/577 259/482/482
f 259/482/482 245/577/577 244/483/483
f 283/568/568 251/567/567 284/145/145
f 284/145/145 251/567/567 250/143/143
f 275/481/481 141/491/491 259/482/482
f 289/251/251 260/265/265 261/252/252
f 261/252/252 260/265/265 291/578/578
f 261/252/252 291/578/578 292/253/253
f 292/253/253 291/578/578 307/579/579
f 292/253/253 307/579/579 308/254/254
f 308/254/254 307/579/579 322/580/580
f 308/254/254 322/580/580 323/255/255
f 323/255/255 322/580/580 358/581/581
f 323/255/255 358/581/581 357/256/256
f 357/256/256 358/581/581 338/582/582
f 357/256/256 338/582/582 339/257/257
f 339/257/257 338/582/582 369/583/583
f 339/257/257 369/583/583 370/258/258
f 370/258/258 369/583/583 385/584/584
f 370/258/258 385/584/584 386/259/259
f 386/259/259 385/584/584 401/585/585
f 386/259/259 401/585/585 402/260/260
f 402/260/260 401/585/585 427/586/586
f 402/260/260 427/586/586 426/261/261
f 426/261/261 427/586/586 418/587/587
f 426/261/261 418/587/587 419/262/262
f 419/262/262 418/587/587 447/588/588
f 419/262/262 447/588/588 448/263/263
f 448/263/263 447/588/588 463/589/589
f 448/263/263 463/589/589 464/264/264
f 464/264/264 463/589/589 479/175/175
f 464/264/264 479/175/175 480/173/173
f 283/568/568 284/145/145 266/147/147
f 283/568/568 266/147/147 267/569/569
f 267/569/569 266/147/147 297/149/149
f 267/569/569 297/149/149 298/570/570
f 298/570/570 297/149/149 313/151/151
f 298/570/570 313/151/151 314/571/571
f 314/571/571 313/151/151 328/153/153
f 314/571/571 328/153/153 329/572/572
f 329/572/572 328/153/153 352/155/155
f 329/572/572 352/155/155 351/573/573
f 351/573/573 352/155/155 344/157/157
f 351/573/573 344/157/157 345/574/574
f 345/574/574 344/157/157 375/159/159
f 345/574/574 375/159/159 376/575/575
f 376/575/575 375/159/159 391/161/161
f 376/575/575 391/161/161 392/409/409
f 392/409/409 391/161/161 407/163/163
f 260/265/265 290/267/267 291/578/578
f 291/578/578 290/267/267 306/590/590
f 291/578/578 306/590/590 307/579/579
f 307/579/579 306/590/590 321/591/591
f 307/579/579 321/591/591 322/580/580
f 322/580/580 321/591/591 359/592/592
f 322/580/580 359/592/592 358/581/581
f 358/581/581 359/592/592 337/593/593
f 358/581/581 337/593/593 338/582/582
f 338/582/582 337/593/593 368/594/594
f 338/582/582 368/594/594 369/583/583
f 369/583/583 368/594/594 384/595/595
f 369/583/583 384/595/595 385/584/584
f 385/584/584 384/595/595 400/596/596
f 385/584/584 400/596/596 401/585/585
f 401/585/585 400/596/596 428/597/597
f 401/585/585 428/597/597 427/586/586
f 427/586/586 428/597/597 417/598/598
f 427/586/586 417/598/598 418/587/587
f 418/587/587 417/598/598 446/599/599
f 418/587/587 446/599/599 447/588/588
f 447/588/588 446/599/599 462/600/600
f 447/588/588 462/600/600 463/589/589
f 463/589/589 462/600/600 478/177/177
f 463/589/589 478/177/177 479/175/175
f 290/267/267 305/269/269 306/590/590
f 306/590/590 305/269/269 320/601/601
f 306/590/590 320/601/601 321/591/591
f 321/591/591 320/601/601 360/602/602
f 321/591/591 360/602/602 359/592/592
f 359/592/592 360/602/602 336/603/603
f 359/592/592 336/603/603 337/593/593
f 337/593/593 336/603/603 367/604/604
f 337/593/593 367/604/604 368/594/594
f 368/594/594 367/604/604 383/605/605
f 368/594/594 383/605/605 384/595/595
f 384/595/595 383/605/605 399/606/606
f 384/595/595 399/606/606 400/596/596
f 400/596/596 399/606/606 429/607/607
f 400/596/596 429/607/607 428/597/597
f 428/597/597 429/607/607 416/608/608
f 428/597/597 416/608/608 417/598/598
f 417/598/598 416/608/608 445/609/609
f 417/598/598 445/609/609 446/599/599
f 446/599/599 445/609/609 461/610/610
f 446/599/599 461/610/610 462/600/600
f 462/600/600 461/610/610 477/179/179
f 462/600/600 477/179/179 478/177/177
f 305/269/269 138/271/271 320/601/601
f 320/601/601 138/271/271 361/611/611
f 320/601/601 361/611/611 360/602/602
f 360/602/602 361/611/611 335/612/612
f 360/602/602 335/612/612 336/603/603
f 336/603/603 335/612/612 366/613/613
f 336/603/603 366/613/613 367/604/604
f 367/604/604 366/613/613 382/614/614
f 367/604/604 382/614/614 383/605/605
f 383/605/605 382/614/614 398/615/615
f 383/605/605 398/615/615 399/606/606
f 399/606/606 398/615/615 430/616/616
f 399/606/606 430/616/616 429/607/607
f 429/607/607 430/616/616 415/617/617
f 429/607/607 415/617/617 416/608/608
f 416/608/608 415/617/617 444/618/618
f 416/608/608 444/618/618 445/609/609
f 445/609/609 444/618/618 460/619/619
f 445/609/609 460/619/619 461/610/610
f 461/610/610 460/619/619 476/181/181
f 461/610/610 476/181/181 477/179/179
f 362/273/273 334/275/275 361/611/611
f 361/611/611 334/275/275 335/612/612
f 366/613/613 335/612/612 365/277/277
f 365/277/277 335/612/612 334/275/275
f 138/271/271 362/273/273 361/611/611
f 382/614/614 366/613/613 381/279/279
f 381/279/279 366/613/613 365/277/277
f 398/615/615 382/614/614 397/281/281
f 397/281/281 382/614/614 381/279/279
f 430/616/616 398/615/615 431/283/283
f 431/283/283 398/615/615 397/281/281
f 408/313/313 409/620/620 136/311/311
f 136/311/311 409/620/620 435/307/307
f 136/311/311 435/307/307 393/306/306
f 435/307/307 409/620/620 410/308/308
f 410/308/308 409/620/620 438/621/621
f 410/308/308 438/621/621 439/309/309
f 439/309/309 438/621/621 454/622/622
f 439/309/309 454/622/622 455/310/310
f 455/310/310 454/622/622 470/193/193
f 455/310/310 470/193/193 471/191/191
f 409/620/620 408/313/313 437/623/623
f 437/623/623 408/313/313 436/315/315
f 437/623/623 436/315/315 452/624/624
f 452/624/624 436/315/315 451/317/317
f 452/624/624 451/317/317 467/199/199
f 467/199/199 451/317/317 466/201/201
f 430/616/616 431/283/283 414/285/285
f 430/616/616 414/285/285 415/617/617
f 415/617/617 414/285/285 443/287/287
f 415/617/617 443/287/287 444/618/618
f 444/618/618 443/287/287 459/289/289
f 444/618/618 459/289/289 460/619/619
f 460/619/619 459/289/289 475/183/183
f 460/619/619 475/183/183 476/181/181
f 409/620/620 437/623/623 438/621/621
f 438/621/621 437/623/623 453/625/625
f 438/621/621 453/625/625 454/622/622
f 454/622/622 453/625/625 469/195/195
f 454/622/622 469/195/195 470/193/193
f 453/625/625 437/623/623 452/624/624
f 467/199/199 468/197/197 452/624/624
f 452/624/624 468/197/197 453/625/625
f 468/197/197 469/195/195 453/625/625
f 508/200/200 134/202/202 482/626/626
f 482/626/626 134/202/202 481/318/318
f 482/626/626 481/318/318 510/627/627
f 510/627/627 481/318/318 509/320/320
f 510/627/627 509/320/320 524/628/628
f 524/628/628 509/320/320 132/322/322
f 524/628/628 132/322/322 565/345/345
f 507/198/198 508/200/200 483/629/629
f 483/629/629 508/200/200 482/626/626
f 483/629/629 482/626/626 511/630/630
f 511/630/630 482/626/626 510/627/627
f 511/630/630 510/627/627 525/631/631
f 525/631/631 510/627/627 524/628/628
f 525/631/631 524/628/628 564/632/632
f 564/632/632 524/628/628 565/345/345
f 564/632/632 565/345/345 539/344/344
f 506/196/196 507/198/198 484/633/633
f 484/633/633 507/198/198 483/629/629
f 484/633/633 483/629/629 512/634/634
f 512/634/634 483/629/629 511/630/630
f 512/634/634 511/630/630 526/635/635
f 526/635/635 511/630/630 525/631/631
f 526/635/635 525/631/631 563/636/636
f 563/636/636 525/631/631 564/632/632
f 563/636/636 564/632/632 540/637/637
f 540/637/637 564/632/632 539/344/344
f 540/637/637 539/344/344 570/343/343
f 505/194/194 506/196/196 485/638/638
f 485/638/638 506/196/196 484/633/633
f 485/638/638 484/633/633 513/639/639
f 513/639/639 484/633/633 512/634/634
f 513/639/639 512/634/634 527/640/640
f 527/640/640 512/634/634 526/635/635
f 527/640/640 526/635/635 562/641/641
f 562/641/641 526/635/635 563/636/636
f 562/641/641 563/636/636 541/642/642
f 541/642/642 563/636/636 540/637/637
f 541/642/642 540/637/637 571/643/643
f 571/643/643 540/637/637 570/343/343
f 571/643/643 570/343/343 586/342/342
f 504/192/192 505/194/194 486/644/644
f 486/644/644 505/194/194 485/638/638
f 486/644/644 485/638/638 514/645/645
f 514/645/645 485/638/638 513/639/639
f 514/645/645 513/639/639 528/646/646
f 528/646/646 513/639/639 527/640/640
f 528/646/646 527/640/640 561/647/647
f 561/647/647 527/640/640 562/641/641
f 561/647/647 562/641/641 542/648/648
f 542/648/648 562/641/641 541/642/642
f 542/648/648 541/642/642 572/649/649
f 572/649/649 541/642/642 571/643/643
f 572/649/649 571/643/643 587/341/341
f 587/341/341 571/643/643 586/342/342
f 503/190/190 504/192/192 487/650/650
f 487/650/650 504/192/192 486/644/644
f 487/650/650 486/644/644 515/651/651
f 515/651/651 486/644/644 514/645/645
f 515/651/651 514/645/645 529/652/652
f 529/652/652 514/645/645 528/646/646
f 529/652/652 528/646/646 560/653/653
f 560/653/653 528/646/646 561/647/647
f 560/653/653 561/647/647 543/654/654
f 543/654/654 561/647/647 542/648/648
f 543/654/654 542/648/648 573/655/655
f 573/655/655 542/648/648 572/649/649
f 573/655/655 572/649/649 588/346/346
f 588/346/346 572/649/649 587/341/341
f 502/188/188 503/190/190 488/360/360
f 488/360/360 503/190/190 487/650/650
f 488/360/360 487/650/650 516/358/358
f 516/358/358 487/650/650 515/651/651
f 516/358/358 515/651/651 530/356/356
f 530/356/356 515/651/651 529/652/652
f 530/356/356 529/652/652 559/354/354
f 559/354/354 529/652/652 560/653/653
f 559/354/354 560/653/653 544/352/352
f 544/352/352 560/653/653 543/654/654
f 544/352/352 543/654/654 574/350/350
f 574/350/350 543/654/654 573/655/655
f 574/350/350 573/655/655 589/348/348
f 589/348/348 573/655/655 588/346/346
f 498/180/180 499/182/182 492/656/656
f 492/656/656 499/182/182 491/377/377
f 492/656/656 491/377/377 520/657/657
f 520/657/657 491/377/377 519/376/376
f 520/657/657 519/376/376 534/658/658
f 534/658/658 519/376/376 533/375/375
f 534/658/658 533/375/375 555/659/659
f 555/659/659 533/375/375 556/374/374
f 555/659/659 556/374/374 548/660/660
f 548/660/660 556/374/374 547/373/373
f 548/660/660 547/373/373 578/661/661
f 578/661/661 547/373/373 577/372/372
f 578/661/661 577/372/372 593/378/378
f 593/378/378 577/372/372 592/371/371
f 497/178/178 498/180/180 493/392/392
f 493/392/392 498/180/180 492/656/656
f 493/392/392 492/656/656 521/390/390
f 521/390/390 492/656/656 520/657/657
f 521/390/390 520/657/657 535/388/388
f 535/388/388 520/657/657 534/658/658
f 535/388/388 534/658/658 554/386/386
f 554/386/386 534/658/658 555/659/659
f 554/386/386 555/659/659 549/384/384
f 549/384/384 555/659/659 548/660/660
f 549/384/384 548/660/660 579/382/382
f 579/382/382 548/660/660 578/661/661
f 579/382/382 578/661/661 594/380/380
f 594/380/380 578/661/661 593/378/378
f 3/662/662 2/663/663 632/664/664
f 632/664/664 2/663/663 597/665/665
f 632/664/664 597/665/665 631/666/666
f 631/666/666 597/665/665 598/667/667
f 631/666/666 598/667/667 630/668/668
f 630/668/668 598/667/667 629/669/669
f 630/668/668 629/669/669 645/670/670
f 645/670/670 629/669/669 644/671/671
f 645/670/670 644/671/671 660/672/672
f 660/672/672 644/671/671 659/673/673
f 660/672/672 659/673/673 675/674/674
f 675/674/674 659/673/673 674/675/675
f 675/674/674 674/675/675 694/676/676
f 694/676/676 674/675/675 695/677/677
f 694/676/676 695/677/677 690/678/678
f 690/678/678 695/677/677 689/679/679
f 690/678/678 689/679/679 718/680/680
f 718/680/680 689/679/679 717/681/681
f 718/680/680 717/681/681 732/682/682
f 732/682/682 717/681/681 731/683/683
f 732/682/682 731/683/683 751/684/684
f 751/684/684 731/683/683 752/685/685
f 751/684/684 752/685/685 746/686/686
f 746/686/686 752/685/685 745/687/687
f 746/686/686 745/687/687 776/688/688
f 776/688/688 745/687/687 775/689/689
f 776/688/688 775/689/689 791/690/690
f 791/690/690 775/689/689 790/691/691
f 791/690/690 790/691/691 805/692/692
f 805/692/692 790/691/691 804/693/693
f 805/692/692 804/693/693 824/694/694
f 824/694/694 804/693/693 825/695/695
f 824/694/694 825/695/695 819/696/696
f 819/696/696 825/695/695 818/697/697
f 819/696/696 818/697/697 849/698/698
f 849/698/698 818/697/697 848/699/699
f 849/698/698 848/699/699 864/700/700
f 864/700/700 848/699/699 863/701/701
f 864/700/700 863/701/701 879/702/702
f 879/702/702 863/701/701 878/703/703
f 879/702/702 878/703/703 898/704/704
f 898/704/704 878/703/703 899/705/705
f 898/704/704 899/705/705 894/706/706
f 894/706/706 899/705/705 893/707/707
f 894/706/706 893/707/707 922/708/708
f 922/708/708 893/707/707 921/709/709
f 922/708/708 921/709/709 937/710/710
f 937/710/710 921/709/709 936/711/711
f 937/710/710 936/711/711 952/712/712
f 952/712/712 936/711/711 951/713/713
f 952/712/712 951/713/713 971/714/714
f 971/714/714 951/713/713 972/715/715
f 971/714/714 972/715/715 967/716/716
f 967/716/716 972/715/715 966/717/717
f 967/716/716 966/717/717 995/718/718
f 995/718/718 966/717/717 994/719/719
f 995/718/718 994/719/719 1009/720/720
f 1009/720/720 994/719/719 1008/721/721
f 1009/720/720 1008/721/721 1028/722/722
f 1028/722/722 1008/721/721 1029/723/723
f 1028/722/722 1029/723/723 1023/724/724
f 1023/724/724 1029/723/723 1022/725/725
f 1023/724/724 1022/725/725 1053/726/726
f 1053/726/726 1022/725/725 1052/727/727
f 1053/726/726 1052/727/727 1068/728/728
f 1068/728/728 1052/727/727 1067/729/729
f 1068/728/728 1067/729/729 106/730/730
f 106/730/730 1067/729/729 107/731/731
f 107/731/731 1067/729/729 1066/732/732
f 107/731/731 1066/732/732 1065/733/733
f 1065/733/733 1066/732/732 1050/734/734
f 1065/733/733 1050/734/734 1049/735/735
f 1049/735/735 1050/734/734 1019/736/736
f 1049/735/735 1019/736/736 1018/737/737
f 1018/737/737 1019/736/736 1033/738/738
f 1018/737/737 1033/738/738 1034/739/739
f 1034/739/739 1033/738/738 1003/740/740
f 1034/739/739 1003/740/740 1002/741/741
f 1002/741/741 1003/740/740 988/742/742
f 1002/741/741 988/742/742 987/743/743
f 987/743/743 988/742/742 959/744/744
f 987/743/743 959/744/744 958/745/745
f 958/745/745 959/744/744 980/746/746
f 958/745/745 980/746/746 981/747/747
f 981/747/747 980/746/746 942/748/748
f 981/747/747 942/748/748 941/749/749
f 941/749/749 942/748/748 926/750/750
f 941/749/749 926/750/750 925/751/751
f 925/751/751 926/750/750 910/752/752
f 925/751/751 910/752/752 88/753/753
f 88/753/753 910/752/752 89/754/754
f 89/754/754 910/752/752 882/755/755
f 89/754/754 882/755/755 90/756/756
f 90/756/756 882/755/755 613/757/757
f 90/756/756 613/757/757 91/758/758
f 91/758/758 613/757/757 867/759/759
f 91/758/758 867/759/759 852/760/760
f 852/760/760 867/759/759 868/761/761
f 852/760/760 868/761/761 853/762/762
f 853/762/762 868/761/761 869/763/763
f 853/762/762 869/763/763 854/764/764
f 854/764/764 869/763/763 870/765/765
f 854/764/764 870/765/765 855/766/766
f 855/766/766 870/765/765 871/767/767
f 855/766/766 871/767/767 856/768/768
f 856/768/768 871/767/767 872/769/769
f 856/768/768 872/769/769 857/770/770
f 857/770/770 872/769/769 873/771/771
f 857/770/770 873/771/771 858/772/772
f 858/772/772 873/771/771 874/773/773
f 858/772/772 874/773/773 859/774/774
f 859/774/774 874/773/773 875/775/775
f 859/774/774 875/775/775 860/776/776
f 860/776/776 875/775/775 876/777/777
f 860/776/776 876/777/777 861/778/778
f 861/778/778 876/777/777 877/779/779
f 861/778/778 877/779/779 862/780/780
f 862/780/780 877/779/779 878/703/703
f 862/780/780 878/703/703 863/701/701
f 598/667/667 599/781/781 629/669/669
f 629/669/669 599/781/781 628/782/782
f 629/669/669 628/782/782 644/671/671
f 644/671/671 628/782/782 643/783/783
f 644/671/671 643/783/783 659/673/673
f 659/673/673 643/783/783 658/784/784
f 659/673/673 658/784/784 674/675/675
f 674/675/675 658/784/784 673/785/785
f 674/675/675 673/785/785 695/677/677
f 695/677/677 673/785/785 696/786/786
f 695/677/677 696/786/786 689/679/679
f 689/679/679 696/786/786 688/787/787
f 689/679/679 688/787/787 717/681/681
f 717/681/681 688/787/787 716/788/788
f 717/681/681 716/788/788 731/683/683
f 731/683/683 716/788/788 730/789/789
f 731/683/683 730/789/789 752/685/685
f 752/685/685 730/789/789 753/790/790
f 752/685/685 753/790/790 745/687/687
f 745/687/687 753/790/790 744/791/791
f 745/687/687 744/791/791 775/689/689
f 775/689/689 744/791/791 774/792/792
f 775/689/689 774/792/792 790/691/691
f 790/691/691 774/792/792 789/793/793
f 790/691/691 789/793/793 804/693/693
f 804/693/693 789/793/793 803/794/794
f 804/693/693 803/794/794 825/695/695
f 825/695/695 803/794/794 826/795/795
f 825/695/695 826/795/795 818/697/697
f 818/697/697 826/795/795 817/796/796
f 818/697/697 817/796/796 848/699/699
f 848/699/699 817/796/796 847/797/797
f 848/699/699 847/797/797 863/701/701
f 863/701/701 847/797/797 862/780/780
f 628/782/782 599/781/781 627/798/798
f 627/798/798 599/781/781 600/799/799
f 627/798/798 600/799/799 626/800/800
f 626/800/800 600/799/799 601/801/801
f 626/800/800 601/801/801 625/802/802
f 625/802/802 601/801/801 624/803/803
f 625/802/802 624/803/803 640/804/804
f 640/804/804 624/803/803 639/805/805
f 640/804/804 639/805/805 655/806/806
f 655/806/806 639/805/805 654/807/807
f 655/806/806 654/807/807 670/808/808
f 670/808/808 654/807/807 669/809/809
f 670/808/808 669/809/809 699/810/810
f 699/810/810 669/809/809 700/811/811
f 699/810/810 700/811/811 685/812/812
f 685/812/812 700/811/811 684/813/813
f 685/812/812 684/813/813 713/814/814
f 713/814/814 684/813/813 712/815/815
f 713/814/814 712/815/815 727/816/816
f 727/816/816 712/815/815 726/817/817
f 727/816/816 726/817/817 756/818/818
f 756/818/818 726/817/817 757/819/819
f 756/818/818 757/819/819 741/820/820
f 741/820/820 757/819/819 740/821/821
f 741/820/820 740/821/821 771/822/822
f 771/822/822 740/821/821 770/823/823
f 771/822/822 770/823/823 786/824/824
f 786/824/824 770/823/823 785/825/825
f 786/824/824 785/825/825 800/826/826
f 800/826/826 785/825/825 799/827/827
f 800/826/826 799/827/827 829/828/828
f 829/828/828 799/827/827 830/829/829
f 829/828/828 830/829/829 814/830/830
f 814/830/830 830/829/829 813/831/831
f 814/830/830 813/831/831 844/832/832
f 844/832/832 813/831/831 843/833/833
f 844/832/832 843/833/833 859/774/774
f 859/774/774 843/833/833 858/772/772
f 601/801/801 602/834/834 624/803/803
f 624/803/803 602/834/834 623/835/835
f 624/803/803 623/835/835 639/805/805
f 639/805/805 623/835/835 638/836/836
f 639/805/805 638/836/836 654/807/807
f 654/807/807 638/836/836 653/837/837
f 654/807/807 653/837/837 669/809/809
f 669/809/809 653/837/837 668/838/838
f 669/809/809 668/838/838 700/811/811
f 700/811/811 668/838/838 701/839/839
f 700/811/811 701/839/839 684/813/813
f 684/813/813 701/839/839 683/840/840
f 684/813/813 683/840/840 712/815/815
f 712/815/815 683/840/840 711/841/841
f 712/815/815 711/841/841 726/817/817
f 726/817/817 711/841/841 725/842/842
f 726/817/817 725/842/842 757/819/819
f 757/819/819 725/842/842 758/843/843
f 757/819/819 758/843/843 740/821/821
f 740/821/821 758/843/843 739/844/844
f 740/821/821 739/844/844 770/823/823
f 770/823/823 739/844/844 769/845/845
f 770/823/823 769/845/845 785/825/825
f 785/825/825 769/845/845 784/846/846
f 785/825/825 784/846/846 799/827/827
f 799/827/827 784/846/846 798/847/847
f 799/827/827 798/847/847 830/829/829
f 830/829/829 798/847/847 831/848/848
f 830/829/829 831/848/848 813/831/831
f 813/831/831 831/848/848 812/849/849
f 813/831/831 812/849/849 843/833/833
f 843/833/833 812/849/849 842/850/850
f 843/833/833 842/850/850 858/772/772
f 858/772/772 842/850/850 857/770/770
f 602/834/834 603/851/851 623/835/835
f 623/835/835 603/851/851 622/852/852
f 623/835/835 622/852/852 638/836/836
f 638/836/836 622/852/852 637/853/853
f 638/836/836 637/853/853 653/837/837
f 653/837/837 637/853/853 652/854/854
f 653/837/837 652/854/854 668/838/838
f 668/838/838 652/854/854 667/855/855
f 668/838/838 667/855/855 701/839/839
f 701/839/839 667/855/855 702/856/856
f 701/839/839 702/856/856 683/840/840
f 683/840/840 702/856/856 682/857/857
f 683/840/840 682/857/857 711/841/841
f 711/841/841 682/857/857 710/858/858
f 711/841/841 710/858/858 725/842/842
f 725/842/842 710/858/858 724/859/859
f 725/842/842 724/859/859 758/843/843
f 758/843/843 724/859/859 759/860/860
f 758/843/843 759/860/860 739/844/844
f 739/844/844 759/860/860 738/861/861
f 739/844/844 738/861/861 769/845/845
f 769/845/845 738/861/861 768/862/862
f 769/845/845 768/862/862 784/846/846
f 784/846/846 768/862/862 783/863/863
f 784/846/846 783/863/863 798/847/847
f 798/847/847 783/863/863 797/864/864
f 798/847/847 797/864/864 831/848/848
f 831/848/848 797/864/864 832/865/865
f 831/848/848 832/865/865 812/849/849
f 812/849/849 832/865/865 811/866/866
f 812/849/849 811/866/866 842/850/850
f 842/850/850 811/866/866 841/867/867
f 842/850/850 841/867/867 857/770/770
f 857/770/770 841/867/867 856/768/768
f 622/852/852 603/851/851 621/868/868
f 621/868/868 603/851/851 604/869/869
f 621/868/868 604/869/869 620/870/870
f 620/870/870 604/869/869 619/871/871
f 620/870/870 619/871/871 635/872/872
f 635/872/872 619/871/871 634/873/873
f 635/872/872 634/873/873 650/874/874
f 650/874/874 634/873/873 649/875/875
f 650/874/874 649/875/875 665/876/876
f 665/876/876 649/875/875 664/877/877
f 665/876/876 664/877/877 704/878/878
f 704/878/878 664/877/877 705/879/879
f 704/878/878 705/879/879 680/880/880
f 680/880/880 705/879/879 679/881/881
f 680/880/880 679/881/881 708/882/882
f 708/882/882 679/881/881 707/883/883
f 708/882/882 707/883/883 722/884/884
f 722/884/884 707/883/883 721/885/885
f 722/884/884 721/885/885 761/886/886
f 761/886/886 721/885/885 762/887/887
f 761/886/886 762/887/887 736/888/888
f 736/888/888 762/887/887 735/889/889
f 736/888/888 735/889/889 766/890/890
f 766/890/890 735/889/889 765/891/891
f 766/890/890 765/891/891 781/892/892
f 781/892/892 765/891/891 780/893/893
f 781/892/892 780/893/893 795/894/894
f 795/894/894 780/893/893 794/895/895
f 795/894/894 794/895/895 834/896/896
f 834/896/896 794/895/895 835/897/897
f 834/896/896 835/897/897 809/898/898
f 809/898/898 835/897/897 808/899/899
f 809/898/898 808/899/899 839/900/900
f 839/900/900 808/899/899 838/901/901
f 839/900/900 838/901/901 854/764/764
f 854/764/764 838/901/901 853/762/762
f 604/869/869 605/902/902 619/871/871
f 619/871/871 605/902/902 618/903/903
f 619/871/871 618/903/903 634/873/873
f 634/873/873 618/903/903 633/904/904
f 634/873/873 633/904/904 649/875/875
f 649/875/875 633/904/904 648/905/905
f 649/875/875 648/905/905 664/877/877
f 664/877/877 648/905/905 663/906/906
f 664/877/877 663/906/906 705/879/879
f 705/879/879 663/906/906 607/907/907
f 705/879/879 607/907/907 679/881/881
f 679/881/881 607/907/907 678/908/908
f 679/881/881 678/908/908 707/883/883
f 707/883/883 678/908/908 706/909/909
f 707/883/883 706/909/909 721/885/885
f 721/885/885 706/909/909 609/910/910
f 721/885/885 609/910/910 762/887/887
f 762/887/887 609/910/910 763/911/911
f 762/887/887 763/911/911 735/889/889
f 735/889/889 763/911/911 734/912/912
f 735/889/889 734/912/912 765/891/891
f 765/891/891 734/912/912 764/913/913
f 765/891/891 764/913/913 780/893/893
f 780/893/893 764/913/913 779/914/914
f 780/893/893 779/914/914 794/895/895
f 794/895/895 779/914/914 611/915/915
f 794/895/895 611/915/915 835/897/897
f 835/897/897 611/915/915 836/916/916
f 835/897/897 836/916/916 808/899/899
f 808/899/899 836/916/916 807/917/917
f 808/899/899 807/917/917 838/901/901
f 838/901/901 807/917/917 837/918/918
f 838/901/901 837/918/918 853/762/762
f 853/762/762 837/918/918 852/760/760
f 605/902/902 53/919/919 618/903/903
f 618/903/903 53/919/919 104/920/920
f 618/903/903 104/920/920 633/904/904
f 633/904/904 104/920/920 103/921/921
f 633/904/904 103/921/921 648/905/905
f 648/905/905 103/921/921 102/922/922
f 648/905/905 102/922/922 663/906/906
f 663/906/906 102/922/922 607/907/907
f 102/922/922 101/923/923 607/907/907
f 607/907/907 101/923/923 678/908/908
f 101/923/923 100/924/924 678/908/908
f 678/908/908 100/924/924 706/909/909
f 100/924/924 99/925/925 706/909/909
f 706/909/909 99/925/925 609/910/910
f 99/925/925 98/926/926 609/910/910
f 609/910/910 98/926/926 763/911/911
f 763/911/911 98/926/926 734/912/912
f 734/912/912 98/926/926 97/927/927
f 734/912/912 97/927/927 764/913/913
f 764/913/913 97/927/927 96/928/928
f 764/913/913 96/928/928 779/914/914
f 779/914/914 96/928/928 95/929/929
f 779/914/914 95/929/929 611/915/915
f 611/915/915 95/929/929 94/930/930
f 611/915/915 94/930/930 836/916/916
f 836/916/916 94/930/930 807/917/917
f 94/930/930 93/931/931 807/917/917
f 807/917/917 93/931/931 837/918/918
f 93/931/931 92/932/932 837/918/918
f 837/918/918 92/932/932 852/760/760
f 92/932/932 91/758/758 852/760/760
f 88/753/753 87/933/933 925/751/751
f 925/751/751 87/933/933 940/934/934
f 925/751/751 940/934/934 941/749/749
f 941/749/749 940/934/934 982/935/935
f 941/749/749 982/935/935 981/747/747
f 981/747/747 982/935/935 957/936/936
f 981/747/747 957/936/936 958/745/745
f 958/745/745 957/936/936 986/937/937
f 958/745/745 986/937/937 987/743/743
f 987/743/743 986/937/937 1001/938/938
f 987/743/743 1001/938/938 1002/741/741
f 1002/741/741 1001/938/938 1035/939/939
f 1002/741/741 1035/939/939 1034/739/739
f 1034/739/739 1035/939/939 1017/940/940
f 1034/739/739 1017/940/940 1018/737/737
f 1018/737/737 1017/940/940 1048/941/941
f 1018/737/737 1048/941/941 1049/735/735
f 1049/735/735 1048/941/941 1064/942/942
f 1049/735/735 1064/942/942 1065/733/733
f 1065/733/733 1064/942/942 108/943/943
f 1065/733/733 108/943/943 107/731/731
f 940/934/934 87/933/933 615/944/944
f 615/944/944 87/933/933 86/945/945
f 615/944/944 86/945/945 955/946/946
f 955/946/946 86/945/945 85/947/947
f 955/946/946 85/947/947 983/948/948
f 983/948/948 85/947/947 84/949/949
f 983/948/948 84/949/949 617/950/950
f 617/950/950 84/949/949 83/951/951
f 617/950/950 83/951/951 1040/952/952
f 1040/952/952 83/951/951 1011/953/953
f 1040/952/952 1011/953/953 1012/954/954
f 1012/954/954 1011/953/953 1042/955/955
f 1012/954/954 1042/955/955 1043/956/956
f 1043/956/956 1042/955/955 1058/957/957
f 1043/956/956 1058/957/957 1059/958/958
f 1059/958/958 1058/957/957 112/959/959
f 1059/958/958 112/959/959 111/960/960
f 83/951/951 82/961/961 1011/953/953
f 1011/953/953 82/961/961 1041/962/962
f 1011/953/953 1041/962/962 1042/955/955
f 1042/955/955 1041/962/962 1057/963/963
f 1042/955/955 1057/963/963 1058/957/957
f 1058/957/957 1057/963/963 112/959/959
f 82/961/961 81/964/964 1041/962/962
f 1041/962/962 81/964/964 1056/965/965
f 1041/962/962 1056/965/965 1057/963/963
f 1057/963/963 1056/965/965 113/966/966
f 1057/963/963 113/966/966 112/959/959
f 81/964/964 80/967/967 1056/965/965
f 1056/965/965 80/967/967 113/966/966
f 110/968/968 1061/969/969 111/960/960
f 111/960/960 1061/969/969 1060/970/970
f 111/960/960 1060/970/970 1059/958/958
f 1059/958/958 1060/970/970 1044/971/971
f 1059/958/958 1044/971/971 1043/956/956
f 1043/956/956 1044/971/971 1013/972/972
f 1043/956/956 1013/972/972 1012/954/954
f 1012/954/954 1013/972/972 1039/973/973
f 1012/954/954 1039/973/973 1040/952/952
f 1040/952/952 1039/973/973 617/950/950
f 1061/969/969 110/968/968 1062/974/974
f 1062/974/974 110/968/968 109/975/975
f 1062/974/974 109/975/975 1063/976/976
f 1063/976/976 109/975/975 1064/942/942
f 1063/976/976 1064/942/942 1048/941/941
f 109/975/975 108/943/943 1064/942/942
f 1068/728/728 106/730/730 1069/977/977
f 1069/977/977 106/730/730 105/978/978
f 1069/977/977 105/978/978 1070/979/979
f 1070/979/979 105/978/978 27/980/980
f 1070/979/979 27/980/980 26/981/981
f 1070/979/979 26/981/981 1055/982/982
f 1055/982/982 26/981/981 25/983/983
f 1055/982/982 25/983/983 1025/984/984
f 1025/984/984 25/983/983 24/985/985
f 1025/984/984 24/985/985 1026/986/986
f 1026/986/986 24/985/985 616/987/987
f 1026/986/986 616/987/987 1010/988/988
f 1010/988/988 616/987/987 996/989/989
f 1010/988/988 996/989/989 995/718/718
f 995/718/718 996/989/989 967/716/716
f 24/985/985 23/990/990 616/987/987
f 616/987/987 23/990/990 997/991/991
f 616/987/987 997/991/991 996/989/989
f 996/989/989 997/991/991 968/992/992
f 996/989/989 968/992/992 967/716/716
f 967/716/716 968/992/992 971/714/714
f 23/990/990 22/993/993 997/991/991
f 997/991/991 22/993/993 969/994/994
f 997/991/991 969/994/994 968/992/992
f 968/992/992 969/994/994 970/995/995
f 968/992/992 970/995/995 971/714/714
f 971/714/714 970/995/995 952/712/712
f 22/993/993 21/996/996 969/994/994
f 969/994/994 21/996/996 614/997/997
f 969/994/994 614/997/997 970/995/995
f 970/995/995 614/997/997 953/998/998
f 970/995/995 953/998/998 952/712/712
f 952/712/712 953/998/998 937/710/710
f 21/996/996 20/999/999 614/997/997
f 614/997/997 20/999/999 954/1000/1000
f 614/997/997 954/1000/1000 953/998/998
f 953/998/998 954/1000/1000 938/1001/1001
f 953/998/998 938/1001/1001 937/710/710
f 937/710/710 938/1001/1001 922/708/708
f 954/1000/1000 20/999/999 939/1002/1002
f 939/1002/1002 20/999/999 19/1003/1003
f 939/1002/1002 19/1003/1003 924/1004/1004
f 924/1004/1004 19/1003/1003 18/1005/1005
f 924/1004/1004 18/1005/1005 896/1006/1006
f 896/1006/1006 18/1005/1005 17/1007/1007
f 896/1006/1006 17/1007/1007 612/1008/1008
f 612/1008/1008 17/1007/1007 16/1009/1009
f 612/1008/1008 16/1009/1009 881/1010/1010
f 881/1010/1010 16/1009/1009 866/1011/1011
f 881/1010/1010 866/1011/1011 865/1012/1012
f 865/1012/1012 866/1011/1011 850/1013/1013
f 865/1012/1012 850/1013/1013 849/698/698
f 849/698/698 850/1013/1013 819/696/696
f 16/1009/1009 15/1014/1014 866/1011/1011
f 866/1011/1011 15/1014/1014 851/1015/1015
f 866/1011/1011 851/1015/1015 850/1013/1013
f 850/1013/1013 851/1015/1015 820/1016/1016
f 850/1013/1013 820/1016/1016 819/696/696
f 819/696/696 820/1016/1016 824/694/694
f 15/1014/1014 14/1017/1017 851/1015/1015
f 851/1015/1015 14/1017/1017 821/1018/1018
f 851/1015/1015 821/1018/1018 820/1016/1016
f 820/1016/1016 821/1018/1018 823/1019/1019
f 820/1016/1016 823/1019/1019 824/694/694
f 824/694/694 823/1019/1019 805/692/692
f 14/1017/1017 13/1020/1020 821/1018/1018
f 821/1018/1018 13/1020/1020 822/1021/1021
f 821/1018/1018 822/1021/1021 823/1019/1019
f 823/1019/1019 822/1021/1021 806/1022/1022
f 823/1019/1019 806/1022/1022 805/692/692
f 805/692/692 806/1022/1022 791/690/690
f 822/1021/1021 13/1020/1020 610/1023/1023
f 610/1023/1023 13/1020/1020 12/1024/1024
f 610/1023/1023 12/1024/1024 793/1025/1025
f 793/1025/1025 12/1024/1024 11/1026/1026
f 793/1025/1025 11/1026/1026 778/1027/1027
f 778/1027/1027 11/1026/1026 10/1028/1028
f 778/1027/1027 10/1028/1028 748/1029/1029
f 748/1029/1029 10/1028/1028 9/1030/1030
f 748/1029/1029 9/1030/1030 749/1031/1031
f 749/1031/1031 9/1030/1030 608/1032/1032
f 749/1031/1031 608/1032/1032 733/1033/1033
f 733/1033/1033 608/1032/1032 719/1034/1034
f 733/1033/1033 719/1034/1034 718/680/680
f 718/680/680 719/1034/1034 690/678/678
f 9/1030/1030 8/1035/1035 608/1032/1032
f 608/1032/1032 8/1035/1035 720/1036/1036
f 608/1032/1032 720/1036/1036 719/1034/1034
f 719/1034/1034 720/1036/1036 691/1037/1037
f 719/1034/1034 691/1037/1037 690/678/678
f 690/678/678 691/1037/1037 694/676/676
f 8/1035/1035 7/1038/1038 720/1036/1036
f 720/1036/1036 7/1038/1038 692/1039/1039
f 720/1036/1036 692/1039/1039 691/1037/1037
f 691/1037/1037 692/1039/1039 693/1040/1040
f 691/1037/1037 693/1040/1040 694/676/676
f 694/676/676 693/1040/1040 675/674/674
f 7/1038/1038 6/1041/1041 692/1039/1039
f 692/1039/1039 6/1041/1041 606/1042/1042
f 692/1039/1039 606/1042/1042 693/1040/1040
f 693/1040/1040 606/1042/1042 676/1043/1043
f 693/1040/1040 676/1043/1043 675/674/674
f 675/674/674 676/1043/1043 660/672/672
f 6/1041/1041 5/1044/1044 606/1042/1042
f 606/1042/1042 5/1044/1044 677/1045/1045
f 606/1042/1042 677/1045/1045 676/1043/1043
f 676/1043/1043 677/1045/1045 661/1046/1046
f 676/1043/1043 661/1046/1046 660/672/672
f 660/672/672 661/1046/1046 645/670/670
f 677/1045/1045 5/1044/1044 662/1047/1047
f 662/1047/1047 5/1044/1044 4/1048/1048
f 662/1047/1047 4/1048/1048 647/1049/1049
f 647/1049/1049 4/1048/1048 3/662/662
f 647/1049/1049 3/662/662 632/664/664
f 637/853/853 622/852/852 621/868/868
f 621/868/868 620/870/870 636/1050/1050
f 636/1050/1050 620/870/870 635/872/872
f 636/1050/1050 635/872/872 651/1051/1051
f 651/1051/1051 635/872/872 650/874/874
f 651/1051/1051 650/874/874 666/1052/1052
f 666/1052/1052 650/874/874 665/876/876
f 666/1052/1052 665/876/876 703/1053/1053
f 703/1053/1053 665/876/876 704/878/878
f 703/1053/1053 704/878/878 681/1054/1054
f 681/1054/1054 704/878/878 680/880/880
f 681/1054/1054 680/880/880 709/1055/1055
f 709/1055/1055 680/880/880 708/882/882
f 709/1055/1055 708/882/882 723/1056/1056
f 723/1056/1056 708/882/882 722/884/884
f 723/1056/1056 722/884/884 760/1057/1057
f 760/1057/1057 722/884/884 761/886/886
f 760/1057/1057 761/886/886 737/1058/1058
f 737/1058/1058 761/886/886 736/888/888
f 737/1058/1058 736/888/888 767/1059/1059
f 767/1059/1059 736/888/888 766/890/890
f 767/1059/1059 766/890/890 782/1060/1060
f 782/1060/1060 766/890/890 781/892/892
f 782/1060/1060 781/892/892 796/1061/1061
f 796/1061/1061 781/892/892 795/894/894
f 796/1061/1061 795/894/894 833/1062/1062
f 833/1062/1062 795/894/894 834/896/896
f 833/1062/1062 834/896/896 810/1063/1063
f 810/1063/1063 834/896/896 809/898/898
f 810/1063/1063 809/898/898 840/1064/1064
f 840/1064/1064 809/898/898 839/900/900
f 840/1064/1064 839/900/900 855/766/766
f 855/766/766 839/900/900 854/764/764
f 626/800/800 625/802/802 641/1065/1065
f 641/1065/1065 625/802/802 640/804/804
f 641/1065/1065 640/804/804 656/1066/1066
f 656/1066/1066 640/804/804 655/806/806
f 656/1066/1066 655/806/806 671/1067/1067
f 671/1067/1067 655/806/806 670/808/808
f 671/1067/1067 670/808/808 698/1068/1068
f 698/1068/1068 670/808/808 699/810/810
f 698/1068/1068 699/810/810 686/1069/1069
f 686/1069/1069 699/810/810 685/812/812
f 686/1069/1069 685/812/812 714/1070/1070
f 714/1070/1070 685/812/812 713/814/814
f 714/1070/1070 713/814/814 728/1071/1071
f 728/1071/1071 713/814/814 727/816/816
f 728/1071/1071 727/816/816 755/1072/1072
f 755/1072/1072 727/816/816 756/818/818
f 755/1072/1072 756/818/818 742/1073/1073
f 742/1073/1073 756/818/818 741/820/820
f 742/1073/1073 741/820/820 772/1074/1074
f 772/1074/1074 741/820/820 771/822/822
f 772/1074/1074 771/822/822 787/1075/1075
f 787/1075/1075 771/822/822 786/824/824
f 787/1075/1075 786/824/824 801/1076/1076
f 801/1076/1076 786/824/824 800/826/826
f 801/1076/1076 800/826/826 828/1077/1077
f 828/1077/1077 800/826/826 829/828/828
f 828/1077/1077 829/828/828 815/1078/1078
f 815/1078/1078 829/828/828 814/830/830
f 815/1078/1078 814/830/830 845/1079/1079
f 845/1079/1079 814/830/830 844/832/832
f 845/1079/1079 844/832/832 860/776/776
f 860/776/776 844/832/832 859/774/774
f 643/783/783 628/782/782 627/798/798
f 627/798/798 626/800/800 642/1080/1080
f 642/1080/1080 626/800/800 641/1065/1065
f 642/1080/1080 641/1065/1065 657/1081/1081
f 657/1081/1081 641/1065/1065 656/1066/1066
f 657/1081/1081 656/1066/1066 672/1082/1082
f 672/1082/1082 656/1066/1066 671/1067/1067
f 672/1082/1082 671/1067/1067 697/1083/1083
f 697/1083/1083 671/1067/1067 698/1068/1068
f 697/1083/1083 698/1068/1068 687/1084/1084
f 687/1084/1084 698/1068/1068 686/1069/1069
f 687/1084/1084 686/1069/1069 715/1085/1085
f 715/1085/1085 686/1069/1069 714/1070/1070
f 715/1085/1085 714/1070/1070 729/1086/1086
f 729/1086/1086 714/1070/1070 728/1071/1071
f 729/1086/1086 728/1071/1071 754/1087/1087
f 754/1087/1087 728/1071/1071 755/1072/1072
f 754/1087/1087 755/1072/1072 743/1088/1088
f 743/1088/1088 755/1072/1072 742/1073/1073
f 743/1088/1088 742/1073/1073 773/1089/1089
f 773/1089/1089 742/1073/1073 772/1074/1074
f 773/1089/1089 772/1074/1074 788/1090/1090
f 788/1090/1090 772/1074/1074 787/1075/1075
f 788/1090/1090 787/1075/1075 802/1091/1091
f 802/1091/1091 787/1075/1075 801/1076/1076
f 802/1091/1091 801/1076/1076 827/1092/1092
f 827/1092/1092 801/1076/1076 828/1077/1077
f 827/1092/1092 828/1077/1077 816/1093/1093
f 816/1093/1093 828/1077/1077 815/1078/1078
f 816/1093/1093 815/1078/1078 846/1094/1094
f 846/1094/1094 815/1078/1078 845/1079/1079
f 846/1094/1094 845/1079/1079 861/778/778
f 861/778/778 845/1079/1079 860/776/776
f 647/1049/1049 632/664/664 631/666/666
f 631/666/666 630/668/668 646/1095/1095
f 646/1095/1095 630/668/668 645/670/670
f 646/1095/1095 645/670/670 661/1046/1046
f 652/854/854 637/853/853 636/1050/1050
f 636/1050/1050 637/853/853 621/868/868
f 652/854/854 636/1050/1050 651/1051/1051
f 658/784/784 643/783/783 642/1080/1080
f 642/1080/1080 643/783/783 627/798/798
f 658/784/784 642/1080/1080 657/1081/1081
f 662/1047/1047 647/1049/1049 646/1095/1095
f 646/1095/1095 647/1049/1049 631/666/666
f 662/1047/1047 646/1095/1095 661/1046/1046
f 667/855/855 652/854/854 651/1051/1051
f 667/855/855 651/1051/1051 666/1052/1052
f 673/785/785 658/784/784 657/1081/1081
f 673/785/785 657/1081/1081 672/1082/1082
f 677/1045/1045 662/1047/1047 661/1046/1046
f 702/856/856 667/855/855 666/1052/1052
f 702/856/856 666/1052/1052 703/1053/1053
f 696/786/786 673/785/785 672/1082/1082
f 696/786/786 672/1082/1082 697/1083/1083
f 702/856/856 703/1053/1053 682/857/857
f 682/857/857 703/1053/1053 681/1054/1054
f 682/857/857 681/1054/1054 710/858/858
f 710/858/858 681/1054/1054 709/1055/1055
f 710/858/858 709/1055/1055 724/859/859
f 724/859/859 709/1055/1055 723/1056/1056
f 724/859/859 723/1056/1056 759/860/860
f 759/860/860 723/1056/1056 760/1057/1057
f 759/860/860 760/1057/1057 738/861/861
f 738/861/861 760/1057/1057 737/1058/1058
f 738/861/861 737/1058/1058 768/862/862
f 768/862/862 737/1058/1058 767/1059/1059
f 768/862/862 767/1059/1059 783/863/863
f 783/863/863 767/1059/1059 782/1060/1060
f 783/863/863 782/1060/1060 797/864/864
f 797/864/864 782/1060/1060 796/1061/1061
f 797/864/864 796/1061/1061 832/865/865
f 832/865/865 796/1061/1061 833/1062/1062
f 832/865/865 833/1062/1062 811/866/866
f 811/866/866 833/1062/1062 810/1063/1063
f 811/866/866 810/1063/1063 841/867/867
f 841/867/867 810/1063/1063 840/1064/1064
f 841/867/867 840/1064/1064 856/768/768
f 856/768/768 840/1064/1064 855/766/766
f 696/786/786 697/1083/1083 688/787/787
f 688/787/787 697/1083/1083 687/1084/1084
f 688/787/787 687/1084/1084 716/788/788
f 716/788/788 687/1084/1084 715/1085/1085
f 716/788/788 715/1085/1085 730/789/789
f 730/789/789 715/1085/1085 729/1086/1086
f 730/789/789 729/1086/1086 753/790/790
f 753/790/790 729/1086/1086 754/1087/1087
f 753/790/790 754/1087/1087 744/791/791
f 744/791/791 754/1087/1087 743/1088/1088
f 744/791/791 743/1088/1088 774/792/792
f 774/792/792 743/1088/1088 773/1089/1089
f 774/792/792 773/1089/1089 789/793/793
f 789/793/793 773/1089/1089 788/1090/1090
f 789/793/793 788/1090/1090 803/794/794
f 803/794/794 788/1090/1090 802/1091/1091
f 803/794/794 802/1091/1091 826/795/795
f 826/795/795 802/1091/1091 827/1092/1092
f 826/795/795 827/1092/1092 817/796/796
f 817/796/796 827/1092/1092 816/1093/1093
f 817/796/796 816/1093/1093 847/797/797
f 847/797/797 816/1093/1093 846/1094/1094
f 847/797/797 846/1094/1094 862/780/780
f 862/780/780 846/1094/1094 861/778/778
f 733/1033/1033 718/680/680 732/682/682
f 733/1033/1033 732/682/682 750/1096/1096
f 750/1096/1096 732/682/682 751/684/684
f 750/1096/1096 751/684/684 747/1097/1097
f 747/1097/1097 751/684/684 746/686/686
f 747/1097/1097 746/686/686 777/1098/1098
f 777/1098/1098 746/686/686 776/688/688
f 777/1098/1098 776/688/688 792/1099/1099
f 792/1099/1099 776/688/688 791/690/690
f 792/1099/1099 791/690/690 806/1022/1022
f 747/1097/1097 748/1029/1029 750/1096/1096
f 750/1096/1096 748/1029/1029 749/1031/1031
f 750/1096/1096 749/1031/1031 733/1033/1033
f 748/1029/1029 747/1097/1097 778/1027/1027
f 778/1027/1027 747/1097/1097 777/1098/1098
f 778/1027/1027 777/1098/1098 793/1025/1025
f 793/1025/1025 777/1098/1098 792/1099/1099
f 793/1025/1025 792/1099/1099 610/1023/1023
f 610/1023/1023 792/1099/1099 806/1022/1022
f 610/1023/1023 806/1022/1022 822/1021/1021
f 865/1012/1012 849/698/698 864/700/700
f 865/1012/1012 864/700/700 880/1100/1100
f 880/1100/1100 864/700/700 879/702/702
f 880/1100/1100 879/702/702 897/1101/1101
f 897/1101/1101 879/702/702 898/704/704
f 897/1101/1101 898/704/704 895/1102/1102
f 895/1102/1102 898/704/704 894/706/706
f 895/1102/1102 894/706/706 923/1103/1103
f 923/1103/1103 894/706/706 922/708/708
f 923/1103/1103 922/708/708 938/1001/1001
f 868/761/761 867/759/759 909/1104/1104
f 909/1104/1104 867/759/759 613/757/757
f 909/1104/1104 613/757/757 883/1105/1105
f 883/1105/1105 613/757/757 882/755/755
f 883/1105/1105 882/755/755 911/1106/1106
f 911/1106/1106 882/755/755 910/752/752
f 911/1106/1106 910/752/752 926/750/750
f 869/763/763 868/761/761 908/1107/1107
f 908/1107/1107 868/761/761 909/1104/1104
f 908/1107/1107 909/1104/1104 884/1108/1108
f 884/1108/1108 909/1104/1104 883/1105/1105
f 884/1108/1108 883/1105/1105 912/1109/1109
f 912/1109/1109 883/1105/1105 911/1106/1106
f 912/1109/1109 911/1106/1106 927/1110/1110
f 927/1110/1110 911/1106/1106 926/750/750
f 927/1110/1110 926/750/750 942/748/748
f 870/765/765 869/763/763 907/1111/1111
f 907/1111/1111 869/763/763 908/1107/1107
f 907/1111/1111 908/1107/1107 885/1112/1112
f 885/1112/1112 908/1107/1107 884/1108/1108
f 885/1112/1112 884/1108/1108 913/1113/1113
f 913/1113/1113 884/1108/1108 912/1109/1109
f 913/1113/1113 912/1109/1109 928/1114/1114
f 928/1114/1114 912/1109/1109 927/1110/1110
f 928/1114/1114 927/1110/1110 943/1115/1115
f 943/1115/1115 927/1110/1110 942/748/748
f 943/1115/1115 942/748/748 980/746/746
f 871/767/767 870/765/765 906/1116/1116
f 906/1116/1116 870/765/765 907/1111/1111
f 906/1116/1116 907/1111/1111 886/1117/1117
f 886/1117/1117 907/1111/1111 885/1112/1112
f 886/1117/1117 885/1112/1112 914/1118/1118
f 914/1118/1118 885/1112/1112 913/1113/1113
f 914/1118/1118 913/1113/1113 929/1119/1119
f 929/1119/1119 913/1113/1113 928/1114/1114
f 929/1119/1119 928/1114/1114 944/1120/1120
f 944/1120/1120 928/1114/1114 943/1115/1115
f 944/1120/1120 943/1115/1115 979/1121/1121
f 979/1121/1121 943/1115/1115 980/746/746
f 979/1121/1121 980/746/746 959/744/744
f 872/769/769 871/767/767 905/1122/1122
f 905/1122/1122 871/767/767 906/1116/1116
f 905/1122/1122 906/1116/1116 887/1123/1123
f 887/1123/1123 906/1116/1116 886/1117/1117
f 887/1123/1123 886/1117/1117 915/1124/1124
f 915/1124/1124 886/1117/1117 914/1118/1118
f 915/1124/1124 914/1118/1118 930/1125/1125
f 930/1125/1125 914/1118/1118 929/1119/1119
f 930/1125/1125 929/1119/1119 945/1126/1126
f 945/1126/1126 929/1119/1119 944/1120/1120
f 945/1126/1126 944/1120/1120 978/1127/1127
f 978/1127/1127 944/1120/1120 979/1121/1121
f 978/1127/1127 979/1121/1121 960/1128/1128
f 960/1128/1128 979/1121/1121 959/744/744
f 960/1128/1128 959/744/744 988/742/742
f 873/771/771 872/769/769 904/1129/1129
f 904/1129/1129 872/769/769 905/1122/1122
f 904/1129/1129 905/1122/1122 888/1130/1130
f 888/1130/1130 905/1122/1122 887/1123/1123
f 888/1130/1130 887/1123/1123 916/1131/1131
f 916/1131/1131 887/1123/1123 915/1124/1124
f 916/1131/1131 915/1124/1124 931/1132/1132
f 931/1132/1132 915/1124/1124 930/1125/1125
f 931/1132/1132 930/1125/1125 946/1133/1133
f 946/1133/1133 930/1125/1125 945/1126/1126
f 946/1133/1133 945/1126/1126 977/1134/1134
f 977/1134/1134 945/1126/1126 978/1127/1127
f 977/1134/1134 978/1127/1127 961/1135/1135
f 961/1135/1135 978/1127/1127 960/1128/1128
f 961/1135/1135 960/1128/1128 989/1136/1136
f 989/1136/1136 960/1128/1128 988/742/742
f 989/1136/1136 988/742/742 1003/740/740
f 874/773/773 873/771/771 903/1137/1137
f 903/1137/1137 873/771/771 904/1129/1129
f 903/1137/1137 904/1129/1129 889/1138/1138
f 889/1138/1138 904/1129/1129 888/1130/1130
f 889/1138/1138 888/1130/1130 917/1139/1139
f 917/1139/1139 888/1130/1130 916/1131/1131
f 917/1139/1139 916/1131/1131 932/1140/1140
f 932/1140/1140 916/1131/1131 931/1132/1132
f 932/1140/1140 931/1132/1132 947/1141/1141
f 947/1141/1141 931/1132/1132 946/1133/1133
f 947/1141/1141 946/1133/1133 976/1142/1142
f 976/1142/1142 946/1133/1133 977/1134/1134
f 976/1142/1142 977/1134/1134 962/1143/1143
f 962/1143/1143 977/1134/1134 961/1135/1135
f 962/1143/1143 961/1135/1135 990/1144/1144
f 990/1144/1144 961/1135/1135 989/1136/1136
f 990/1144/1144 989/1136/1136 1004/1145/1145
f 1004/1145/1145 989/1136/1136 1003/740/740
f 1004/1145/1145 1003/740/740 1033/738/738
f 875/775/775 874/773/773 902/1146/1146
f 902/1146/1146 874/773/773 903/1137/1137
f 902/1146/1146 903/1137/1137 890/1147/1147
f 890/1147/1147 903/1137/1137 889/1138/1138
f 890/1147/1147 889/1138/1138 918/1148/1148
f 918/1148/1148 889/1138/1138 917/1139/1139
f 918/1148/1148 917/1139/1139 933/1149/1149
f 933/1149/1149 917/1139/1139 932/1140/1140
f 933/1149/1149 932/1140/1140 948/1150/1150
f 948/1150/1150 932/1140/1140 947/1141/1141
f 948/1150/1150 947/1141/1141 975/1151/1151
f 975/1151/1151 947/1141/1141 976/1142/1142
f 975/1151/1151 976/1142/1142 963/1152/1152
f 963/1152/1152 976/1142/1142 962/1143/1143
f 963/1152/1152 962/1143/1143 991/1153/1153
f 991/1153/1153 962/1143/1143 990/1144/1144
f 991/1153/1153 990/1144/1144 1005/1154/1154
f 1005/1154/1154 990/1144/1144 1004/1145/1145
f 1005/1154/1154 1004/1145/1145 1032/1155/1155
f 1032/1155/1155 1004/1145/1145 1033/738/738
f 1032/1155/1155 1033/738/738 1019/736/736
f 876/777/777 875/775/775 901/1156/1156
f 901/1156/1156 875/775/775 902/1146/1146
f 901/1156/1156 902/1146/1146 891/1157/1157
f 891/1157/1157 902/1146/1146 890/1147/1147
f 891/1157/1157 890/1147/1147 919/1158/1158
f 919/1158/1158 890/1147/1147 918/1148/1148
f 919/1158/1158 918/1148/1148 934/1159/1159
f 934/1159/1159 918/1148/1148 933/1149/1149
f 934/1159/1159 933/1149/1149 949/1160/1160
f 949/1160/1160 933/1149/1149 948/1150/1150
f 949/1160/1160 948/1150/1150 974/1161/1161
f 974/1161/1161 948/1150/1150 975/1151/1151
f 974/1161/1161 975/1151/1151 964/1162/1162
f 964/1162/1162 975/1151/1151 963/1152/1152
f 964/1162/1162 963/1152/1152 992/1163/1163
f 992/1163/1163 963/1152/1152 991/1153/1153
f 992/1163/1163 991/1153/1153 1006/1164/1164
f 1006/1164/1164 991/1153/1153 1005/1154/1154
f 1006/1164/1164 1005/1154/1154 1031/1165/1165
f 1031/1165/1165 1005/1154/1154 1032/1155/1155
f 1031/1165/1165 1032/1155/1155 1020/1166/1166
f 1020/1166/1166 1032/1155/1155 1019/736/736
f 1020/1166/1166 1019/736/736 1050/734/734
f 899/705/705 878/703/703 877/779/779
f 877/779/779 876/777/777 900/1167/1167
f 900/1167/1167 876/777/777 901/1156/1156
f 900/1167/1167 901/1156/1156 892/1168/1168
f 892/1168/1168 901/1156/1156 891/1157/1157
f 892/1168/1168 891/1157/1157 920/1169/1169
f 920/1169/1169 891/1157/1157 919/1158/1158
f 920/1169/1169 919/1158/1158 935/1170/1170
f 935/1170/1170 919/1158/1158 934/1159/1159
f 935/1170/1170 934/1159/1159 950/1171/1171
f 950/1171/1171 934/1159/1159 949/1160/1160
f 950/1171/1171 949/1160/1160 973/1172/1172
f 973/1172/1172 949/1160/1160 974/1161/1161
f 973/1172/1172 974/1161/1161 965/1173/1173
f 965/1173/1173 974/1161/1161 964/1162/1162
f 965/1173/1173 964/1162/1162 993/1174/1174
f 993/1174/1174 964/1162/1162 992/1163/1163
f 993/1174/1174 992/1163/1163 1007/1175/1175
f 1007/1175/1175 992/1163/1163 1006/1164/1164
f 1007/1175/1175 1006/1164/1164 1030/1176/1176
f 1030/1176/1176 1006/1164/1164 1031/1165/1165
f 1030/1176/1176 1031/1165/1165 1021/1177/1177
f 1021/1177/1177 1031/1165/1165 1020/1166/1166
f 1021/1177/1177 1020/1166/1166 1051/1178/1178
f 1051/1178/1178 1020/1166/1166 1050/734/734
f 1051/1178/1178 1050/734/734 1066/732/732
f 612/1008/1008 881/1010/1010 880/1100/1100
f 880/1100/1100 881/1010/1010 865/1012/1012
f 612/1008/1008 880/1100/1100 897/1101/1101
f 892/1168/1168 893/707/707 900/1167/1167
f 900/1167/1167 893/707/707 899/705/705
f 900/1167/1167 899/705/705 877/779/779
f 893/707/707 892/1168/1168 921/709/709
f 921/709/709 892/1168/1168 920/1169/1169
f 921/709/709 920/1169/1169 936/711/711
f 936/711/711 920/1169/1169 935/1170/1170
f 936/711/711 935/1170/1170 951/713/713
f 951/713/713 935/1170/1170 950/1171/1171
f 951/713/713 950/1171/1171 972/715/715
f 972/715/715 950/1171/1171 973/1172/1172
f 972/715/715 973/1172/1172 966/717/717
f 966/717/717 973/1172/1172 965/1173/1173
f 966/717/717 965/1173/1173 994/719/719
f 994/719/719 965/1173/1173 993/1174/1174
f 994/719/719 993/1174/1174 1008/721/721
f 1008/721/721 993/1174/1174 1007/1175/1175
f 1008/721/721 1007/1175/1175 1029/723/723
f 1029/723/723 1007/1175/1175 1030/1176/1176
f 1029/723/723 1030/1176/1176 1022/725/725
f 1022/725/725 1030/1176/1176 1021/1177/1177
f 1022/725/725 1021/1177/1177 1052/727/727
f 1052/727/727 1021/1177/1177 1051/1178/1178
f 1052/727/727 1051/1178/1178 1067/729/729
f 1067/729/729 1051/1178/1178 1066/732/732
f 612/1008/1008 897/1101/1101 896/1006/1006
f 896/1006/1006 897/1101/1101 895/1102/1102
f 896/1006/1006 895/1102/1102 924/1004/1004
f 924/1004/1004 895/1102/1102 923/1103/1103
f 924/1004/1004 923/1103/1103 939/1002/1002
f 939/1002/1002 923/1103/1103 938/1001/1001
f 939/1002/1002 938/1001/1001 954/1000/1000
f 955/946/946 956/1179/1179 615/944/944
f 615/944/944 956/1179/1179 982/935/935
f 615/944/944 982/935/935 940/934/934
f 982/935/935 956/1179/1179 957/936/936
f 957/936/936 956/1179/1179 985/1180/1180
f 957/936/936 985/1180/1180 986/937/937
f 986/937/937 985/1180/1180 1000/1181/1181
f 986/937/937 1000/1181/1181 1001/938/938
f 1001/938/938 1000/1181/1181 1036/1182/1182
f 1001/938/938 1036/1182/1182 1035/939/939
f 1035/939/939 1036/1182/1182 1016/1183/1183
f 1035/939/939 1016/1183/1183 1017/940/940
f 1017/940/940 1016/1183/1183 1047/1184/1184
f 1017/940/940 1047/1184/1184 1048/941/941
f 1048/941/941 1047/1184/1184 1063/976/976
f 956/1179/1179 955/946/946 984/1185/1185
f 984/1185/1185 955/946/946 983/948/948
f 984/1185/1185 983/948/948 998/1186/1186
f 998/1186/1186 983/948/948 617/950/950
f 998/1186/1186 617/950/950 1039/973/973
f 956/1179/1179 984/1185/1185 985/1180/1180
f 985/1180/1180 984/1185/1185 999/1187/1187
f 985/1180/1180 999/1187/1187 1000/1181/1181
f 1000/1181/1181 999/1187/1187 1037/1188/1188
f 1000/1181/1181 1037/1188/1188 1036/1182/1182
f 1036/1182/1182 1037/1188/1188 1015/1189/1189
f 1036/1182/1182 1015/1189/1189 1016/1183/1183
f 1016/1183/1183 1015/1189/1189 1046/1190/1190
f 1016/1183/1183 1046/1190/1190 1047/1184/1184
f 1047/1184/1184 1046/1190/1190 1062/974/974
f 1047/1184/1184 1062/974/974 1063/976/976
f 999/1187/1187 984/1185/1185 998/1186/1186
f 1010/988/988 995/718/718 1009/720/720
f 999/1187/1187 998/1186/1186 1038/1191/1191
f 1038/1191/1191 998/1186/1186 1039/973/973
f 1038/1191/1191 1039/973/973 1013/972/972
f 1010/988/988 1009/720/720 1027/1192/1192
f 1027/1192/1192 1009/720/720 1028/722/722
f 1027/1192/1192 1028/722/722 1024/1193/1193
f 1024/1193/1193 1028/722/722 1023/724/724
f 1024/1193/1193 1023/724/724 1054/1194/1194
f 1054/1194/1194 1023/724/724 1053/726/726
f 1054/1194/1194 1053/726/726 1069/977/977
f 1069/977/977 1053/726/726 1068/728/728
f 1013/972/972 1014/1195/1195 1038/1191/1191
f 1038/1191/1191 1014/1195/1195 1037/1188/1188
f 1038/1191/1191 1037/1188/1188 999/1187/1187
f 1037/1188/1188 1014/1195/1195 1015/1189/1189
f 1015/1189/1189 1014/1195/1195 1045/1196/1196
f 1015/1189/1189 1045/1196/1196 1046/1190/1190
f 1046/1190/1190 1045/1196/1196 1061/969/969
f 1046/1190/1190 1061/969/969 1062/974/974
f 1045/1196/1196 1014/1195/1195 1044/971/971
f 1044/971/971 1014/1195/1195 1013/972/972
f 1024/1193/1193 1025/984/984 1027/1192/1192
f 1027/1192/1192 1025/984/984 1026/986/986
f 1027/1192/1192 1026/986/986 1010/988/988
f 1025/984/984 1024/1193/1193 1055/982/982
f 1055/982/982 1024/1193/1193 1054/1194/1194
f 1055/982/982 1054/1194/1194 1070/979/979
f 1070/979/979 1054/1194/1194 1069/977/977
f 1061/969/969 1045/1196/1196 1060/970/970
f 1060/970/970 1045/1196/1196 1044/971/971
f 2/1197/1197 1/1198/1198 597/1199/1199
f 597/1199/1199 1/1198/1198 131/1200/1200
f 597/1199/1199 131/1200/1200 598/1201/1201
f 598/1201/1201 131/1200/1200 130/1202/1202
f 598/1201/1201 130/1202/1202 599/1203/1203
f 599/1203/1203 130/1202/1202 129/1204/1204
f 599/1203/1203 129/1204/1204 600/1205/1205
f 600/1205/1205 129/1204/1204 128/1206/1206
f 600/1205/1205 128/1206/1206 601/1207/1207
f 601/1207/1207 128/1206/1206 127/1208/1208
f 601/1207/1207 127/1208/1208 602/1209/1209
f 602/1209/1209 127/1208/1208 126/1210/1210
f 602/1209/1209 126/1210/1210 603/1211/1211
f 603/1211/1211 126/1210/1210 125/1212/1212
f 603/1211/1211 125/1212/1212 604/1213/1213
f 604/1213/1213 125/1212/1212 124/1214/1214
f 604/1213/1213 124/1214/1214 605/1215/1215
f 605/1215/1215 124/1214/1214 123/1216/1216
f 605/1215/1215 123/1216/1216 53/1217/1217
f 53/1217/1217 123/1216/1216 54/1218/1218
# 1070 vertices
# 1218 texture params
# 1218 normals
# 2136 facets

# 1 groups
