# WaveFront *.obj file (generated by Autodesk ATF)

mtllib P11.mtl

g Body1

v -17.079945 10.550000 -13.610354
v -16.949241 10.550000 -13.506202
v -17.065822 10.085447 -13.599101
v -17.175737 9.617800 -13.686687
v -17.278942 9.147243 -13.768928
v -17.375398 8.673959 -13.845789
v -17.465066 8.198133 -13.917242
v -17.547912 7.719950 -13.983259
v -17.623903 7.239599 -14.043814
v -17.693010 6.757266 -14.098882
v -17.755205 6.273140 -14.148444
v -17.810465 5.787409 -14.192478
v -17.858768 5.300264 -14.230968
v -17.900094 4.811895 -14.263900
v -17.934428 4.322493 -14.291259
v -17.961757 3.832249 -14.313036
v -17.982069 3.341354 -14.329222
v -17.995357 2.850000 -14.339811
v -18.119549 2.850000 -14.438775
v -18.106343 3.341219 -14.428252
v -18.086158 3.831985 -14.412167
v -18.059002 4.322110 -14.390527
v -18.024884 4.811403 -14.363340
v -17.983818 5.299677 -14.330616
v -17.935819 5.786743 -14.292368
v -17.880907 6.272414 -14.248611
v -17.819103 6.756502 -14.199361
v -17.750429 7.238821 -14.144638
v -17.674914 7.719185 -14.084462
v -17.592585 8.197408 -14.018857
v -17.503475 8.673306 -13.947849
v -17.407617 9.146697 -13.871464
v -17.305050 9.617397 -13.789732
v -17.195812 10.085225 -13.702684
v -18.051428 10.550000 -11.993340
v -18.175590 10.085447 -12.075833
v -18.292652 9.617800 -12.153609
v -18.402569 9.147243 -12.226637
v -18.505297 8.673959 -12.294890
v -18.600796 8.198133 -12.358339
v -18.689029 7.719950 -12.416961
v -18.769962 7.239599 -12.470733
v -18.843563 6.757266 -12.519633
v -18.909803 6.273140 -12.563643
v -18.968656 5.787409 -12.602745
v -19.020100 5.300264 -12.636924
v -19.064114 4.811895 -12.666167
v -19.100680 4.322493 -12.690462
v -19.129786 3.832249 -12.709799
v -19.151419 3.341354 -12.724172
v -19.165571 2.850000 -12.733575
v -18.942701 2.850000 -13.062815
v -18.714175 2.850000 -13.388155
v -18.480062 2.850000 -13.709498
v -18.240432 2.850000 -14.026748
v -17.236978 10.550000 -13.137003
v -17.516675 10.550000 -12.761676
v -17.788200 10.550000 -12.380395
v -18.043227 10.089041 -12.270740
v -19.012907 3.341785 -12.930194
v -17.774002 10.089041 -12.657564
v -18.800967 3.341785 -13.236472
v -17.496453 10.089041 -13.038528
v -18.584065 3.341785 -13.539316
v -18.362285 3.341785 -13.838607
v -17.210773 10.089041 -13.413365
v -18.135716 3.341785 -14.134227
v -19.082437 3.341785 -12.827360
v -19.060818 3.833784 -12.812828
v -19.031682 4.325707 -12.793242
v -18.995020 4.817261 -12.768598
v -18.950836 5.308155 -12.738897
v -18.899139 5.798095 -12.704146
v -18.839949 6.286790 -12.664358
v -18.807553 6.530580 -12.642581
v -18.773295 6.773949 -12.619553
v -18.699881 7.255127 -12.570203
v -18.619213 7.734231 -12.515977
v -18.531343 8.210983 -12.456911
v -18.436334 8.685108 -12.393045
v -18.334256 9.156336 -12.324427
v -18.225186 9.624401 -12.251109
v -18.109210 10.089041 -12.173150
v -18.872167 3.341785 -13.134758
v -18.850784 3.833784 -13.119881
v -18.821967 4.325707 -13.099829
v -18.785707 4.817261 -13.074597
v -18.742008 5.308155 -13.044187
v -18.690878 5.798095 -13.008606
v -18.632339 6.286790 -12.967867
v -18.600299 6.530580 -12.945570
v -18.566417 6.773949 -12.921991
v -18.493811 7.255127 -12.871462
v -18.414029 7.734231 -12.815940
v -18.327126 8.210983 -12.755460
v -18.233162 8.685108 -12.690067
v -18.132206 9.156336 -12.619807
v -18.024336 9.624401 -12.544735
v -17.909637 10.089041 -12.464910
v -17.976711 10.089041 -12.367980
v -18.091838 9.624401 -12.447188
v -18.200110 9.156336 -12.521679
v -18.301442 8.685108 -12.591395
v -18.395755 8.210983 -12.656283
v -18.482982 7.734231 -12.716295
v -18.563060 7.255127 -12.771389
v -18.635937 6.773949 -12.821528
v -18.669944 6.530580 -12.844925
v -18.702103 6.286790 -12.867050
v -18.760860 5.798095 -12.907475
v -18.812178 5.308155 -12.942782
v -18.856040 4.817261 -12.972959
v -18.892433 4.325707 -12.997997
v -18.921356 3.833784 -13.017896
v -18.942816 3.341785 -13.032661
v -18.656912 3.341785 -13.438757
v -18.635775 3.833784 -13.423532
v -18.607288 4.325707 -13.403013
v -18.571445 4.817261 -13.377194
v -18.528245 5.308155 -13.346078
v -18.477701 5.798095 -13.309670
v -18.419831 6.286790 -13.267986
v -18.388158 6.530580 -13.245171
v -18.354664 6.773949 -13.221045
v -18.282887 7.255127 -13.169344
v -18.204018 7.734231 -13.112533
v -18.118107 8.210983 -13.050651
v -18.025217 8.685108 -12.983741
v -17.925415 9.156336 -12.911853
v -17.818777 9.624401 -12.835041
v -17.705388 10.089041 -12.753365
v -17.887831 9.624401 -12.738626
v -17.994882 9.156336 -12.814861
v -18.095071 8.685108 -12.886210
v -18.188321 8.210983 -12.952617
v -18.274564 7.734231 -13.014034
v -18.353739 7.255127 -13.070418
v -18.425794 6.773949 -13.121731
v -18.459418 6.530580 -13.145676
v -18.491214 6.286790 -13.168319
v -18.549308 5.798095 -13.209690
v -18.600048 5.308155 -13.245824
v -18.643415 4.817261 -13.276707
v -18.679398 4.325707 -13.302332
v -18.707995 3.833784 -13.322697
v -18.729213 3.341785 -13.337808
v -18.436748 3.341785 -13.739245
v -18.415861 3.833784 -13.723680
v -18.387711 4.325707 -13.702702
v -18.352290 4.817261 -13.676306
v -18.309600 5.308155 -13.644493
v -18.259652 5.798095 -13.607272
v -18.202465 6.286790 -13.564656
v -18.171166 6.530580 -13.541331
v -18.138067 6.773949 -13.516665
v -18.067137 7.255127 -13.463808
v -17.989199 7.734231 -13.405727
v -17.904302 8.210983 -13.342461
v -17.812508 8.685108 -13.274056
v -17.713883 9.156336 -13.200560
v -17.608504 9.624401 -13.122030
v -17.566610 10.089041 -12.943851
v -17.679111 9.624401 -13.026747
v -17.784913 9.156336 -13.104706
v -17.883933 8.685108 -13.177668
v -17.976095 8.210983 -13.245578
v -18.061332 7.734231 -13.308384
v -18.139583 7.255127 -13.366043
v -18.210797 6.773949 -13.418517
v -18.244028 6.530580 -13.443003
v -18.275454 6.286790 -13.466159
v -18.332870 5.798095 -13.508465
v -18.383018 5.308155 -13.545417
v -18.425879 4.817261 -13.576998
v -18.461442 4.325707 -13.603203
v -18.489705 3.833784 -13.624028
v -18.510676 3.341785 -13.639481
v -18.211765 3.341785 -14.036102
v -18.191133 3.833784 -14.020200
v -18.163326 4.325707 -13.998769
v -18.128338 4.817261 -13.971802
v -18.086169 5.308155 -13.939302
v -18.036831 5.798095 -13.901277
v -17.980342 6.286790 -13.857740
v -17.949424 6.530580 -13.833911
v -17.916729 6.773949 -13.808712
v -17.846665 7.255127 -13.754713
v -17.769677 7.734231 -13.695377
v -17.685817 8.210983 -13.630745
v -17.595143 8.685108 -13.560861
v -17.497722 9.156336 -13.485777
v -17.393628 9.624401 -13.405550
v -17.282944 10.089041 -13.320244
v -17.354648 10.089041 -13.226688
v -17.465789 9.624401 -13.311397
v -17.570312 9.156336 -13.391063
v -17.668135 8.685108 -13.465622
v -17.759183 8.210983 -13.535018
v -17.843390 7.734231 -13.599200
v -17.920695 7.255127 -13.658122
v -17.991047 6.773949 -13.711745
v -18.023876 6.530580 -13.736767
v -18.054921 6.286790 -13.760430
v -18.111643 5.798095 -13.803665
v -18.161183 5.308155 -13.841426
v -18.203525 4.817261 -13.873701
v -18.238656 4.325707 -13.900481
v -18.266576 3.833784 -13.921765
v -18.287292 3.341785 -13.937557
v -17.138107 10.089041 -13.506086
v -17.247863 9.624401 -13.592582
v -17.351085 9.156336 -13.673928
v -17.447689 8.685108 -13.750059
v -17.537603 8.210983 -13.820918
v -17.620761 7.734231 -13.886453
v -17.697103 7.255127 -13.946616
v -17.766580 6.773949 -14.001369
v -17.799001 6.530580 -14.026919
v -17.829660 6.286790 -14.051080
v -17.885676 5.798095 -14.095225
v -17.934600 5.308155 -14.133781
v -17.976415 4.817261 -14.166735
v -18.011111 4.325707 -14.194077
v -18.038685 3.833784 -14.215808
v -18.059144 3.341785 -14.231931
v -17.425787 10.089041 -13.132822
v -17.537386 9.624401 -13.216928
v -17.642340 9.156336 -13.296025
v -17.740566 8.685108 -13.370053
v -17.831989 8.210983 -13.438953
v -17.916543 7.734231 -13.502676
v -17.994167 7.255127 -13.561177
v -18.064810 6.773949 -13.614417
v -18.097775 6.530580 -13.639261
v -18.128949 6.286790 -13.662754
v -18.185904 5.798095 -13.705679
v -18.235650 5.308155 -13.743170
v -18.278168 4.817261 -13.775212
v -18.313445 4.325707 -13.801799
v -18.341482 3.833784 -13.822929
v -18.563011 3.833784 -13.523978
v -18.534635 4.325707 -13.503305
v -18.498931 4.817261 -13.477293
v -18.455901 5.308155 -13.445943
v -18.405554 5.798095 -13.409263
v -18.347910 6.286790 -13.367267
v -18.316360 6.530580 -13.344282
v -18.282997 6.773949 -13.319975
v -18.211501 7.255127 -13.267887
v -18.132939 7.734231 -13.210651
v -18.047364 8.210983 -13.148306
v -17.954837 8.685108 -13.080896
v -17.855424 9.156336 -13.008469
v -17.749203 9.624401 -12.931082
v -17.636256 10.089041 -12.848796
v -18.991367 3.833784 -12.915546
v -18.962337 4.325707 -12.895803
v -18.925809 4.817261 -12.870961
v -18.881785 5.308155 -12.841022
v -18.830277 5.798095 -12.805992
v -18.771303 6.286790 -12.765886
v -18.739025 6.530580 -12.743934
v -18.704892 6.773949 -12.720721
v -18.631745 7.255127 -12.670976
v -18.551371 7.734231 -12.616316
v -18.463821 8.210983 -12.556775
v -18.369159 8.685108 -12.492398
v -18.267452 9.156336 -12.423230
v -18.158780 9.624401 -12.349324
v -18.779667 3.833784 -13.221477
v -18.750960 4.325707 -13.201266
v -18.714840 4.817261 -13.175836
v -18.671307 5.308155 -13.145188
v -18.620372 5.798095 -13.109328
v -18.562056 6.286790 -13.068271
v -18.530138 6.530580 -13.045800
v -18.496385 6.773949 -13.022037
v -18.424054 7.255127 -12.971114
v -18.344576 7.734231 -12.915159
v -18.258002 8.210983 -12.854208
v -18.164395 8.685108 -12.788305
v -18.063822 9.156336 -12.717499
v -17.956361 9.624401 -12.641843
v -17.842096 10.089041 -12.561397
v -18.115170 3.833784 -14.118214
v -18.087479 4.325707 -14.096633
v -18.052636 4.817261 -14.069478
v -18.010644 5.308155 -14.036751
v -17.961512 5.798095 -13.998459
v -17.905258 6.286790 -13.954618
v -17.874470 6.530580 -13.930622
v -17.841911 6.773949 -13.905248
v -17.772140 7.255127 -13.850871
v -17.695474 7.734231 -13.791120
v -17.611963 8.210983 -13.726036
v -17.521668 8.685108 -13.655663
v -17.424654 9.156336 -13.580054
v -17.320995 9.624401 -13.499267
v -18.366316 2.850000 -14.123552
v -18.607600 2.850000 -13.804112
v -18.843328 2.850000 -13.480552
v -19.073431 2.850000 -13.152966
v -19.297839 2.850000 -12.821454
v -19.283775 3.341219 -12.812110
v -19.262277 3.831985 -12.797826
v -19.233355 4.322110 -12.778610
v -19.197018 4.811403 -12.754468
v -19.153281 5.299677 -12.725410
v -19.102162 5.786743 -12.691446
v -19.043679 6.272414 -12.652590
v -18.977855 6.756502 -12.608857
v -18.904716 7.238821 -12.560263
v -18.824290 7.719185 -12.506828
v -18.736607 8.197408 -12.448572
v -18.641702 8.673306 -12.385517
v -18.539612 9.146697 -12.317688
v -18.430374 9.617397 -12.245111
v -18.314033 10.085225 -12.167814
v -18.190631 10.550000 -12.085827
v -17.925374 10.550000 -12.475867
v -17.651755 10.550000 -12.860087
v -17.369901 10.550000 -13.238308
v -19.144306 3.341633 -13.019556
v -18.180688 10.088762 -12.364224
v -18.930902 3.341633 -13.327950
v -18.712501 3.341633 -13.632888
v -17.909413 10.088762 -12.753996
v -18.489188 3.341633 -13.934246
v -17.629749 10.088762 -13.137862
v -18.261053 3.341633 -14.231909
v -17.341893 10.088762 -13.515554
v -18.183952 3.341633 -14.330289
v -18.163622 3.833477 -14.314267
v -18.136224 4.325246 -14.292676
v -18.101752 4.816651 -14.265509
v -18.060206 5.307404 -14.232767
v -18.011597 5.797218 -14.194460
v -17.955943 6.285803 -14.150601
v -17.925482 6.529545 -14.126595
v -17.893270 6.772872 -14.101210
v -17.824230 7.254065 -14.046801
v -17.748364 7.733210 -13.987014
v -17.665724 8.210034 -13.921887
v -17.576366 8.684266 -13.851467
v -17.480356 9.155640 -13.775803
v -17.377765 9.623891 -13.694954
v -17.268673 10.088762 -13.608982
v -18.413677 3.341633 -14.033881
v -18.393092 3.833477 -14.018188
v -18.365350 4.325246 -13.997040
v -18.330444 4.816651 -13.970432
v -18.288375 5.307404 -13.938365
v -18.239154 5.797218 -13.900847
v -18.182800 6.285803 -13.857892
v -18.151955 6.529545 -13.834382
v -18.119338 6.772872 -13.809520
v -18.049427 7.254065 -13.756234
v -17.972605 7.733210 -13.697681
v -17.888923 8.210034 -13.633898
v -17.798438 8.684266 -13.564932
v -17.701217 9.155640 -13.490831
v -17.597332 9.623891 -13.411651
v -17.486864 10.088762 -13.327455
v -17.414614 10.088762 -13.421724
v -17.524628 9.623891 -13.506513
v -17.628085 9.155640 -13.586250
v -17.724907 8.684266 -13.660872
v -17.815021 8.210034 -13.730324
v -17.898359 7.733210 -13.794554
v -17.974866 7.254065 -13.853519
v -18.044490 6.772872 -13.907180
v -18.076973 6.529545 -13.932215
v -18.107692 6.285803 -13.955890
v -18.163816 5.797218 -13.999146
v -18.212836 5.307404 -14.036927
v -18.254733 4.816651 -14.069217
v -18.289497 4.325246 -14.096011
v -18.317127 3.833477 -14.117305
v -18.337628 3.341633 -14.133106
v -18.638604 3.341633 -13.733744
v -18.617766 3.833477 -13.718389
v -18.589683 4.325246 -13.697697
v -18.554348 4.816651 -13.671660
v -18.511764 5.307404 -13.640282
v -18.461939 5.797218 -13.603569
v -18.404894 6.285803 -13.561536
v -18.373671 6.529545 -13.538530
v -18.340655 6.772872 -13.514201
v -18.269888 7.254065 -13.462057
v -18.192126 7.733210 -13.404759
v -18.107419 8.210034 -13.342343
v -18.015827 8.684266 -13.274854
v -17.917416 9.155640 -13.202341
v -17.812260 9.623891 -13.124857
v -17.700441 10.088762 -13.042464
v -17.741122 9.623891 -13.220858
v -17.845858 9.155640 -13.298908
v -17.943876 8.684266 -13.371952
v -18.035102 8.210034 -13.439935
v -18.119470 7.733210 -13.502807
v -18.196922 7.254065 -13.560524
v -18.267406 6.772872 -13.613050
v -18.300291 6.529545 -13.637556
v -18.331389 6.285803 -13.660731
v -18.388206 5.797218 -13.703072
v -18.437832 5.307404 -13.740053
v -18.480246 4.816651 -13.771661
v -18.515440 4.325246 -13.797887
v -18.543411 3.833477 -13.818732
v -18.564166 3.341633 -13.834198
v -18.858652 3.341633 -13.429986
v -18.837568 3.833477 -13.414971
v -18.809154 4.325246 -13.394736
v -18.773402 4.816651 -13.369276
v -18.730314 5.307404 -13.338592
v -18.679901 5.797218 -13.302691
v -18.622183 6.285803 -13.261587
v -18.590591 6.529545 -13.239090
v -18.557185 6.772872 -13.215299
v -18.485583 7.254065 -13.164309
v -18.406902 7.733210 -13.108277
v -18.321196 8.210034 -13.047242
v -18.228522 8.684266 -12.981246
v -18.128949 9.155640 -12.910336
v -18.022552 9.623891 -12.834566
v -17.840276 10.088762 -12.850526
v -17.952978 9.623891 -12.931707
v -18.058965 9.155640 -13.008050
v -18.158154 8.684266 -13.079497
v -18.250469 8.210034 -13.145993
v -18.335845 7.733210 -13.207490
v -18.414221 7.254065 -13.263945
v -18.485547 6.772872 -13.315322
v -18.518825 6.529545 -13.339292
v -18.550294 6.285803 -13.361960
v -18.607790 5.797218 -13.403375
v -18.658008 5.307404 -13.439547
v -18.700929 4.816651 -13.470464
v -18.736543 4.325246 -13.496117
v -18.764848 3.833477 -13.516505
v -18.785851 3.341633 -13.531633
v -19.073732 3.341633 -13.122731
v -19.052407 3.833477 -13.108059
v -19.023668 4.325246 -13.088287
v -18.987509 4.816651 -13.063409
v -18.943930 5.307404 -13.033427
v -18.892942 5.797218 -12.998348
v -18.834565 6.285803 -12.958184
v -18.802614 6.529545 -12.936201
v -18.768826 6.772872 -12.912956
v -18.696407 7.254065 -12.863131
v -18.616830 7.733210 -12.808382
v -18.530146 8.210034 -12.748743
v -18.436415 8.684266 -12.684257
v -18.335707 9.155640 -12.614969
v -18.228096 9.623891 -12.540933
v -18.113666 10.088762 -12.462205
v -18.046081 10.088762 -12.559873
v -18.160086 9.623891 -12.639215
v -18.267297 9.155640 -12.713829
v -18.367632 8.684266 -12.783656
v -18.461015 8.210034 -12.848645
v -18.547377 7.733210 -12.908748
v -18.626660 7.254065 -12.963924
v -18.698811 6.772872 -13.014136
v -18.732473 6.529545 -13.037562
v -18.764307 6.285803 -13.059715
v -18.822468 5.797218 -13.100191
v -18.873268 5.307404 -13.135542
v -18.916686 4.816651 -13.165756
v -18.952713 4.325246 -13.190826
v -18.981346 3.833477 -13.210750
v -19.002594 3.341633 -13.225533
v -18.247175 10.088762 -12.265891
v -18.362448 9.623891 -12.343378
v -18.470852 9.155640 -12.416248
v -18.572303 8.684266 -12.484444
v -18.666724 8.210034 -12.547915
v -18.754047 7.733210 -12.606614
v -18.834211 7.254065 -12.660501
v -18.907164 6.772872 -12.709540
v -18.941200 6.529545 -12.732420
v -18.973387 6.285803 -12.754056
v -19.032195 5.797218 -12.793587
v -19.083558 5.307404 -12.828114
v -19.127458 4.816651 -12.857624
v -19.163884 4.325246 -12.882110
v -19.192835 3.833477 -12.901570
v -19.214317 3.341633 -12.916011
v -17.978025 10.088762 -12.657096
v -18.091598 9.623891 -12.737054
v -18.198403 9.155640 -12.812248
v -18.298358 8.684266 -12.882620
v -18.391386 8.210034 -12.948115
v -18.477421 7.733210 -13.008686
v -18.556403 7.254065 -13.064291
v -18.628279 6.772872 -13.114895
v -18.661814 6.529545 -13.138504
v -18.693526 6.285803 -13.160830
v -18.751466 5.797218 -13.201622
v -18.802072 5.307404 -13.237250
v -18.845324 4.816651 -13.267701
v -18.881213 4.325246 -13.292968
v -18.909737 3.833477 -13.313050
v -18.691580 3.833477 -13.617646
v -18.663385 4.325246 -13.597105
v -18.627911 4.816651 -13.571260
v -18.585157 5.307404 -13.540112
v -18.535135 5.797218 -13.503669
v -18.477863 6.285803 -13.461944
v -18.446517 6.529545 -13.439107
v -18.413369 6.772872 -13.414957
v -18.342322 7.254065 -13.363196
v -18.264252 7.733210 -13.306318
v -18.179209 8.210034 -13.244361
v -18.087254 8.684266 -13.177368
v -17.988453 9.155640 -13.105387
v -17.882880 9.623891 -13.028472
v -17.770617 10.088762 -12.946684
v -18.295541 9.623891 -12.442333
v -18.403551 9.155640 -12.515787
v -18.504632 8.684266 -12.584530
v -18.598709 8.210034 -12.648509
v -18.685714 7.733210 -12.707679
v -18.765586 7.254065 -12.761998
v -18.838272 6.772872 -12.811430
v -18.872185 6.529545 -12.834493
v -18.904255 6.285803 -12.856303
v -18.962848 5.797218 -12.896151
v -19.014024 5.307404 -12.930954
v -19.057764 4.816651 -12.960701
v -19.094058 4.325246 -12.985383
v -19.122903 3.833477 -13.005000
v -17.558545 10.088762 -13.232874
v -17.669468 9.623891 -13.316470
v -17.773781 9.155640 -13.395085
v -17.871403 8.684266 -13.468657
v -17.962261 8.210034 -13.537132
v -18.046289 7.733210 -13.600458
v -18.123427 7.254065 -13.658593
v -18.193627 6.772872 -13.711499
v -18.226379 6.529545 -13.736182
v -18.257351 6.285803 -13.759524
v -18.313939 5.797218 -13.802171
v -18.363364 5.307404 -13.839420
v -18.405608 4.816651 -13.871257
v -18.440659 4.325246 -13.897673
v -18.468517 3.833477 -13.918668
v -17.451447 9.623891 -13.600936
v -17.554473 9.155640 -13.681230
v -17.650891 8.684266 -13.756374
v -17.740628 8.210034 -13.826311
v -17.823618 7.733210 -13.890991
v -17.899805 7.254065 -13.950368
v -17.969139 6.772872 -14.004403
v -18.001487 6.529545 -14.029614
v -18.032077 6.285803 -14.053454
v -18.087967 5.797218 -14.097013
v -18.136782 5.307404 -14.135057
v -18.178504 4.816651 -14.167574
v -18.213123 4.325246 -14.194554
v -18.240637 3.833477 -14.215998
vt 54.243031 0.000000 0.000000
vt 54.392099 -0.464553 0.000000
vt 54.410157 0.000000 0.000000
vt 54.558312 -0.464775 0.000000
vt 54.532643 -0.932200 0.000000
vt 54.697991 -0.932603 0.000000
vt 54.664608 -1.402757 0.000000
vt 54.829141 -1.403303 0.000000
vt 54.787943 -1.876041 0.000000
vt 54.951710 -1.876694 0.000000
vt 54.902598 -2.351867 0.000000
vt 55.065653 -2.352592 0.000000
vt 55.008531 -2.830050 0.000000
vt 55.170924 -2.830815 0.000000
vt 55.105698 -3.310401 0.000000
vt 55.267483 -3.311179 0.000000
vt 55.194063 -3.792734 0.000000
vt 55.355293 -3.793498 0.000000
vt 55.273590 -4.276860 0.000000
vt 55.434321 -4.277586 0.000000
vt 55.344249 -4.762591 0.000000
vt 55.504535 -4.763257 0.000000
vt 55.406012 -5.249736 0.000000
vt 55.565909 -5.250323 0.000000
vt 55.458855 -5.738105 0.000000
vt 55.618419 -5.738597 0.000000
vt 55.502757 -6.227507 0.000000
vt 55.662044 -6.227890 0.000000
vt 55.537701 -6.717751 0.000000
vt 55.696769 -6.718015 0.000000
vt 55.563673 -7.208646 0.000000
vt 55.722579 -7.208781 0.000000
vt 55.580664 -7.700000 0.000000
vt 55.739464 -7.700000 0.000000
vt 0.493208 0.000000 0.000000
vt 0.489407 0.122177 0.000000
vt 0.000000 0.000000 0.000000
vt 0.489407 0.244354 0.000000
vt 0.000000 0.488765 0.000000
vt 0.489407 0.366531 0.000000
vt 0.489407 0.488761 0.000000
vt 0.978814 0.488758 0.000000
vt 0.978814 0.610885 0.000000
vt 1.468221 0.610885 0.000000
vt 0.978814 0.733062 0.000000
vt 1.468221 0.733062 0.000000
vt 0.978814 0.855239 0.000000
vt 1.468221 0.855239 0.000000
vt 0.978814 0.977415 0.000000
vt 1.468221 0.977415 0.000000
vt 0.978814 1.099592 0.000000
vt 1.468221 1.099592 0.000000
vt 0.978814 1.221769 0.000000
vt 1.468221 1.221769 0.000000
vt 0.978814 1.343946 0.000000
vt 1.468221 1.343946 0.000000
vt 0.978814 1.466073 0.000000
vt 1.468221 1.466077 0.000000
vt 0.978814 1.588300 0.000000
vt 1.468221 1.588300 0.000000
vt 0.978814 1.710477 0.000000
vt 1.468221 1.710477 0.000000
vt 0.978814 1.832654 0.000000
vt 1.468221 1.832654 0.000000
vt 0.985740 1.954831 0.000000
vt 1.477695 1.954831 0.000000
vt 1.957628 1.832654 0.000000
vt 1.969170 1.954831 0.000000
vt 2.447034 1.832654 0.000000
vt 2.460260 1.954831 0.000000
vt 2.936441 1.832654 0.000000
vt 2.951063 1.954831 0.000000
vt 3.425848 1.832654 0.000000
vt 3.441674 1.954831 0.000000
vt 3.915255 1.832654 0.000000
vt 3.932189 1.954831 0.000000
vt 4.162075 1.832654 0.000000
vt 4.422704 1.954831 0.000000
vt 4.408895 1.832654 0.000000
vt 4.902536 1.832654 0.000000
vt 4.902536 1.710477 0.000000
vt 5.396176 1.710477 0.000000
vt 5.396176 1.588300 0.000000
vt 5.889816 1.588300 0.000000
vt 5.889816 1.466109 0.000000
vt 6.383457 1.466112 0.000000
vt 6.383457 1.343946 0.000000
vt 6.877097 1.343946 0.000000
vt 6.877097 1.221769 0.000000
vt 7.370737 1.221769 0.000000
vt 7.370737 1.099592 0.000000
vt 7.864377 1.172869 0.000000
vt 7.370737 0.977415 0.000000
vt 7.864377 0.781962 0.000000
vt 7.370737 0.855239 0.000000
vt 7.370737 0.733062 0.000000
vt 6.877097 0.855239 0.000000
vt 6.877097 0.733062 0.000000
vt 6.383457 0.855239 0.000000
vt 6.383457 0.733062 0.000000
vt 5.889816 0.855239 0.000000
vt 5.889816 0.733062 0.000000
vt 5.396176 0.855239 0.000000
vt 5.396176 0.733062 0.000000
vt 4.902536 0.855239 0.000000
vt 4.902536 0.733062 0.000000
vt 4.408895 0.855239 0.000000
vt 4.408895 0.733062 0.000000
vt 4.162075 0.855239 0.000000
vt 4.162075 0.733062 0.000000
vt 3.915255 0.855239 0.000000
vt 3.915255 0.733062 0.000000
vt 3.425848 0.855239 0.000000
vt 3.425848 0.733062 0.000000
vt 2.936441 0.855239 0.000000
vt 2.936441 0.733062 0.000000
vt 2.447034 0.855239 0.000000
vt 2.447034 0.733062 0.000000
vt 1.957628 0.855239 0.000000
vt 1.957628 0.733062 0.000000
vt 0.978814 0.122177 0.000000
vt 0.985740 0.000000 0.000000
vt 1.468221 0.122177 0.000000
vt 1.477695 0.000000 0.000000
vt 1.957628 0.122177 0.000000
vt 1.969170 0.000000 0.000000
vt 2.447034 0.122177 0.000000
vt 2.460260 0.000000 0.000000
vt 2.936441 0.122177 0.000000
vt 2.951063 0.000000 0.000000
vt 3.425848 0.122177 0.000000
vt 3.441674 0.000000 0.000000
vt 3.915255 0.122177 0.000000
vt 3.932189 0.000000 0.000000
vt 4.162075 0.122177 0.000000
vt 4.422704 0.000000 0.000000
vt 4.408895 0.122177 0.000000
vt 4.902536 0.122177 0.000000
vt 4.408895 0.244354 0.000000
vt 4.902536 0.244354 0.000000
vt 4.408895 0.366531 0.000000
vt 4.902536 0.366531 0.000000
vt 4.902536 0.488729 0.000000
vt 5.396176 0.488726 0.000000
vt 5.396176 0.610885 0.000000
vt 5.889816 0.610885 0.000000
vt 4.913315 0.000000 0.000000
vt 5.396176 0.122177 0.000000
vt 5.396176 0.244354 0.000000
vt 5.396176 0.366531 0.000000
vt 5.889816 0.488722 0.000000
vt 6.383457 0.610885 0.000000
vt 5.404117 0.000000 0.000000
vt 5.889816 0.122177 0.000000
vt 5.889816 0.244354 0.000000
vt 5.889816 0.366531 0.000000
vt 6.383457 0.488718 0.000000
vt 6.877097 0.610885 0.000000
vt 5.895208 0.000000 0.000000
vt 6.383457 0.122177 0.000000
vt 6.383457 0.244354 0.000000
vt 6.383457 0.366531 0.000000
vt 6.877097 0.488715 0.000000
vt 7.370737 0.610885 0.000000
vt 6.386682 0.000000 0.000000
vt 6.877097 0.122177 0.000000
vt 6.877097 0.244354 0.000000
vt 6.877097 0.366531 0.000000
vt 7.370737 0.488711 0.000000
vt 7.864377 0.391025 0.000000
vt 6.878637 0.000000 0.000000
vt 7.370737 0.122177 0.000000
vt 7.370737 0.244354 0.000000
vt 7.370737 0.366531 0.000000
vt 7.371170 0.000000 0.000000
vt 7.864377 0.000000 0.000000
vt 7.370737 1.343946 0.000000
vt 7.864377 1.563806 0.000000
vt 7.370737 1.466120 0.000000
vt 7.370737 1.588300 0.000000
vt 6.877097 1.588300 0.000000
vt 6.877097 1.710477 0.000000
vt 6.383457 1.710477 0.000000
vt 6.383457 1.832654 0.000000
vt 5.889816 1.832654 0.000000
vt 5.895208 1.954831 0.000000
vt 5.404117 1.954831 0.000000
vt 7.370737 1.710477 0.000000
vt 7.864377 1.954831 0.000000
vt 7.370737 1.832654 0.000000
vt 7.371170 1.954831 0.000000
vt 6.878637 1.954831 0.000000
vt 6.877097 1.832654 0.000000
vt 6.386682 1.954831 0.000000
vt 5.396176 1.832654 0.000000
vt 4.913315 1.954831 0.000000
vt 0.493208 1.954831 0.000000
vt 0.489407 1.832654 0.000000
vt 0.489407 1.710477 0.000000
vt 0.489407 1.588300 0.000000
vt 0.489407 1.466070 0.000000
vt 0.489407 1.343946 0.000000
vt 0.489407 1.221769 0.000000
vt 0.489407 1.099592 0.000000
vt 0.489407 0.977415 0.000000
vt 0.489407 0.855239 0.000000
vt 0.489407 0.733062 0.000000
vt 0.489407 0.610885 0.000000
vt 0.000000 1.954831 0.000000
vt 0.000000 1.466066 0.000000
vt 0.000000 0.977415 0.000000
vt 4.162075 0.244354 0.000000
vt 4.162075 0.366531 0.000000
vt 4.408895 0.488733 0.000000
vt 4.902536 0.610885 0.000000
vt 3.915255 0.244354 0.000000
vt 3.915255 0.366531 0.000000
vt 4.162075 0.488735 0.000000
vt 4.408895 0.610885 0.000000
vt 3.425848 0.244354 0.000000
vt 3.425848 0.366531 0.000000
vt 3.915255 0.488736 0.000000
vt 4.162075 0.610885 0.000000
vt 2.936441 0.244354 0.000000
vt 2.936441 0.366531 0.000000
vt 3.425848 0.488740 0.000000
vt 3.915255 0.610885 0.000000
vt 2.447034 0.244354 0.000000
vt 2.447034 0.366531 0.000000
vt 2.936441 0.488743 0.000000
vt 3.425848 0.610885 0.000000
vt 1.957628 0.244354 0.000000
vt 1.957628 0.366531 0.000000
vt 2.447034 0.488747 0.000000
vt 2.936441 0.610885 0.000000
vt 1.468221 0.244354 0.000000
vt 1.468221 0.366531 0.000000
vt 1.957628 0.488751 0.000000
vt 2.447034 0.610885 0.000000
vt 0.978814 0.244354 0.000000
vt 0.978814 0.366531 0.000000
vt 1.468221 0.488754 0.000000
vt 1.957628 0.610885 0.000000
vt 6.877097 0.977415 0.000000
vt 6.877097 1.099592 0.000000
vt 6.383457 0.977415 0.000000
vt 6.383457 1.099592 0.000000
vt 6.383457 1.221769 0.000000
vt 5.889816 0.977415 0.000000
vt 5.889816 1.099592 0.000000
vt 5.889816 1.221769 0.000000
vt 5.889816 1.343946 0.000000
vt 5.396176 0.977415 0.000000
vt 5.396176 1.099592 0.000000
vt 5.396176 1.221769 0.000000
vt 5.396176 1.343946 0.000000
vt 5.396176 1.466105 0.000000
vt 4.902536 0.977415 0.000000
vt 4.902536 1.099592 0.000000
vt 4.902536 1.221769 0.000000
vt 4.902536 1.343946 0.000000
vt 4.902536 1.466102 0.000000
vt 4.902536 1.588300 0.000000
vt 4.408895 0.977415 0.000000
vt 4.408895 1.099592 0.000000
vt 4.408895 1.221769 0.000000
vt 4.408895 1.343946 0.000000
vt 4.408895 1.466098 0.000000
vt 4.408895 1.588300 0.000000
vt 4.408895 1.710477 0.000000
vt 4.162075 0.977415 0.000000
vt 4.162075 1.099592 0.000000
vt 4.162075 1.221769 0.000000
vt 4.162075 1.343946 0.000000
vt 4.162075 1.466096 0.000000
vt 4.162075 1.588300 0.000000
vt 4.162075 1.710477 0.000000
vt 3.915255 0.977415 0.000000
vt 3.915255 1.099592 0.000000
vt 3.915255 1.221769 0.000000
vt 3.915255 1.343946 0.000000
vt 3.915255 1.466095 0.000000
vt 3.915255 1.588300 0.000000
vt 3.915255 1.710477 0.000000
vt 3.425848 0.977415 0.000000
vt 3.425848 1.099592 0.000000
vt 3.425848 1.221769 0.000000
vt 3.425848 1.343946 0.000000
vt 3.425848 1.466091 0.000000
vt 3.425848 1.588300 0.000000
vt 3.425848 1.710477 0.000000
vt 2.936441 0.977415 0.000000
vt 2.936441 1.099592 0.000000
vt 2.936441 1.221769 0.000000
vt 2.936441 1.343946 0.000000
vt 2.936441 1.466087 0.000000
vt 2.936441 1.588300 0.000000
vt 2.936441 1.710477 0.000000
vt 2.447034 0.977415 0.000000
vt 2.447034 1.099592 0.000000
vt 2.447034 1.221769 0.000000
vt 2.447034 1.343946 0.000000
vt 2.447034 1.466084 0.000000
vt 2.447034 1.588300 0.000000
vt 2.447034 1.710477 0.000000
vt 1.957628 0.977415 0.000000
vt 1.957628 1.099592 0.000000
vt 1.957628 1.221769 0.000000
vt 1.957628 1.343946 0.000000
vt 1.957628 1.466080 0.000000
vt 1.957628 1.588300 0.000000
vt 1.957628 1.710477 0.000000
vt 6.383457 1.588300 0.000000
vt 6.877097 1.466116 0.000000
vt 5.889816 1.710477 0.000000
vt -7.862298 1.574951 0.000000
vt -7.368827 1.722667 0.000000
vt -7.862298 1.968762 0.000000
vt -7.368827 1.845715 0.000000
vt -7.369243 1.968762 0.000000
vt -6.876854 1.968762 0.000000
vt -6.875357 1.845715 0.000000
vt -6.385034 1.968762 0.000000
vt -6.381887 1.845715 0.000000
vt -5.893689 1.968762 0.000000
vt -5.888417 1.845715 0.000000
vt -5.402723 1.968762 0.000000
vt -5.394946 1.845715 0.000000
vt -4.912041 1.968762 0.000000
vt -4.901476 1.845715 0.000000
vt -4.421548 1.968762 0.000000
vt -4.408006 1.845715 0.000000
vt -4.161271 1.845715 0.000000
vt -4.161271 1.722667 0.000000
vt -3.914535 1.722667 0.000000
vt -3.914535 1.599619 0.000000
vt -3.425219 1.599619 0.000000
vt -3.914535 1.476543 0.000000
vt -3.425219 1.476539 0.000000
vt -3.914535 1.353524 0.000000
vt -3.425219 1.353524 0.000000
vt -3.425219 1.230476 0.000000
vt -2.935902 1.230476 0.000000
vt -2.935902 1.107429 0.000000
vt -2.446585 1.107429 0.000000
vt -2.446585 0.984381 0.000000
vt -1.957268 0.984381 0.000000
vt -1.957268 0.861334 0.000000
vt -1.467951 0.861334 0.000000
vt -1.467951 0.738286 0.000000
vt -0.978634 0.738286 0.000000
vt -0.978634 0.615238 0.000000
vt -0.489317 0.615238 0.000000
vt -0.489317 0.492244 0.000000
vt -0.000000 0.492248 0.000000
vt -0.489317 0.369143 0.000000
vt -0.489317 0.246095 0.000000
vt -0.978634 0.369143 0.000000
vt -0.978634 0.246095 0.000000
vt -1.467951 0.369143 0.000000
vt -1.467951 0.246095 0.000000
vt -1.957268 0.369143 0.000000
vt -1.957268 0.246095 0.000000
vt -2.446585 0.369143 0.000000
vt -2.446585 0.246095 0.000000
vt -2.935902 0.369143 0.000000
vt -2.935902 0.246095 0.000000
vt -3.425219 0.369143 0.000000
vt -3.425219 0.246095 0.000000
vt -3.914535 0.369143 0.000000
vt -3.914535 0.246095 0.000000
vt -4.161271 0.369143 0.000000
vt -4.161271 0.246095 0.000000
vt -4.408006 0.369143 0.000000
vt -4.408006 0.246095 0.000000
vt -4.901476 0.369143 0.000000
vt -4.901476 0.246095 0.000000
vt -5.394946 0.369143 0.000000
vt -5.394946 0.246095 0.000000
vt -5.888417 0.369143 0.000000
vt -5.888417 0.246095 0.000000
vt -6.381887 0.369143 0.000000
vt -6.381887 0.246095 0.000000
vt -6.875357 0.369143 0.000000
vt -6.875357 0.246095 0.000000
vt -7.368827 0.369143 0.000000
vt -7.368827 0.246095 0.000000
vt -7.862298 0.393811 0.000000
vt -7.862298 0.000000 0.000000
vt -7.862298 1.181228 0.000000
vt -7.368827 1.353524 0.000000
vt -7.368827 1.476568 0.000000
vt -7.368827 1.599619 0.000000
vt -6.875357 1.599619 0.000000
vt -6.875357 1.722667 0.000000
vt -7.862298 0.787534 0.000000
vt -7.368827 0.984381 0.000000
vt -7.368827 1.107429 0.000000
vt -7.368827 1.230476 0.000000
vt -6.875357 1.107429 0.000000
vt -6.875357 1.230476 0.000000
vt -6.381887 1.107429 0.000000
vt -6.381887 1.230476 0.000000
vt -5.888417 1.107429 0.000000
vt -5.888417 1.230476 0.000000
vt -5.394946 1.107429 0.000000
vt -5.394946 1.230476 0.000000
vt -4.901476 1.107429 0.000000
vt -4.901476 1.230476 0.000000
vt -4.408006 1.107429 0.000000
vt -4.408006 1.230476 0.000000
vt -4.161271 1.107429 0.000000
vt -4.161271 1.230476 0.000000
vt -3.914535 1.107429 0.000000
vt -3.914535 1.230476 0.000000
vt -3.425219 1.107429 0.000000
vt -7.368827 0.615238 0.000000
vt -7.368827 0.738286 0.000000
vt -7.368827 0.861334 0.000000
vt -6.875357 0.738286 0.000000
vt -6.875357 0.861334 0.000000
vt -6.381887 0.738286 0.000000
vt -6.381887 0.861334 0.000000
vt -5.888417 0.738286 0.000000
vt -5.888417 0.861334 0.000000
vt -5.394946 0.738286 0.000000
vt -5.394946 0.861334 0.000000
vt -4.901476 0.738286 0.000000
vt -4.901476 0.861334 0.000000
vt -4.408006 0.738286 0.000000
vt -4.408006 0.861334 0.000000
vt -4.161271 0.738286 0.000000
vt -4.161271 0.861334 0.000000
vt -3.914535 0.738286 0.000000
vt -3.914535 0.861334 0.000000
vt -3.425219 0.738286 0.000000
vt -3.425219 0.861334 0.000000
vt -2.935902 0.738286 0.000000
vt -2.935902 0.861334 0.000000
vt -2.446585 0.738286 0.000000
vt -2.446585 0.861334 0.000000
vt -1.957268 0.738286 0.000000
vt -7.368827 0.123048 0.000000
vt -7.369243 0.000000 0.000000
vt -6.876854 0.000000 0.000000
vt -6.875357 0.123048 0.000000
vt -6.385034 0.000000 0.000000
vt -6.381887 0.123048 0.000000
vt -5.893689 0.000000 0.000000
vt -5.888417 0.123048 0.000000
vt -5.402723 0.000000 0.000000
vt -5.394946 0.123048 0.000000
vt -4.912041 0.000000 0.000000
vt -4.901476 0.123048 0.000000
vt -4.421548 0.000000 0.000000
vt -4.408006 0.123048 0.000000
vt -4.161271 0.123048 0.000000
vt -3.931149 0.000000 0.000000
vt -3.914535 0.123048 0.000000
vt -3.440750 0.000000 0.000000
vt -3.425219 0.123048 0.000000
vt -2.950257 0.000000 0.000000
vt -2.935902 0.123048 0.000000
vt -2.459575 0.000000 0.000000
vt -2.446585 0.123048 0.000000
vt -1.968608 0.000000 0.000000
vt -1.957268 0.123048 0.000000
vt -1.477263 0.000000 0.000000
vt -1.467951 0.123048 0.000000
vt -0.985444 0.000000 0.000000
vt -0.978634 0.123048 0.000000
vt -0.493055 0.000000 0.000000
vt -0.489317 0.123048 0.000000
vt -0.000000 0.000000 0.000000
vt -0.489317 0.738286 0.000000
vt -0.000000 0.984381 0.000000
vt -0.489317 0.861334 0.000000
vt -0.489317 0.984381 0.000000
vt -0.978634 0.984381 0.000000
vt -0.978634 1.107429 0.000000
vt -1.467951 1.107429 0.000000
vt -1.467951 1.230476 0.000000
vt -1.957268 1.230476 0.000000
vt -1.957268 1.353524 0.000000
vt -2.446585 1.353524 0.000000
vt -1.957268 1.476529 0.000000
vt -2.446585 1.476532 0.000000
vt -1.957268 1.599619 0.000000
vt -2.446585 1.599619 0.000000
vt -2.446585 1.722667 0.000000
vt -2.935902 1.722667 0.000000
vt -2.935902 1.845715 0.000000
vt -3.425219 1.845715 0.000000
vt -2.950257 1.968762 0.000000
vt -3.440750 1.968762 0.000000
vt -0.000000 1.476514 0.000000
vt -0.489317 1.230476 0.000000
vt -0.489317 1.107429 0.000000
vt -0.000000 1.968762 0.000000
vt -0.489317 1.722667 0.000000
vt -0.489317 1.599619 0.000000
vt -0.489317 1.476518 0.000000
vt -0.978634 1.476522 0.000000
vt -0.978634 1.353524 0.000000
vt -1.467951 1.353524 0.000000
vt -0.978634 1.230476 0.000000
vt -0.489317 1.845715 0.000000
vt -0.493055 1.968762 0.000000
vt -0.978634 1.845715 0.000000
vt -0.985444 1.968762 0.000000
vt -1.467951 1.845715 0.000000
vt -1.477263 1.968762 0.000000
vt -1.957268 1.845715 0.000000
vt -1.968608 1.968762 0.000000
vt -2.446585 1.845715 0.000000
vt -2.459575 1.968762 0.000000
vt -3.914535 1.845715 0.000000
vt -3.931149 1.968762 0.000000
vt -7.368827 0.492194 0.000000
vt -6.875357 0.984381 0.000000
vt -6.381887 0.984381 0.000000
vt -5.888417 0.984381 0.000000
vt -5.394946 0.984381 0.000000
vt -4.901476 0.984381 0.000000
vt -4.408006 0.984381 0.000000
vt -4.161271 0.984381 0.000000
vt -3.914535 0.984381 0.000000
vt -3.425219 0.984381 0.000000
vt -2.935902 0.984381 0.000000
vt -6.875357 1.353524 0.000000
vt -6.381887 1.353524 0.000000
vt -5.888417 1.353524 0.000000
vt -5.394946 1.353524 0.000000
vt -4.901476 1.353524 0.000000
vt -4.408006 1.353524 0.000000
vt -4.161271 1.353524 0.000000
vt -0.489317 1.353524 0.000000
vt -6.381887 1.722667 0.000000
vt -6.381887 1.599619 0.000000
vt -6.875357 1.476565 0.000000
vt -5.888417 1.722667 0.000000
vt -5.888417 1.599619 0.000000
vt -6.381887 1.476561 0.000000
vt -5.394946 1.722667 0.000000
vt -5.394946 1.599619 0.000000
vt -5.888417 1.476557 0.000000
vt -4.901476 1.722667 0.000000
vt -4.901476 1.599619 0.000000
vt -5.394946 1.476554 0.000000
vt -4.408006 1.722667 0.000000
vt -4.408006 1.599619 0.000000
vt -4.901476 1.476550 0.000000
vt -3.425219 1.722667 0.000000
vt -1.957268 1.722667 0.000000
vt -1.467951 1.722667 0.000000
vt -0.978634 1.722667 0.000000
vt -4.408006 1.476547 0.000000
vt -4.161271 1.599619 0.000000
vt -4.161271 1.476545 0.000000
vt -2.935902 1.476536 0.000000
vt -2.935902 1.599619 0.000000
vt -2.935902 1.353524 0.000000
vt -2.446585 1.230476 0.000000
vt -1.957268 1.107429 0.000000
vt -1.467951 0.984381 0.000000
vt -0.978634 0.861334 0.000000
vt -1.467951 1.476525 0.000000
vt -1.467951 1.599619 0.000000
vt -0.978634 1.599619 0.000000
vt -6.875357 0.615238 0.000000
vt -6.875357 0.492198 0.000000
vt -6.381887 0.615238 0.000000
vt -6.381887 0.492201 0.000000
vt -5.888417 0.615238 0.000000
vt -5.888417 0.492205 0.000000
vt -5.394946 0.615238 0.000000
vt -5.394946 0.492209 0.000000
vt -4.901476 0.615238 0.000000
vt -4.901476 0.492212 0.000000
vt -4.408006 0.615238 0.000000
vt -4.408006 0.492216 0.000000
vt -4.161271 0.615238 0.000000
vt -4.161271 0.492218 0.000000
vt -3.914535 0.615238 0.000000
vt -3.914535 0.492219 0.000000
vt -3.425219 0.615238 0.000000
vt -3.425219 0.492223 0.000000
vt -2.935902 0.615238 0.000000
vt -2.935902 0.492227 0.000000
vt -2.446585 0.615238 0.000000
vt -2.446585 0.492230 0.000000
vt -1.957268 0.615238 0.000000
vt -1.957268 0.492234 0.000000
vt -1.467951 0.615238 0.000000
vt -1.467951 0.492237 0.000000
vt -0.978634 0.492241 0.000000
vt 33.119365 -44.770153 0.000000
vt 33.450878 -44.545744 0.000000
vt 33.031486 -44.637884 0.000000
vt 33.360726 -44.415014 0.000000
vt 33.778463 -44.315642 0.000000
vt 33.686067 -44.186488 0.000000
vt 34.102024 -44.079913 0.000000
vt 34.007410 -43.952376 0.000000
vt 34.421464 -43.838629 0.000000
vt 34.324660 -43.712746 0.000000
vt 34.736687 -43.591863 0.000000
vt 34.637723 -43.467670 0.000000
vt -37.076126 -39.923761 0.000000
vt -36.983639 -39.784557 0.000000
vt -37.466166 -39.658503 0.000000
vt -37.370695 -39.521330 0.000000
vt -37.850386 -39.384884 0.000000
vt -37.751975 -39.249804 0.000000
vt -38.228608 -39.103030 0.000000
vt -38.127302 -38.970108 0.000000
vt -38.600654 -38.813074 0.000000
vt -38.496501 -38.682371 0.000000
vt -3.749804 0.000000 0.000000
vt -3.916930 0.000000 0.000000
vt -3.898872 -0.464553 0.000000
vt -4.065085 -0.464775 0.000000
vt -4.039416 -0.932200 0.000000
vt -4.204764 -0.932603 0.000000
vt -4.171381 -1.402757 0.000000
vt -4.335914 -1.403303 0.000000
vt -4.294716 -1.876041 0.000000
vt -4.458483 -1.876694 0.000000
vt -4.409371 -2.351867 0.000000
vt -4.572425 -2.352592 0.000000
vt -4.515304 -2.830050 0.000000
vt -4.677697 -2.830815 0.000000
vt -4.612471 -3.310401 0.000000
vt -4.774256 -3.311179 0.000000
vt -4.700836 -3.792734 0.000000
vt -4.862066 -3.793498 0.000000
vt -4.780363 -4.276860 0.000000
vt -4.941094 -4.277586 0.000000
vt -4.851022 -4.762591 0.000000
vt -5.011308 -4.763257 0.000000
vt -4.912785 -5.249736 0.000000
vt -5.072682 -5.250323 0.000000
vt -4.965628 -5.738105 0.000000
vt -5.125192 -5.738597 0.000000
vt -5.009529 -6.227507 0.000000
vt -5.168817 -6.227890 0.000000
vt -5.044473 -6.717751 0.000000
vt -5.203542 -6.718015 0.000000
vt -5.070446 -7.208646 0.000000
vt -5.229352 -7.208781 0.000000
vt -5.087437 -7.700000 0.000000
vt -5.246237 -7.700000 0.000000
vn 0.623197 0.000000 -0.782065
vn 0.623197 0.000000 -0.782065
vn 0.623197 0.000000 -0.782065
vn 0.623197 0.000000 -0.782065
vn 0.623197 0.000000 -0.782065
vn 0.623197 0.000000 -0.782065
vn 0.623197 0.000000 -0.782065
vn 0.623197 0.000000 -0.782065
vn 0.623197 0.000000 -0.782065
vn 0.623197 0.000000 -0.782065
vn 0.623197 0.000000 -0.782065
vn 0.623197 0.000000 -0.782065
vn 0.623197 0.000000 -0.782065
vn 0.623197 0.000000 -0.782065
vn 0.623197 0.000000 -0.782065
vn 0.623197 0.000000 -0.782065
vn 0.623197 0.000000 -0.782065
vn 0.623197 0.000000 -0.782065
vn 0.623197 0.000000 -0.782065
vn 0.623197 0.000000 -0.782065
vn 0.623197 0.000000 -0.782065
vn 0.623197 0.000000 -0.782065
vn 0.623197 0.000000 -0.782065
vn 0.623197 0.000000 -0.782065
vn 0.623197 0.000000 -0.782065
vn 0.623197 0.000000 -0.782065
vn 0.623197 0.000000 -0.782065
vn 0.623197 0.000000 -0.782065
vn 0.623197 0.000000 -0.782065
vn 0.623197 0.000000 -0.782065
vn 0.623197 0.000000 -0.782065
vn 0.623197 0.000000 -0.782065
vn 0.623197 0.000000 -0.782065
vn 0.623197 0.000000 -0.782065
vn 0.795419 -0.296688 0.528475
vn 0.792519 -0.296824 0.532737
vn 0.790692 -0.314374 0.525334
vn 0.789631 -0.296824 0.537008
vn 0.779162 -0.314374 0.542288
vn 0.786720 -0.296824 0.541264
vn 0.783785 -0.296824 0.545506
vn 0.788140 -0.279181 0.548537
vn 0.785168 -0.279181 0.552783
vn 0.789239 -0.261451 0.555649
vn 0.782172 -0.279181 0.557015
vn 0.786227 -0.261451 0.559903
vn 0.779152 -0.279181 0.561231
vn 0.783192 -0.261451 0.564141
vn 0.776110 -0.279181 0.565430
vn 0.780134 -0.261451 0.568362
vn 0.773045 -0.279181 0.569614
vn 0.777053 -0.261451 0.572567
vn 0.769958 -0.279181 0.573780
vn 0.773949 -0.261451 0.576755
vn 0.766848 -0.279181 0.577929
vn 0.770823 -0.261451 0.580926
vn 0.763717 -0.279181 0.582060
vn 0.767676 -0.261451 0.585078
vn 0.760562 -0.279181 0.586177
vn 0.764505 -0.261451 0.589216
vn 0.757386 -0.279181 0.590275
vn 0.761312 -0.261451 0.593335
vn 0.754188 -0.279181 0.594356
vn 0.758098 -0.261451 0.597437
vn 0.751025 -0.278930 0.598463
vn 0.754935 -0.261107 0.601579
vn 0.761749 -0.243642 0.600314
vn 0.758580 -0.243221 0.604483
vn 0.765140 -0.225763 0.602986
vn 0.761961 -0.225279 0.607178
vn 0.768269 -0.207821 0.605453
vn 0.765079 -0.207284 0.609662
vn 0.771137 -0.189824 0.607713
vn 0.767933 -0.189241 0.611937
vn 0.773742 -0.171780 0.609766
vn 0.770525 -0.171155 0.614002
vn 0.774957 -0.162665 0.610723
vn 0.772853 -0.153030 0.615857
vn 0.776104 -0.153541 0.611627
vn 0.778198 -0.135269 0.613278
vn 0.781498 -0.135269 0.609067
vn 0.783333 -0.116974 0.610497
vn 0.786618 -0.116974 0.606259
vn 0.788191 -0.098663 0.607471
vn 0.791460 -0.098663 0.603206
vn 0.792769 -0.080344 0.604204
vn 0.796020 -0.080344 0.599915
vn 0.797064 -0.062025 0.600701
vn 0.800296 -0.062025 0.596388
vn 0.801073 -0.043714 0.596968
vn 0.804286 -0.043714 0.592633
vn 0.802870 -0.025418 0.595612
vn 0.807474 -0.043714 0.588281
vn 0.813041 -0.025418 0.581651
vn 0.810639 -0.043714 0.583912
vn 0.813781 -0.043714 0.579525
vn 0.809853 -0.062025 0.583345
vn 0.812991 -0.062025 0.578963
vn 0.808792 -0.080344 0.582581
vn 0.811926 -0.080344 0.578205
vn 0.807456 -0.098663 0.581619
vn 0.810585 -0.098663 0.577250
vn 0.805845 -0.116974 0.580458
vn 0.808968 -0.116974 0.576098
vn 0.803957 -0.135269 0.579098
vn 0.807073 -0.135269 0.574748
vn 0.801794 -0.153541 0.577540
vn 0.804901 -0.153541 0.573201
vn 0.800608 -0.162665 0.576686
vn 0.803711 -0.162665 0.572354
vn 0.799354 -0.171780 0.575782
vn 0.802451 -0.171780 0.571457
vn 0.796662 -0.189824 0.573844
vn 0.799749 -0.189824 0.569533
vn 0.793699 -0.207821 0.571709
vn 0.796775 -0.207821 0.567415
vn 0.790466 -0.225763 0.569381
vn 0.793530 -0.225763 0.565104
vn 0.786963 -0.243642 0.566857
vn 0.790013 -0.243642 0.562599
vn 0.796923 -0.279181 0.535698
vn 0.799864 -0.278930 0.531428
vn 0.801054 -0.261451 0.538475
vn 0.804027 -0.261107 0.534194
vn 0.804912 -0.243642 0.541068
vn 0.807909 -0.243221 0.536774
vn 0.808495 -0.225763 0.543477
vn 0.811510 -0.225279 0.539166
vn 0.811802 -0.207821 0.545700
vn 0.814831 -0.207284 0.541372
vn 0.814832 -0.189824 0.547736
vn 0.817871 -0.189241 0.543392
vn 0.817585 -0.171780 0.549587
vn 0.820631 -0.171155 0.545226
vn 0.818868 -0.162665 0.550450
vn 0.823111 -0.153030 0.546873
vn 0.820081 -0.153541 0.551265
vn 0.822294 -0.135269 0.552752
vn 0.817093 -0.153541 0.555684
vn 0.819298 -0.135269 0.557184
vn 0.814081 -0.153541 0.560088
vn 0.816277 -0.135269 0.561599
vn 0.813233 -0.135269 0.565999
vn 0.815142 -0.116974 0.567328
vn 0.812067 -0.116974 0.571721
vn 0.813691 -0.098663 0.572864
vn 0.825311 -0.134870 0.548335
vn 0.824224 -0.116974 0.554050
vn 0.821221 -0.116974 0.558492
vn 0.818194 -0.116974 0.562917
vn 0.816772 -0.098663 0.568462
vn 0.815037 -0.080344 0.573812
vn 0.827232 -0.116680 0.549612
vn 0.825872 -0.098663 0.555158
vn 0.822863 -0.098663 0.559608
vn 0.819830 -0.098663 0.564043
vn 0.818123 -0.080344 0.569402
vn 0.816106 -0.062025 0.574564
vn 0.828874 -0.098463 0.550702
vn 0.827239 -0.080344 0.556076
vn 0.824225 -0.080344 0.560534
vn 0.821186 -0.080344 0.564976
vn 0.819196 -0.062025 0.570149
vn 0.816899 -0.043714 0.575122
vn 0.830237 -0.080225 0.551608
vn 0.828324 -0.062025 0.556806
vn 0.825306 -0.062025 0.561269
vn 0.822263 -0.062025 0.565717
vn 0.819992 -0.043714 0.570703
vn 0.822969 -0.025418 0.567517
vn 0.831320 -0.061968 0.552328
vn 0.829128 -0.043714 0.557346
vn 0.826107 -0.043714 0.561815
vn 0.823062 -0.043714 0.566267
vn 0.832126 -0.043698 0.552863
vn 0.832652 -0.025418 0.553213
vn 0.797838 -0.043714 0.601285
vn 0.792459 -0.025418 0.609395
vn 0.794580 -0.043714 0.605584
vn 0.791298 -0.043714 0.609866
vn 0.790530 -0.062025 0.609274
vn 0.787229 -0.062025 0.613534
vn 0.786198 -0.080344 0.612730
vn 0.782878 -0.080344 0.616966
vn 0.781585 -0.098663 0.615947
vn 0.778264 -0.098463 0.620169
vn 0.776723 -0.116680 0.618941
vn 0.787994 -0.043714 0.614130
vn 0.781812 -0.025418 0.622996
vn 0.784667 -0.043714 0.618375
vn 0.781318 -0.043698 0.622602
vn 0.780562 -0.061968 0.622000
vn 0.783905 -0.062025 0.617775
vn 0.779544 -0.080225 0.621189
vn 0.780025 -0.116974 0.614717
vn 0.774919 -0.134870 0.617503
vn 0.746852 -0.296688 0.595138
vn 0.750020 -0.296824 0.591071
vn 0.753200 -0.296824 0.587013
vn 0.756359 -0.296824 0.582938
vn 0.759497 -0.296824 0.578844
vn 0.762610 -0.296824 0.574736
vn 0.765703 -0.296824 0.570609
vn 0.768773 -0.296824 0.566466
vn 0.771821 -0.296824 0.562306
vn 0.774846 -0.296824 0.558129
vn 0.777849 -0.296824 0.553937
vn 0.780829 -0.296824 0.549728
vn 0.742413 -0.314374 0.591601
vn 0.755017 -0.314374 0.575429
vn 0.767268 -0.314374 0.558989
vn 0.815885 -0.162665 0.554862
vn 0.812877 -0.162665 0.559259
vn 0.811044 -0.153541 0.564476
vn 0.810165 -0.135269 0.570382
vn 0.814606 -0.171780 0.553993
vn 0.811603 -0.171780 0.558383
vn 0.809845 -0.162665 0.563642
vn 0.807984 -0.153541 0.568846
vn 0.811863 -0.189824 0.552128
vn 0.808870 -0.189824 0.556503
vn 0.808576 -0.171780 0.562758
vn 0.806790 -0.162665 0.568005
vn 0.808844 -0.207821 0.550074
vn 0.805862 -0.207821 0.554433
vn 0.805853 -0.189824 0.560864
vn 0.805526 -0.171780 0.567115
vn 0.805549 -0.225763 0.547834
vn 0.802580 -0.225763 0.552175
vn 0.802856 -0.207821 0.558778
vn 0.802813 -0.189824 0.565206
vn 0.801979 -0.243642 0.545406
vn 0.799023 -0.243642 0.549728
vn 0.799585 -0.225763 0.556502
vn 0.799828 -0.207821 0.563104
vn 0.798136 -0.261451 0.542792
vn 0.795193 -0.261451 0.547093
vn 0.796042 -0.243642 0.554036
vn 0.796570 -0.225763 0.560810
vn 0.794019 -0.279181 0.539992
vn 0.791092 -0.279181 0.544271
vn 0.792227 -0.261451 0.551381
vn 0.793040 -0.243642 0.558325
vn 0.806691 -0.062025 0.587710
vn 0.803505 -0.062025 0.592058
vn 0.805634 -0.080344 0.586940
vn 0.802452 -0.080344 0.591282
vn 0.799248 -0.080344 0.595607
vn 0.804303 -0.098663 0.585971
vn 0.801127 -0.098663 0.590306
vn 0.797928 -0.098663 0.594623
vn 0.794705 -0.098663 0.598924
vn 0.802698 -0.116974 0.584801
vn 0.799528 -0.116974 0.589128
vn 0.796335 -0.116974 0.593437
vn 0.793119 -0.116974 0.597729
vn 0.789880 -0.116974 0.602002
vn 0.800818 -0.135269 0.583432
vn 0.797656 -0.135269 0.587748
vn 0.794470 -0.135269 0.592047
vn 0.791261 -0.135269 0.596329
vn 0.788030 -0.135269 0.600592
vn 0.784775 -0.135269 0.604839
vn 0.798663 -0.153541 0.581861
vn 0.795509 -0.153541 0.586166
vn 0.792332 -0.153541 0.590454
vn 0.789132 -0.153541 0.594724
vn 0.785910 -0.153541 0.598975
vn 0.782663 -0.153541 0.603211
vn 0.779395 -0.153541 0.607428
vn 0.797482 -0.162665 0.581001
vn 0.794333 -0.162665 0.585299
vn 0.791160 -0.162665 0.589581
vn 0.787965 -0.162665 0.593844
vn 0.784748 -0.162665 0.598090
vn 0.781506 -0.162665 0.602319
vn 0.778243 -0.162665 0.606530
vn 0.796233 -0.171780 0.580091
vn 0.793088 -0.171780 0.584382
vn 0.789921 -0.171780 0.588657
vn 0.786730 -0.171780 0.592914
vn 0.783518 -0.171780 0.597152
vn 0.780281 -0.171780 0.601375
vn 0.777023 -0.171780 0.605580
vn 0.793551 -0.189824 0.578137
vn 0.790418 -0.189824 0.582415
vn 0.787261 -0.189824 0.586675
vn 0.784081 -0.189824 0.590917
vn 0.780880 -0.189824 0.595142
vn 0.777654 -0.189824 0.599351
vn 0.774407 -0.189824 0.603541
vn 0.790600 -0.207821 0.575987
vn 0.787478 -0.207821 0.580249
vn 0.784333 -0.207821 0.584493
vn 0.781165 -0.207821 0.588720
vn 0.777976 -0.207821 0.592928
vn 0.774762 -0.207821 0.597122
vn 0.771527 -0.207821 0.601296
vn 0.787380 -0.225763 0.573641
vn 0.784270 -0.225763 0.577885
vn 0.781138 -0.225763 0.582112
vn 0.777983 -0.225763 0.586322
vn 0.774807 -0.225763 0.590513
vn 0.771606 -0.225763 0.594689
vn 0.768384 -0.225763 0.598847
vn 0.783891 -0.243642 0.571099
vn 0.780795 -0.243642 0.575324
vn 0.777677 -0.243642 0.579532
vn 0.774536 -0.243642 0.583723
vn 0.771373 -0.243642 0.587896
vn 0.768187 -0.243642 0.592054
vn 0.764979 -0.243642 0.596193
vn 0.789494 -0.080344 0.608476
vn 0.793809 -0.062025 0.604997
vn 0.784899 -0.098663 0.611718
vn -0.792462 0.025269 -0.609397
vn -0.788003 0.043453 -0.614137
vn -0.781815 0.025269 -0.622998
vn -0.784676 0.043453 -0.618382
vn -0.781326 0.043438 -0.622609
vn -0.780580 0.061597 -0.622014
vn -0.783923 0.061652 -0.617789
vn -0.779574 0.079742 -0.621213
vn -0.782909 0.079858 -0.616990
vn -0.778310 0.097869 -0.620206
vn -0.781632 0.098064 -0.615983
vn -0.776787 0.115975 -0.618992
vn -0.780091 0.116262 -0.614769
vn -0.775006 0.134055 -0.617572
vn -0.778287 0.134444 -0.613347
vn -0.772965 0.152105 -0.615946
vn -0.776218 0.152603 -0.611717
vn -0.775085 0.161671 -0.610824
vn -0.778371 0.161671 -0.606630
vn -0.777167 0.170730 -0.605692
vn -0.780426 0.170730 -0.601487
vn -0.777831 0.188667 -0.599487
vn -0.783663 0.170730 -0.597263
vn -0.781057 0.188667 -0.595277
vn -0.786876 0.170730 -0.593024
vn -0.784259 0.188667 -0.591052
vn -0.787440 0.188667 -0.586808
vn -0.784548 0.206557 -0.584653
vn -0.787694 0.206557 -0.580407
vn -0.784525 0.224393 -0.578073
vn -0.787636 0.224393 -0.573828
vn -0.784189 0.242167 -0.571317
vn -0.787263 0.242167 -0.567073
vn -0.783537 0.259872 -0.564390
vn -0.786574 0.259872 -0.560150
vn -0.782568 0.277499 -0.557298
vn -0.785567 0.277499 -0.553064
vn -0.781281 0.295042 -0.550046
vn -0.784238 0.295042 -0.545821
vn -0.779671 0.312492 -0.542643
vn -0.787175 0.295042 -0.541577
vn -0.790088 0.295042 -0.537319
vn -0.791493 0.277499 -0.544548
vn -0.794422 0.277499 -0.540266
vn -0.795545 0.259872 -0.547335
vn -0.798488 0.259872 -0.543032
vn -0.799327 0.242167 -0.549937
vn -0.802285 0.242167 -0.545614
vn -0.802840 0.224393 -0.552354
vn -0.805811 0.224393 -0.548012
vn -0.806083 0.206557 -0.554585
vn -0.809065 0.206557 -0.550225
vn -0.809054 0.188667 -0.556629
vn -0.812048 0.188667 -0.552253
vn -0.811754 0.170730 -0.558487
vn -0.814757 0.170730 -0.554096
vn -0.813012 0.161671 -0.559352
vn -0.816020 0.161671 -0.554954
vn -0.814200 0.152603 -0.560170
vn -0.817213 0.152603 -0.555766
vn -0.816370 0.134444 -0.561663
vn -0.819391 0.134444 -0.557247
vn -0.818263 0.116262 -0.562965
vn -0.821290 0.116262 -0.558539
vn -0.819879 0.098064 -0.564077
vn -0.822912 0.098064 -0.559642
vn -0.821218 0.079858 -0.564998
vn -0.824257 0.079858 -0.560556
vn -0.822282 0.061652 -0.565730
vn -0.825325 0.061652 -0.561282
vn -0.823071 0.043453 -0.566273
vn -0.826117 0.043453 -0.561821
vn -0.822973 0.025269 -0.567519
vn -0.832655 0.025269 -0.553215
vn -0.802873 0.025269 -0.595614
vn -0.797847 0.043453 -0.601292
vn -0.794589 0.043453 -0.605591
vn -0.791307 0.043453 -0.609873
vn -0.790548 0.061652 -0.609288
vn -0.787247 0.061652 -0.613548
vn -0.813044 0.025269 -0.581653
vn -0.807483 0.043453 -0.588288
vn -0.804295 0.043453 -0.592640
vn -0.801083 0.043453 -0.596975
vn -0.803524 0.061652 -0.592072
vn -0.800315 0.061652 -0.596402
vn -0.802484 0.079858 -0.591306
vn -0.799279 0.079858 -0.595631
vn -0.801175 0.098064 -0.590341
vn -0.797975 0.098064 -0.594659
vn -0.799596 0.116262 -0.589177
vn -0.796402 0.116262 -0.593487
vn -0.797746 0.134444 -0.587814
vn -0.794560 0.134444 -0.592114
vn -0.795626 0.152603 -0.586252
vn -0.792448 0.152603 -0.590540
vn -0.794464 0.161671 -0.585396
vn -0.791291 0.161671 -0.589678
vn -0.793235 0.170730 -0.584491
vn -0.790067 0.170730 -0.588766
vn -0.790597 0.188667 -0.582547
vn -0.816908 0.043453 -0.575129
vn -0.813790 0.043453 -0.579532
vn -0.810649 0.043453 -0.583918
vn -0.813010 0.061652 -0.578976
vn -0.809872 0.061652 -0.583358
vn -0.811958 0.079858 -0.578227
vn -0.808824 0.079858 -0.582604
vn -0.810634 0.098064 -0.577284
vn -0.807504 0.098064 -0.581653
vn -0.809036 0.116262 -0.576146
vn -0.805913 0.116262 -0.580507
vn -0.807164 0.134444 -0.574813
vn -0.804048 0.134444 -0.579164
vn -0.805019 0.152603 -0.573286
vn -0.801911 0.152603 -0.577625
vn -0.803844 0.161671 -0.572449
vn -0.800741 0.161671 -0.576781
vn -0.802600 0.170730 -0.571563
vn -0.799502 0.170730 -0.575889
vn -0.799931 0.188667 -0.569662
vn -0.796843 0.188667 -0.573974
vn -0.796993 0.206557 -0.567570
vn -0.793917 0.206557 -0.571866
vn -0.793787 0.224393 -0.565287
vn -0.790723 0.224393 -0.569566
vn -0.790314 0.242167 -0.562814
vn -0.829138 0.043453 -0.557353
vn -0.832135 0.043438 -0.552869
vn -0.831340 0.061597 -0.552341
vn -0.828343 0.061652 -0.556819
vn -0.830269 0.079742 -0.551629
vn -0.827271 0.079858 -0.556098
vn -0.828923 0.097869 -0.550735
vn -0.825922 0.098064 -0.555191
vn -0.827301 0.115975 -0.549657
vn -0.824294 0.116262 -0.554097
vn -0.825403 0.134055 -0.548397
vn -0.822387 0.134444 -0.552815
vn -0.823230 0.152105 -0.546952
vn -0.820201 0.152603 -0.551346
vn -0.819004 0.161671 -0.550541
vn -0.820780 0.170121 -0.545325
vn -0.817737 0.170730 -0.549689
vn -0.818054 0.188098 -0.543514
vn -0.815017 0.188667 -0.547861
vn -0.815051 0.206033 -0.541519
vn -0.812024 0.206557 -0.545849
vn -0.811771 0.223920 -0.539340
vn -0.808758 0.224393 -0.543653
vn -0.808214 0.241756 -0.536976
vn -0.805219 0.242167 -0.541274
vn -0.804380 0.259536 -0.534429
vn -0.801408 0.259872 -0.538713
vn -0.800268 0.277255 -0.531697
vn -0.797327 0.277499 -0.535969
vn -0.795878 0.294908 -0.528780
vn -0.792977 0.295042 -0.533045
vn -0.791209 0.312492 -0.525678
vn -0.778299 0.295042 -0.554257
vn -0.767770 0.312492 -0.559355
vn -0.775294 0.295042 -0.558452
vn -0.772267 0.295042 -0.562631
vn -0.776504 0.277499 -0.565717
vn -0.773437 0.277499 -0.569903
vn -0.777396 0.259872 -0.572820
vn -0.774291 0.259872 -0.577009
vn -0.777973 0.242167 -0.579753
vn -0.774831 0.242167 -0.583946
vn -0.778236 0.224393 -0.586512
vn -0.771667 0.242167 -0.588120
vn -0.775059 0.224393 -0.590705
vn -0.768479 0.242167 -0.592279
vn -0.771857 0.224393 -0.594882
vn -0.768634 0.224393 -0.599041
vn -0.771738 0.206557 -0.601461
vn -0.768480 0.206557 -0.605618
vn -0.771312 0.188667 -0.607851
vn -0.765286 0.206033 -0.609827
vn -0.768105 0.188098 -0.612073
vn -0.755511 0.312492 -0.575806
vn -0.766145 0.295042 -0.570939
vn -0.769217 0.295042 -0.566793
vn -0.742899 0.312492 -0.591988
vn -0.753636 0.295042 -0.587353
vn -0.756796 0.295042 -0.583275
vn -0.759936 0.295042 -0.579178
vn -0.764105 0.277499 -0.582356
vn -0.767237 0.277499 -0.578223
vn -0.771164 0.259872 -0.581182
vn -0.770348 0.277499 -0.574071
vn -0.750454 0.295042 -0.591413
vn -0.747283 0.294908 -0.595481
vn -0.754571 0.277499 -0.594657
vn -0.751405 0.277255 -0.598766
vn -0.758433 0.259872 -0.597701
vn -0.755266 0.259536 -0.601843
vn -0.762039 0.242167 -0.600543
vn -0.758866 0.241756 -0.604712
vn -0.765388 0.224393 -0.603182
vn -0.762206 0.223920 -0.607373
vn -0.773886 0.170730 -0.609879
vn -0.770665 0.170121 -0.614113
vn -0.820002 0.043453 -0.570709
vn -0.806709 0.061652 -0.587724
vn -0.805666 0.079858 -0.586963
vn -0.804351 0.098064 -0.586006
vn -0.802766 0.116262 -0.584851
vn -0.800909 0.134444 -0.583498
vn -0.798780 0.152603 -0.581947
vn -0.797614 0.161671 -0.581097
vn -0.796380 0.170730 -0.580198
vn -0.793732 0.188667 -0.578269
vn -0.790817 0.206557 -0.576145
vn -0.797082 0.061652 -0.600715
vn -0.796051 0.079858 -0.599938
vn -0.794752 0.098064 -0.598959
vn -0.793186 0.116262 -0.597779
vn -0.791351 0.134444 -0.596396
vn -0.789248 0.152603 -0.594811
vn -0.788096 0.161671 -0.593943
vn -0.763051 0.295042 -0.575068
vn -0.786229 0.079858 -0.612754
vn -0.789525 0.079858 -0.608500
vn -0.793827 0.061652 -0.605011
vn -0.784946 0.098064 -0.611754
vn -0.788237 0.098064 -0.607507
vn -0.792800 0.079858 -0.604228
vn -0.783399 0.116262 -0.610549
vn -0.786684 0.116262 -0.606310
vn -0.791507 0.098064 -0.603242
vn -0.781587 0.134444 -0.609136
vn -0.784864 0.134444 -0.604907
vn -0.789947 0.116262 -0.602053
vn -0.779509 0.152603 -0.607517
vn -0.782778 0.152603 -0.603300
vn -0.788120 0.134444 -0.600660
vn -0.774583 0.188667 -0.603678
vn -0.765270 0.242167 -0.596420
vn -0.761649 0.259872 -0.593597
vn -0.757770 0.277499 -0.590575
vn -0.786025 0.152603 -0.599063
vn -0.781635 0.161671 -0.602419
vn -0.784878 0.161671 -0.598189
vn -0.778189 0.206557 -0.593091
vn -0.774974 0.206557 -0.597285
vn -0.781379 0.206557 -0.588881
vn -0.781392 0.224393 -0.582301
vn -0.781092 0.242167 -0.575543
vn -0.780478 0.259872 -0.568613
vn -0.779547 0.277499 -0.561516
vn -0.768016 0.259872 -0.585336
vn -0.764843 0.259872 -0.589476
vn -0.760948 0.277499 -0.586475
vn -0.816125 0.061652 -0.574578
vn -0.819215 0.061652 -0.570162
vn -0.815069 0.079858 -0.573834
vn -0.818155 0.079858 -0.569425
vn -0.813739 0.098064 -0.572898
vn -0.816821 0.098064 -0.568496
vn -0.812135 0.116262 -0.571769
vn -0.815210 0.116262 -0.567376
vn -0.810257 0.134444 -0.570446
vn -0.813325 0.134444 -0.566063
vn -0.808103 0.152603 -0.568930
vn -0.811163 0.152603 -0.564559
vn -0.806923 0.161671 -0.568099
vn -0.809979 0.161671 -0.563735
vn -0.805675 0.170730 -0.567220
vn -0.808725 0.170730 -0.562863
vn -0.802996 0.188667 -0.565334
vn -0.806036 0.188667 -0.560991
vn -0.800047 0.206557 -0.563258
vn -0.803076 0.206557 -0.558931
vn -0.796828 0.224393 -0.560992
vn -0.799845 0.224393 -0.556683
vn -0.793342 0.242167 -0.558537
vn -0.796345 0.242167 -0.554247
vn -0.789587 0.259872 -0.555894
vn -0.792576 0.259872 -0.551624
vn -0.788540 0.277499 -0.548815
vn -0.000000 -1.000000 0.000000
vn -0.000000 -1.000000 0.000000
vn -0.000000 -1.000000 0.000000
vn -0.000000 -1.000000 0.000000
vn -0.000000 -1.000000 0.000000
vn -0.000000 -1.000000 0.000000
vn -0.000000 -1.000000 0.000000
vn -0.000000 -1.000000 0.000000
vn -0.000000 -1.000000 0.000000
vn -0.000000 -1.000000 0.000000
vn -0.000000 -1.000000 0.000000
vn -0.000000 -1.000000 0.000000
vn 0.000000 1.000000 0.000000
vn 0.000000 1.000000 0.000000
vn 0.000000 1.000000 0.000000
vn 0.000000 1.000000 0.000000
vn 0.000000 1.000000 0.000000
vn 0.000000 1.000000 0.000000
vn 0.000000 1.000000 0.000000
vn 0.000000 1.000000 0.000000
vn 0.000000 1.000000 0.000000
vn 0.000000 1.000000 0.000000
vn -0.553392 -0.000000 0.832921
vn -0.553392 -0.000000 0.832921
vn -0.553392 -0.000000 0.832921
vn -0.553392 -0.000000 0.832921
vn -0.553392 -0.000000 0.832921
vn -0.553392 -0.000000 0.832921
vn -0.553392 -0.000000 0.832921
vn -0.553392 -0.000000 0.832921
vn -0.553392 -0.000000 0.832921
vn -0.553392 -0.000000 0.832921
vn -0.553392 -0.000000 0.832921
vn -0.553392 -0.000000 0.832921
vn -0.553392 -0.000000 0.832921
vn -0.553392 -0.000000 0.832921
vn -0.553392 -0.000000 0.832921
vn -0.553392 -0.000000 0.832921
vn -0.553392 -0.000000 0.832921
vn -0.553392 -0.000000 0.832921
vn -0.553392 -0.000000 0.832921
vn -0.553392 -0.000000 0.832921
vn -0.553392 -0.000000 0.832921
vn -0.553392 -0.000000 0.832921
vn -0.553392 -0.000000 0.832921
vn -0.553392 -0.000000 0.832921
vn -0.553392 -0.000000 0.832921
vn -0.553392 -0.000000 0.832921
vn -0.553392 -0.000000 0.832921
vn -0.553392 -0.000000 0.832921
vn -0.553392 -0.000000 0.832921
vn -0.553392 -0.000000 0.832921
vn -0.553392 -0.000000 0.832921
vn -0.553392 -0.000000 0.832921
vn -0.553392 -0.000000 0.832921
vn -0.553392 -0.000000 0.832921
usemtl Aluminum_-_Anodized_Glossy_(Blue)
f 2/1/1 3/2/2 1/3/3
f 1/3/3 3/2/2 34/4/4
f 34/4/4 3/2/2 4/5/5
f 34/4/4 4/5/5 33/6/6
f 33/6/6 4/5/5 5/7/7
f 33/6/6 5/7/7 32/8/8
f 32/8/8 5/7/7 6/9/9
f 32/8/8 6/9/9 31/10/10
f 31/10/10 6/9/9 7/11/11
f 31/10/10 7/11/11 30/12/12
f 30/12/12 7/11/11 8/13/13
f 30/12/12 8/13/13 29/14/14
f 29/14/14 8/13/13 9/15/15
f 29/14/14 9/15/15 28/16/16
f 28/16/16 9/15/15 10/17/17
f 28/16/16 10/17/17 27/18/18
f 27/18/18 10/17/17 11/19/19
f 27/18/18 11/19/19 26/20/20
f 26/20/20 11/19/19 12/21/21
f 26/20/20 12/21/21 25/22/22
f 25/22/22 12/21/21 13/23/23
f 25/22/22 13/23/23 24/24/24
f 24/24/24 13/23/23 14/25/25
f 24/24/24 14/25/25 23/26/26
f 23/26/26 14/25/25 15/27/27
f 23/26/26 15/27/27 22/28/28
f 22/28/28 15/27/27 16/29/29
f 22/28/28 16/29/29 21/30/30
f 21/30/30 16/29/29 17/31/31
f 21/30/30 17/31/31 20/32/32
f 20/32/32 17/31/31 18/33/33
f 20/32/32 18/33/33 19/34/34
f 36/35/35 83/36/36 35/37/37
f 35/37/37 83/36/36 59/38/38
f 35/37/37 59/38/38 58/39/39
f 58/39/39 59/38/38 100/40/40
f 58/39/39 100/40/40 99/41/41
f 99/41/41 100/40/40 98/42/42
f 99/41/41 98/42/42 283/43/43
f 283/43/43 98/42/42 282/44/44
f 283/43/43 282/44/44 132/45/45
f 132/45/45 282/44/44 133/46/46
f 132/45/45 133/46/46 130/47/47
f 130/47/47 133/46/46 129/48/48
f 130/47/47 129/48/48 254/49/49
f 254/49/49 129/48/48 253/50/50
f 254/49/49 253/50/50 163/51/51
f 163/51/51 253/50/50 164/52/52
f 163/51/51 164/52/52 161/53/53
f 161/53/53 164/52/52 160/54/54
f 161/53/53 160/54/54 227/55/55
f 227/55/55 160/54/54 228/56/56
f 227/55/55 228/56/56 195/57/57
f 195/57/57 228/56/56 196/58/58
f 195/57/57 196/58/58 192/59/59
f 192/59/59 196/58/58 191/60/60
f 192/59/59 191/60/60 298/61/61
f 298/61/61 191/60/60 297/62/62
f 298/61/61 297/62/62 211/63/63
f 211/63/63 297/62/62 212/64/64
f 211/63/63 212/64/64 4/65/65
f 4/65/65 212/64/64 5/66/66
f 5/66/66 212/64/64 213/67/67
f 5/66/66 213/67/67 6/68/68
f 6/68/68 213/67/67 214/69/69
f 6/68/68 214/69/69 7/70/70
f 7/70/70 214/69/69 215/71/71
f 7/70/70 215/71/71 8/72/72
f 8/72/72 215/71/71 216/73/73
f 8/72/72 216/73/73 9/74/74
f 9/74/74 216/73/73 217/75/75
f 9/74/74 217/75/75 10/76/76
f 10/76/76 217/75/75 218/77/77
f 10/76/76 218/77/77 11/78/78
f 11/78/78 218/77/77 219/79/79
f 11/78/78 219/79/79 220/80/80
f 220/80/80 219/79/79 289/81/81
f 220/80/80 289/81/81 288/82/82
f 288/82/82 289/81/81 182/83/83
f 288/82/82 182/83/83 181/84/84
f 181/84/84 182/83/83 206/85/85
f 181/84/84 206/85/85 207/86/86
f 207/86/86 206/85/85 239/87/87
f 207/86/86 239/87/87 240/88/88
f 240/88/88 239/87/87 148/89/89
f 240/88/88 148/89/89 147/90/90
f 147/90/90 148/89/89 177/91/91
f 147/90/90 177/91/91 54/92/92
f 54/92/92 177/91/91 64/93/93
f 54/92/92 64/93/93 53/94/94
f 53/94/94 64/93/93 116/95/95
f 53/94/94 116/95/95 146/96/96
f 146/96/96 116/95/95 117/97/97
f 146/96/96 117/97/97 145/98/98
f 145/98/98 117/97/97 118/99/99
f 145/98/98 118/99/99 144/100/100
f 144/100/100 118/99/99 119/101/101
f 144/100/100 119/101/101 143/102/102
f 143/102/102 119/101/101 120/103/103
f 143/102/102 120/103/103 142/104/104
f 142/104/104 120/103/103 121/105/105
f 142/104/104 121/105/105 141/106/106
f 141/106/106 121/105/105 122/107/107
f 141/106/106 122/107/107 140/108/108
f 140/108/108 122/107/107 123/109/109
f 140/108/108 123/109/109 139/110/110
f 139/110/110 123/109/109 124/111/111
f 139/110/110 124/111/111 138/112/112
f 138/112/112 124/111/111 125/113/113
f 138/112/112 125/113/113 137/114/114
f 137/114/114 125/113/113 126/115/115
f 137/114/114 126/115/115 136/116/116
f 136/116/116 126/115/115 127/117/117
f 136/116/116 127/117/117 135/118/118
f 135/118/118 127/117/117 128/119/119
f 135/118/118 128/119/119 134/120/120
f 134/120/120 128/119/119 129/48/48
f 134/120/120 129/48/48 133/46/46
f 83/36/36 36/35/35 82/121/121
f 82/121/121 36/35/35 37/122/122
f 82/121/121 37/122/122 81/123/123
f 81/123/123 37/122/122 38/124/124
f 81/123/123 38/124/124 80/125/125
f 80/125/125 38/124/124 39/126/126
f 80/125/125 39/126/126 79/127/127
f 79/127/127 39/126/126 40/128/128
f 79/127/127 40/128/128 78/129/129
f 78/129/129 40/128/128 41/130/130
f 78/129/129 41/130/130 77/131/131
f 77/131/131 41/130/130 42/132/132
f 77/131/131 42/132/132 76/133/133
f 76/133/133 42/132/132 43/134/134
f 76/133/133 43/134/134 75/135/135
f 75/135/135 43/134/134 44/136/136
f 75/135/135 44/136/136 74/137/137
f 74/137/137 44/136/136 73/138/138
f 74/137/137 73/138/138 261/139/139
f 261/139/139 73/138/138 260/140/140
f 261/139/139 260/140/140 109/141/141
f 109/141/141 260/140/140 110/142/142
f 109/141/141 110/142/142 89/143/143
f 89/143/143 110/142/142 88/144/144
f 89/143/143 88/144/144 273/145/145
f 273/145/145 88/144/144 272/146/146
f 273/145/145 272/146/146 142/104/104
f 142/104/104 272/146/146 143/102/102
f 44/136/136 45/147/147 73/138/138
f 73/138/138 45/147/147 72/148/148
f 73/138/138 72/148/148 260/140/140
f 260/140/140 72/148/148 259/149/149
f 260/140/140 259/149/149 110/142/142
f 110/142/142 259/149/149 111/150/150
f 110/142/142 111/150/150 88/144/144
f 88/144/144 111/150/150 87/151/151
f 88/144/144 87/151/151 272/146/146
f 272/146/146 87/151/151 271/152/152
f 272/146/146 271/152/152 143/102/102
f 143/102/102 271/152/152 144/100/100
f 45/147/147 46/153/153 72/148/148
f 72/148/148 46/153/153 71/154/154
f 72/148/148 71/154/154 259/149/149
f 259/149/149 71/154/154 258/155/155
f 259/149/149 258/155/155 111/150/150
f 111/150/150 258/155/155 112/156/156
f 111/150/150 112/156/156 87/151/151
f 87/151/151 112/156/156 86/157/157
f 87/151/151 86/157/157 271/152/152
f 271/152/152 86/157/157 270/158/158
f 271/152/152 270/158/158 144/100/100
f 144/100/100 270/158/158 145/98/98
f 46/153/153 47/159/159 71/154/154
f 71/154/154 47/159/159 70/160/160
f 71/154/154 70/160/160 258/155/155
f 258/155/155 70/160/160 257/161/161
f 258/155/155 257/161/161 112/156/156
f 112/156/156 257/161/161 113/162/162
f 112/156/156 113/162/162 86/157/157
f 86/157/157 113/162/162 85/163/163
f 86/157/157 85/163/163 270/158/158
f 270/158/158 85/163/163 62/164/164
f 270/158/158 62/164/164 145/98/98
f 145/98/98 62/164/164 146/96/96
f 47/159/159 48/165/165 70/160/160
f 70/160/160 48/165/165 69/166/166
f 70/160/160 69/166/166 257/161/161
f 257/161/161 69/166/166 256/167/167
f 257/161/161 256/167/167 113/162/162
f 113/162/162 256/167/167 114/168/168
f 113/162/162 114/168/168 85/163/163
f 85/163/163 114/168/168 84/169/169
f 85/163/163 84/169/169 62/164/164
f 62/164/164 84/169/169 52/170/170
f 62/164/164 52/170/170 53/94/94
f 48/165/165 49/171/171 69/166/166
f 69/166/166 49/171/171 68/172/172
f 69/166/166 68/172/172 256/167/167
f 256/167/167 68/172/172 60/173/173
f 256/167/167 60/173/173 114/168/168
f 114/168/168 60/173/173 115/174/174
f 114/168/168 115/174/174 84/169/169
f 84/169/169 115/174/174 52/170/170
f 49/171/171 50/175/175 68/172/172
f 68/172/172 50/175/175 51/176/176
f 68/172/172 51/176/176 60/173/173
f 60/173/173 51/176/176 52/170/170
f 60/173/173 52/170/170 115/174/174
f 147/90/90 54/92/92 65/177/177
f 65/177/177 54/92/92 55/178/178
f 65/177/177 55/178/178 209/179/179
f 209/179/179 55/178/178 178/180/180
f 209/179/179 178/180/180 179/181/181
f 179/181/181 178/180/180 285/182/182
f 179/181/181 285/182/182 286/183/183
f 286/183/183 285/182/182 223/184/184
f 286/183/183 223/184/184 222/185/185
f 222/185/185 223/184/184 14/186/186
f 222/185/185 14/186/186 13/187/187
f 178/180/180 55/178/178 67/188/188
f 67/188/188 55/178/178 18/189/189
f 67/188/188 18/189/189 225/190/190
f 225/190/190 18/189/189 17/191/191
f 225/190/190 17/191/191 16/192/192
f 225/190/190 16/192/192 224/193/193
f 224/193/193 16/192/192 15/194/194
f 224/193/193 15/194/194 223/184/184
f 223/184/184 15/194/194 14/186/186
f 222/185/185 13/187/187 221/195/195
f 221/195/195 13/187/187 12/196/196
f 221/195/195 12/196/196 220/80/80
f 220/80/80 12/196/196 11/78/78
f 4/65/65 3/197/197 211/63/63
f 211/63/63 3/197/197 210/198/198
f 211/63/63 210/198/198 298/61/61
f 298/61/61 210/198/198 66/199/199
f 298/61/61 66/199/199 192/59/59
f 192/59/59 66/199/199 193/200/200
f 192/59/59 193/200/200 195/57/57
f 195/57/57 193/200/200 194/201/201
f 195/57/57 194/201/201 227/55/55
f 227/55/55 194/201/201 226/202/202
f 227/55/55 226/202/202 161/53/53
f 161/53/53 226/202/202 63/203/203
f 161/53/53 63/203/203 163/51/51
f 163/51/51 63/203/203 162/204/204
f 163/51/51 162/204/204 254/49/49
f 254/49/49 162/204/204 255/205/205
f 254/49/49 255/205/205 130/47/47
f 130/47/47 255/205/205 131/206/206
f 130/47/47 131/206/206 132/45/45
f 132/45/45 131/206/206 61/207/207
f 132/45/45 61/207/207 283/43/43
f 283/43/43 61/207/207 284/208/208
f 283/43/43 284/208/208 99/41/41
f 99/41/41 284/208/208 58/39/39
f 3/197/197 2/209/209 210/198/198
f 210/198/198 2/209/209 66/199/199
f 2/209/209 56/210/210 66/199/199
f 66/199/199 56/210/210 193/200/200
f 57/211/211 63/203/203 56/210/210
f 56/210/210 63/203/203 226/202/202
f 56/210/210 226/202/202 194/201/201
f 58/39/39 61/207/207 57/211/211
f 57/211/211 61/207/207 131/206/206
f 57/211/211 131/206/206 255/205/205
f 61/207/207 58/39/39 284/208/208
f 62/164/164 53/94/94 146/96/96
f 63/203/203 57/211/211 162/204/204
f 162/204/204 57/211/211 255/205/205
f 56/210/210 194/201/201 193/200/200
f 75/135/135 74/137/137 262/212/212
f 262/212/212 74/137/137 261/139/139
f 262/212/212 261/139/139 108/213/213
f 108/213/213 261/139/139 109/141/141
f 108/213/213 109/141/141 90/214/214
f 90/214/214 109/141/141 89/143/143
f 90/214/214 89/143/143 274/215/215
f 274/215/215 89/143/143 273/145/145
f 274/215/215 273/145/145 141/106/106
f 141/106/106 273/145/145 142/104/104
f 76/133/133 75/135/135 263/216/216
f 263/216/216 75/135/135 262/212/212
f 263/216/216 262/212/212 107/217/217
f 107/217/217 262/212/212 108/213/213
f 107/217/217 108/213/213 91/218/218
f 91/218/218 108/213/213 90/214/214
f 91/218/218 90/214/214 275/219/219
f 275/219/219 90/214/214 274/215/215
f 275/219/219 274/215/215 140/108/108
f 140/108/108 274/215/215 141/106/106
f 77/131/131 76/133/133 264/220/220
f 264/220/220 76/133/133 263/216/216
f 264/220/220 263/216/216 106/221/221
f 106/221/221 263/216/216 107/217/217
f 106/221/221 107/217/217 92/222/222
f 92/222/222 107/217/217 91/218/218
f 92/222/222 91/218/218 276/223/223
f 276/223/223 91/218/218 275/219/219
f 276/223/223 275/219/219 139/110/110
f 139/110/110 275/219/219 140/108/108
f 78/129/129 77/131/131 265/224/224
f 265/224/224 77/131/131 264/220/220
f 265/224/224 264/220/220 105/225/225
f 105/225/225 264/220/220 106/221/221
f 105/225/225 106/221/221 93/226/226
f 93/226/226 106/221/221 92/222/222
f 93/226/226 92/222/222 277/227/227
f 277/227/227 92/222/222 276/223/223
f 277/227/227 276/223/223 138/112/112
f 138/112/112 276/223/223 139/110/110
f 79/127/127 78/129/129 266/228/228
f 266/228/228 78/129/129 265/224/224
f 266/228/228 265/224/224 104/229/229
f 104/229/229 265/224/224 105/225/225
f 104/229/229 105/225/225 94/230/230
f 94/230/230 105/225/225 93/226/226
f 94/230/230 93/226/226 278/231/231
f 278/231/231 93/226/226 277/227/227
f 278/231/231 277/227/227 137/114/114
f 137/114/114 277/227/227 138/112/112
f 80/125/125 79/127/127 267/232/232
f 267/232/232 79/127/127 266/228/228
f 267/232/232 266/228/228 103/233/233
f 103/233/233 266/228/228 104/229/229
f 103/233/233 104/229/229 95/234/234
f 95/234/234 104/229/229 94/230/230
f 95/234/234 94/230/230 279/235/235
f 279/235/235 94/230/230 278/231/231
f 279/235/235 278/231/231 136/116/116
f 136/116/116 278/231/231 137/114/114
f 81/123/123 80/125/125 268/236/236
f 268/236/236 80/125/125 267/232/232
f 268/236/236 267/232/232 102/237/237
f 102/237/237 267/232/232 103/233/233
f 102/237/237 103/233/233 96/238/238
f 96/238/238 103/233/233 95/234/234
f 96/238/238 95/234/234 280/239/239
f 280/239/239 95/234/234 279/235/235
f 280/239/239 279/235/235 135/118/118
f 135/118/118 279/235/235 136/116/116
f 59/38/38 83/36/36 82/121/121
f 82/121/121 81/123/123 269/240/240
f 269/240/240 81/123/123 268/236/236
f 269/240/240 268/236/236 101/241/241
f 101/241/241 268/236/236 102/237/237
f 101/241/241 102/237/237 97/242/242
f 97/242/242 102/237/237 96/238/238
f 97/242/242 96/238/238 281/243/243
f 281/243/243 96/238/238 280/239/239
f 281/243/243 280/239/239 134/120/120
f 134/120/120 280/239/239 135/118/118
f 97/242/242 98/42/42 101/241/241
f 101/241/241 98/42/42 100/40/40
f 101/241/241 100/40/40 269/240/240
f 269/240/240 100/40/40 59/38/38
f 269/240/240 59/38/38 82/121/121
f 98/42/42 97/242/242 282/44/44
f 282/44/44 97/242/242 281/243/243
f 282/44/44 281/243/243 133/46/46
f 133/46/46 281/243/243 134/120/120
f 117/97/97 116/95/95 241/244/244
f 241/244/244 116/95/95 64/93/93
f 241/244/244 64/93/93 176/245/245
f 176/245/245 64/93/93 177/91/91
f 176/245/245 177/91/91 148/89/89
f 118/99/99 117/97/97 242/246/246
f 242/246/246 117/97/97 241/244/244
f 242/246/246 241/244/244 175/247/247
f 175/247/247 241/244/244 176/245/245
f 175/247/247 176/245/245 149/248/248
f 149/248/248 176/245/245 148/89/89
f 149/248/248 148/89/89 239/87/87
f 119/101/101 118/99/99 243/249/249
f 243/249/249 118/99/99 242/246/246
f 243/249/249 242/246/246 174/250/250
f 174/250/250 242/246/246 175/247/247
f 174/250/250 175/247/247 150/251/251
f 150/251/251 175/247/247 149/248/248
f 150/251/251 149/248/248 238/252/252
f 238/252/252 149/248/248 239/87/87
f 238/252/252 239/87/87 206/85/85
f 120/103/103 119/101/101 244/253/253
f 244/253/253 119/101/101 243/249/249
f 244/253/253 243/249/249 173/254/254
f 173/254/254 243/249/249 174/250/250
f 173/254/254 174/250/250 151/255/255
f 151/255/255 174/250/250 150/251/251
f 151/255/255 150/251/251 237/256/256
f 237/256/256 150/251/251 238/252/252
f 237/256/256 238/252/252 205/257/257
f 205/257/257 238/252/252 206/85/85
f 205/257/257 206/85/85 182/83/83
f 121/105/105 120/103/103 245/258/258
f 245/258/258 120/103/103 244/253/253
f 245/258/258 244/253/253 172/259/259
f 172/259/259 244/253/253 173/254/254
f 172/259/259 173/254/254 152/260/260
f 152/260/260 173/254/254 151/255/255
f 152/260/260 151/255/255 236/261/261
f 236/261/261 151/255/255 237/256/256
f 236/261/261 237/256/256 204/262/262
f 204/262/262 237/256/256 205/257/257
f 204/262/262 205/257/257 183/263/263
f 183/263/263 205/257/257 182/83/83
f 183/263/263 182/83/83 289/81/81
f 122/107/107 121/105/105 246/264/264
f 246/264/264 121/105/105 245/258/258
f 246/264/264 245/258/258 171/265/265
f 171/265/265 245/258/258 172/259/259
f 171/265/265 172/259/259 153/266/266
f 153/266/266 172/259/259 152/260/260
f 153/266/266 152/260/260 235/267/267
f 235/267/267 152/260/260 236/261/261
f 235/267/267 236/261/261 203/268/268
f 203/268/268 236/261/261 204/262/262
f 203/268/268 204/262/262 184/269/269
f 184/269/269 204/262/262 183/263/263
f 184/269/269 183/263/263 290/270/270
f 290/270/270 183/263/263 289/81/81
f 290/270/270 289/81/81 219/79/79
f 123/109/109 122/107/107 247/271/271
f 247/271/271 122/107/107 246/264/264
f 247/271/271 246/264/264 170/272/272
f 170/272/272 246/264/264 171/265/265
f 170/272/272 171/265/265 154/273/273
f 154/273/273 171/265/265 153/266/266
f 154/273/273 153/266/266 234/274/274
f 234/274/274 153/266/266 235/267/267
f 234/274/274 235/267/267 202/275/275
f 202/275/275 235/267/267 203/268/268
f 202/275/275 203/268/268 185/276/276
f 185/276/276 203/268/268 184/269/269
f 185/276/276 184/269/269 291/277/277
f 291/277/277 184/269/269 290/270/270
f 291/277/277 290/270/270 218/77/77
f 218/77/77 290/270/270 219/79/79
f 124/111/111 123/109/109 248/278/278
f 248/278/278 123/109/109 247/271/271
f 248/278/278 247/271/271 169/279/279
f 169/279/279 247/271/271 170/272/272
f 169/279/279 170/272/272 155/280/280
f 155/280/280 170/272/272 154/273/273
f 155/280/280 154/273/273 233/281/281
f 233/281/281 154/273/273 234/274/274
f 233/281/281 234/274/274 201/282/282
f 201/282/282 234/274/274 202/275/275
f 201/282/282 202/275/275 186/283/283
f 186/283/283 202/275/275 185/276/276
f 186/283/283 185/276/276 292/284/284
f 292/284/284 185/276/276 291/277/277
f 292/284/284 291/277/277 217/75/75
f 217/75/75 291/277/277 218/77/77
f 125/113/113 124/111/111 249/285/285
f 249/285/285 124/111/111 248/278/278
f 249/285/285 248/278/278 168/286/286
f 168/286/286 248/278/278 169/279/279
f 168/286/286 169/279/279 156/287/287
f 156/287/287 169/279/279 155/280/280
f 156/287/287 155/280/280 232/288/288
f 232/288/288 155/280/280 233/281/281
f 232/288/288 233/281/281 200/289/289
f 200/289/289 233/281/281 201/282/282
f 200/289/289 201/282/282 187/290/290
f 187/290/290 201/282/282 186/283/283
f 187/290/290 186/283/283 293/291/291
f 293/291/291 186/283/283 292/284/284
f 293/291/291 292/284/284 216/73/73
f 216/73/73 292/284/284 217/75/75
f 126/115/115 125/113/113 250/292/292
f 250/292/292 125/113/113 249/285/285
f 250/292/292 249/285/285 167/293/293
f 167/293/293 249/285/285 168/286/286
f 167/293/293 168/286/286 157/294/294
f 157/294/294 168/286/286 156/287/287
f 157/294/294 156/287/287 231/295/295
f 231/295/295 156/287/287 232/288/288
f 231/295/295 232/288/288 199/296/296
f 199/296/296 232/288/288 200/289/289
f 199/296/296 200/289/289 188/297/297
f 188/297/297 200/289/289 187/290/290
f 188/297/297 187/290/290 294/298/298
f 294/298/298 187/290/290 293/291/291
f 294/298/298 293/291/291 215/71/71
f 215/71/71 293/291/291 216/73/73
f 127/117/117 126/115/115 251/299/299
f 251/299/299 126/115/115 250/292/292
f 251/299/299 250/292/292 166/300/300
f 166/300/300 250/292/292 167/293/293
f 166/300/300 167/293/293 158/301/301
f 158/301/301 167/293/293 157/294/294
f 158/301/301 157/294/294 230/302/302
f 230/302/302 157/294/294 231/295/295
f 230/302/302 231/295/295 198/303/303
f 198/303/303 231/295/295 199/296/296
f 198/303/303 199/296/296 189/304/304
f 189/304/304 199/296/296 188/297/297
f 189/304/304 188/297/297 295/305/305
f 295/305/305 188/297/297 294/298/298
f 295/305/305 294/298/298 214/69/69
f 214/69/69 294/298/298 215/71/71
f 253/50/50 129/48/48 128/119/119
f 128/119/119 127/117/117 252/306/306
f 252/306/306 127/117/117 251/299/299
f 252/306/306 251/299/299 165/307/307
f 165/307/307 251/299/299 166/300/300
f 165/307/307 166/300/300 159/308/308
f 159/308/308 166/300/300 158/301/301
f 159/308/308 158/301/301 229/309/309
f 229/309/309 158/301/301 230/302/302
f 229/309/309 230/302/302 197/310/310
f 197/310/310 230/302/302 198/303/303
f 197/310/310 198/303/303 190/311/311
f 190/311/311 198/303/303 189/304/304
f 190/311/311 189/304/304 296/312/312
f 296/312/312 189/304/304 295/305/305
f 296/312/312 295/305/305 213/67/67
f 213/67/67 295/305/305 214/69/69
f 159/308/308 160/54/54 165/307/307
f 165/307/307 160/54/54 164/52/52
f 165/307/307 164/52/52 252/306/306
f 252/306/306 164/52/52 253/50/50
f 252/306/306 253/50/50 128/119/119
f 160/54/54 159/308/308 228/56/56
f 228/56/56 159/308/308 229/309/309
f 228/56/56 229/309/309 196/58/58
f 196/58/58 229/309/309 197/310/310
f 196/58/58 197/310/310 191/60/60
f 191/60/60 197/310/310 190/311/311
f 191/60/60 190/311/311 297/62/62
f 297/62/62 190/311/311 296/312/312
f 297/62/62 296/312/312 212/64/64
f 212/64/64 296/312/312 213/67/67
f 179/181/181 180/313/313 208/314/314
f 208/314/314 180/313/313 207/86/86
f 208/314/314 207/86/86 240/88/88
f 207/86/86 180/313/313 181/84/84
f 181/84/84 180/313/313 287/315/315
f 181/84/84 287/315/315 288/82/82
f 288/82/82 287/315/315 221/195/195
f 288/82/82 221/195/195 220/80/80
f 287/315/315 180/313/313 286/183/183
f 286/183/183 180/313/313 179/181/181
f 65/177/177 209/179/179 208/314/314
f 208/314/314 209/179/179 179/181/181
f 65/177/177 208/314/314 240/88/88
f 286/183/183 222/185/185 287/315/315
f 287/315/315 222/185/185 221/195/195
f 67/188/188 225/190/190 224/193/193
f 67/188/188 224/193/193 285/182/182
f 285/182/182 224/193/193 223/184/184
f 147/90/90 65/177/177 240/88/88
f 67/188/188 285/182/182 178/180/180
f 299/316/316 330/317/317 19/318/318
f 19/318/318 330/317/317 332/319/319
f 19/318/318 332/319/319 20/320/320
f 20/320/320 332/319/319 21/321/321
f 21/321/321 332/319/319 333/322/322
f 21/321/321 333/322/322 22/323/323
f 22/323/323 333/322/322 334/324/324
f 22/323/323 334/324/324 23/325/325
f 23/325/325 334/324/324 335/326/326
f 23/325/325 335/326/326 24/327/327
f 24/327/327 335/326/326 336/328/328
f 24/327/327 336/328/328 25/329/329
f 25/329/329 336/328/328 337/330/330
f 25/329/329 337/330/330 26/331/331
f 26/331/331 337/330/330 338/332/332
f 26/331/331 338/332/332 339/333/333
f 339/333/333 338/332/332 556/334/334
f 339/333/333 556/334/334 555/335/335
f 555/335/335 556/334/334 371/336/336
f 555/335/335 371/336/336 370/337/337
f 370/337/337 371/336/336 356/338/338
f 370/337/337 356/338/338 357/339/339
f 357/339/339 356/338/338 541/340/340
f 357/339/339 541/340/340 540/341/341
f 540/341/341 541/340/340 401/342/342
f 540/341/341 401/342/342 400/343/343
f 400/343/343 401/342/342 390/344/344
f 400/343/343 390/344/344 391/345/345
f 391/345/345 390/344/344 515/346/346
f 391/345/345 515/346/346 516/347/347
f 516/347/347 515/346/346 429/348/348
f 516/347/347 429/348/348 428/349/349
f 428/349/349 429/348/348 424/350/350
f 428/349/349 424/350/350 425/351/351
f 425/351/351 424/350/350 491/352/352
f 425/351/351 491/352/352 490/353/353
f 490/353/353 491/352/352 458/354/354
f 490/353/353 458/354/354 320/355/355
f 320/355/355 458/354/354 457/356/356
f 320/355/355 457/356/356 324/357/357
f 324/357/357 457/356/356 456/358/358
f 324/357/357 456/358/358 520/359/359
f 520/359/359 456/358/358 455/360/360
f 520/359/359 455/360/360 521/361/361
f 521/361/361 455/360/360 454/362/362
f 521/361/361 454/362/362 522/363/363
f 522/363/363 454/362/362 453/364/364
f 522/363/363 453/364/364 523/365/365
f 523/365/365 453/364/364 452/366/366
f 523/365/365 452/366/366 524/367/367
f 524/367/367 452/366/366 451/368/368
f 524/367/367 451/368/368 525/369/369
f 525/369/369 451/368/368 450/370/370
f 525/369/369 450/370/370 526/371/371
f 526/371/371 450/370/370 449/372/372
f 526/371/371 449/372/372 527/373/373
f 527/373/373 449/372/372 448/374/374
f 527/373/373 448/374/374 528/375/375
f 528/375/375 448/374/374 447/376/376
f 528/375/375 447/376/376 529/377/377
f 529/377/377 447/376/376 446/378/378
f 529/377/377 446/378/378 530/379/379
f 530/379/379 446/378/378 445/380/380
f 530/379/379 445/380/380 531/381/381
f 531/381/381 445/380/380 444/382/382
f 531/381/381 444/382/382 532/383/383
f 532/383/383 444/382/382 443/384/384
f 532/383/383 443/384/384 533/385/385
f 533/385/385 443/384/384 442/386/386
f 533/385/385 442/386/386 323/387/387
f 323/387/387 442/386/386 302/388/388
f 323/387/387 302/388/388 303/389/389
f 300/390/390 328/391/391 299/316/316
f 299/316/316 328/391/391 348/392/392
f 299/316/316 348/392/392 379/393/393
f 379/393/393 348/392/392 378/394/394
f 379/393/393 378/394/394 330/317/317
f 330/317/317 378/394/394 562/395/395
f 330/317/317 562/395/395 332/319/319
f 332/319/319 562/395/395 333/322/322
f 301/396/396 326/397/397 300/390/390
f 300/390/390 326/397/397 380/398/398
f 300/390/390 380/398/398 410/399/399
f 410/399/399 380/398/398 381/400/400
f 410/399/399 381/400/400 409/401/401
f 409/401/401 381/400/400 382/402/402
f 409/401/401 382/402/402 408/403/403
f 408/403/403 382/402/402 383/404/404
f 408/403/403 383/404/404 407/405/405
f 407/405/405 383/404/404 384/406/406
f 407/405/405 384/406/406 406/407/407
f 406/407/407 384/406/406 385/408/408
f 406/407/407 385/408/408 405/409/409
f 405/409/409 385/408/408 386/410/410
f 405/409/409 386/410/410 404/411/411
f 404/411/411 386/410/410 387/412/412
f 404/411/411 387/412/412 403/413/413
f 403/413/413 387/412/412 388/414/414
f 403/413/413 388/414/414 402/415/415
f 402/415/415 388/414/414 389/416/416
f 402/415/415 389/416/416 401/342/342
f 401/342/342 389/416/416 390/344/344
f 302/388/388 325/417/417 301/396/396
f 301/396/396 325/417/417 411/418/418
f 301/396/396 411/418/418 441/419/419
f 441/419/419 411/418/418 412/420/420
f 441/419/419 412/420/420 440/421/421
f 440/421/421 412/420/420 413/422/422
f 440/421/421 413/422/422 439/423/423
f 439/423/423 413/422/422 414/424/424
f 439/423/423 414/424/424 438/425/425
f 438/425/425 414/424/424 415/426/426
f 438/425/425 415/426/426 437/427/427
f 437/427/427 415/426/426 416/428/428
f 437/427/427 416/428/428 436/429/429
f 436/429/429 416/428/428 417/430/430
f 436/429/429 417/430/430 435/431/431
f 435/431/431 417/430/430 418/432/432
f 435/431/431 418/432/432 434/433/433
f 434/433/433 418/432/432 419/434/434
f 434/433/433 419/434/434 433/435/435
f 433/435/435 419/434/434 420/436/436
f 433/435/435 420/436/436 432/437/437
f 432/437/437 420/436/436 421/438/438
f 432/437/437 421/438/438 431/439/439
f 431/439/439 421/438/438 422/440/440
f 431/439/439 422/440/440 430/441/441
f 430/441/441 422/440/440 423/442/442
f 430/441/441 423/442/442 429/348/348
f 429/348/348 423/442/442 424/350/350
f 323/387/387 303/389/389 489/443/443
f 489/443/443 303/389/389 304/444/444
f 489/443/443 304/444/444 305/445/445
f 489/443/443 305/445/445 488/446/446
f 488/446/446 305/445/445 306/447/447
f 488/446/446 306/447/447 487/448/448
f 487/448/448 306/447/447 307/449/449
f 487/448/448 307/449/449 486/450/450
f 486/450/450 307/449/449 308/451/451
f 486/450/450 308/451/451 485/452/452
f 485/452/452 308/451/451 309/453/453
f 485/452/452 309/453/453 484/454/454
f 484/454/454 309/453/453 310/455/455
f 484/454/454 310/455/455 483/456/456
f 483/456/456 310/455/455 482/457/457
f 483/456/456 482/457/457 528/375/375
f 528/375/375 482/457/457 527/373/373
f 310/455/455 311/458/458 482/457/457
f 482/457/457 311/458/458 481/459/459
f 482/457/457 481/459/459 527/373/373
f 527/373/373 481/459/459 526/371/371
f 311/458/458 312/460/460 481/459/459
f 481/459/459 312/460/460 480/461/461
f 481/459/459 480/461/461 526/371/371
f 526/371/371 480/461/461 525/369/369
f 312/460/460 313/462/462 480/461/461
f 480/461/461 313/462/462 479/463/463
f 480/461/461 479/463/463 525/369/369
f 525/369/369 479/463/463 524/367/367
f 313/462/462 314/464/464 479/463/463
f 479/463/463 314/464/464 478/465/465
f 479/463/463 478/465/465 524/367/367
f 524/367/367 478/465/465 523/365/365
f 314/464/464 315/466/466 478/465/465
f 478/465/465 315/466/466 477/467/467
f 478/465/465 477/467/467 523/365/365
f 523/365/365 477/467/467 522/363/363
f 315/466/466 316/468/468 477/467/467
f 477/467/467 316/468/468 476/469/469
f 477/467/467 476/469/469 522/363/363
f 522/363/363 476/469/469 521/361/361
f 316/468/468 317/470/470 476/469/469
f 476/469/469 317/470/470 475/471/471
f 476/469/469 475/471/471 521/361/361
f 521/361/361 475/471/471 520/359/359
f 317/470/470 318/472/472 475/471/471
f 475/471/471 318/472/472 474/473/473
f 475/471/471 474/473/473 520/359/359
f 520/359/359 474/473/473 324/357/357
f 318/472/472 319/474/474 474/473/473
f 474/473/473 319/474/474 324/357/357
f 319/474/474 320/355/355 324/357/357
f 490/353/353 320/355/355 327/475/475
f 327/475/475 320/355/355 321/476/476
f 327/475/475 321/476/476 426/477/477
f 426/477/477 321/476/476 519/478/478
f 426/477/477 519/478/478 518/479/479
f 518/479/479 519/478/478 394/480/480
f 518/479/479 394/480/480 393/481/481
f 393/481/481 394/480/480 397/482/482
f 393/481/481 397/482/482 398/483/483
f 398/483/483 397/482/482 537/484/484
f 398/483/483 537/484/484 538/485/485
f 538/485/485 537/484/484 360/486/486
f 538/485/485 360/486/486 359/487/487
f 359/487/487 360/486/486 367/488/488
f 359/487/487 367/488/488 368/489/489
f 368/489/489 367/488/488 552/490/490
f 368/489/489 552/490/490 553/491/491
f 553/491/491 552/490/490 342/492/492
f 553/491/491 342/492/492 341/493/493
f 341/493/493 342/492/492 29/494/494
f 341/493/493 29/494/494 28/495/495
f 322/496/496 329/497/497 321/476/476
f 321/476/476 329/497/497 395/498/498
f 321/476/476 395/498/498 519/478/478
f 519/478/478 395/498/498 394/480/480
f 1/499/499 331/500/500 322/496/496
f 322/496/496 331/500/500 364/501/501
f 322/496/496 364/501/501 363/502/502
f 363/502/502 364/501/501 362/503/503
f 363/502/502 362/503/503 535/504/504
f 535/504/504 362/503/503 536/505/505
f 535/504/504 536/505/505 396/506/506
f 396/506/506 536/505/505 397/482/482
f 396/506/506 397/482/482 394/480/480
f 331/500/500 1/499/499 347/507/507
f 347/507/507 1/499/499 34/508/508
f 347/507/507 34/508/508 346/509/509
f 346/509/509 34/508/508 33/510/510
f 346/509/509 33/510/510 345/511/511
f 345/511/511 33/510/510 32/512/512
f 345/511/511 32/512/512 344/513/513
f 344/513/513 32/512/512 31/514/514
f 344/513/513 31/514/514 343/515/515
f 343/515/515 31/514/514 30/516/516
f 343/515/515 30/516/516 342/492/492
f 342/492/492 30/516/516 29/494/494
f 341/493/493 28/495/495 340/517/517
f 340/517/517 28/495/495 27/518/518
f 340/517/517 27/518/518 339/333/333
f 339/333/333 27/518/518 26/331/331
f 325/417/417 302/388/388 473/519/519
f 473/519/519 302/388/388 442/386/386
f 473/519/519 442/386/386 443/384/384
f 301/396/396 441/419/419 326/397/397
f 326/397/397 441/419/419 440/421/421
f 326/397/397 440/421/421 505/520/520
f 505/520/520 440/421/421 439/423/423
f 505/520/520 439/423/423 506/521/521
f 506/521/521 439/423/423 438/425/425
f 506/521/521 438/425/425 507/522/522
f 507/522/522 438/425/425 437/427/427
f 507/522/522 437/427/427 508/523/523
f 508/523/523 437/427/427 436/429/429
f 508/523/523 436/429/429 509/524/524
f 509/524/524 436/429/429 435/431/431
f 509/524/524 435/431/431 510/525/525
f 510/525/525 435/431/431 434/433/433
f 510/525/525 434/433/433 511/526/526
f 511/526/526 434/433/433 433/435/435
f 511/526/526 433/435/435 512/527/527
f 512/527/527 433/435/435 432/437/437
f 512/527/527 432/437/437 513/528/528
f 513/528/528 432/437/437 431/439/439
f 513/528/528 431/439/439 514/529/529
f 514/529/529 431/439/439 430/441/441
f 514/529/529 430/441/441 515/346/346
f 515/346/346 430/441/441 429/348/348
f 300/390/390 410/399/399 328/391/391
f 328/391/391 410/399/399 409/401/401
f 328/391/391 409/401/401 548/530/530
f 548/530/530 409/401/401 408/403/403
f 548/530/530 408/403/403 547/531/531
f 547/531/531 408/403/403 407/405/405
f 547/531/531 407/405/405 546/532/532
f 546/532/532 407/405/405 406/407/407
f 546/532/532 406/407/407 545/533/533
f 545/533/533 406/407/407 405/409/409
f 545/533/533 405/409/409 544/534/534
f 544/534/534 405/409/409 404/411/411
f 544/534/534 404/411/411 543/535/535
f 543/535/535 404/411/411 403/413/413
f 543/535/535 403/413/413 542/536/536
f 542/536/536 403/413/413 402/415/415
f 542/536/536 402/415/415 541/340/340
f 541/340/340 402/415/415 401/342/342
f 329/497/497 322/496/496 534/537/537
f 534/537/537 322/496/496 363/502/502
f 534/537/537 363/502/502 535/504/504
f 330/317/317 299/316/316 379/393/393
f 334/324/324 333/322/322 561/538/538
f 561/538/538 333/322/322 562/395/395
f 561/538/538 562/395/395 377/539/539
f 377/539/539 562/395/395 378/394/394
f 377/539/539 378/394/394 349/540/540
f 349/540/540 378/394/394 348/392/392
f 349/540/540 348/392/392 328/391/391
f 335/326/326 334/324/324 560/541/541
f 560/541/541 334/324/324 561/538/538
f 560/541/541 561/538/538 376/542/542
f 376/542/542 561/538/538 377/539/539
f 376/542/542 377/539/539 350/543/543
f 350/543/543 377/539/539 349/540/540
f 350/543/543 349/540/540 548/530/530
f 548/530/530 349/540/540 328/391/391
f 336/328/328 335/326/326 559/544/544
f 559/544/544 335/326/326 560/541/541
f 559/544/544 560/541/541 375/545/545
f 375/545/545 560/541/541 376/542/542
f 375/545/545 376/542/542 351/546/546
f 351/546/546 376/542/542 350/543/543
f 351/546/546 350/543/543 547/531/531
f 547/531/531 350/543/543 548/530/530
f 337/330/330 336/328/328 558/547/547
f 558/547/547 336/328/328 559/544/544
f 558/547/547 559/544/544 374/548/548
f 374/548/548 559/544/544 375/545/545
f 374/548/548 375/545/545 352/549/549
f 352/549/549 375/545/545 351/546/546
f 352/549/549 351/546/546 546/532/532
f 546/532/532 351/546/546 547/531/531
f 338/332/332 337/330/330 557/550/550
f 557/550/550 337/330/330 558/547/547
f 557/550/550 558/547/547 373/551/551
f 373/551/551 558/547/547 374/548/548
f 373/551/551 374/548/548 353/552/552
f 353/552/552 374/548/548 352/549/549
f 353/552/552 352/549/549 545/533/533
f 545/533/533 352/549/549 546/532/532
f 339/333/333 555/335/335 340/517/517
f 340/517/517 555/335/335 554/553/553
f 340/517/517 554/553/553 341/493/493
f 341/493/493 554/553/553 553/491/491
f 342/492/492 552/490/490 343/515/515
f 343/515/515 552/490/490 551/554/554
f 343/515/515 551/554/554 344/513/513
f 344/513/513 551/554/554 550/555/555
f 344/513/513 550/555/555 345/511/511
f 345/511/511 550/555/555 549/556/556
f 345/511/511 549/556/556 346/509/509
f 346/509/509 549/556/556 331/500/500
f 346/509/509 331/500/500 347/507/507
f 353/552/552 354/557/557 373/551/551
f 373/551/551 354/557/557 372/558/558
f 373/551/551 372/558/558 557/550/550
f 557/550/550 372/558/558 556/334/334
f 557/550/550 556/334/334 338/332/332
f 354/557/557 355/559/559 372/558/558
f 372/558/558 355/559/559 371/336/336
f 372/558/558 371/336/336 556/334/334
f 545/533/533 544/534/534 353/552/552
f 353/552/552 544/534/534 354/557/557
f 371/336/336 355/559/559 356/338/338
f 356/338/338 355/559/559 542/536/536
f 356/338/338 542/536/536 541/340/340
f 544/534/534 543/535/535 354/557/557
f 354/557/557 543/535/535 355/559/559
f 543/535/535 542/536/536 355/559/559
f 357/339/339 358/560/560 369/561/561
f 369/561/561 358/560/560 368/489/489
f 369/561/561 368/489/489 553/491/491
f 368/489/489 358/560/560 359/487/487
f 359/487/487 358/560/560 539/562/562
f 359/487/487 539/562/562 538/485/485
f 538/485/485 539/562/562 399/563/563
f 538/485/485 399/563/563 398/483/483
f 398/483/483 399/563/563 392/564/564
f 398/483/483 392/564/564 393/481/481
f 393/481/481 392/564/564 517/565/565
f 393/481/481 517/565/565 518/479/479
f 518/479/479 517/565/565 427/566/566
f 518/479/479 427/566/566 426/477/477
f 426/477/477 427/566/566 327/475/475
f 539/562/562 358/560/560 540/341/341
f 540/341/341 358/560/560 357/339/339
f 360/486/486 361/567/567 366/568/568
f 366/568/568 361/567/567 365/569/569
f 366/568/568 365/569/569 550/555/555
f 550/555/555 365/569/569 549/556/556
f 361/567/567 362/503/503 365/569/569
f 365/569/569 362/503/503 364/501/501
f 365/569/569 364/501/501 549/556/556
f 549/556/556 364/501/501 331/500/500
f 360/486/486 537/484/484 361/567/567
f 361/567/567 537/484/484 536/505/505
f 361/567/567 536/505/505 362/503/503
f 360/486/486 366/568/568 367/488/488
f 367/488/488 366/568/568 551/554/554
f 367/488/488 551/554/554 552/490/490
f 551/554/554 366/568/568 550/555/555
f 357/339/339 369/561/561 370/337/337
f 370/337/337 369/561/561 554/553/553
f 370/337/337 554/553/553 555/335/335
f 554/553/553 369/561/561 553/491/491
f 326/397/397 505/520/520 380/398/398
f 380/398/398 505/520/520 381/400/400
f 505/520/520 506/521/521 381/400/400
f 381/400/400 506/521/521 382/402/402
f 506/521/521 507/522/522 382/402/402
f 382/402/402 507/522/522 383/404/404
f 507/522/522 508/523/523 383/404/404
f 383/404/404 508/523/523 384/406/406
f 508/523/523 509/524/524 384/406/406
f 384/406/406 509/524/524 385/408/408
f 509/524/524 510/525/525 385/408/408
f 385/408/408 510/525/525 386/410/410
f 510/525/525 511/526/526 386/410/410
f 386/410/410 511/526/526 387/412/412
f 511/526/526 512/527/527 387/412/412
f 387/412/412 512/527/527 388/414/414
f 512/527/527 513/528/528 388/414/414
f 388/414/414 513/528/528 389/416/416
f 513/528/528 514/529/529 389/416/416
f 389/416/416 514/529/529 390/344/344
f 400/343/343 391/345/345 399/563/563
f 399/563/563 391/345/345 392/564/564
f 514/529/529 515/346/346 390/344/344
f 517/565/565 392/564/564 516/347/347
f 516/347/347 392/564/564 391/345/345
f 394/480/480 395/498/498 396/506/506
f 396/506/506 395/498/498 329/497/497
f 396/506/506 329/497/497 535/504/504
f 535/504/504 329/497/497 534/537/537
f 537/484/484 397/482/482 536/505/505
f 540/341/341 400/343/343 539/562/562
f 539/562/562 400/343/343 399/563/563
f 412/420/420 411/418/418 504/570/570
f 504/570/570 411/418/418 325/417/417
f 504/570/570 325/417/417 472/571/571
f 472/571/571 325/417/417 473/519/519
f 472/571/571 473/519/519 443/384/384
f 413/422/422 412/420/420 503/572/572
f 503/572/572 412/420/420 504/570/570
f 503/572/572 504/570/570 471/573/573
f 471/573/573 504/570/570 472/571/571
f 471/573/573 472/571/571 444/382/382
f 444/382/382 472/571/571 443/384/384
f 414/424/424 413/422/422 502/574/574
f 502/574/574 413/422/422 503/572/572
f 502/574/574 503/572/572 470/575/575
f 470/575/575 503/572/572 471/573/573
f 470/575/575 471/573/573 445/380/380
f 445/380/380 471/573/573 444/382/382
f 415/426/426 414/424/424 501/576/576
f 501/576/576 414/424/424 502/574/574
f 501/576/576 502/574/574 469/577/577
f 469/577/577 502/574/574 470/575/575
f 469/577/577 470/575/575 446/378/378
f 446/378/378 470/575/575 445/380/380
f 416/428/428 415/426/426 500/578/578
f 500/578/578 415/426/426 501/576/576
f 500/578/578 501/576/576 468/579/579
f 468/579/579 501/576/576 469/577/577
f 468/579/579 469/577/577 447/376/376
f 447/376/376 469/577/577 446/378/378
f 417/430/430 416/428/428 499/580/580
f 499/580/580 416/428/428 500/578/578
f 499/580/580 500/578/578 467/581/581
f 467/581/581 500/578/578 468/579/579
f 467/581/581 468/579/579 448/374/374
f 448/374/374 468/579/579 447/376/376
f 418/432/432 417/430/430 498/582/582
f 498/582/582 417/430/430 499/580/580
f 498/582/582 499/580/580 466/583/583
f 466/583/583 499/580/580 467/581/581
f 466/583/583 467/581/581 449/372/372
f 449/372/372 467/581/581 448/374/374
f 419/434/434 418/432/432 497/584/584
f 497/584/584 418/432/432 498/582/582
f 497/584/584 498/582/582 465/585/585
f 465/585/585 498/582/582 466/583/583
f 465/585/585 466/583/583 450/370/370
f 450/370/370 466/583/583 449/372/372
f 420/436/436 419/434/434 496/586/586
f 496/586/586 419/434/434 497/584/584
f 496/586/586 497/584/584 464/587/587
f 464/587/587 497/584/584 465/585/585
f 464/587/587 465/585/585 451/368/368
f 451/368/368 465/585/585 450/370/370
f 421/438/438 420/436/436 495/588/588
f 495/588/588 420/436/436 496/586/586
f 495/588/588 496/586/586 463/589/589
f 463/589/589 496/586/586 464/587/587
f 463/589/589 464/587/587 452/366/366
f 452/366/366 464/587/587 451/368/368
f 422/440/440 421/438/438 494/590/590
f 494/590/590 421/438/438 495/588/588
f 494/590/590 495/588/588 462/591/591
f 462/591/591 495/588/588 463/589/589
f 462/591/591 463/589/589 453/364/364
f 453/364/364 463/589/589 452/366/366
f 423/442/442 422/440/440 493/592/592
f 493/592/592 422/440/440 494/590/590
f 493/592/592 494/590/590 461/593/593
f 461/593/593 494/590/590 462/591/591
f 461/593/593 462/591/591 454/362/362
f 454/362/362 462/591/591 453/364/364
f 424/350/350 423/442/442 492/594/594
f 492/594/594 423/442/442 493/592/592
f 492/594/594 493/592/592 460/595/595
f 460/595/595 493/592/592 461/593/593
f 460/595/595 461/593/593 455/360/360
f 455/360/360 461/593/593 454/362/362
f 428/349/349 425/351/351 427/566/566
f 427/566/566 425/351/351 327/475/475
f 327/475/475 425/351/351 490/353/353
f 516/347/347 428/349/349 517/565/565
f 517/565/565 428/349/349 427/566/566
f 455/360/360 456/358/358 460/595/595
f 460/595/595 456/358/358 459/596/596
f 460/595/595 459/596/596 492/594/594
f 492/594/594 459/596/596 491/352/352
f 492/594/594 491/352/352 424/350/350
f 456/358/358 457/356/356 459/596/596
f 459/596/596 457/356/356 458/354/354
f 459/596/596 458/354/354 491/352/352
f 528/375/375 529/377/377 483/456/456
f 483/456/456 529/377/377 484/454/454
f 529/377/377 530/379/379 484/454/454
f 484/454/454 530/379/379 485/452/452
f 530/379/379 531/381/381 485/452/452
f 485/452/452 531/381/381 486/450/450
f 531/381/381 532/383/383 486/450/450
f 486/450/450 532/383/383 487/448/448
f 323/387/387 489/443/443 488/446/446
f 532/383/383 533/385/385 487/448/448
f 487/448/448 533/385/385 488/446/446
f 533/385/385 323/387/387 488/446/446
f 303/597/597 302/598/598 51/599/599
f 51/599/599 302/598/598 52/600/600
f 52/600/600 302/598/598 301/601/601
f 52/600/600 301/601/601 53/602/602
f 53/602/602 301/601/601 300/603/603
f 53/602/602 300/603/603 54/604/604
f 54/604/604 300/603/603 299/605/605
f 54/604/604 299/605/605 55/606/606
f 55/606/606 299/605/605 19/607/607
f 55/606/606 19/607/607 18/608/608
f 319/609/609 35/610/610 320/611/611
f 320/611/611 35/610/610 58/612/612
f 320/611/611 58/612/612 321/613/613
f 321/613/613 58/612/612 57/614/614
f 321/613/613 57/614/614 322/615/615
f 322/615/615 57/614/614 56/616/616
f 322/615/615 56/616/616 1/617/617
f 1/617/617 56/616/616 2/618/618
f 35/619/619 319/620/620 36/621/621
f 36/621/621 319/620/620 318/622/622
f 36/621/621 318/622/622 37/623/623
f 37/623/623 318/622/622 317/624/624
f 37/623/623 317/624/624 38/625/625
f 38/625/625 317/624/624 316/626/626
f 38/625/625 316/626/626 39/627/627
f 39/627/627 316/626/626 315/628/628
f 39/627/627 315/628/628 40/629/629
f 40/629/629 315/628/628 314/630/630
f 40/629/629 314/630/630 41/631/631
f 41/631/631 314/630/630 313/632/632
f 41/631/631 313/632/632 42/633/633
f 42/633/633 313/632/632 312/634/634
f 42/633/633 312/634/634 43/635/635
f 43/635/635 312/634/634 311/636/636
f 43/635/635 311/636/636 44/637/637
f 44/637/637 311/636/636 310/638/638
f 44/637/637 310/638/638 45/639/639
f 45/639/639 310/638/638 309/640/640
f 45/639/639 309/640/640 46/641/641
f 46/641/641 309/640/640 308/642/642
f 46/641/641 308/642/642 47/643/643
f 47/643/643 308/642/642 307/644/644
f 47/643/643 307/644/644 48/645/645
f 48/645/645 307/644/644 306/646/646
f 48/645/645 306/646/646 49/647/647
f 49/647/647 306/646/646 305/648/648
f 49/647/647 305/648/648 50/649/649
f 50/649/649 305/648/648 304/650/650
f 50/649/649 304/650/650 51/651/651
f 51/651/651 304/650/650 303/652/652
# 562 vertices
# 652 texture params
# 652 normals
# 1120 facets

# 1 groups
