# WaveFront *.obj file (generated by Autodesk ATF)

mtllib P2.mtl

g Body1

v -14.146891 10.550000 16.418275
v -14.250486 10.054364 16.538503
v -14.347748 9.555223 16.651381
v -14.438633 9.052798 16.756858
v -14.523100 8.547313 16.854888
v -14.601113 8.038991 16.945426
v -14.672637 7.528060 17.028434
v -14.737640 7.014745 17.103873
v -14.796092 6.499276 17.171710
v -14.847968 5.981882 17.231915
v -14.893245 5.462791 17.284462
v -14.931903 4.942236 17.329327
v -14.963925 4.420447 17.366490
v -14.989296 3.897657 17.395934
v -15.008005 3.374097 17.417647
v -15.020044 2.850000 17.431619
v -15.123702 2.850000 17.551921
v -15.111738 3.373953 17.538035
v -15.093146 3.897376 17.516458
v -15.067935 4.420041 17.487199
v -15.036115 4.941717 17.450270
v -14.997700 5.462176 17.405688
v -14.952708 5.981189 17.353472
v -14.901158 6.498530 17.293645
v -14.843073 7.013971 17.226234
v -14.778478 7.527286 17.151268
v -14.707401 8.038249 17.068779
v -14.629874 8.546638 16.978804
v -14.545930 9.052228 16.881383
v -14.455607 9.554799 16.776558
v -14.358945 10.054129 16.664376
v -14.255984 10.550000 16.544884
v -11.002201 10.550000 18.865785
v -10.918007 10.550000 18.721415
v -11.343965 10.550000 18.466422
v -11.763970 10.550000 18.201738
v -12.177802 10.550000 17.927504
v -12.585245 10.550000 17.643862
v -12.986083 10.550000 17.350963
v -13.380108 10.550000 17.048958
v -13.767111 10.550000 16.738008
v -13.873276 10.550000 16.867083
v -13.483288 10.550000 17.180431
v -13.086225 10.550000 17.484764
v -12.682296 10.550000 17.779923
v -12.271711 10.550000 18.065752
v -11.854688 10.550000 18.342101
v -11.431443 10.550000 18.608825
v -11.591871 2.850000 19.876910
v -11.671871 2.850000 20.014088
v -12.076954 2.850000 19.772291
v -12.477029 2.850000 19.522296
v -12.871931 2.850000 19.264207
v -13.261497 2.850000 18.998131
v -13.645565 2.850000 18.724178
v -14.023974 2.850000 18.442463
v -14.396570 2.850000 18.153101
v -14.763197 2.850000 17.856212
v -14.662009 2.850000 17.733825
v -14.297895 2.850000 18.028678
v -13.927853 2.850000 18.316057
v -13.552037 2.850000 18.595842
v -13.170602 2.850000 18.867917
v -12.783707 2.850000 19.132169
v -12.391511 2.850000 19.388489
v -11.994178 2.850000 19.636770
v -11.662638 3.373953 19.998255
v -11.648289 3.897376 19.973651
v -11.628832 4.420041 19.940287
v -11.604275 4.941717 19.898178
v -11.574628 5.462176 19.847342
v -11.539905 5.981189 19.787801
v -11.500120 6.498530 19.719582
v -11.455292 7.013971 19.642714
v -11.405440 7.527286 19.557232
v -11.350586 8.038249 19.463172
v -11.290754 8.546638 19.360576
v -11.225970 9.052228 19.249488
v -11.156262 9.554799 19.129959
v -11.081662 10.054129 19.002039
v -11.891393 3.341615 19.864745
v -11.292849 10.088745 18.864868
v -12.230711 3.341615 19.657646
v -11.721785 10.088745 18.601383
v -12.677780 3.341615 19.372332
v -13.008885 3.341615 19.151560
v -12.144851 10.088745 18.327965
v -13.444413 3.341615 18.848371
v -12.561705 10.088745 18.044813
v -13.872877 3.341615 18.535280
v -14.293950 3.341615 18.212532
v -14.501643 3.341615 18.047595
v -14.911027 3.341615 17.710862
v -14.903416 3.587519 17.701822
v -14.894357 3.833441 17.691062
v -14.883849 4.079343 17.678581
v -14.871892 4.325191 17.664378
v -14.858484 4.570948 17.648453
v -14.843625 4.816578 17.630804
v -14.827317 5.062045 17.611434
v -14.809559 5.307314 17.590342
v -14.790354 5.552347 17.567530
v -14.769702 5.797109 17.543001
v -14.747606 6.041564 17.516756
v -14.724068 6.285676 17.488798
v -14.699092 6.529409 17.459132
v -14.672680 6.772728 17.427761
v -14.616066 7.253939 17.360516
v -14.553854 7.733103 17.286623
v -14.486087 8.209945 17.206131
v -14.412811 8.684195 17.119096
v -14.334079 9.155587 17.025581
v -14.249951 9.623856 16.925656
v -14.160491 10.088745 16.819399
v -14.707315 3.341615 17.880386
v -14.699796 3.587519 17.871269
v -14.690850 3.833441 17.860416
v -14.680474 4.079343 17.847826
v -14.668668 4.325191 17.833497
v -14.655431 4.570948 17.817428
v -14.640764 4.816578 17.799621
v -14.624667 5.062045 17.780074
v -14.607140 5.307314 17.758790
v -14.588186 5.552347 17.735770
v -14.567805 5.797109 17.711015
v -14.545999 6.041564 17.684528
v -14.522771 6.285676 17.656313
v -14.498125 6.529409 17.626372
v -14.472062 6.772728 17.594710
v -14.416199 7.253939 17.526839
v -14.354815 7.733103 17.452257
v -14.287952 8.209945 17.371013
v -14.215656 8.684195 17.283162
v -14.137978 9.155587 17.188769
v -14.054979 9.623856 17.087905
v -13.966721 10.088745 16.980648
v -14.286640 3.587519 18.203247
v -14.277942 3.833441 18.192193
v -14.267856 4.079343 18.179370
v -14.256380 4.325191 18.164775
v -14.243513 4.570948 18.148409
v -14.229256 4.816578 18.130272
v -14.213609 5.062045 18.110363
v -14.196573 5.307314 18.088685
v -14.178148 5.552347 18.065237
v -14.158338 5.797109 18.040024
v -14.137143 6.041564 18.013046
v -14.114566 6.285676 17.984307
v -14.090610 6.529409 17.953811
v -14.065278 6.772728 17.921561
v -14.010980 7.253939 17.852432
v -13.951318 7.733103 17.776466
v -13.886329 8.209945 17.693714
v -13.816061 8.684195 17.604233
v -13.740562 9.155587 17.508089
v -13.659892 9.623856 17.405352
v -13.574111 10.088745 17.296104
v -13.771714 10.088745 17.139183
v -13.858717 9.623856 17.247460
v -13.940535 9.155587 17.349285
v -14.017106 8.684195 17.444578
v -14.088370 8.209945 17.533268
v -14.154277 7.733103 17.615291
v -14.214780 7.253939 17.690588
v -14.269840 6.772728 17.759112
v -14.295527 6.529409 17.791079
v -14.319818 6.285676 17.821310
v -14.342709 6.041564 17.849799
v -14.364199 5.797109 17.876543
v -14.384283 5.552347 17.901539
v -14.402962 5.307314 17.924784
v -14.420232 5.062045 17.946277
v -14.436092 4.816578 17.966016
v -14.450543 4.570948 17.984000
v -14.463582 4.325191 18.000228
v -14.475212 4.079343 18.014701
v -14.485431 3.833441 18.027419
v -14.494241 3.587519 18.038383
v -13.865787 3.587519 18.525826
v -13.857350 3.833441 18.514572
v -13.847565 4.079343 18.501517
v -13.836432 4.325191 18.486659
v -13.823948 4.570948 18.469999
v -13.810116 4.816578 18.451536
v -13.794934 5.062045 18.431270
v -13.778405 5.307314 18.409203
v -13.760528 5.552347 18.385336
v -13.741305 5.797109 18.359671
v -13.720739 6.041564 18.332211
v -13.698832 6.285676 18.302958
v -13.675586 6.529409 18.271917
v -13.651004 6.772728 18.239092
v -13.598315 7.253939 18.168729
v -13.540419 7.733103 18.091409
v -13.477353 8.209945 18.007183
v -13.409163 8.684195 17.916108
v -13.335897 9.155587 17.818251
v -13.257610 9.623856 17.713686
v -13.174365 10.088745 17.602495
v -13.375455 10.088745 17.450184
v -13.459954 9.623856 17.560426
v -13.539419 9.155587 17.664098
v -13.613786 8.684195 17.761121
v -13.683000 8.209945 17.851420
v -13.747010 7.733103 17.934931
v -13.805772 7.253939 18.011594
v -13.859248 6.772728 18.081361
v -13.884196 6.529409 18.113909
v -13.907788 6.285676 18.144688
v -13.930020 6.041564 18.173694
v -13.950892 5.797109 18.200923
v -13.970398 5.552347 18.226373
v -13.988539 5.307314 18.250040
v -14.005312 5.062045 18.271923
v -14.020716 4.816578 18.292020
v -14.034751 4.570948 18.310330
v -14.047416 4.325191 18.326853
v -14.058710 4.079343 18.341588
v -14.068636 3.833441 18.354537
v -14.077192 3.587519 18.365700
v -14.084381 3.341615 18.375079
v -13.437550 3.587519 18.838751
v -13.429383 3.833441 18.827300
v -13.419908 4.079343 18.814018
v -13.409127 4.325191 18.798903
v -13.397038 4.570948 18.781954
v -13.383641 4.816578 18.763172
v -13.368937 5.062045 18.742558
v -13.352926 5.307314 18.720111
v -13.335609 5.552347 18.695834
v -13.316989 5.797109 18.669729
v -13.297066 6.041564 18.641799
v -13.275843 6.285676 18.612046
v -13.253323 6.529409 18.580474
v -13.229509 6.772728 18.547088
v -13.178463 7.253939 18.475524
v -13.122371 7.733103 18.396886
v -13.061269 8.209945 18.311224
v -12.995200 8.684195 18.218599
v -12.924212 9.155587 18.119077
v -12.848359 9.623856 18.012734
v -12.767698 10.088745 17.899653
v -12.972014 10.088745 17.752142
v -13.053965 9.623856 17.864292
v -13.131033 9.155587 17.969758
v -13.203157 8.684195 18.068459
v -13.270283 8.209945 18.160321
v -13.332362 7.733103 18.245277
v -13.389352 7.253939 18.323267
v -13.441215 6.772728 18.394241
v -13.465411 6.529409 18.427352
v -13.488291 6.285676 18.458664
v -13.509853 6.041564 18.488172
v -13.530094 5.797109 18.515872
v -13.549013 5.552347 18.541762
v -13.566607 5.307314 18.565839
v -13.582874 5.062045 18.588100
v -13.597813 4.816578 18.608545
v -13.611425 4.570948 18.627172
v -13.623707 4.325191 18.643981
v -13.634661 4.079343 18.658971
v -13.644287 3.833441 18.672144
v -13.652585 3.587519 18.683501
v -13.659558 3.341615 18.693042
v -13.227501 3.341615 19.001225
v -13.220750 3.587519 18.991526
v -13.212714 3.833441 18.979982
v -13.203392 4.079343 18.966592
v -13.192785 4.325191 18.951355
v -13.180891 4.570948 18.934269
v -13.167710 4.816578 18.915335
v -13.153243 5.062045 18.894553
v -13.137490 5.307314 18.871924
v -13.120453 5.552347 18.847451
v -13.102133 5.797109 18.821134
v -13.082532 6.041564 18.792977
v -13.061652 6.285676 18.762983
v -13.039495 6.529409 18.731155
v -13.016065 6.772728 18.697498
v -12.965843 7.253939 18.625354
v -12.910656 7.733103 18.546078
v -12.850540 8.209945 18.459721
v -12.785537 8.684195 18.366345
v -12.715694 9.155587 18.266016
v -12.641064 9.623856 18.158811
v -12.664909 10.088745 17.972528
v -12.744920 9.623856 18.086070
v -12.820163 9.155587 18.192846
v -12.890579 8.684195 18.292773
v -12.956116 8.209945 18.385775
v -13.016726 7.733103 18.471785
v -13.072367 7.253939 18.550744
v -13.123002 6.772728 18.622599
v -13.146624 6.529409 18.656121
v -13.168963 6.285676 18.687822
v -13.190015 6.041564 18.717696
v -13.209777 5.797109 18.745740
v -13.228248 5.552347 18.771951
v -13.245425 5.307314 18.796327
v -13.261307 5.062045 18.818865
v -13.275893 4.816578 18.839564
v -13.289182 4.570948 18.858422
v -13.301173 4.325191 18.875439
v -13.311868 4.079343 18.890616
v -13.321266 3.833441 18.903952
v -13.329368 3.587519 18.915450
v -13.336175 3.341615 18.925109
v -12.788553 3.341615 19.299385
v -12.782025 3.587519 19.289534
v -12.774256 3.833441 19.277809
v -12.765244 4.079343 19.264209
v -12.754988 4.325191 19.248732
v -12.743489 4.570948 19.231378
v -12.730746 4.816578 19.212147
v -12.716759 5.062045 19.191039
v -12.701529 5.307314 19.168055
v -12.685057 5.552347 19.143198
v -12.667345 5.797109 19.116468
v -12.648394 6.041564 19.087869
v -12.628207 6.285676 19.057404
v -12.606786 6.529409 19.025077
v -12.584133 6.772728 18.990892
v -12.535577 7.253939 18.917616
v -12.482221 7.733103 18.837095
v -12.424100 8.209945 18.749384
v -12.361254 8.684195 18.654543
v -12.293729 9.155587 18.552640
v -12.221576 9.623856 18.443752
v -12.249660 10.088745 18.258081
v -12.327048 9.623856 18.373427
v -12.399823 9.155587 18.481899
v -12.467931 8.684195 18.583414
v -12.531319 8.209945 18.677894
v -12.589942 7.733103 18.765270
v -12.643758 7.253939 18.845484
v -12.692733 6.772728 18.918481
v -12.715581 6.529409 18.952535
v -12.737187 6.285676 18.984739
v -12.757549 6.041564 19.015088
v -12.776663 5.797109 19.043578
v -12.794528 5.552347 19.070206
v -12.811142 5.307314 19.094969
v -12.826503 5.062045 19.117865
v -12.840611 4.816578 19.138892
v -12.853464 4.570948 19.158050
v -12.865063 4.325191 19.175338
v -12.875407 4.079343 19.190755
v -12.884497 3.833441 19.204304
v -12.892333 3.587519 19.215984
v -12.898917 3.341615 19.225797
v -12.455029 3.341615 19.516290
v -12.448672 3.587519 19.506328
v -12.441105 3.833441 19.494472
v -12.432328 4.079343 19.480719
v -12.422340 4.325191 19.465068
v -12.411141 4.570948 19.447519
v -12.398730 4.816578 19.428072
v -12.385108 5.062045 19.406727
v -12.370275 5.307314 19.383485
v -12.354233 5.552347 19.358348
v -12.336982 5.797109 19.331318
v -12.318526 6.041564 19.302397
v -12.298865 6.285676 19.271590
v -12.278002 6.529409 19.238900
v -12.255941 6.772728 19.204330
v -12.208651 7.253939 19.130230
v -12.156687 7.733103 19.048805
v -12.100082 8.209945 18.960108
v -12.038875 8.684195 18.864201
v -11.973111 9.155587 18.761152
v -11.902839 9.623856 18.651041
v -11.828115 10.088745 18.533953
v -11.934490 10.088745 18.465635
v -12.009858 9.623856 18.582310
v -12.080733 9.155587 18.692033
v -12.147060 8.684195 18.794720
v -12.208789 8.209945 18.890292
v -12.265874 7.733103 18.978681
v -12.318277 7.253939 19.059825
v -12.365963 6.772728 19.133671
v -12.388208 6.529409 19.168122
v -12.409243 6.285676 19.200702
v -12.429066 6.041564 19.231405
v -12.447674 5.797109 19.260229
v -12.465064 5.552347 19.287169
v -12.481235 5.307314 19.312223
v -12.496187 5.062045 19.335389
v -12.509916 4.816578 19.356665
v -12.522424 4.570948 19.376050
v -12.533709 4.325191 19.393544
v -12.543772 4.079343 19.409147
v -12.552613 3.833441 19.422859
v -12.560233 3.587519 19.434681
v -12.566633 3.341615 19.444616
v -12.004870 3.341615 19.796374
v -11.998742 3.587519 19.786269
v -11.991449 3.833441 19.774243
v -11.982990 4.079343 19.760292
v -11.973362 4.325191 19.744417
v -11.962568 4.570948 19.726616
v -11.950605 4.816578 19.706890
v -11.937475 5.062045 19.685238
v -11.923179 5.307314 19.661663
v -11.907717 5.552347 19.636165
v -11.891090 5.797109 19.608747
v -11.873300 6.041564 19.579412
v -11.854350 6.285676 19.548162
v -11.834241 6.529409 19.515003
v -11.812977 6.772728 19.479937
v -11.767397 7.253939 19.404774
v -11.717311 7.733103 19.322180
v -11.662751 8.209945 19.232210
v -11.603756 8.684195 19.134926
v -11.540369 9.155587 19.030399
v -11.472638 9.623856 18.918708
v -11.400614 10.088745 18.799939
v -11.508398 10.088745 18.734152
v -11.581078 9.623856 18.852521
v -11.649425 9.155587 18.963837
v -11.713386 8.684195 19.068014
v -11.772913 8.209945 19.164973
v -11.827963 7.733103 19.254644
v -11.878497 7.253939 19.336965
v -11.924482 6.772728 19.411881
v -11.945934 6.529409 19.446831
v -11.966220 6.285676 19.479883
v -11.985336 6.041564 19.511031
v -12.003280 5.797109 19.540272
v -12.020051 5.552347 19.567602
v -12.035646 5.307314 19.593019
v -12.050065 5.062045 19.616520
v -12.063306 4.816578 19.638104
v -12.075368 4.570948 19.657770
v -12.086251 4.325191 19.675516
v -12.095956 4.079343 19.691344
v -12.104483 3.833441 19.705254
v -12.111832 3.587519 19.717247
v -12.118004 3.341615 19.727324
v -11.184739 10.088745 18.929166
v -11.255399 9.623856 19.048751
v -11.321848 9.155587 19.161210
v -11.384035 8.684195 19.266456
v -11.441912 8.209945 19.364408
v -11.495439 7.733103 19.454997
v -11.544577 7.253939 19.538158
v -11.589294 6.772728 19.613838
v -11.610156 6.529409 19.649145
v -11.629883 6.285676 19.682532
v -11.648475 6.041564 19.713997
v -11.665927 5.797109 19.743534
v -11.682239 5.552347 19.771140
v -11.697409 5.307314 19.796813
v -11.711435 5.062045 19.820551
v -11.724316 4.816578 19.842351
v -11.736052 4.570948 19.862213
v -11.746642 4.325191 19.880136
v -11.756087 4.079343 19.896121
v -11.764387 3.833441 19.910167
v -11.771542 3.587519 19.922276
v -11.777553 3.341615 19.932450
v -11.615087 10.088745 18.668193
v -11.688466 9.623856 18.786130
v -11.757472 9.155587 18.897039
v -11.822051 8.684195 19.000833
v -11.882156 8.209945 19.097436
v -11.937742 7.733103 19.186775
v -11.988770 7.253939 19.268790
v -12.035208 6.772728 19.343427
v -12.056872 6.529409 19.378246
v -12.077359 6.285676 19.411174
v -12.096666 6.041564 19.442204
v -12.114790 5.797109 19.471334
v -12.131730 5.552347 19.498560
v -12.147483 5.307314 19.523879
v -12.162048 5.062045 19.547289
v -12.175425 4.816578 19.568789
v -12.187613 4.570948 19.588377
v -12.198611 4.325191 19.606053
v -12.208419 4.079343 19.621817
v -12.217038 3.833441 19.635670
v -12.224468 3.587519 19.647612
v -12.343063 3.341615 19.587295
v -12.039653 10.088745 18.397240
v -12.115714 9.623856 18.513465
v -12.187242 9.155587 18.622764
v -12.254183 8.684195 18.725052
v -12.316484 8.209945 18.820252
v -12.374102 7.733103 18.908295
v -12.426995 7.253939 18.989120
v -12.475131 6.772728 19.062673
v -12.497587 6.529409 19.096987
v -12.518823 6.285676 19.129437
v -12.538835 6.041564 19.160017
v -12.557622 5.797109 19.188724
v -12.575180 5.552347 19.215554
v -12.591510 5.307314 19.240506
v -12.606608 5.062045 19.263577
v -12.620473 4.816578 19.284764
v -12.633106 4.570948 19.304068
v -12.644506 4.325191 19.321488
v -12.654673 4.079343 19.337023
v -12.663607 3.833441 19.350674
v -12.671309 3.587519 19.362443
v -12.458092 10.088745 18.116502
v -12.536797 9.623856 18.230953
v -12.610811 9.155587 18.338584
v -12.680078 8.684195 18.439311
v -12.744544 8.209945 18.533059
v -12.804164 7.733103 18.619758
v -12.858897 7.253939 18.699349
v -12.908705 6.772728 18.771780
v -12.931941 6.529409 18.805571
v -12.953915 6.285676 18.837525
v -12.974623 6.041564 18.867638
v -12.994063 5.797109 18.895907
v -13.012232 5.552347 18.922329
v -13.029128 5.307314 18.946899
v -13.044751 5.062045 18.969618
v -13.059099 4.816578 18.990482
v -13.072171 4.570948 19.009492
v -13.083967 4.325191 19.026645
v -13.094487 4.079343 19.041943
v -13.103731 3.833441 19.055387
v -13.111701 3.587519 19.066976
v -13.118397 3.341615 19.076713
v -13.002254 3.587519 19.141778
v -12.994360 3.833441 19.130137
v -12.985202 4.079343 19.116635
v -12.974778 4.325191 19.101271
v -12.963090 4.570948 19.084044
v -12.950136 4.816578 19.064954
v -12.935917 5.062045 19.044001
v -12.920434 5.307314 19.021188
v -12.903687 5.552347 18.996514
v -12.885678 5.797109 18.969983
v -12.866410 6.041564 18.941598
v -12.845884 6.285676 18.911360
v -12.824102 6.529409 18.879275
v -12.801068 6.772728 18.845345
v -12.751693 7.253939 18.772619
v -12.697434 7.733103 18.692704
v -12.638329 8.209945 18.605653
v -12.574416 8.684195 18.511527
v -12.505744 9.155587 18.410393
v -12.432364 9.623856 18.302329
v -12.354332 10.088745 18.187418
v -11.364192 9.623856 18.984048
v -11.431283 9.155587 19.096125
v -11.494071 8.684195 19.201013
v -11.552508 8.209945 19.298633
v -11.606552 7.733103 19.388914
v -11.656165 7.253939 19.471793
v -11.701314 6.772728 19.547215
v -11.722378 6.529409 19.582402
v -11.742296 6.285676 19.615676
v -11.761067 6.041564 19.647033
v -11.778688 5.797109 19.676470
v -11.795158 5.552347 19.703983
v -11.810474 5.307314 19.729569
v -11.824636 5.062045 19.753226
v -11.837641 4.816578 19.774952
v -11.849491 4.570948 19.794746
v -11.860183 4.325191 19.812609
v -11.869720 4.079343 19.828539
v -11.878099 3.833441 19.842537
v -11.885324 3.587519 19.854606
v -11.795837 9.623856 18.718898
v -11.865477 9.155587 18.829410
v -11.930650 8.684195 18.932833
v -11.991306 8.209945 19.029089
v -12.047403 7.733103 19.118109
v -12.098900 7.253939 19.199831
v -12.145764 6.772728 19.274200
v -12.167628 6.529409 19.308895
v -12.188303 6.285676 19.341705
v -12.207787 6.041564 19.372624
v -12.226078 5.797109 19.401650
v -12.243173 5.552347 19.428778
v -12.259071 5.307314 19.454007
v -12.273770 5.062045 19.477333
v -12.287270 4.816578 19.498756
v -12.299569 4.570948 19.518274
v -12.310668 4.325191 19.535887
v -12.320566 4.079343 19.551594
v -12.329264 3.833441 19.565397
v -12.336763 3.587519 19.577297
v -10.997957 10.054364 18.858509
v -11.073020 9.555223 18.987221
v -11.143162 9.052798 19.107495
v -11.208350 8.547313 19.219276
v -11.268558 8.038991 19.322515
v -11.323757 7.528060 19.417167
v -11.373923 7.014745 19.503188
v -11.419034 6.499276 19.580542
v -11.459070 5.981882 19.649193
v -11.494014 5.462791 19.709111
v -11.523848 4.942236 19.760269
v -11.548561 4.420447 19.802645
v -11.568142 3.897657 19.836220
v -11.582580 3.374097 19.860979
v -11.207465 10.089024 18.722234
v -11.814723 3.095838 19.736666
v -11.633158 10.089024 18.460741
v -12.263480 3.095838 19.461004
v -12.053025 10.089024 18.189390
v -12.596039 3.095838 19.247427
v -12.466728 10.089024 17.908378
v -13.033815 3.095838 18.953715
v -13.357729 3.095838 18.726845
v -13.783439 3.095838 18.415766
v -14.201802 3.095838 18.095095
v -14.408142 3.095838 17.931232
v -11.701617 3.095838 19.803934
v -11.696716 3.341767 19.795641
v -11.690667 3.587748 19.785403
v -11.683466 3.833747 19.773216
v -11.675113 4.079727 19.759080
v -11.665608 4.325651 19.742992
v -11.654949 4.571484 19.724954
v -11.643137 4.817187 19.704963
v -11.630173 5.062726 19.683022
v -11.616056 5.308063 19.659130
v -11.600788 5.553161 19.633291
v -11.584370 5.797985 19.605505
v -11.566804 6.042497 19.575776
v -11.548092 6.286662 19.544107
v -11.528236 6.530443 19.510502
v -11.507238 6.773803 19.474967
v -11.462239 7.255000 19.398809
v -11.412791 7.734123 19.315124
v -11.358930 8.210893 19.223968
v -11.300692 8.685037 19.125406
v -11.238121 9.156283 19.019509
v -11.171263 9.624366 18.906359
v -11.100173 10.089024 18.786045
v -12.039859 3.095838 19.600139
v -12.034830 3.341767 19.591923
v -12.028619 3.587748 19.581782
v -12.021223 3.833747 19.569713
v -12.012641 4.079727 19.555714
v -12.002874 4.325651 19.539784
v -11.991920 4.571484 19.521923
v -11.979780 4.817187 19.502131
v -11.966453 5.062726 19.480407
v -11.951941 5.308063 19.456754
v -11.936244 5.553161 19.431172
v -11.919364 5.797985 19.403664
v -11.901303 6.042497 19.374234
v -11.882063 6.286662 19.342883
v -11.861645 6.530443 19.309617
v -11.840053 6.773803 19.274439
v -11.793777 7.255000 19.199050
v -11.742925 7.734123 19.116211
v -11.687530 8.210893 19.025979
v -11.627632 8.685037 18.928416
v -11.563275 9.156283 18.823595
v -11.494508 9.624366 18.711596
v -11.421385 10.089024 18.592506
v -11.314416 10.089024 18.657795
v -11.386878 9.624366 18.777288
v -11.455026 9.156283 18.889665
v -11.518805 8.685037 18.994839
v -11.578167 8.210893 19.092729
v -11.633068 7.734123 19.183262
v -11.683470 7.255000 19.266375
v -11.729338 6.773803 19.342014
v -11.750740 6.530443 19.377307
v -11.770980 6.286662 19.410682
v -11.790053 6.042497 19.442135
v -11.807958 5.797985 19.471661
v -11.824693 5.553161 19.499257
v -11.840256 5.308063 19.524920
v -11.854645 5.062726 19.548648
v -11.867860 4.817187 19.570440
v -11.879899 4.571484 19.590294
v -11.890764 4.325651 19.608210
v -11.900453 4.079727 19.624187
v -11.908967 3.833747 19.638227
v -11.916306 3.587748 19.650330
v -11.922473 3.341767 19.660499
v -11.927468 3.095838 19.668735
v -12.485594 3.095838 19.319254
v -12.480380 3.341767 19.311155
v -12.473939 3.587748 19.301157
v -12.466271 3.833747 19.289260
v -12.457373 4.079727 19.275460
v -12.447245 4.325651 19.259757
v -12.435887 4.571484 19.242150
v -12.423298 4.817187 19.222640
v -12.409479 5.062726 19.201226
v -12.394431 5.308063 19.177910
v -12.378154 5.553161 19.152693
v -12.360651 5.797985 19.125579
v -12.341922 6.042497 19.096568
v -12.321970 6.286662 19.065665
v -12.300798 6.530443 19.032874
v -12.278408 6.773803 18.998199
v -12.230421 7.255000 18.923887
v -12.177688 7.734123 18.842233
v -12.120245 8.210893 18.753291
v -12.058132 8.685037 18.657123
v -11.991394 9.156283 18.553802
v -11.920083 9.624366 18.443404
v -11.844254 10.089024 18.326018
v -11.738684 10.089024 18.393820
v -11.813864 9.624366 18.511622
v -11.884567 9.156283 18.622410
v -11.950738 8.685037 18.726095
v -12.012326 8.210893 18.822600
v -12.069286 7.734123 18.911852
v -12.121577 7.255000 18.993790
v -12.169165 6.773803 19.068358
v -12.191370 6.530443 19.103152
v -12.212368 6.286662 19.136055
v -12.232157 6.042497 19.167062
v -12.250733 5.797985 19.196171
v -12.268096 5.553161 19.223376
v -12.284242 5.308063 19.248677
v -12.299171 5.062726 19.272069
v -12.312881 4.817187 19.293553
v -12.325373 4.571484 19.313126
v -12.336644 4.325651 19.330788
v -12.346697 4.079727 19.346539
v -12.355530 3.833747 19.360380
v -12.363145 3.587748 19.372312
v -12.369543 3.341767 19.382337
v -12.374725 3.095838 19.390457
v -12.815750 3.095838 19.101837
v -12.810384 3.341767 19.093838
v -12.803758 3.587748 19.083962
v -12.795872 3.833747 19.072208
v -12.786724 4.079727 19.058573
v -12.776313 4.325651 19.043056
v -12.764640 4.571484 19.025657
v -12.751703 4.817187 19.006375
v -12.737504 5.062726 18.985211
v -12.722043 5.308063 18.962167
v -12.705321 5.553161 18.937243
v -12.687340 5.797985 18.910442
v -12.668102 6.042497 18.881767
v -12.647608 6.286662 18.851221
v -12.625861 6.530443 18.818808
v -12.602865 6.773803 18.784532
v -12.553581 7.255000 18.711074
v -12.499426 7.734123 18.630356
v -12.440436 8.210893 18.542432
v -12.376653 8.685037 18.447364
v -12.308124 9.156283 18.345222
v -12.234901 9.624366 18.236083
v -12.157042 10.089024 18.120034
v -12.130218 9.624366 18.305883
v -12.202815 9.156283 18.415439
v -12.270757 8.685037 18.517972
v -12.333995 8.210893 18.613404
v -12.392480 7.734123 18.701665
v -12.446171 7.255000 18.782692
v -12.495034 6.773803 18.856431
v -12.517833 6.530443 18.890838
v -12.539394 6.286662 18.923375
v -12.559712 6.042497 18.954038
v -12.578786 5.797985 18.982823
v -12.596614 5.553161 19.009726
v -12.613192 5.308063 19.034745
v -12.628521 5.062726 19.057878
v -12.642598 4.817187 19.079123
v -12.655424 4.571484 19.098478
v -12.666998 4.325651 19.115944
v -12.677319 4.079727 19.131520
v -12.686389 3.833747 19.145208
v -12.694208 3.587748 19.157007
v -12.700777 3.341767 19.166921
v -12.706098 3.095838 19.174950
v -13.250189 3.095838 18.803088
v -13.244640 3.341767 18.795214
v -13.237790 3.587748 18.785493
v -13.229636 3.833747 18.773922
v -13.220178 4.079727 18.760501
v -13.209415 4.325651 18.745226
v -13.197346 4.571484 18.728099
v -13.183971 4.817187 18.709119
v -13.169290 5.062726 18.688286
v -13.153305 5.308063 18.665602
v -13.136017 5.553161 18.641069
v -13.117426 5.797985 18.614687
v -13.097535 6.042497 18.586460
v -13.076347 6.286662 18.556392
v -13.053863 6.530443 18.524486
v -13.030087 6.773803 18.490746
v -12.979132 7.255000 18.418437
v -12.923141 7.734123 18.338981
v -12.862152 8.210893 18.252432
v -12.796207 8.685037 18.158851
v -12.725355 9.156283 18.058306
v -12.649650 9.624366 17.950875
v -12.569151 10.089024 17.836641
v -12.546570 9.624366 18.023072
v -12.621659 9.156283 18.130935
v -12.691933 8.685037 18.231885
v -12.757341 8.210893 18.325842
v -12.817833 7.734123 18.412739
v -12.873368 7.255000 18.492514
v -12.923908 6.773803 18.565114
v -12.947490 6.530443 18.598990
v -12.969790 6.286662 18.631024
v -12.990806 6.042497 18.661214
v -13.010535 5.797985 18.689554
v -13.028974 5.553161 18.716041
v -13.046122 5.308063 18.740674
v -13.061977 5.062726 18.763449
v -13.076537 4.817187 18.784366
v -13.089803 4.571484 18.803422
v -13.101774 4.325651 18.820618
v -13.112450 4.079727 18.835954
v -13.121831 3.833747 18.849430
v -13.129918 3.587748 18.861047
v -13.136713 3.341767 18.870807
v -13.142216 3.095838 18.878713
v -13.571487 3.095838 18.572517
v -13.565803 3.341767 18.564740
v -13.558787 3.587748 18.555138
v -13.550436 3.833747 18.543709
v -13.540748 4.079727 18.530452
v -13.529724 4.325651 18.515365
v -13.517362 4.571484 18.498448
v -13.503662 4.817187 18.479700
v -13.488626 5.062726 18.459123
v -13.472254 5.308063 18.436717
v -13.454546 5.553161 18.412484
v -13.435504 5.797985 18.386426
v -13.415131 6.042497 18.358546
v -13.393429 6.286662 18.328846
v -13.370400 6.530443 18.297331
v -13.346048 6.773803 18.264005
v -13.293857 7.255000 18.192582
v -13.236508 7.734123 18.114101
v -13.174040 8.210893 18.028614
v -13.106496 8.685037 17.936180
v -13.033926 9.156283 17.836868
v -12.956385 9.624366 17.730754
v -12.873935 10.089024 17.617920
v -12.671164 10.089024 17.764316
v -12.752315 9.624366 17.878087
v -12.828635 9.156283 17.985083
v -12.900062 8.685037 18.085220
v -12.966542 8.210893 18.178422
v -13.028027 7.734123 18.264620
v -13.084472 7.255000 18.343753
v -13.135841 6.773803 18.415769
v -13.159809 6.530443 18.449372
v -13.182476 6.286662 18.481149
v -13.203836 6.042497 18.511096
v -13.223888 5.797985 18.539208
v -13.242630 5.553161 18.565482
v -13.260059 5.308063 18.589917
v -13.276173 5.062726 18.612509
v -13.290973 4.817187 18.633257
v -13.304456 4.571484 18.652160
v -13.316624 4.325651 18.669218
v -13.327474 4.079727 18.684430
v -13.337009 3.833747 18.697797
v -13.345229 3.587748 18.709321
v -13.352135 3.341767 18.719003
v -13.993571 3.095838 18.256605
v -13.987711 3.341767 18.248960
v -13.980476 3.587748 18.239521
v -13.971865 3.833747 18.228286
v -13.961876 4.079727 18.215255
v -13.950509 4.325651 18.200424
v -13.937763 4.571484 18.183795
v -13.923637 4.817187 18.165366
v -13.908133 5.062726 18.145139
v -13.891252 5.308063 18.123115
v -13.872993 5.553161 18.099294
v -13.853360 5.797985 18.073679
v -13.832353 6.042497 18.046273
v -13.809976 6.286662 18.017078
v -13.786230 6.530443 17.986099
v -13.761121 6.773803 17.953340
v -13.707307 7.255000 17.883132
v -13.648175 7.734123 17.805986
v -13.583764 8.210893 17.721953
v -13.514119 8.685037 17.631091
v -13.439292 9.156283 17.533468
v -13.359339 9.624366 17.429159
v -13.274325 10.089024 17.318245
v -13.074755 10.089024 17.469405
v -13.158508 9.624366 17.581274
v -13.237275 9.156283 17.686481
v -13.310994 8.685037 17.784944
v -13.379609 8.210893 17.876586
v -13.443069 7.734123 17.961340
v -13.501329 7.255000 18.039146
v -13.554351 6.773803 18.109954
v -13.579092 6.530443 18.142993
v -13.602489 6.286662 18.174235
v -13.624539 6.042497 18.203678
v -13.645238 5.797985 18.231317
v -13.664586 5.553161 18.257148
v -13.682579 5.308063 18.281171
v -13.699215 5.062726 18.303381
v -13.714495 4.817187 18.323778
v -13.728417 4.571484 18.342361
v -13.740980 4.325651 18.359129
v -13.752186 4.079727 18.374082
v -13.762033 3.833747 18.387221
v -13.770524 3.587748 18.398547
v -13.777658 3.341767 18.408061
v -14.402109 3.341767 17.923723
v -14.394660 3.587748 17.914452
v -14.385794 3.833747 17.903418
v -14.375509 4.079727 17.890619
v -14.363805 4.325651 17.876053
v -14.350681 4.571484 17.859720
v -14.336137 4.817187 17.841620
v -14.320174 5.062726 17.821753
v -14.302792 5.308063 17.800121
v -14.283992 5.553161 17.776724
v -14.263777 5.797985 17.751566
v -14.242148 6.042497 17.724648
v -14.219108 6.286662 17.695974
v -14.194659 6.530443 17.665548
v -14.168806 6.773803 17.633372
v -14.113398 7.255000 17.564416
v -14.052514 7.734123 17.488644
v -13.986194 8.210893 17.406109
v -13.914486 8.685037 17.316866
v -13.837442 9.156283 17.220984
v -13.755121 9.624366 17.118533
v -13.667588 10.089024 17.009596
v -13.471479 10.089024 17.165331
v -13.557782 9.624366 17.275245
v -13.638948 9.156283 17.378613
v -13.714913 8.685037 17.475353
v -13.785619 8.210893 17.565391
v -13.851014 7.734123 17.648661
v -13.911051 7.255000 17.725105
v -13.965691 6.773803 17.794671
v -13.991188 6.530443 17.827131
v -14.015299 6.286662 17.857825
v -14.038023 6.042497 17.886751
v -14.059356 5.797985 17.913904
v -14.079295 5.553161 17.939282
v -14.097838 5.308063 17.962881
v -14.114985 5.062726 17.984701
v -14.130733 4.817187 18.004738
v -14.145082 4.571484 18.022993
v -14.158031 4.325651 18.039465
v -14.169581 4.079727 18.054153
v -14.179732 3.833747 18.067059
v -14.188485 3.587748 18.078184
v -14.195841 3.341767 18.087528
v -14.814887 3.095838 17.596669
v -14.808683 3.341767 17.589301
v -14.801023 3.587748 17.580203
v -14.791907 3.833747 17.569375
v -14.781332 4.079727 17.556814
v -14.769297 4.325651 17.542520
v -14.755803 4.571484 17.526492
v -14.740849 4.817187 17.508729
v -14.724435 5.062726 17.489233
v -14.706562 5.308063 17.468005
v -14.687232 5.553161 17.445045
v -14.666446 5.797985 17.420356
v -14.644206 6.042497 17.393941
v -14.620516 6.286662 17.365802
v -14.595377 6.530443 17.335942
v -14.568793 6.773803 17.304367
v -14.511821 7.255000 17.236697
v -14.449218 7.734123 17.162340
v -14.381027 8.210893 17.081344
v -14.307294 8.685037 16.993767
v -14.228075 9.156283 16.899673
v -14.143430 9.624366 16.799134
v -14.053426 10.089024 16.692230
v -13.861121 10.089024 16.852259
v -13.949916 9.624366 16.960171
v -14.033425 9.156283 17.061655
v -14.111583 8.685037 17.156632
v -14.184329 8.210893 17.245030
v -14.251610 7.734123 17.326783
v -14.313380 7.255000 17.401834
v -14.369596 6.773803 17.470134
v -14.395827 6.530443 17.502002
v -14.420634 6.286662 17.532138
v -14.444013 6.042497 17.560537
v -14.465960 5.797985 17.587196
v -14.486473 5.553161 17.612111
v -14.505551 5.308063 17.635281
v -14.523191 5.062726 17.656704
v -14.539392 4.817187 17.676377
v -14.554154 4.571484 17.694300
v -14.567475 4.325651 17.710472
v -14.579357 4.079727 17.724893
v -14.589799 3.833747 17.737565
v -14.598803 3.587748 17.748487
v -14.606370 3.341767 17.757662
v -14.612500 3.095838 17.765091
v -12.925000 3.095838 19.028085
v -12.919597 3.341767 19.020110
v -12.912924 3.587748 19.010267
v -12.904979 3.833747 18.998552
v -12.895762 4.079727 18.984963
v -12.885271 4.325651 18.969500
v -12.873507 4.571484 18.952162
v -12.860470 4.817187 18.932949
v -12.846158 5.062726 18.911861
v -12.830574 5.308063 18.888899
v -12.813719 5.553161 18.864066
v -12.795593 5.797985 18.837363
v -12.776200 6.042497 18.808792
v -12.755540 6.286662 18.778358
v -12.733616 6.530443 18.746064
v -12.710433 6.773803 18.711915
v -12.660745 7.255000 18.638729
v -12.606145 7.734123 18.558311
v -12.546669 8.210893 18.470716
v -12.482359 8.685037 18.376004
v -12.413262 9.156283 18.274245
v -12.339430 9.624366 18.165517
v -12.260923 10.089024 18.049906
v -11.809775 3.341767 19.728401
v -11.803667 3.587748 19.718197
v -11.796396 3.833747 19.706052
v -11.787963 4.079727 19.691963
v -11.778366 4.325651 19.675931
v -11.767604 4.571484 19.657953
v -11.755678 4.817187 19.638031
v -11.742588 5.062726 19.616164
v -11.728335 5.308063 19.592354
v -11.712919 5.553161 19.566602
v -11.696343 5.797985 19.538910
v -11.678607 6.042497 19.509282
v -11.659714 6.286662 19.477721
v -11.639666 6.530443 19.444231
v -11.618466 6.773803 19.408816
v -11.573031 7.255000 19.332916
v -11.523106 7.734123 19.249516
v -11.468724 8.210893 19.158670
v -11.409923 8.685037 19.060442
v -11.346747 9.156283 18.954905
v -11.279243 9.624366 18.842139
v -12.151852 3.095838 19.530902
v -12.146764 3.341767 19.522723
v -12.140481 3.587748 19.512626
v -12.133003 3.833747 19.500607
v -12.124329 4.079727 19.486666
v -12.114458 4.325651 19.470800
v -12.103389 4.571484 19.453010
v -12.091123 4.817187 19.433295
v -12.077659 5.062726 19.411656
v -12.063000 5.308063 19.388094
v -12.047144 5.553161 19.362611
v -12.030094 5.797985 19.335208
v -12.011853 6.042497 19.305889
v -11.992420 6.286662 19.274657
v -11.971800 6.530443 19.241516
v -11.949995 6.773803 19.206470
v -11.903264 7.255000 19.131361
v -11.851914 7.734123 19.048830
v -11.795981 8.210893 18.958932
v -11.735502 8.685037 18.861728
v -11.670523 9.156283 18.757291
v -11.601093 9.624366 18.645701
v -11.527267 10.089024 18.527046
v -12.258345 3.341767 19.452855
v -12.252005 3.587748 19.442794
v -12.244458 3.833747 19.430818
v -12.235704 4.079727 19.416926
v -12.225742 4.325651 19.401118
v -12.214572 4.571484 19.383391
v -12.202193 4.817187 19.363747
v -12.188606 5.062726 19.342186
v -12.173811 5.308063 19.318708
v -12.157810 5.553161 19.293316
v -12.140604 5.797985 19.266011
v -12.122194 6.042497 19.236797
v -12.102584 6.286662 19.205676
v -12.081774 6.530443 19.172654
v -12.059769 6.773803 19.137733
v -12.012608 7.255000 19.062894
v -11.960787 7.734123 18.980658
v -11.904339 8.210893 18.891081
v -11.843305 8.685037 18.794225
v -11.777729 9.156283 18.690162
v -11.707662 9.624366 18.578972
v -12.590764 3.341767 19.239367
v -12.584252 3.587748 19.229416
v -12.576501 3.833747 19.217572
v -12.567510 4.079727 19.203833
v -12.557278 4.325651 19.188198
v -12.545804 4.571484 19.170666
v -12.533090 4.817187 19.151237
v -12.519134 5.062726 19.129912
v -12.503938 5.308063 19.106692
v -12.487503 5.553161 19.081579
v -12.469830 5.797985 19.054574
v -12.450922 6.042497 19.025680
v -12.430779 6.286662 18.994901
v -12.409405 6.530443 18.962241
v -12.386803 6.773803 18.927704
v -12.338364 7.255000 18.853686
v -12.285137 7.734123 18.772353
v -12.227159 8.210893 18.683758
v -12.164469 8.685037 18.587966
v -12.097115 9.156283 18.485045
v -12.025148 9.624366 18.375074
v -11.948623 10.089024 18.258141
v -13.028357 3.341767 18.945778
v -13.021619 3.587748 18.935979
v -13.013598 3.833747 18.924315
v -13.004294 4.079727 18.910786
v -12.993707 4.325651 18.895389
v -12.981834 4.571484 18.878125
v -12.968678 4.817187 18.858993
v -12.954237 5.062726 18.837993
v -12.938513 5.308063 18.815128
v -12.921507 5.553161 18.790397
v -12.903220 5.797985 18.763804
v -12.883654 6.042497 18.735352
v -12.862812 6.286662 18.705042
v -12.840695 6.530443 18.672881
v -12.817307 6.773803 18.638871
v -12.767184 7.255000 18.565982
v -12.712108 7.734123 18.485890
v -12.652115 8.210893 18.398648
v -12.587246 8.685037 18.304317
v -12.517551 9.156283 18.202966
v -12.443082 9.624366 18.094674
v -12.363899 10.089024 17.979525
vt 21.672572 7.700000 0.000000
vt 21.831276 7.204364 0.000000
vt 21.839699 7.700000 0.000000
vt 21.997430 7.204129 0.000000
vt 21.980276 6.705223 0.000000
vt 22.145513 6.704799 0.000000
vt 22.119508 6.202798 0.000000
vt 22.283884 6.202228 0.000000
vt 22.248909 5.697313 0.000000
vt 22.412482 5.696638 0.000000
vt 22.368422 5.188991 0.000000
vt 22.531250 5.188249 0.000000
vt 22.477993 4.678060 0.000000
vt 22.640136 4.677286 0.000000
vt 22.577574 4.164745 0.000000
vt 22.739093 4.163971 0.000000
vt 22.667121 3.649276 0.000000
vt 22.828078 3.648530 0.000000
vt 22.746593 3.131882 0.000000
vt 22.907050 3.131189 0.000000
vt 22.815956 2.612791 0.000000
vt 22.975976 2.612176 0.000000
vt 22.875178 2.092236 0.000000
vt 23.034825 2.091717 0.000000
vt 22.924234 1.570447 0.000000
vt 23.083572 1.570041 0.000000
vt 22.963101 1.047657 0.000000
vt 23.122195 1.047376 0.000000
vt 22.991762 0.524097 0.000000
vt 23.150677 0.523953 0.000000
vt 23.010205 -0.000000 0.000000
vt 23.169006 -0.000000 0.000000
vt 14.949334 -15.547683 0.000000
vt 14.804964 -15.463489 0.000000
vt 14.692374 -15.976925 0.000000
vt 14.549970 -15.889447 0.000000
vt 14.425649 -16.400170 0.000000
vt 14.285287 -16.309452 0.000000
vt 14.149300 -16.817193 0.000000
vt 14.011052 -16.723284 0.000000
vt 13.863471 -17.227778 0.000000
vt 13.727411 -17.130727 0.000000
vt 13.568313 -17.631707 0.000000
vt 13.434511 -17.531565 0.000000
vt 13.263979 -18.028770 0.000000
vt 13.132507 -17.925590 0.000000
vt 12.950631 -18.418758 0.000000
vt 12.821556 -18.312593 0.000000
vt 12.628432 -18.801466 0.000000
vt 12.501823 -18.692373 0.000000
vt -11.671963 20.014195 0.000000
vt -12.077046 19.772397 0.000000
vt -11.591963 19.877017 0.000000
vt -11.994270 19.636877 0.000000
vt -12.477121 19.522403 0.000000
vt -12.391603 19.388596 0.000000
vt -12.872024 19.264314 0.000000
vt -12.783799 19.132276 0.000000
vt -13.261589 18.998238 0.000000
vt -13.170694 18.868024 0.000000
vt -13.645657 18.724285 0.000000
vt -13.552129 18.595949 0.000000
vt -14.024066 18.442569 0.000000
vt -13.927945 18.316164 0.000000
vt -14.396662 18.153207 0.000000
vt -14.297987 18.028785 0.000000
vt -14.763289 17.856319 0.000000
vt -14.662101 17.733932 0.000000
vt -15.123794 17.552027 0.000000
vt -15.020136 17.431726 0.000000
vt -7.336397 4.178437 0.000000
vt -7.862298 4.178437 0.000000
vt -7.368846 3.917285 0.000000
vt -7.862298 3.713717 0.000000
vt -7.368846 3.656102 0.000000
vt -7.368846 3.394980 0.000000
vt -7.122120 3.656087 0.000000
vt -7.122120 3.394980 0.000000
vt -6.875394 3.656072 0.000000
vt -6.875394 3.394980 0.000000
vt -6.628668 3.656057 0.000000
vt -6.628668 3.394980 0.000000
vt -6.381942 3.656042 0.000000
vt -6.381942 3.394980 0.000000
vt -6.135216 3.656027 0.000000
vt -6.135216 3.394980 0.000000
vt -5.888490 3.656012 0.000000
vt -5.888490 3.394980 0.000000
vt -5.641764 3.655997 0.000000
vt -5.641764 3.394980 0.000000
vt -5.395038 3.655982 0.000000
vt -5.395038 3.394980 0.000000
vt -5.148312 3.655967 0.000000
vt -5.148312 3.394980 0.000000
vt -4.901586 3.655952 0.000000
vt -4.901586 3.394980 0.000000
vt -4.654860 3.655937 0.000000
vt -4.654860 3.394980 0.000000
vt -4.408134 3.655922 0.000000
vt -4.408134 3.394980 0.000000
vt -4.161408 3.655907 0.000000
vt -4.161408 3.394980 0.000000
vt -3.914682 3.655892 0.000000
vt -3.914682 3.394980 0.000000
vt -3.425347 3.655862 0.000000
vt -3.425347 3.394980 0.000000
vt -2.936011 3.655832 0.000000
vt -2.936011 3.394980 0.000000
vt -2.446676 3.655802 0.000000
vt -2.446676 3.394980 0.000000
vt -1.957341 3.655772 0.000000
vt -1.957341 3.394980 0.000000
vt -1.468006 3.655742 0.000000
vt -1.468006 3.394980 0.000000
vt -0.978670 3.655712 0.000000
vt -0.978670 3.394980 0.000000
vt -0.489335 3.655682 0.000000
vt -0.489335 3.394980 0.000000
vt -0.000000 3.655653 0.000000
vt -0.000000 3.133279 0.000000
vt -0.489335 3.133314 0.000000
vt -0.489335 2.872676 0.000000
vt -0.978670 2.872676 0.000000
vt -0.978670 2.611223 0.000000
vt -1.468006 2.611245 0.000000
vt -1.468006 2.350371 0.000000
vt -1.957341 2.350371 0.000000
vt -1.468006 2.089219 0.000000
vt -1.957341 2.089219 0.000000
vt -1.468006 1.958642 0.000000
vt -1.957341 1.958642 0.000000
vt -1.468006 1.828066 0.000000
vt -1.957341 1.828066 0.000000
vt -1.468006 1.697490 0.000000
vt -1.957341 1.697490 0.000000
vt -1.468006 1.567193 0.000000
vt -1.957341 1.567171 0.000000
vt -1.468006 1.436338 0.000000
vt -1.957341 1.436338 0.000000
vt -1.468006 1.305762 0.000000
vt -1.957341 1.305762 0.000000
vt -1.468006 1.175185 0.000000
vt -1.957341 1.175185 0.000000
vt -1.468006 1.045055 0.000000
vt -1.957341 1.045021 0.000000
vt -1.468006 0.914033 0.000000
vt -1.957341 0.914033 0.000000
vt -1.468006 0.783457 0.000000
vt -1.957341 0.783457 0.000000
vt -1.468006 0.652881 0.000000
vt -1.957341 0.652881 0.000000
vt -1.468006 0.522695 0.000000
vt -1.957341 0.522665 0.000000
vt -1.468006 0.391728 0.000000
vt -1.957341 0.391728 0.000000
vt -1.468006 0.261152 0.000000
vt -1.957341 0.261152 0.000000
vt -1.468006 0.130576 0.000000
vt -1.957341 0.130576 0.000000
vt -1.575567 0.000000 0.000000
vt -2.099566 0.000000 0.000000
vt -2.446676 0.130576 0.000000
vt -2.623162 0.000000 0.000000
vt -2.936011 0.130576 0.000000
vt -3.146472 0.000000 0.000000
vt -3.425347 0.130576 0.000000
vt -3.669609 0.000000 0.000000
vt -3.914682 0.130576 0.000000
vt -4.192689 0.000000 0.000000
vt -4.161408 0.130576 0.000000
vt -4.408134 0.130576 0.000000
vt -4.408134 0.261152 0.000000
vt -4.654860 0.261152 0.000000
vt -4.654860 0.391728 0.000000
vt -4.901586 0.391728 0.000000
vt -4.901586 0.522485 0.000000
vt -5.148312 0.522470 0.000000
vt -5.148312 0.652881 0.000000
vt -5.395038 0.652881 0.000000
vt -5.395038 0.783457 0.000000
vt -5.641764 0.783457 0.000000
vt -5.641764 0.914033 0.000000
vt -5.888490 0.914033 0.000000
vt -5.888490 1.044747 0.000000
vt -6.135216 1.044730 0.000000
vt -6.135216 1.175185 0.000000
vt -6.381942 1.175185 0.000000
vt -6.381942 1.305762 0.000000
vt -6.628668 1.305762 0.000000
vt -6.628668 1.436338 0.000000
vt -6.875394 1.436338 0.000000
vt -6.875394 1.566957 0.000000
vt -7.122120 1.566946 0.000000
vt -7.122120 1.697490 0.000000
vt -7.368846 1.697490 0.000000
vt -7.368846 1.828066 0.000000
vt -7.862298 1.857244 0.000000
vt -7.368846 1.958642 0.000000
vt -7.368846 2.089219 0.000000
vt -7.122120 1.958642 0.000000
vt -7.122120 2.089219 0.000000
vt -6.875394 1.958642 0.000000
vt -6.875394 2.089219 0.000000
vt -6.628668 1.958642 0.000000
vt -6.628668 2.089219 0.000000
vt -6.381942 1.958642 0.000000
vt -6.381942 2.089219 0.000000
vt -6.135216 1.958642 0.000000
vt -6.135216 2.089219 0.000000
vt -5.888490 1.958642 0.000000
vt -5.888490 2.089219 0.000000
vt -5.641764 1.958642 0.000000
vt -5.641764 2.089219 0.000000
vt -5.395038 1.958642 0.000000
vt -5.395038 2.089219 0.000000
vt -5.148312 1.958642 0.000000
vt -5.148312 2.089219 0.000000
vt -4.901586 1.958642 0.000000
vt -4.901586 2.089219 0.000000
vt -4.654860 1.958642 0.000000
vt -4.654860 2.089219 0.000000
vt -4.408134 1.958642 0.000000
vt -4.408134 2.089219 0.000000
vt -4.161408 1.958642 0.000000
vt -4.161408 2.089219 0.000000
vt -3.914682 1.958642 0.000000
vt -3.914682 2.089219 0.000000
vt -3.425347 1.958642 0.000000
vt -3.425347 2.089219 0.000000
vt -2.936011 1.958642 0.000000
vt -2.936011 2.089219 0.000000
vt -2.446676 1.958642 0.000000
vt -2.446676 2.089219 0.000000
vt -7.862298 3.249334 0.000000
vt -7.368846 3.133793 0.000000
vt -7.122120 3.133776 0.000000
vt -6.875394 3.133759 0.000000
vt -6.628668 3.133742 0.000000
vt -6.381942 3.133725 0.000000
vt -6.135216 3.133707 0.000000
vt -5.888490 3.133690 0.000000
vt -5.641764 3.133673 0.000000
vt -5.395038 3.133656 0.000000
vt -5.148312 3.133639 0.000000
vt -4.901586 3.133621 0.000000
vt -4.654860 3.133604 0.000000
vt -4.408134 3.133587 0.000000
vt -4.161408 3.133570 0.000000
vt -3.914682 3.133553 0.000000
vt -3.425347 3.133518 0.000000
vt -2.936011 3.133484 0.000000
vt -2.446676 3.133450 0.000000
vt -1.957341 3.133416 0.000000
vt -1.468006 3.133382 0.000000
vt -0.978670 3.133348 0.000000
vt -7.862298 2.785192 0.000000
vt -7.368846 2.872676 0.000000
vt -7.122120 2.872676 0.000000
vt -6.875394 2.872676 0.000000
vt -6.628668 2.872676 0.000000
vt -6.381942 2.872676 0.000000
vt -6.135216 2.872676 0.000000
vt -5.888490 2.872676 0.000000
vt -5.641764 2.872676 0.000000
vt -5.395038 2.872676 0.000000
vt -5.148312 2.872676 0.000000
vt -4.901586 2.872676 0.000000
vt -4.654860 2.872676 0.000000
vt -4.408134 2.872676 0.000000
vt -4.161408 2.872676 0.000000
vt -3.914682 2.872676 0.000000
vt -3.425347 2.872676 0.000000
vt -2.936011 2.872676 0.000000
vt -2.446676 2.872676 0.000000
vt -1.957341 2.872676 0.000000
vt -1.468006 2.872676 0.000000
vt -7.368846 2.611502 0.000000
vt -7.862298 2.321194 0.000000
vt -7.368846 2.350371 0.000000
vt -7.368846 1.566935 0.000000
vt -7.862298 1.393246 0.000000
vt -7.368846 1.436338 0.000000
vt -7.368846 1.305762 0.000000
vt -7.122120 1.305762 0.000000
vt -7.122120 1.175185 0.000000
vt -6.875394 1.175185 0.000000
vt -6.875394 1.044678 0.000000
vt -6.628668 1.044695 0.000000
vt -6.628668 0.914033 0.000000
vt -6.381942 0.914033 0.000000
vt -6.381942 0.783457 0.000000
vt -6.135216 0.783457 0.000000
vt -6.135216 0.652881 0.000000
vt -5.888490 0.652881 0.000000
vt -5.888490 0.522425 0.000000
vt -5.641764 0.522440 0.000000
vt -5.641764 0.391728 0.000000
vt -5.395038 0.391728 0.000000
vt -5.395038 0.261152 0.000000
vt -5.148312 0.261152 0.000000
vt -5.148312 0.130576 0.000000
vt -4.901586 0.130576 0.000000
vt -5.239135 0.000000 0.000000
vt -4.715826 0.000000 0.000000
vt -7.368846 1.175185 0.000000
vt -7.862298 0.929103 0.000000
vt -7.368846 1.044644 0.000000
vt -7.368846 0.914033 0.000000
vt -7.122120 0.914033 0.000000
vt -7.122120 0.783457 0.000000
vt -6.875394 0.783457 0.000000
vt -6.875394 0.652881 0.000000
vt -6.628668 0.652881 0.000000
vt -6.628668 0.522380 0.000000
vt -6.381942 0.522395 0.000000
vt -6.381942 0.391728 0.000000
vt -6.135216 0.391728 0.000000
vt -6.135216 0.261152 0.000000
vt -5.888490 0.261152 0.000000
vt -5.888490 0.130576 0.000000
vt -5.641764 0.130576 0.000000
vt -5.762732 0.000000 0.000000
vt -5.395038 0.130576 0.000000
vt -7.862298 0.464720 0.000000
vt -7.368846 0.652881 0.000000
vt -7.368846 0.783457 0.000000
vt -7.862298 0.000000 0.000000
vt -7.368846 0.261152 0.000000
vt -7.368846 0.391728 0.000000
vt -7.368846 0.522335 0.000000
vt -7.122120 0.391728 0.000000
vt -7.122120 0.522350 0.000000
vt -6.875394 0.391728 0.000000
vt -6.875394 0.522365 0.000000
vt -6.628668 0.391728 0.000000
vt -7.368846 0.130576 0.000000
vt -7.336397 0.000000 0.000000
vt -7.122120 0.130576 0.000000
vt -6.811247 0.000000 0.000000
vt -6.875394 0.130576 0.000000
vt -6.628668 0.130576 0.000000
vt -6.875394 0.261152 0.000000
vt -6.628668 0.261152 0.000000
vt -6.286731 0.000000 0.000000
vt -6.381942 0.130576 0.000000
vt -6.381942 0.261152 0.000000
vt -6.135216 0.130576 0.000000
vt -4.654860 0.130576 0.000000
vt -4.901586 0.261152 0.000000
vt -5.148312 0.391728 0.000000
vt -5.395038 0.522455 0.000000
vt -5.641764 0.652881 0.000000
vt -5.888490 0.783457 0.000000
vt -6.135216 0.914033 0.000000
vt -6.381942 1.044713 0.000000
vt -6.628668 1.175185 0.000000
vt -6.875394 1.305762 0.000000
vt -7.122120 1.436338 0.000000
vt -1.051051 0.000000 0.000000
vt -0.978670 0.130576 0.000000
vt -0.978670 0.261152 0.000000
vt -0.978670 0.391728 0.000000
vt -0.978670 0.522725 0.000000
vt -0.978670 0.652881 0.000000
vt -0.978670 0.783457 0.000000
vt -0.978670 0.914033 0.000000
vt -0.978670 1.045089 0.000000
vt -0.978670 1.175185 0.000000
vt -0.978670 1.305762 0.000000
vt -0.978670 1.436338 0.000000
vt -0.978670 1.567214 0.000000
vt -0.978670 1.697490 0.000000
vt -0.978670 1.828066 0.000000
vt -0.978670 1.958642 0.000000
vt -0.978670 2.089219 0.000000
vt -0.978670 2.350371 0.000000
vt -0.489335 2.611202 0.000000
vt -0.000000 2.611181 0.000000
vt -0.525900 0.000000 0.000000
vt -0.489335 0.130576 0.000000
vt -0.489335 0.261152 0.000000
vt -0.489335 0.391728 0.000000
vt -0.489335 0.522755 0.000000
vt -0.489335 0.652881 0.000000
vt -0.489335 0.783457 0.000000
vt -0.489335 0.914033 0.000000
vt -0.489335 1.045124 0.000000
vt -0.489335 1.175185 0.000000
vt -0.489335 1.305762 0.000000
vt -0.489335 1.436338 0.000000
vt -0.489335 1.567235 0.000000
vt -0.489335 1.697490 0.000000
vt -0.489335 1.828066 0.000000
vt -0.489335 1.958642 0.000000
vt -0.489335 2.089219 0.000000
vt -0.489335 2.350371 0.000000
vt -0.000000 0.000000 0.000000
vt -0.000000 0.522785 0.000000
vt -0.000000 1.045158 0.000000
vt -0.000000 1.567257 0.000000
vt -0.000000 2.089219 0.000000
vt -0.489335 3.917285 0.000000
vt -0.000000 4.178437 0.000000
vt -0.525900 4.178437 0.000000
vt -0.978670 3.917285 0.000000
vt -1.051051 4.178437 0.000000
vt -1.468006 3.917285 0.000000
vt -1.575567 4.178437 0.000000
vt -1.957341 3.917285 0.000000
vt -2.099566 4.178437 0.000000
vt -2.446676 3.917285 0.000000
vt -2.623162 4.178437 0.000000
vt -2.936011 3.917285 0.000000
vt -3.146472 4.178437 0.000000
vt -3.425347 3.917285 0.000000
vt -3.669609 4.178437 0.000000
vt -3.914682 3.917285 0.000000
vt -4.192689 4.178437 0.000000
vt -4.161408 3.917285 0.000000
vt -4.408134 3.917285 0.000000
vt -4.715826 4.178437 0.000000
vt -4.654860 3.917285 0.000000
vt -4.901586 3.917285 0.000000
vt -5.239135 4.178437 0.000000
vt -5.148312 3.917285 0.000000
vt -5.395038 3.917285 0.000000
vt -5.762732 4.178437 0.000000
vt -5.641764 3.917285 0.000000
vt -6.286731 4.178437 0.000000
vt -6.135216 3.917285 0.000000
vt -5.888490 3.917285 0.000000
vt -6.811247 4.178437 0.000000
vt -6.628668 3.917285 0.000000
vt -6.381942 3.917285 0.000000
vt -7.122120 3.917285 0.000000
vt -6.875394 3.917285 0.000000
vt -7.122120 0.652881 0.000000
vt -7.122120 2.611491 0.000000
vt -6.875394 2.611480 0.000000
vt -7.122120 2.350371 0.000000
vt -6.628668 2.611469 0.000000
vt -6.875394 2.350371 0.000000
vt -6.381942 2.611459 0.000000
vt -6.628668 2.350371 0.000000
vt -6.135216 2.611448 0.000000
vt -6.381942 2.350371 0.000000
vt -5.888490 2.611437 0.000000
vt -6.135216 2.350371 0.000000
vt -5.641764 2.611426 0.000000
vt -5.888490 2.350371 0.000000
vt -5.395038 2.611416 0.000000
vt -5.641764 2.350371 0.000000
vt -5.148312 2.611405 0.000000
vt -5.395038 2.350371 0.000000
vt -4.901586 2.611394 0.000000
vt -5.148312 2.350371 0.000000
vt -4.654860 2.611383 0.000000
vt -4.901586 2.350371 0.000000
vt -4.408134 2.611373 0.000000
vt -4.654860 2.350371 0.000000
vt -4.161408 2.611362 0.000000
vt -4.408134 2.350371 0.000000
vt -3.914682 2.611351 0.000000
vt -4.161408 2.350371 0.000000
vt -3.425347 2.611330 0.000000
vt -3.914682 2.350371 0.000000
vt -2.936011 2.611308 0.000000
vt -3.425347 2.350371 0.000000
vt -2.446676 2.611287 0.000000
vt -2.936011 2.350371 0.000000
vt -1.957341 2.611266 0.000000
vt -2.446676 2.350371 0.000000
vt -7.122120 1.828066 0.000000
vt -6.875394 1.828066 0.000000
vt -6.875394 1.697490 0.000000
vt -6.628668 1.828066 0.000000
vt -6.628668 1.697490 0.000000
vt -6.628668 1.566968 0.000000
vt -6.381942 1.828066 0.000000
vt -6.381942 1.697490 0.000000
vt -6.381942 1.566978 0.000000
vt -6.381942 1.436338 0.000000
vt -6.135216 1.828066 0.000000
vt -6.135216 1.697490 0.000000
vt -6.135216 1.566989 0.000000
vt -6.135216 1.436338 0.000000
vt -6.135216 1.305762 0.000000
vt -5.888490 1.828066 0.000000
vt -5.888490 1.697490 0.000000
vt -5.888490 1.567000 0.000000
vt -5.888490 1.436338 0.000000
vt -5.888490 1.305762 0.000000
vt -5.888490 1.175185 0.000000
vt -5.641764 1.828066 0.000000
vt -5.641764 1.697490 0.000000
vt -5.641764 1.567011 0.000000
vt -5.641764 1.436338 0.000000
vt -5.641764 1.305762 0.000000
vt -5.641764 1.175185 0.000000
vt -5.641764 1.044764 0.000000
vt -5.395038 1.828066 0.000000
vt -5.395038 1.697490 0.000000
vt -5.395038 1.567021 0.000000
vt -5.395038 1.436338 0.000000
vt -5.395038 1.305762 0.000000
vt -5.395038 1.175185 0.000000
vt -5.395038 1.044781 0.000000
vt -5.395038 0.914033 0.000000
vt -5.148312 1.828066 0.000000
vt -5.148312 1.697490 0.000000
vt -5.148312 1.567032 0.000000
vt -5.148312 1.436338 0.000000
vt -5.148312 1.305762 0.000000
vt -5.148312 1.175185 0.000000
vt -5.148312 1.044799 0.000000
vt -5.148312 0.914033 0.000000
vt -5.148312 0.783457 0.000000
vt -4.901586 1.828066 0.000000
vt -4.901586 1.697490 0.000000
vt -4.901586 1.567043 0.000000
vt -4.901586 1.436338 0.000000
vt -4.901586 1.305762 0.000000
vt -4.901586 1.175185 0.000000
vt -4.901586 1.044816 0.000000
vt -4.901586 0.914033 0.000000
vt -4.901586 0.783457 0.000000
vt -4.901586 0.652881 0.000000
vt -4.654860 1.828066 0.000000
vt -4.654860 1.697490 0.000000
vt -4.654860 1.567054 0.000000
vt -4.654860 1.436338 0.000000
vt -4.654860 1.305762 0.000000
vt -4.654860 1.175185 0.000000
vt -4.654860 1.044833 0.000000
vt -4.654860 0.914033 0.000000
vt -4.654860 0.783457 0.000000
vt -4.654860 0.652881 0.000000
vt -4.654860 0.522500 0.000000
vt -4.408134 1.828066 0.000000
vt -4.408134 1.697490 0.000000
vt -4.408134 1.567064 0.000000
vt -4.408134 1.436338 0.000000
vt -4.408134 1.305762 0.000000
vt -4.408134 1.175185 0.000000
vt -4.408134 1.044850 0.000000
vt -4.408134 0.914033 0.000000
vt -4.408134 0.783457 0.000000
vt -4.408134 0.652881 0.000000
vt -4.408134 0.522515 0.000000
vt -4.408134 0.391728 0.000000
vt -4.161408 1.828066 0.000000
vt -4.161408 1.697490 0.000000
vt -4.161408 1.567075 0.000000
vt -4.161408 1.436338 0.000000
vt -4.161408 1.305762 0.000000
vt -4.161408 1.175185 0.000000
vt -4.161408 1.044867 0.000000
vt -4.161408 0.914033 0.000000
vt -4.161408 0.783457 0.000000
vt -4.161408 0.652881 0.000000
vt -4.161408 0.522531 0.000000
vt -4.161408 0.391728 0.000000
vt -4.161408 0.261152 0.000000
vt -3.914682 1.828066 0.000000
vt -3.914682 1.697490 0.000000
vt -3.914682 1.567086 0.000000
vt -3.914682 1.436338 0.000000
vt -3.914682 1.305762 0.000000
vt -3.914682 1.175185 0.000000
vt -3.914682 1.044885 0.000000
vt -3.914682 0.914033 0.000000
vt -3.914682 0.783457 0.000000
vt -3.914682 0.652881 0.000000
vt -3.914682 0.522546 0.000000
vt -3.914682 0.391728 0.000000
vt -3.914682 0.261152 0.000000
vt -3.425347 1.828066 0.000000
vt -3.425347 1.697490 0.000000
vt -3.425347 1.567107 0.000000
vt -3.425347 1.436338 0.000000
vt -3.425347 1.305762 0.000000
vt -3.425347 1.175185 0.000000
vt -3.425347 1.044919 0.000000
vt -3.425347 0.914033 0.000000
vt -3.425347 0.783457 0.000000
vt -3.425347 0.652881 0.000000
vt -3.425347 0.522575 0.000000
vt -3.425347 0.391728 0.000000
vt -3.425347 0.261152 0.000000
vt -2.936011 1.828066 0.000000
vt -2.936011 1.697490 0.000000
vt -2.936011 1.567129 0.000000
vt -2.936011 1.436338 0.000000
vt -2.936011 1.305762 0.000000
vt -2.936011 1.175185 0.000000
vt -2.936011 1.044953 0.000000
vt -2.936011 0.914033 0.000000
vt -2.936011 0.783457 0.000000
vt -2.936011 0.652881 0.000000
vt -2.936011 0.522605 0.000000
vt -2.936011 0.391728 0.000000
vt -2.936011 0.261152 0.000000
vt -2.446676 1.828066 0.000000
vt -2.446676 1.697490 0.000000
vt -2.446676 1.567150 0.000000
vt -2.446676 1.436338 0.000000
vt -2.446676 1.305762 0.000000
vt -2.446676 1.175185 0.000000
vt -2.446676 1.044987 0.000000
vt -2.446676 0.914033 0.000000
vt -2.446676 0.783457 0.000000
vt -2.446676 0.652881 0.000000
vt -2.446676 0.522635 0.000000
vt -2.446676 0.391728 0.000000
vt -2.446676 0.261152 0.000000
vt -6.875394 0.914033 0.000000
vt -7.122120 1.044661 0.000000
vt -6.628668 0.783457 0.000000
vt -6.381942 0.652881 0.000000
vt -6.135216 0.522410 0.000000
vt -5.888490 0.391728 0.000000
vt -5.641764 0.261152 0.000000
vt -7.122120 0.261152 0.000000
vt 0.526063 0.000000 0.000000
vt 0.489425 0.129652 0.000000
vt 0.000000 0.000000 0.000000
vt 0.489425 0.259304 0.000000
vt 0.000000 0.519085 0.000000
vt 0.489425 0.388957 0.000000
vt 0.489425 0.519056 0.000000
vt 0.978851 0.519026 0.000000
vt 0.978851 0.648261 0.000000
vt 1.468276 0.648261 0.000000
vt 0.978851 0.777913 0.000000
vt 1.468276 0.777913 0.000000
vt 0.978851 0.907565 0.000000
vt 1.468276 0.907565 0.000000
vt 1.468276 1.037660 0.000000
vt 1.957702 1.037626 0.000000
vt 1.957702 1.166870 0.000000
vt 2.447127 1.166870 0.000000
vt 1.957702 1.296522 0.000000
vt 2.447127 1.296522 0.000000
vt 1.957702 1.426174 0.000000
vt 2.447127 1.426174 0.000000
vt 2.447127 1.556060 0.000000
vt 2.936552 1.556039 0.000000
vt 2.936552 1.685478 0.000000
vt 3.425978 1.685478 0.000000
vt 2.936552 1.815130 0.000000
vt 3.425978 1.815130 0.000000
vt 2.936552 1.944783 0.000000
vt 3.425978 1.944783 0.000000
vt 2.936552 2.074435 0.000000
vt 3.425978 2.074435 0.000000
vt 2.936552 2.333739 0.000000
vt 3.425978 2.333739 0.000000
vt 2.936552 2.592830 0.000000
vt 3.425978 2.592851 0.000000
vt 2.936552 2.852348 0.000000
vt 3.425978 2.852348 0.000000
vt 2.936552 3.111311 0.000000
vt 3.425978 3.111345 0.000000
vt 2.936552 3.370956 0.000000
vt 3.425978 3.370956 0.000000
vt 2.936552 3.629962 0.000000
vt 3.425978 3.629992 0.000000
vt 2.936552 3.889565 0.000000
vt 3.425978 3.889565 0.000000
vt 3.147325 4.148869 0.000000
vt 3.670587 4.148869 0.000000
vt 3.915403 3.889565 0.000000
vt 4.193791 4.148869 0.000000
vt 4.162214 3.889565 0.000000
vt 4.409025 3.889565 0.000000
vt 4.409025 3.630051 0.000000
vt 4.655836 3.630066 0.000000
vt 4.655836 3.370956 0.000000
vt 4.902647 3.370956 0.000000
vt 4.902647 3.111447 0.000000
vt 5.149458 3.111464 0.000000
vt 5.149458 2.852348 0.000000
vt 5.396269 2.852348 0.000000
vt 5.396269 2.592937 0.000000
vt 5.643079 2.592947 0.000000
vt 5.643079 2.333739 0.000000
vt 5.889890 2.333739 0.000000
vt 5.889890 2.074435 0.000000
vt 6.136701 2.074435 0.000000
vt 6.136701 1.944783 0.000000
vt 6.383512 1.944783 0.000000
vt 6.383512 1.815130 0.000000
vt 6.630323 1.815130 0.000000
vt 6.630323 1.685478 0.000000
vt 6.877134 1.685478 0.000000
vt 6.630323 1.555879 0.000000
vt 6.877134 1.555869 0.000000
vt 6.630323 1.426174 0.000000
vt 6.877134 1.426174 0.000000
vt 6.877134 1.296522 0.000000
vt 7.123945 1.296522 0.000000
vt 7.123945 1.166870 0.000000
vt 7.370756 1.166870 0.000000
vt 7.123945 1.037269 0.000000
vt 7.370756 1.037252 0.000000
vt 7.123945 0.907565 0.000000
vt 7.370756 0.907565 0.000000
vt 7.370756 0.777913 0.000000
vt 7.617567 0.777913 0.000000
vt 7.617567 0.648261 0.000000
vt 7.864377 0.922529 0.000000
vt 7.864377 0.461432 0.000000
vt 7.617567 0.518624 0.000000
vt 7.617567 0.388957 0.000000
vt 7.370756 0.388957 0.000000
vt 7.617567 0.259304 0.000000
vt 7.370756 0.259304 0.000000
vt 7.617567 0.129652 0.000000
vt 7.370756 0.129652 0.000000
vt 7.338314 0.000000 0.000000
vt 7.123945 0.129652 0.000000
vt 6.813012 0.000000 0.000000
vt 6.877134 0.129652 0.000000
vt 6.630323 0.129652 0.000000
vt 6.630323 0.259304 0.000000
vt 6.383512 0.259304 0.000000
vt 6.383512 0.388957 0.000000
vt 6.136701 0.388957 0.000000
vt 6.383512 0.518698 0.000000
vt 6.136701 0.518713 0.000000
vt 6.383512 0.648261 0.000000
vt 6.136701 0.648261 0.000000
vt 6.136701 0.777913 0.000000
vt 5.889890 0.777913 0.000000
vt 5.889890 0.907565 0.000000
vt 5.643079 0.907565 0.000000
vt 5.889890 1.037354 0.000000
vt 5.643079 1.037371 0.000000
vt 5.889890 1.166870 0.000000
vt 5.643079 1.166870 0.000000
vt 5.643079 1.296522 0.000000
vt 5.396269 1.296522 0.000000
vt 5.396269 1.426174 0.000000
vt 5.149458 1.426174 0.000000
vt 5.396269 1.555933 0.000000
vt 5.149458 1.555943 0.000000
vt 5.396269 1.685478 0.000000
vt 5.149458 1.685478 0.000000
vt 5.149458 1.815130 0.000000
vt 4.902647 1.815130 0.000000
vt 4.902647 1.944783 0.000000
vt 4.655836 1.944783 0.000000
vt 4.655836 2.074435 0.000000
vt 4.409025 2.074435 0.000000
vt 4.409025 2.333739 0.000000
vt 4.162214 2.333739 0.000000
vt 4.162214 2.592883 0.000000
vt 3.915403 2.592873 0.000000
vt 3.915403 2.852348 0.000000
vt 0.978851 0.129652 0.000000
vt 1.051365 0.000000 0.000000
vt 1.468276 0.129652 0.000000
vt 1.576026 0.000000 0.000000
vt 1.957702 0.129652 0.000000
vt 2.100161 0.000000 0.000000
vt 2.447127 0.129652 0.000000
vt 2.623888 0.000000 0.000000
vt 2.936552 0.129652 0.000000
vt 3.147325 0.000000 0.000000
vt 3.425978 0.129652 0.000000
vt 3.670587 0.000000 0.000000
vt 3.915403 0.129652 0.000000
vt 4.193791 0.000000 0.000000
vt 4.162214 0.129652 0.000000
vt 4.409025 0.129652 0.000000
vt 4.162214 0.259304 0.000000
vt 4.409025 0.259304 0.000000
vt 4.162214 0.388957 0.000000
vt 4.409025 0.388957 0.000000
vt 4.409025 0.518818 0.000000
vt 4.655836 0.518803 0.000000
vt 4.655836 0.648261 0.000000
vt 4.902647 0.648261 0.000000
vt 4.655836 0.777913 0.000000
vt 4.902647 0.777913 0.000000
vt 4.655836 0.907565 0.000000
vt 4.902647 0.907565 0.000000
vt 4.902647 1.037422 0.000000
vt 5.149458 1.037405 0.000000
vt 5.149458 1.166870 0.000000
vt 5.396269 1.166870 0.000000
vt 5.149458 1.296522 0.000000
vt 4.717053 0.000000 0.000000
vt 4.655836 0.129652 0.000000
vt 4.655836 0.259304 0.000000
vt 4.655836 0.388957 0.000000
vt 4.902647 0.518788 0.000000
vt 5.149458 0.648261 0.000000
vt 5.149458 0.777913 0.000000
vt 5.149458 0.907565 0.000000
vt 5.396269 1.037388 0.000000
vt 4.902647 0.129652 0.000000
vt 5.240489 0.000000 0.000000
vt 5.149458 0.129652 0.000000
vt 5.396269 0.129652 0.000000
vt 5.149458 0.259304 0.000000
vt 5.396269 0.259304 0.000000
vt 5.149458 0.388957 0.000000
vt 5.396269 0.388957 0.000000
vt 5.396269 0.518758 0.000000
vt 5.643079 0.518743 0.000000
vt 5.643079 0.648261 0.000000
vt 5.889890 0.648261 0.000000
vt 5.643079 0.777913 0.000000
vt 5.764217 0.000000 0.000000
vt 5.643079 0.129652 0.000000
vt 5.643079 0.259304 0.000000
vt 5.643079 0.388957 0.000000
vt 5.889890 0.518728 0.000000
vt 6.288352 0.000000 0.000000
vt 6.136701 0.129652 0.000000
vt 5.889890 0.129652 0.000000
vt 6.383512 0.129652 0.000000
vt 6.136701 0.259304 0.000000
vt 5.889890 0.259304 0.000000
vt 5.889890 0.388957 0.000000
vt 7.864377 0.000000 0.000000
vt 7.864377 1.383387 0.000000
vt 7.617567 1.166870 0.000000
vt 7.617567 1.037234 0.000000
vt 7.617567 0.907565 0.000000
vt 7.864377 1.844101 0.000000
vt 7.617567 1.555837 0.000000
vt 7.617567 1.426174 0.000000
vt 7.617567 1.296522 0.000000
vt 7.370756 1.426174 0.000000
vt 7.370756 1.296522 0.000000
vt 7.123945 1.426174 0.000000
vt 7.864377 2.304768 0.000000
vt 7.617567 2.074435 0.000000
vt 7.617567 1.944783 0.000000
vt 7.617567 1.815130 0.000000
vt 7.370756 1.944783 0.000000
vt 7.370756 1.815130 0.000000
vt 7.123945 1.944783 0.000000
vt 7.123945 1.815130 0.000000
vt 6.877134 1.944783 0.000000
vt 6.877134 1.815130 0.000000
vt 6.630323 1.944783 0.000000
vt 7.864377 2.765483 0.000000
vt 7.617567 2.593033 0.000000
vt 7.617567 2.333739 0.000000
vt 7.370756 2.333739 0.000000
vt 7.370756 2.074435 0.000000
vt 7.123945 2.333739 0.000000
vt 7.123945 2.074435 0.000000
vt 6.877134 2.333739 0.000000
vt 6.877134 2.074435 0.000000
vt 6.630323 2.333739 0.000000
vt 6.630323 2.074435 0.000000
vt 6.383512 2.333739 0.000000
vt 6.383512 2.074435 0.000000
vt 6.136701 2.333739 0.000000
vt 7.864377 3.226341 0.000000
vt 7.617567 3.111635 0.000000
vt 7.617567 2.852348 0.000000
vt 7.370756 2.852348 0.000000
vt 7.370756 2.593022 0.000000
vt 7.123945 2.852348 0.000000
vt 7.123945 2.593011 0.000000
vt 6.877134 2.852348 0.000000
vt 6.877134 2.593001 0.000000
vt 6.630323 2.852348 0.000000
vt 6.630323 2.592990 0.000000
vt 6.383512 2.852348 0.000000
vt 6.383512 2.592979 0.000000
vt 6.136701 2.852348 0.000000
vt 6.136701 2.592969 0.000000
vt 5.889890 2.852348 0.000000
vt 5.889890 2.592958 0.000000
vt 5.643079 2.852348 0.000000
vt 7.617567 3.370956 0.000000
vt 7.864377 3.687438 0.000000
vt 7.617567 3.630246 0.000000
vt 7.617567 3.889565 0.000000
vt 7.370756 3.889565 0.000000
vt 7.338314 4.148869 0.000000
vt 7.123945 3.889565 0.000000
vt 6.813012 4.148869 0.000000
vt 6.877134 3.889565 0.000000
vt 6.630323 3.889565 0.000000
vt 6.877134 3.630201 0.000000
vt 6.630323 3.630186 0.000000
vt 6.877134 3.370956 0.000000
vt 6.630323 3.370956 0.000000
vt 6.877134 3.111584 0.000000
vt 6.630323 3.111567 0.000000
vt 7.864377 4.148869 0.000000
vt 6.288352 4.148869 0.000000
vt 6.383512 3.889565 0.000000
vt 6.383512 3.630171 0.000000
vt 6.383512 3.370956 0.000000
vt 6.383512 3.111550 0.000000
vt 6.136701 3.889565 0.000000
vt 5.764217 4.148869 0.000000
vt 5.889890 3.889565 0.000000
vt 5.643079 3.889565 0.000000
vt 5.889890 3.630141 0.000000
vt 5.643079 3.630126 0.000000
vt 5.889890 3.370956 0.000000
vt 5.643079 3.370956 0.000000
vt 5.889890 3.111515 0.000000
vt 5.643079 3.111498 0.000000
vt 5.396269 3.889565 0.000000
vt 5.240489 4.148869 0.000000
vt 5.149458 3.889565 0.000000
vt 4.902647 3.889565 0.000000
vt 5.149458 3.630096 0.000000
vt 4.902647 3.630081 0.000000
vt 5.149458 3.370956 0.000000
vt 4.717053 4.148869 0.000000
vt 4.655836 3.889565 0.000000
vt 2.623888 4.148869 0.000000
vt 2.447127 3.889565 0.000000
vt 2.447127 3.629932 0.000000
vt 2.447127 3.370956 0.000000
vt 2.447127 3.111277 0.000000
vt 2.447127 2.852348 0.000000
vt 2.447127 2.592809 0.000000
vt 2.447127 2.333739 0.000000
vt 2.447127 2.074435 0.000000
vt 2.447127 1.944783 0.000000
vt 2.447127 1.815130 0.000000
vt 2.447127 1.685478 0.000000
vt 1.957702 1.556082 0.000000
vt 1.468276 1.426174 0.000000
vt 1.468276 1.296522 0.000000
vt 1.468276 1.166870 0.000000
vt 0.978851 1.037694 0.000000
vt 0.489425 0.907565 0.000000
vt 0.489425 0.777913 0.000000
vt 0.489425 0.648261 0.000000
vt 2.100161 4.148869 0.000000
vt 1.957702 3.889565 0.000000
vt 1.957702 3.629903 0.000000
vt 1.957702 3.370956 0.000000
vt 1.957702 3.111243 0.000000
vt 1.957702 2.852348 0.000000
vt 1.957702 2.592788 0.000000
vt 1.957702 2.333739 0.000000
vt 1.957702 2.074435 0.000000
vt 1.957702 1.944783 0.000000
vt 1.957702 1.815130 0.000000
vt 1.957702 1.685478 0.000000
vt 1.468276 1.556103 0.000000
vt 0.978851 1.426174 0.000000
vt 0.978851 1.296522 0.000000
vt 0.978851 1.166870 0.000000
vt 0.489425 1.037728 0.000000
vt 0.000000 1.037762 0.000000
vt 1.576026 4.148869 0.000000
vt 1.468276 3.889565 0.000000
vt 1.468276 3.629873 0.000000
vt 1.468276 3.370956 0.000000
vt 1.468276 3.111209 0.000000
vt 1.468276 2.852348 0.000000
vt 1.468276 2.592767 0.000000
vt 1.468276 2.333739 0.000000
vt 1.468276 2.074435 0.000000
vt 1.468276 1.944783 0.000000
vt 1.468276 1.815130 0.000000
vt 1.468276 1.685478 0.000000
vt 0.978851 1.556124 0.000000
vt 0.489425 1.426174 0.000000
vt 0.489425 1.296522 0.000000
vt 0.489425 1.166870 0.000000
vt 1.051365 4.148869 0.000000
vt 0.978851 3.889565 0.000000
vt 0.978851 3.629843 0.000000
vt 0.978851 3.370956 0.000000
vt 0.978851 3.111175 0.000000
vt 0.978851 2.852348 0.000000
vt 0.978851 2.592745 0.000000
vt 0.978851 2.333739 0.000000
vt 0.978851 2.074435 0.000000
vt 0.978851 1.944783 0.000000
vt 0.978851 1.815130 0.000000
vt 0.978851 1.685478 0.000000
vt 0.489425 1.556145 0.000000
vt 0.000000 1.556166 0.000000
vt 0.526063 4.148869 0.000000
vt 0.489425 3.889565 0.000000
vt 0.489425 3.629814 0.000000
vt 0.489425 3.370956 0.000000
vt 0.489425 3.111141 0.000000
vt 0.489425 2.852348 0.000000
vt 0.489425 2.592724 0.000000
vt 0.489425 2.333739 0.000000
vt 0.489425 2.074435 0.000000
vt 0.489425 1.944783 0.000000
vt 0.489425 1.815130 0.000000
vt 0.489425 1.685478 0.000000
vt 0.000000 4.148869 0.000000
vt 0.000000 3.629784 0.000000
vt 0.000000 3.111108 0.000000
vt 0.000000 2.592703 0.000000
vt 0.000000 2.074435 0.000000
vt 7.617567 1.685478 0.000000
vt 7.370756 1.685478 0.000000
vt 7.123945 1.685478 0.000000
vt 7.123945 0.259304 0.000000
vt 7.123945 0.388957 0.000000
vt 7.370756 0.518639 0.000000
vt 6.877134 0.259304 0.000000
vt 6.877134 0.388957 0.000000
vt 7.123945 0.518654 0.000000
vt 7.370756 0.648261 0.000000
vt 4.902647 0.259304 0.000000
vt 4.902647 0.388957 0.000000
vt 5.149458 0.518773 0.000000
vt 5.396269 0.648261 0.000000
vt 5.396269 0.777913 0.000000
vt 5.396269 0.907565 0.000000
vt 3.915403 0.259304 0.000000
vt 3.915403 0.388957 0.000000
vt 4.162214 0.518833 0.000000
vt 4.409025 0.648261 0.000000
vt 4.409025 0.777913 0.000000
vt 4.409025 0.907565 0.000000
vt 4.655836 1.037439 0.000000
vt 4.902647 1.166870 0.000000
vt 4.902647 1.296522 0.000000
vt 4.902647 1.426174 0.000000
vt 3.425978 0.259304 0.000000
vt 3.425978 0.388957 0.000000
vt 3.915403 0.518848 0.000000
vt 4.162214 0.648261 0.000000
vt 4.162214 0.777913 0.000000
vt 4.162214 0.907565 0.000000
vt 4.409025 1.037457 0.000000
vt 4.655836 1.166870 0.000000
vt 4.655836 1.296522 0.000000
vt 4.655836 1.426174 0.000000
vt 4.902647 1.555954 0.000000
vt 2.936552 0.259304 0.000000
vt 2.936552 0.388957 0.000000
vt 3.425978 0.518878 0.000000
vt 3.915403 0.648261 0.000000
vt 3.915403 0.777913 0.000000
vt 3.915403 0.907565 0.000000
vt 4.162214 1.037474 0.000000
vt 4.409025 1.166870 0.000000
vt 4.409025 1.296522 0.000000
vt 4.409025 1.426174 0.000000
vt 4.655836 1.555965 0.000000
vt 4.902647 1.685478 0.000000
vt 2.447127 0.259304 0.000000
vt 2.447127 0.388957 0.000000
vt 2.936552 0.518907 0.000000
vt 3.425978 0.648261 0.000000
vt 3.425978 0.777913 0.000000
vt 3.425978 0.907565 0.000000
vt 3.915403 1.037491 0.000000
vt 4.162214 1.166870 0.000000
vt 4.162214 1.296522 0.000000
vt 4.162214 1.426174 0.000000
vt 4.409025 1.555976 0.000000
vt 4.655836 1.685478 0.000000
vt 4.655836 1.815130 0.000000
vt 1.957702 0.259304 0.000000
vt 1.957702 0.388957 0.000000
vt 2.447127 0.518937 0.000000
vt 2.936552 0.648261 0.000000
vt 2.936552 0.777913 0.000000
vt 2.936552 0.907565 0.000000
vt 3.425978 1.037525 0.000000
vt 3.915403 1.166870 0.000000
vt 3.915403 1.296522 0.000000
vt 3.915403 1.426174 0.000000
vt 4.162214 1.555986 0.000000
vt 4.409025 1.685478 0.000000
vt 4.409025 1.815130 0.000000
vt 4.409025 1.944783 0.000000
vt 1.468276 0.259304 0.000000
vt 1.468276 0.388957 0.000000
vt 1.957702 0.518967 0.000000
vt 2.447127 0.648261 0.000000
vt 2.447127 0.777913 0.000000
vt 2.447127 0.907565 0.000000
vt 2.936552 1.037559 0.000000
vt 3.425978 1.166870 0.000000
vt 3.425978 1.296522 0.000000
vt 3.425978 1.426174 0.000000
vt 3.915403 1.555997 0.000000
vt 4.162214 1.685478 0.000000
vt 4.162214 1.815130 0.000000
vt 4.162214 1.944783 0.000000
vt 4.162214 2.074435 0.000000
vt 0.978851 0.259304 0.000000
vt 0.978851 0.388957 0.000000
vt 1.468276 0.518996 0.000000
vt 1.957702 0.648261 0.000000
vt 1.957702 0.777913 0.000000
vt 1.957702 0.907565 0.000000
vt 2.447127 1.037592 0.000000
vt 2.936552 1.166870 0.000000
vt 2.936552 1.296522 0.000000
vt 2.936552 1.426174 0.000000
vt 3.425978 1.556018 0.000000
vt 3.915403 1.685478 0.000000
vt 3.915403 1.815130 0.000000
vt 3.915403 1.944783 0.000000
vt 3.915403 2.074435 0.000000
vt 3.915403 2.333739 0.000000
vt 6.877134 0.518668 0.000000
vt 6.630323 0.388957 0.000000
vt 6.630323 0.518683 0.000000
vt 7.123945 0.648261 0.000000
vt 7.123945 0.777913 0.000000
vt 6.630323 0.648261 0.000000
vt 6.383512 0.777913 0.000000
vt 6.136701 0.907565 0.000000
vt 6.136701 1.037337 0.000000
vt 6.136701 1.166870 0.000000
vt 5.889890 1.296522 0.000000
vt 5.643079 1.426174 0.000000
vt 5.643079 1.555922 0.000000
vt 5.643079 1.685478 0.000000
vt 5.396269 1.815130 0.000000
vt 5.149458 1.944783 0.000000
vt 4.902647 2.074435 0.000000
vt 4.655836 2.333739 0.000000
vt 4.409025 2.592894 0.000000
vt 4.162214 2.852348 0.000000
vt 3.915403 3.111379 0.000000
vt 6.877134 0.648261 0.000000
vt 6.877134 0.777913 0.000000
vt 6.877134 0.907565 0.000000
vt 6.877134 1.037286 0.000000
vt 6.630323 0.907565 0.000000
vt 6.630323 0.777913 0.000000
vt 6.630323 1.037303 0.000000
vt 6.383512 0.907565 0.000000
vt 6.877134 1.166870 0.000000
vt 6.630323 1.166870 0.000000
vt 6.383512 1.037320 0.000000
vt 6.383512 1.166870 0.000000
vt 7.370756 1.555847 0.000000
vt 7.123945 1.555858 0.000000
vt 6.383512 1.426174 0.000000
vt 6.630323 1.296522 0.000000
vt 6.383512 1.296522 0.000000
vt 6.136701 1.426174 0.000000
vt 6.136701 1.296522 0.000000
vt 6.383512 1.555890 0.000000
vt 6.136701 1.555901 0.000000
vt 5.889890 1.426174 0.000000
vt 5.889890 1.555911 0.000000
vt 5.889890 1.944783 0.000000
vt 6.136701 1.815130 0.000000
vt 5.889890 1.815130 0.000000
vt 6.136701 1.685478 0.000000
vt 5.889890 1.685478 0.000000
vt 5.643079 1.944783 0.000000
vt 5.643079 1.815130 0.000000
vt 5.643079 2.074435 0.000000
vt 5.396269 2.074435 0.000000
vt 5.396269 1.944783 0.000000
vt 5.149458 2.074435 0.000000
vt 6.383512 1.685478 0.000000
vt 5.396269 2.333739 0.000000
vt 5.149458 2.333739 0.000000
vt 5.149458 2.592926 0.000000
vt 4.902647 2.333739 0.000000
vt 4.902647 2.592915 0.000000
vt 4.902647 2.852348 0.000000
vt 4.655836 2.592905 0.000000
vt 4.409025 2.852348 0.000000
vt 4.162214 3.111396 0.000000
vt 3.915403 3.370956 0.000000
vt 7.370756 3.111618 0.000000
vt 7.370756 3.370956 0.000000
vt 7.370756 3.630231 0.000000
vt 7.123945 3.111601 0.000000
vt 7.123945 3.370956 0.000000
vt 7.123945 3.630216 0.000000
vt 6.136701 3.111532 0.000000
vt 6.136701 3.370956 0.000000
vt 6.136701 3.630156 0.000000
vt 5.396269 3.111481 0.000000
vt 5.396269 3.370956 0.000000
vt 5.396269 3.630111 0.000000
vt 4.655836 2.852348 0.000000
vt 4.655836 3.111430 0.000000
vt 4.409025 3.111413 0.000000
vt 4.162214 3.370956 0.000000
vt 3.915403 3.630021 0.000000
vt 4.409025 3.370956 0.000000
vt 4.162214 3.630036 0.000000
vt -3.667798 0.000000 0.000000
vt -3.834924 0.000000 0.000000
vt -3.826501 -0.495636 0.000000
vt -3.992655 -0.495871 0.000000
vt -3.975502 -0.994777 0.000000
vt -4.140738 -0.995201 0.000000
vt -4.114734 -1.497202 0.000000
vt -4.279109 -1.497772 0.000000
vt -4.244135 -2.002687 0.000000
vt -4.407707 -2.003362 0.000000
vt -4.363647 -2.511009 0.000000
vt -4.526475 -2.511751 0.000000
vt -4.473218 -3.021940 0.000000
vt -4.635362 -3.022714 0.000000
vt -4.572799 -3.535255 0.000000
vt -4.734319 -3.536029 0.000000
vt -4.662346 -4.050724 0.000000
vt -4.823303 -4.051470 0.000000
vt -4.741818 -4.568118 0.000000
vt -4.902276 -4.568811 0.000000
vt -4.811181 -5.087209 0.000000
vt -4.971202 -5.087824 0.000000
vt -4.870403 -5.607764 0.000000
vt -5.030051 -5.608283 0.000000
vt -4.919459 -6.129553 0.000000
vt -5.078798 -6.129959 0.000000
vt -4.958326 -6.652343 0.000000
vt -5.117420 -6.652624 0.000000
vt -4.986988 -7.175903 0.000000
vt -5.145902 -7.176047 0.000000
vt -5.005430 -7.700000 0.000000
vt -5.164231 -7.700000 0.000000
vn -0.757565 -0.000000 -0.652760
vn -0.757565 -0.000000 -0.652760
vn -0.757565 -0.000000 -0.652760
vn -0.757565 -0.000000 -0.652760
vn -0.757565 -0.000000 -0.652760
vn -0.757565 -0.000000 -0.652760
vn -0.757565 -0.000000 -0.652760
vn -0.757565 -0.000000 -0.652760
vn -0.757565 -0.000000 -0.652760
vn -0.757565 -0.000000 -0.652760
vn -0.757565 -0.000000 -0.652760
vn -0.757565 -0.000000 -0.652760
vn -0.757565 -0.000000 -0.652760
vn -0.757565 -0.000000 -0.652760
vn -0.757565 -0.000000 -0.652760
vn -0.757565 -0.000000 -0.652760
vn -0.757565 -0.000000 -0.652760
vn -0.757565 -0.000000 -0.652760
vn -0.757565 -0.000000 -0.652760
vn -0.757565 -0.000000 -0.652760
vn -0.757565 -0.000000 -0.652760
vn -0.757565 -0.000000 -0.652760
vn -0.757565 -0.000000 -0.652760
vn -0.757565 -0.000000 -0.652760
vn -0.757565 -0.000000 -0.652760
vn -0.757565 -0.000000 -0.652760
vn -0.757565 -0.000000 -0.652760
vn -0.757565 -0.000000 -0.652760
vn -0.757565 -0.000000 -0.652760
vn -0.757565 -0.000000 -0.652760
vn -0.757565 -0.000000 -0.652760
vn -0.757565 -0.000000 -0.652760
vn 0.000000 1.000000 0.000000
vn 0.000000 1.000000 0.000000
vn 0.000000 1.000000 0.000000
vn 0.000000 1.000000 0.000000
vn 0.000000 1.000000 0.000000
vn 0.000000 1.000000 0.000000
vn 0.000000 1.000000 0.000000
vn 0.000000 1.000000 0.000000
vn 0.000000 1.000000 0.000000
vn 0.000000 1.000000 0.000000
vn 0.000000 1.000000 0.000000
vn 0.000000 1.000000 0.000000
vn 0.000000 1.000000 0.000000
vn 0.000000 1.000000 0.000000
vn 0.000000 1.000000 0.000000
vn 0.000000 1.000000 0.000000
vn 0.000000 1.000000 0.000000
vn 0.000000 1.000000 0.000000
vn -0.000000 -1.000000 -0.000000
vn -0.000000 -1.000000 -0.000000
vn -0.000000 -1.000000 -0.000000
vn -0.000000 -1.000000 -0.000000
vn -0.000000 -1.000000 -0.000000
vn -0.000000 -1.000000 -0.000000
vn -0.000000 -1.000000 -0.000000
vn -0.000000 -1.000000 -0.000000
vn -0.000000 -1.000000 -0.000000
vn -0.000000 -1.000000 -0.000000
vn -0.000000 -1.000000 -0.000000
vn -0.000000 -1.000000 -0.000000
vn -0.000000 -1.000000 -0.000000
vn -0.000000 -1.000000 -0.000000
vn -0.000000 -1.000000 -0.000000
vn -0.000000 -1.000000 -0.000000
vn -0.000000 -1.000000 -0.000000
vn -0.000000 -1.000000 -0.000000
vn -0.000000 -1.000000 -0.000000
vn -0.000000 -1.000000 -0.000000
vn -0.652109 0.044649 0.756810
vn -0.652551 0.025269 0.757323
vn -0.643442 0.043452 0.764261
vn -0.636996 0.025269 0.770453
vn -0.634651 0.043452 0.771576
vn -0.625776 0.043452 0.778791
vn -0.634373 0.052550 0.771239
vn -0.625502 0.052550 0.778451
vn -0.634042 0.061650 0.770837
vn -0.625176 0.061650 0.778045
vn -0.633658 0.070753 0.770371
vn -0.624798 0.070753 0.777574
vn -0.633221 0.079856 0.769841
vn -0.624367 0.079856 0.777038
vn -0.632730 0.088959 0.769246
vn -0.623884 0.088959 0.776437
vn -0.632187 0.098061 0.768586
vn -0.623349 0.098061 0.775771
vn -0.631590 0.107161 0.767861
vn -0.622761 0.107161 0.775039
vn -0.630940 0.116258 0.767072
vn -0.622120 0.116258 0.774242
vn -0.630236 0.125352 0.766218
vn -0.621427 0.125352 0.773379
vn -0.629479 0.134440 0.765298
vn -0.620681 0.134440 0.772451
vn -0.628669 0.143523 0.764314
vn -0.619883 0.143523 0.771457
vn -0.627805 0.152598 0.763265
vn -0.619032 0.152598 0.770398
vn -0.626888 0.161666 0.762152
vn -0.618128 0.161666 0.769273
vn -0.625918 0.170725 0.760973
vn -0.617172 0.170725 0.768083
vn -0.623836 0.188662 0.758443
vn -0.615120 0.188662 0.765529
vn -0.621543 0.206553 0.755658
vn -0.612860 0.206553 0.762718
vn -0.619042 0.224389 0.752619
vn -0.610395 0.224389 0.759649
vn -0.616332 0.242164 0.749327
vn -0.607724 0.242164 0.756325
vn -0.613415 0.259870 0.745782
vn -0.604848 0.259870 0.752746
vn -0.610290 0.277498 0.741984
vn -0.601768 0.277498 0.748913
vn -0.606959 0.295041 0.737937
vn -0.598485 0.295041 0.744827
vn -0.603424 0.312492 0.733641
vn -0.586461 0.312492 0.747270
vn -0.589897 0.295041 0.751646
vn -0.581264 0.295041 0.758342
vn -0.584453 0.277498 0.762502
vn -0.575667 0.277498 0.769157
vn -0.578614 0.259870 0.773093
vn -0.569726 0.259870 0.779667
vn -0.572435 0.242164 0.783374
vn -0.560752 0.259870 0.786145
vn -0.563418 0.242164 0.789884
vn -0.556238 0.259870 0.789346
vn -0.558883 0.242164 0.793099
vn -0.551705 0.259870 0.792521
vn -0.554328 0.242164 0.796289
vn -0.547154 0.259870 0.795669
vn -0.549756 0.242164 0.799453
vn -0.542596 0.259870 0.798785
vn -0.545175 0.242164 0.802584
vn -0.538000 0.259870 0.801887
vn -0.540558 0.242164 0.805700
vn -0.533397 0.259870 0.804957
vn -0.535933 0.242164 0.808784
vn -0.528777 0.259870 0.807999
vn -0.531291 0.242164 0.811841
vn -0.524155 0.259870 0.811005
vn -0.526647 0.242164 0.814862
vn -0.519486 0.259870 0.814004
vn -0.521956 0.242164 0.817874
vn -0.514816 0.259870 0.816965
vn -0.517264 0.242164 0.820850
vn -0.510130 0.259870 0.819899
vn -0.512556 0.242164 0.823798
vn -0.505442 0.259870 0.822798
vn -0.507844 0.242164 0.826711
vn -0.500710 0.259870 0.825686
vn -0.503091 0.242164 0.829612
vn -0.495977 0.259870 0.828537
vn -0.498336 0.242164 0.832477
vn -0.491229 0.259870 0.831361
vn -0.493565 0.242164 0.835314
vn -0.486989 0.255984 0.835053
vn -0.489421 0.237005 0.839223
vn -0.495734 0.224389 0.838986
vn -0.491662 0.217963 0.843066
vn -0.497736 0.206553 0.842374
vn -0.493712 0.198864 0.846582
vn -0.499571 0.188662 0.845479
vn -0.495572 0.179714 0.849771
vn -0.501238 0.170725 0.848300
vn -0.497242 0.160517 0.852634
vn -0.502015 0.161666 0.849615
vn -0.502749 0.152598 0.850857
vn -0.507608 0.152598 0.847967
vn -0.508306 0.143523 0.849133
vn -0.513157 0.143523 0.846210
vn -0.513818 0.134440 0.847300
vn -0.518665 0.134440 0.844341
vn -0.519288 0.125352 0.845356
vn -0.524113 0.125352 0.842373
vn -0.524697 0.116258 0.843313
vn -0.529517 0.116258 0.840295
vn -0.530063 0.107161 0.841160
vn -0.534871 0.107161 0.838111
vn -0.535376 0.098061 0.838902
vn -0.540177 0.098061 0.835819
vn -0.540640 0.088959 0.836537
vn -0.545419 0.088959 0.833429
vn -0.545841 0.079856 0.834075
vn -0.550610 0.079856 0.830934
vn -0.550990 0.070753 0.831507
vn -0.555745 0.070753 0.828336
vn -0.556082 0.061650 0.828838
vn -0.560823 0.061650 0.825637
vn -0.561115 0.052550 0.826068
vn -0.565838 0.052550 0.822840
vn -0.566086 0.043452 0.823200
vn -0.570794 0.043452 0.819943
vn -0.572202 0.025269 0.819724
vn -0.575484 0.043452 0.816658
vn -0.580154 0.043452 0.813347
vn -0.575232 0.052550 0.816301
vn -0.579901 0.052550 0.812991
vn -0.574932 0.061650 0.815875
vn -0.579598 0.061650 0.812567
vn -0.574584 0.070753 0.815381
vn -0.579248 0.070753 0.812075
vn -0.574188 0.079856 0.814820
vn -0.578848 0.079856 0.811516
vn -0.573744 0.088959 0.814189
vn -0.578401 0.088959 0.810888
vn -0.573252 0.098061 0.813490
vn -0.577904 0.098061 0.810192
vn -0.572711 0.107161 0.812723
vn -0.577359 0.107161 0.809428
vn -0.572122 0.116258 0.811887
vn -0.576765 0.116258 0.808595
vn -0.571484 0.125352 0.810982
vn -0.576123 0.125352 0.807694
vn -0.570799 0.134440 0.810009
vn -0.575431 0.134440 0.806725
vn -0.570064 0.143523 0.808967
vn -0.574691 0.143523 0.805687
vn -0.569282 0.152598 0.807857
vn -0.573902 0.152598 0.804581
vn -0.568451 0.161666 0.806677
vn -0.573064 0.161666 0.803406
vn -0.567571 0.170725 0.805429
vn -0.572177 0.170725 0.802163
vn -0.565684 0.188662 0.802751
vn -0.570275 0.188662 0.799496
vn -0.563606 0.206553 0.799803
vn -0.568180 0.206553 0.796559
vn -0.561339 0.224389 0.796585
vn -0.565895 0.224389 0.793355
vn -0.621177 0.025269 0.783263
vn -0.616814 0.043452 0.785909
vn -0.616543 0.052550 0.785565
vn -0.616221 0.061650 0.785156
vn -0.615848 0.070753 0.784682
vn -0.615423 0.079856 0.784141
vn -0.614946 0.088959 0.783535
vn -0.614418 0.098061 0.782863
vn -0.613838 0.107161 0.782125
vn -0.613206 0.116258 0.781321
vn -0.612522 0.125352 0.780451
vn -0.611786 0.134440 0.779515
vn -0.610999 0.143523 0.778513
vn -0.610159 0.152598 0.777444
vn -0.609268 0.161666 0.776310
vn -0.608325 0.170725 0.775109
vn -0.606300 0.188662 0.772532
vn -0.604073 0.206553 0.769696
vn -0.601641 0.224389 0.766601
vn -0.599008 0.242164 0.763247
vn -0.596172 0.259870 0.759636
vn -0.593135 0.277498 0.755769
vn -0.605101 0.025269 0.795748
vn -0.607770 0.043452 0.792923
vn -0.607504 0.052550 0.792576
vn -0.607188 0.061650 0.792163
vn -0.606820 0.070753 0.791684
vn -0.606402 0.079856 0.791138
vn -0.605933 0.088959 0.790526
vn -0.605413 0.098061 0.789847
vn -0.604842 0.107161 0.789102
vn -0.604220 0.116258 0.788291
vn -0.603547 0.125352 0.787412
vn -0.602822 0.134440 0.786467
vn -0.602047 0.143523 0.785456
vn -0.601220 0.152598 0.784377
vn -0.600343 0.161666 0.783232
vn -0.599414 0.170725 0.782021
vn -0.597420 0.188662 0.779420
vn -0.595226 0.206553 0.776557
vn -0.592832 0.224389 0.773434
vn -0.590238 0.242164 0.770049
vn -0.587445 0.259870 0.766405
vn -0.598644 0.043452 0.799836
vn -0.588773 0.025269 0.807903
vn -0.589438 0.043452 0.806644
vn -0.561361 0.043452 0.826430
vn -0.555393 0.025269 0.831204
vn -0.556615 0.043452 0.829633
vn -0.551853 0.043452 0.832809
vn -0.551611 0.052550 0.832444
vn -0.546833 0.052550 0.835591
vn -0.546548 0.061650 0.835155
vn -0.541758 0.061650 0.838271
vn -0.541431 0.070753 0.837763
vn -0.536620 0.070753 0.840852
vn -0.536251 0.079856 0.840273
vn -0.531430 0.079856 0.843330
vn -0.531019 0.088959 0.842677
vn -0.526185 0.088959 0.845704
vn -0.525734 0.098061 0.844978
vn -0.520892 0.098061 0.847971
vn -0.520401 0.107161 0.847171
vn -0.515539 0.107161 0.850139
vn -0.515009 0.116258 0.849264
vn -0.510141 0.116258 0.852197
vn -0.509572 0.125352 0.851248
vn -0.504694 0.125352 0.854149
vn -0.504088 0.134440 0.853124
vn -0.500011 0.122005 0.857382
vn -0.498721 0.141279 0.855171
vn -0.547073 0.043452 0.835957
vn -0.538354 0.025269 0.842340
vn -0.542276 0.043452 0.839076
vn -0.537461 0.043452 0.842169
vn -0.537225 0.052550 0.841800
vn -0.532396 0.052550 0.844863
vn -0.532118 0.061650 0.844422
vn -0.527275 0.061650 0.847455
vn -0.526956 0.070753 0.846943
vn -0.522101 0.070753 0.849944
vn -0.521742 0.079856 0.849357
vn -0.516869 0.079856 0.852332
vn -0.516469 0.088959 0.851672
vn -0.511587 0.088959 0.854614
vn -0.511148 0.098061 0.853880
vn -0.506255 0.098061 0.856791
vn -0.505777 0.107161 0.855982
vn -0.501110 0.102700 0.859268
vn -0.505257 0.116258 0.855102
vn -0.521091 0.025269 0.853127
vn -0.527781 0.043452 0.848268
vn -0.532629 0.043452 0.845233
vn -0.503613 0.025269 0.863560
vn -0.513138 0.043452 0.857205
vn -0.518035 0.043452 0.854255
vn -0.522917 0.043452 0.851275
vn -0.517809 0.052550 0.853881
vn -0.522689 0.052550 0.850902
vn -0.517539 0.061650 0.853436
vn -0.522417 0.061650 0.850459
vn -0.517225 0.070753 0.852920
vn -0.508226 0.043452 0.860127
vn -0.503272 0.044649 0.862974
vn -0.508004 0.052550 0.859750
vn -0.502741 0.064017 0.862064
vn -0.507739 0.061650 0.859302
vn -0.507432 0.070753 0.858782
vn -0.512647 0.061650 0.856384
vn -0.512336 0.070753 0.855865
vn -0.502020 0.083369 0.860828
vn -0.507082 0.079856 0.858191
vn -0.511983 0.079856 0.855275
vn -0.506690 0.088959 0.857527
vn -0.503440 0.143523 0.852027
vn -0.508961 0.134440 0.850226
vn -0.514435 0.125352 0.848318
vn -0.519867 0.116258 0.846299
vn -0.525238 0.107161 0.844181
vn -0.530563 0.098061 0.841954
vn -0.535836 0.088959 0.839623
vn -0.541058 0.079856 0.837185
vn -0.546218 0.070753 0.834650
vn -0.551324 0.061650 0.832010
vn -0.556372 0.052550 0.829270
vn -0.484366 0.274896 0.830555
vn -0.488728 0.277498 0.827128
vn -0.493452 0.277498 0.824318
vn -0.498160 0.277498 0.821481
vn -0.502869 0.277498 0.818607
vn -0.507532 0.277498 0.815724
vn -0.512194 0.277498 0.812805
vn -0.516841 0.277498 0.809858
vn -0.521487 0.277498 0.806874
vn -0.526084 0.277498 0.803885
vn -0.530681 0.277498 0.800858
vn -0.535260 0.277498 0.797804
vn -0.539833 0.277498 0.794717
vn -0.544368 0.277498 0.791617
vn -0.548895 0.277498 0.788485
vn -0.553405 0.277498 0.785326
vn -0.557897 0.277498 0.782142
vn -0.566824 0.277498 0.775696
vn -0.572525 0.295041 0.764961
vn -0.569191 0.312492 0.760507
vn -0.481551 0.293734 0.825729
vn -0.486061 0.295041 0.822615
vn -0.490759 0.295041 0.819821
vn -0.495443 0.295041 0.816999
vn -0.500127 0.295041 0.814140
vn -0.504763 0.295041 0.811274
vn -0.509400 0.295041 0.808370
vn -0.514021 0.295041 0.805440
vn -0.518643 0.295041 0.802471
vn -0.523214 0.295041 0.799499
vn -0.527785 0.295041 0.796488
vn -0.532340 0.295041 0.793451
vn -0.536889 0.295041 0.790380
vn -0.541398 0.295041 0.787298
vn -0.545901 0.295041 0.784183
vn -0.550386 0.295041 0.781042
vn -0.554853 0.295041 0.777875
vn -0.563732 0.295041 0.771464
vn -0.478545 0.312492 0.820575
vn -0.497215 0.312492 0.809398
vn -0.515624 0.312492 0.797797
vn -0.533763 0.312492 0.785777
vn -0.551622 0.312492 0.773345
vn -0.615380 0.295041 0.730930
vn -0.620070 0.312492 0.719626
vn -0.623965 0.293734 0.724147
vn -0.618756 0.277498 0.734939
vn -0.627612 0.274896 0.728379
vn -0.621923 0.259870 0.738701
vn -0.631010 0.255984 0.732324
vn -0.624880 0.242164 0.742214
vn -0.634162 0.237005 0.735981
vn -0.627627 0.224389 0.745476
vn -0.637065 0.217963 0.739351
vn -0.630162 0.206553 0.748487
vn -0.639722 0.198864 0.742434
vn -0.632484 0.188662 0.751246
vn -0.642132 0.179714 0.745231
vn -0.634595 0.170725 0.753752
vn -0.644295 0.160517 0.747742
vn -0.635578 0.161666 0.754920
vn -0.636507 0.152598 0.756024
vn -0.646212 0.141279 0.749966
vn -0.637382 0.143523 0.757063
vn -0.638203 0.134440 0.758038
vn -0.647883 0.122005 0.751906
vn -0.638970 0.125352 0.758949
vn -0.639683 0.116258 0.759796
vn -0.649308 0.102700 0.753559
vn -0.640342 0.107161 0.760578
vn -0.650487 0.083369 0.754928
vn -0.641497 0.088959 0.761950
vn -0.640946 0.098061 0.761296
vn -0.651421 0.064017 0.756011
vn -0.642436 0.070753 0.763066
vn -0.641993 0.079856 0.762540
vn -0.643160 0.052550 0.763926
vn -0.642825 0.061650 0.763528
vn -0.527550 0.052550 0.847897
vn -0.598381 0.052550 0.799486
vn -0.598069 0.061650 0.799070
vn -0.589180 0.052550 0.806291
vn -0.597707 0.070753 0.798587
vn -0.588873 0.061650 0.805871
vn -0.597294 0.079856 0.798037
vn -0.588517 0.070753 0.805383
vn -0.596832 0.088959 0.797420
vn -0.588111 0.079856 0.804828
vn -0.596319 0.098061 0.796735
vn -0.587657 0.088959 0.804205
vn -0.595756 0.107161 0.795984
vn -0.587152 0.098061 0.803515
vn -0.595143 0.116258 0.795166
vn -0.586598 0.107161 0.802757
vn -0.594480 0.125352 0.794280
vn -0.585995 0.116258 0.801931
vn -0.593766 0.134440 0.793327
vn -0.585342 0.125352 0.801038
vn -0.593002 0.143523 0.792307
vn -0.584640 0.134440 0.800077
vn -0.592187 0.152598 0.791219
vn -0.583887 0.143523 0.799047
vn -0.591322 0.161666 0.790064
vn -0.583086 0.152598 0.797950
vn -0.590407 0.170725 0.788842
vn -0.582235 0.161666 0.796785
vn -0.588443 0.188662 0.786220
vn -0.581334 0.170725 0.795553
vn -0.586281 0.206553 0.783333
vn -0.579401 0.188662 0.792907
vn -0.583922 0.224389 0.780182
vn -0.577273 0.206553 0.789995
vn -0.581366 0.242164 0.776769
vn -0.574951 0.224389 0.786817
vn -0.570545 0.052550 0.819584
vn -0.570247 0.061650 0.819157
vn -0.565544 0.061650 0.822411
vn -0.569902 0.070753 0.818661
vn -0.565201 0.070753 0.821913
vn -0.560484 0.070753 0.825137
vn -0.569509 0.079856 0.818097
vn -0.564812 0.079856 0.821347
vn -0.560098 0.079856 0.824568
vn -0.555362 0.079856 0.827766
vn -0.569069 0.088959 0.817464
vn -0.564375 0.088959 0.820711
vn -0.559665 0.088959 0.823930
vn -0.554933 0.088959 0.827125
vn -0.550184 0.088959 0.830291
vn -0.568580 0.098061 0.816762
vn -0.563891 0.098061 0.820007
vn -0.559186 0.098061 0.823223
vn -0.554456 0.098061 0.826415
vn -0.549712 0.098061 0.829578
vn -0.544951 0.098061 0.832714
vn -0.568044 0.107161 0.815992
vn -0.563359 0.107161 0.819234
vn -0.558658 0.107161 0.822446
vn -0.553933 0.107161 0.825636
vn -0.549194 0.107161 0.828796
vn -0.544437 0.107161 0.831929
vn -0.539668 0.107161 0.835030
vn -0.567460 0.116258 0.815152
vn -0.562779 0.116258 0.818391
vn -0.558084 0.116258 0.821600
vn -0.553363 0.116258 0.824787
vn -0.548629 0.116258 0.827943
vn -0.543877 0.116258 0.831073
vn -0.539113 0.116258 0.834171
vn -0.534321 0.116258 0.837249
vn -0.566827 0.125352 0.814244
vn -0.562152 0.125352 0.817479
vn -0.557463 0.125352 0.820684
vn -0.552747 0.125352 0.823868
vn -0.548018 0.125352 0.827021
vn -0.543271 0.125352 0.830147
vn -0.538513 0.125352 0.833241
vn -0.533725 0.125352 0.836316
vn -0.528927 0.125352 0.839359
vn -0.566147 0.134440 0.813267
vn -0.561477 0.134440 0.816498
vn -0.556794 0.134440 0.819699
vn -0.552084 0.134440 0.822879
vn -0.547360 0.134440 0.826028
vn -0.542619 0.134440 0.829151
vn -0.537868 0.134440 0.832240
vn -0.533085 0.134440 0.835312
vn -0.528293 0.134440 0.838351
vn -0.523484 0.134440 0.841362
vn -0.565419 0.143523 0.812221
vn -0.560755 0.143523 0.815448
vn -0.556078 0.143523 0.818644
vn -0.551373 0.143523 0.821820
vn -0.546656 0.143523 0.824966
vn -0.541921 0.143523 0.828084
vn -0.537177 0.143523 0.831169
vn -0.532399 0.143523 0.834238
vn -0.527613 0.143523 0.837273
vn -0.522810 0.143523 0.840280
vn -0.517999 0.143523 0.843255
vn -0.564643 0.152598 0.811106
vn -0.559985 0.152598 0.814328
vn -0.555315 0.152598 0.817520
vn -0.550616 0.152598 0.820692
vn -0.545905 0.152598 0.823833
vn -0.541177 0.152598 0.826947
vn -0.536440 0.152598 0.830028
vn -0.531668 0.152598 0.833092
vn -0.526889 0.152598 0.836123
vn -0.522093 0.152598 0.839126
vn -0.517288 0.152598 0.842097
vn -0.512452 0.152598 0.845048
vn -0.563818 0.161666 0.809922
vn -0.559168 0.161666 0.813139
vn -0.554505 0.161666 0.816326
vn -0.549813 0.161666 0.819494
vn -0.545108 0.161666 0.822631
vn -0.540387 0.161666 0.825740
vn -0.535657 0.161666 0.828816
vn -0.530892 0.161666 0.831876
vn -0.526119 0.161666 0.834903
vn -0.521330 0.161666 0.837901
vn -0.516534 0.161666 0.840867
vn -0.511704 0.161666 0.843815
vn -0.506867 0.161666 0.846729
vn -0.562946 0.170725 0.808668
vn -0.558303 0.170725 0.811881
vn -0.553647 0.170725 0.815063
vn -0.548962 0.170725 0.818226
vn -0.544265 0.170725 0.821358
vn -0.539551 0.170725 0.824462
vn -0.534829 0.170725 0.827533
vn -0.530071 0.170725 0.830589
vn -0.525305 0.170725 0.833611
vn -0.520524 0.170725 0.836605
vn -0.515735 0.170725 0.839566
vn -0.510912 0.170725 0.842509
vn -0.506083 0.170725 0.845419
vn -0.561074 0.188662 0.805979
vn -0.556446 0.188662 0.809181
vn -0.551807 0.188662 0.812352
vn -0.547136 0.188662 0.815505
vn -0.542455 0.188662 0.818626
vn -0.537756 0.188662 0.821721
vn -0.533052 0.188662 0.824780
vn -0.528308 0.188662 0.827827
vn -0.523559 0.188662 0.830839
vn -0.518793 0.188662 0.833823
vn -0.514021 0.188662 0.836773
vn -0.509213 0.188662 0.839707
vn -0.504400 0.188662 0.842607
vn -0.559013 0.206553 0.803019
vn -0.554402 0.206553 0.806210
vn -0.549781 0.206553 0.809368
vn -0.545127 0.206553 0.812510
vn -0.540463 0.206553 0.815620
vn -0.535781 0.206553 0.818703
vn -0.531095 0.206553 0.821750
vn -0.526368 0.206553 0.824787
vn -0.521636 0.206553 0.827787
vn -0.516888 0.206553 0.830761
vn -0.512134 0.206553 0.833699
vn -0.507343 0.206553 0.836623
vn -0.502548 0.206553 0.839513
vn -0.556765 0.224389 0.799789
vn -0.552172 0.224389 0.802966
vn -0.547570 0.224389 0.806112
vn -0.542934 0.224389 0.809242
vn -0.538289 0.224389 0.812339
vn -0.533626 0.224389 0.815409
vn -0.528960 0.224389 0.818444
vn -0.524250 0.224389 0.821469
vn -0.519537 0.224389 0.824458
vn -0.514808 0.224389 0.827419
vn -0.510075 0.224389 0.830345
vn -0.505302 0.224389 0.833258
vn -0.500526 0.224389 0.836136
vn -0.536945 0.061650 0.841361
vn -0.542040 0.052550 0.838708
vn -0.531796 0.070753 0.843912
vn -0.526593 0.079856 0.846359
vn -0.521339 0.088959 0.848700
vn -0.516026 0.098061 0.850941
vn -0.510666 0.107161 0.853075
vn -0.512914 0.052550 0.856830
vn 0.481276 -0.295506 -0.825257
vn 0.485780 -0.296824 -0.822139
vn 0.478232 -0.314374 -0.820038
vn 0.490476 -0.296824 -0.819347
vn 0.496890 -0.314374 -0.808869
vn 0.495156 -0.296824 -0.816527
vn 0.499838 -0.296824 -0.813670
vn 0.502614 -0.279179 -0.818192
vn 0.507275 -0.279179 -0.815310
vn 0.509905 -0.261449 -0.819538
vn 0.511935 -0.279179 -0.812393
vn 0.514589 -0.261449 -0.816605
vn 0.516578 -0.279179 -0.809448
vn 0.519257 -0.261449 -0.813644
vn 0.523924 -0.261449 -0.810647
vn 0.526446 -0.243639 -0.814552
vn 0.531089 -0.243639 -0.811532
vn 0.533453 -0.225759 -0.815145
vn 0.535729 -0.243639 -0.808476
vn 0.538114 -0.225759 -0.812075
vn 0.540352 -0.243639 -0.805394
vn 0.542758 -0.225759 -0.808979
vn 0.547393 -0.225759 -0.805850
vn 0.549631 -0.207817 -0.809147
vn 0.554251 -0.207817 -0.805989
vn 0.556320 -0.189819 -0.808998
vn 0.558860 -0.207817 -0.802800
vn 0.560947 -0.189819 -0.805796
vn 0.563452 -0.207817 -0.799584
vn 0.565555 -0.189819 -0.802568
vn 0.568025 -0.207817 -0.796342
vn 0.570145 -0.189819 -0.799314
vn 0.577115 -0.207817 -0.789779
vn 0.579269 -0.189819 -0.792727
vn 0.586121 -0.207817 -0.783118
vn 0.588309 -0.189819 -0.786041
vn 0.595064 -0.207817 -0.776345
vn 0.597285 -0.189819 -0.779243
vn 0.603907 -0.207817 -0.769486
vn 0.606163 -0.189819 -0.772357
vn 0.612693 -0.207817 -0.762509
vn 0.614980 -0.189819 -0.765355
vn 0.621373 -0.207817 -0.755452
vn 0.623694 -0.189819 -0.758271
vn 0.629989 -0.207817 -0.748282
vn 0.632341 -0.189819 -0.751075
vn 0.639562 -0.200072 -0.742248
vn 0.642001 -0.180806 -0.745079
vn 0.634477 -0.171775 -0.753613
vn 0.644192 -0.161493 -0.747621
vn 0.635473 -0.162660 -0.754795
vn 0.636414 -0.153536 -0.755913
vn 0.627713 -0.153536 -0.763153
vn 0.628588 -0.144404 -0.764215
vn 0.619803 -0.144404 -0.771357
vn 0.620611 -0.135265 -0.772363
vn 0.611717 -0.135265 -0.779427
vn 0.612462 -0.126121 -0.780374
vn 0.603487 -0.126121 -0.787335
vn 0.604169 -0.116971 -0.788224
vn 0.595093 -0.116971 -0.795099
vn 0.595714 -0.107817 -0.795927
vn 0.586556 -0.107817 -0.802700
vn 0.587117 -0.098661 -0.803467
vn 0.577870 -0.098661 -0.810144
vn 0.578372 -0.089502 -0.810848
vn 0.573716 -0.089502 -0.814149
vn 0.574166 -0.080342 -0.814788
vn 0.569487 -0.080342 -0.818065
vn 0.569885 -0.071183 -0.818636
vn 0.565184 -0.071183 -0.821888
vn 0.565530 -0.062024 -0.822392
vn 0.560467 -0.071183 -0.825112
vn 0.560810 -0.062024 -0.825618
vn 0.555728 -0.071183 -0.828311
vn 0.556069 -0.062024 -0.828819
vn 0.551311 -0.062024 -0.831991
vn 0.551602 -0.052867 -0.832430
vn 0.546824 -0.052867 -0.835577
vn 0.547066 -0.043713 -0.835947
vn 0.542031 -0.052867 -0.838694
vn 0.542270 -0.043713 -0.839066
vn 0.537216 -0.052867 -0.841786
vn 0.537454 -0.043713 -0.842159
vn 0.532623 -0.043713 -0.845223
vn 0.532814 -0.034563 -0.845526
vn 0.527964 -0.034563 -0.848563
vn 0.538352 -0.025418 -0.842337
vn 0.521089 -0.025418 -0.853123
vn 0.523098 -0.034563 -0.851571
vn 0.518215 -0.034563 -0.854552
vn 0.518029 -0.043713 -0.854245
vn 0.513317 -0.034563 -0.857503
vn 0.513133 -0.043713 -0.857195
vn 0.508403 -0.034563 -0.860426
vn 0.508220 -0.043713 -0.860117
vn 0.503266 -0.044916 -0.862964
vn 0.507995 -0.052867 -0.859736
vn 0.502728 -0.064403 -0.862042
vn 0.507727 -0.062024 -0.859282
vn 0.507416 -0.071183 -0.858756
vn 0.512321 -0.071183 -0.855839
vn 0.511963 -0.080342 -0.855242
vn 0.516849 -0.080342 -0.852298
vn 0.516444 -0.089502 -0.851631
vn 0.521722 -0.080342 -0.849324
vn 0.521314 -0.089502 -0.848659
vn 0.526572 -0.080342 -0.846326
vn 0.526160 -0.089502 -0.845663
vn 0.530993 -0.089502 -0.842636
vn 0.530531 -0.098661 -0.841904
vn 0.535344 -0.098661 -0.838852
vn 0.534833 -0.107817 -0.838051
vn 0.540145 -0.098661 -0.835769
vn 0.539629 -0.107817 -0.834970
vn 0.544918 -0.098661 -0.832665
vn 0.544398 -0.107817 -0.831869
vn 0.549155 -0.107817 -0.828737
vn 0.548583 -0.116971 -0.827874
vn 0.553317 -0.116971 -0.824717
vn 0.552693 -0.126121 -0.823787
vn 0.558037 -0.116971 -0.821530
vn 0.557408 -0.126121 -0.820603
vn 0.562732 -0.116971 -0.818322
vn 0.562097 -0.126121 -0.817399
vn 0.566772 -0.126121 -0.814164
vn 0.566083 -0.135265 -0.813175
vn 0.570734 -0.135265 -0.809917
vn 0.569990 -0.144404 -0.808862
vn 0.574616 -0.144404 -0.805583
vn 0.573818 -0.153536 -0.804463
vn 0.583000 -0.153536 -0.797833
vn 0.582138 -0.162660 -0.796654
vn 0.591225 -0.162660 -0.789934
vn 0.590298 -0.171775 -0.788696
vn 0.599303 -0.171775 -0.781876
vn 0.488480 -0.279179 -0.826708
vn 0.484125 -0.276558 -0.830144
vn 0.491012 -0.261449 -0.830994
vn 0.486781 -0.257534 -0.834698
vn 0.493377 -0.243639 -0.834996
vn 0.489243 -0.238442 -0.838920
vn 0.495573 -0.225759 -0.838713
vn 0.491512 -0.219286 -0.842810
vn 0.497600 -0.207817 -0.842144
vn 0.493588 -0.200072 -0.846370
vn 0.499458 -0.189819 -0.845287
vn 0.495471 -0.180806 -0.849598
vn 0.501145 -0.171775 -0.848143
vn 0.497161 -0.161493 -0.852497
vn 0.501932 -0.162660 -0.849474
vn 0.502675 -0.153536 -0.850732
vn 0.506783 -0.162660 -0.846589
vn 0.507534 -0.153536 -0.847842
vn 0.511619 -0.162660 -0.843675
vn 0.512377 -0.153536 -0.844924
vn 0.517212 -0.153536 -0.841973
vn 0.517932 -0.144404 -0.843145
vn 0.522743 -0.144404 -0.840171
vn 0.523424 -0.135265 -0.841267
vn 0.527545 -0.144404 -0.837164
vn 0.528233 -0.135265 -0.838256
vn 0.532330 -0.144404 -0.834130
vn 0.533024 -0.135265 -0.835218
vn 0.537807 -0.135265 -0.832146
vn 0.538461 -0.126121 -0.833159
vn 0.543217 -0.126121 -0.830065
vn 0.543831 -0.116971 -0.831003
vn 0.547964 -0.126121 -0.826940
vn 0.498659 -0.142138 -0.855065
vn 0.503375 -0.144404 -0.851916
vn 0.508240 -0.144404 -0.849023
vn 0.513090 -0.144404 -0.846100
vn 0.518607 -0.135265 -0.844245
vn 0.524061 -0.126121 -0.842291
vn 0.528875 -0.126121 -0.839276
vn 0.533673 -0.126121 -0.836234
vn 0.539068 -0.116971 -0.834100
vn 0.504031 -0.135265 -0.853027
vn 0.499964 -0.122746 -0.857303
vn 0.504644 -0.126121 -0.854065
vn 0.505214 -0.116971 -0.855030
vn 0.509522 -0.126121 -0.851164
vn 0.510098 -0.116971 -0.852126
vn 0.514384 -0.126121 -0.848235
vn 0.514965 -0.116971 -0.849193
vn 0.519823 -0.116971 -0.846228
vn 0.520364 -0.107817 -0.847111
vn 0.525200 -0.107817 -0.844121
vn 0.525702 -0.098661 -0.844928
vn 0.530025 -0.107817 -0.841100
vn 0.501078 -0.103323 -0.859212
vn 0.505741 -0.107817 -0.855921
vn 0.510630 -0.107817 -0.853014
vn 0.515502 -0.107817 -0.850078
vn 0.520861 -0.098661 -0.847921
vn 0.501999 -0.083874 -0.860792
vn 0.506665 -0.089502 -0.857485
vn 0.506225 -0.098661 -0.856740
vn 0.507062 -0.080342 -0.858157
vn 0.511562 -0.089502 -0.854572
vn 0.511118 -0.098661 -0.853830
vn 0.515995 -0.098661 -0.850891
vn 0.503611 -0.025418 -0.863556
vn 0.555391 -0.025418 -0.831201
vn 0.547263 -0.034563 -0.836247
vn 0.542464 -0.034563 -0.839368
vn 0.537647 -0.034563 -0.842461
vn 0.572199 -0.025418 -0.819720
vn 0.561555 -0.034563 -0.826717
vn 0.556809 -0.034563 -0.829921
vn 0.552044 -0.034563 -0.833098
vn 0.556609 -0.043713 -0.829624
vn 0.551846 -0.043713 -0.832799
vn 0.556362 -0.052867 -0.829256
vn 0.588771 -0.025418 -0.807900
vn 0.580356 -0.034563 -0.813629
vn 0.575684 -0.034563 -0.816942
vn 0.570993 -0.034563 -0.820227
vn 0.575477 -0.043713 -0.816649
vn 0.570788 -0.043713 -0.819933
vn 0.575222 -0.052867 -0.816287
vn 0.570535 -0.052867 -0.819570
vn 0.574919 -0.062024 -0.815856
vn 0.570234 -0.062024 -0.819138
vn 0.574567 -0.071183 -0.815356
vn 0.605098 -0.025418 -0.795745
vn 0.598852 -0.034563 -0.800114
vn 0.589643 -0.034563 -0.806924
vn 0.589432 -0.043713 -0.806635
vn 0.580148 -0.043713 -0.813337
vn 0.589171 -0.052867 -0.806277
vn 0.579891 -0.052867 -0.812977
vn 0.588860 -0.062024 -0.805852
vn 0.579585 -0.062024 -0.812548
vn 0.588499 -0.071183 -0.805358
vn 0.579230 -0.071183 -0.812050
vn 0.588088 -0.080342 -0.804796
vn 0.578826 -0.080342 -0.811484
vn 0.587628 -0.089502 -0.804166
vn 0.621175 -0.025418 -0.783260
vn 0.617029 -0.034563 -0.786181
vn 0.607982 -0.034563 -0.793198
vn 0.607764 -0.043713 -0.792914
vn 0.598637 -0.043713 -0.799827
vn 0.607494 -0.052867 -0.792563
vn 0.598371 -0.052867 -0.799473
vn 0.607174 -0.062024 -0.792145
vn 0.598055 -0.062024 -0.799051
vn 0.606802 -0.071183 -0.791659
vn 0.597688 -0.071183 -0.798562
vn 0.606378 -0.080342 -0.791107
vn 0.597271 -0.080342 -0.798005
vn 0.605904 -0.089502 -0.790487
vn 0.596803 -0.089502 -0.797381
vn 0.605377 -0.098661 -0.789800
vn 0.596284 -0.098661 -0.796688
vn 0.604799 -0.107817 -0.789046
vn 0.625994 -0.034563 -0.779062
vn 0.636994 -0.025418 -0.770450
vn 0.634872 -0.034563 -0.771844
vn 0.643665 -0.034563 -0.764526
vn 0.643435 -0.043713 -0.764252
vn 0.652101 -0.044916 -0.756800
vn 0.643150 -0.052867 -0.763913
vn 0.651405 -0.064403 -0.755992
vn 0.642810 -0.062024 -0.763510
vn 0.642416 -0.071183 -0.763043
vn 0.634027 -0.062024 -0.770819
vn 0.633638 -0.071183 -0.770348
vn 0.625162 -0.062024 -0.778027
vn 0.624779 -0.071183 -0.777550
vn 0.616207 -0.062024 -0.785138
vn 0.615829 -0.071183 -0.784658
vn 0.652549 -0.025418 -0.757320
vn 0.650460 -0.083874 -0.754896
vn 0.641968 -0.080342 -0.762510
vn 0.633196 -0.080342 -0.769811
vn 0.624343 -0.080342 -0.777008
vn 0.615399 -0.080342 -0.784111
vn 0.641465 -0.089502 -0.761913
vn 0.649266 -0.103323 -0.753510
vn 0.640908 -0.098661 -0.761251
vn 0.640296 -0.107817 -0.760524
vn 0.632149 -0.098661 -0.768540
vn 0.631545 -0.107817 -0.767806
vn 0.623312 -0.098661 -0.775724
vn 0.622717 -0.107817 -0.774984
vn 0.614381 -0.098661 -0.782817
vn 0.613794 -0.107817 -0.782069
vn 0.639629 -0.116971 -0.759732
vn 0.647824 -0.122746 -0.751836
vn 0.638907 -0.126121 -0.758875
vn 0.638131 -0.135265 -0.757953
vn 0.630174 -0.126121 -0.766142
vn 0.629408 -0.135265 -0.765212
vn 0.621366 -0.126121 -0.773303
vn 0.646132 -0.142138 -0.749873
vn 0.637300 -0.144404 -0.756965
vn 0.636872 -0.219286 -0.739126
vn 0.627423 -0.225759 -0.745234
vn 0.618841 -0.225759 -0.752375
vn 0.610197 -0.225759 -0.759403
vn 0.601446 -0.225759 -0.766352
vn 0.592639 -0.225759 -0.773182
vn 0.583732 -0.225759 -0.779929
vn 0.574764 -0.225759 -0.786562
vn 0.565711 -0.225759 -0.793098
vn 0.561157 -0.225759 -0.796327
vn 0.556584 -0.225759 -0.799529
vn 0.551993 -0.225759 -0.802706
vn 0.544967 -0.243639 -0.802278
vn 0.537763 -0.261449 -0.801534
vn 0.533161 -0.261449 -0.804601
vn 0.528543 -0.261449 -0.807643
vn 0.521223 -0.279179 -0.806465
vn 0.513724 -0.296824 -0.804974
vn 0.509105 -0.296824 -0.807903
vn 0.504471 -0.296824 -0.810805
vn 0.633932 -0.238442 -0.735714
vn 0.624642 -0.243639 -0.741931
vn 0.616098 -0.243639 -0.749042
vn 0.607493 -0.243639 -0.756037
vn 0.598780 -0.243639 -0.762957
vn 0.590013 -0.243639 -0.769756
vn 0.581145 -0.243639 -0.776473
vn 0.572217 -0.243639 -0.783076
vn 0.563204 -0.243639 -0.789583
vn 0.558670 -0.243639 -0.792798
vn 0.554117 -0.243639 -0.795986
vn 0.549547 -0.243639 -0.799148
vn 0.542356 -0.261449 -0.798432
vn 0.534989 -0.279179 -0.797399
vn 0.530411 -0.279179 -0.800451
vn 0.525817 -0.279179 -0.803477
vn 0.518344 -0.296824 -0.802007
vn 0.515287 -0.314374 -0.797275
vn 0.630742 -0.257534 -0.732012
vn 0.621648 -0.261449 -0.738375
vn 0.613144 -0.261449 -0.745452
vn 0.604581 -0.261449 -0.752414
vn 0.595909 -0.261449 -0.759301
vn 0.587185 -0.261449 -0.766067
vn 0.578359 -0.261449 -0.772752
vn 0.569474 -0.261449 -0.779323
vn 0.560505 -0.261449 -0.785798
vn 0.555992 -0.261449 -0.788998
vn 0.551461 -0.261449 -0.792171
vn 0.546913 -0.261449 -0.795318
vn 0.539560 -0.279179 -0.794314
vn 0.532032 -0.296824 -0.792993
vn 0.527480 -0.296824 -0.796028
vn 0.522911 -0.296824 -0.799037
vn 0.627300 -0.276558 -0.728018
vn 0.618442 -0.279179 -0.734567
vn 0.609980 -0.279179 -0.741608
vn 0.601463 -0.279179 -0.748533
vn 0.592834 -0.279179 -0.755385
vn 0.584157 -0.279179 -0.762115
vn 0.575375 -0.279179 -0.768767
vn 0.566537 -0.279179 -0.775303
vn 0.557614 -0.279179 -0.781745
vn 0.553124 -0.279179 -0.784928
vn 0.548617 -0.279179 -0.788085
vn 0.544092 -0.279179 -0.791216
vn 0.536579 -0.296824 -0.789924
vn 0.533414 -0.314374 -0.785263
vn 0.623608 -0.295506 -0.723733
vn 0.615024 -0.296824 -0.730507
vn 0.606608 -0.296824 -0.737511
vn 0.598139 -0.296824 -0.744396
vn 0.589556 -0.296824 -0.751212
vn 0.580928 -0.296824 -0.757904
vn 0.572195 -0.296824 -0.764519
vn 0.563406 -0.296824 -0.771018
vn 0.554532 -0.296824 -0.777425
vn 0.550068 -0.296824 -0.780590
vn 0.545585 -0.296824 -0.783730
vn 0.541085 -0.296824 -0.786843
vn 0.619664 -0.314374 -0.719156
vn 0.603029 -0.314374 -0.733161
vn 0.586078 -0.314374 -0.746781
vn 0.568819 -0.314374 -0.760010
vn 0.551261 -0.314374 -0.772839
vn 0.566283 -0.034563 -0.823486
vn 0.566080 -0.043713 -0.823191
vn 0.565829 -0.052867 -0.822826
vn 0.512905 -0.052867 -0.856816
vn 0.517800 -0.052867 -0.853867
vn 0.522911 -0.043713 -0.851266
vn 0.512635 -0.062024 -0.856364
vn 0.517527 -0.062024 -0.853416
vn 0.522680 -0.052867 -0.850888
vn 0.527775 -0.043713 -0.848259
vn 0.508903 -0.135265 -0.850130
vn 0.513759 -0.135265 -0.847204
vn 0.519237 -0.126121 -0.845273
vn 0.524653 -0.116971 -0.843242
vn 0.529473 -0.116971 -0.840224
vn 0.534276 -0.116971 -0.837178
vn 0.505989 -0.171775 -0.845262
vn 0.510818 -0.171775 -0.842353
vn 0.516448 -0.162660 -0.840728
vn 0.522016 -0.153536 -0.839003
vn 0.526811 -0.153536 -0.836000
vn 0.531590 -0.153536 -0.832970
vn 0.537107 -0.144404 -0.831062
vn 0.542557 -0.135265 -0.829057
vn 0.547298 -0.135265 -0.825935
vn 0.552021 -0.135265 -0.822786
vn 0.504285 -0.189819 -0.842416
vn 0.509098 -0.189819 -0.839517
vn 0.515639 -0.171775 -0.839410
vn 0.521244 -0.162660 -0.837763
vn 0.526032 -0.162660 -0.834764
vn 0.530804 -0.162660 -0.831738
vn 0.536361 -0.153536 -0.829906
vn 0.541850 -0.144404 -0.827977
vn 0.546585 -0.144404 -0.824859
vn 0.551302 -0.144404 -0.821714
vn 0.556731 -0.135265 -0.819606
vn 0.502410 -0.207817 -0.839283
vn 0.507204 -0.207817 -0.836395
vn 0.513904 -0.189819 -0.836583
vn 0.520427 -0.171775 -0.836450
vn 0.525208 -0.171775 -0.833457
vn 0.529972 -0.171775 -0.830435
vn 0.535568 -0.162660 -0.828679
vn 0.541097 -0.153536 -0.826826
vn 0.545825 -0.153536 -0.823712
vn 0.550535 -0.153536 -0.820571
vn 0.556006 -0.144404 -0.818538
vn 0.561414 -0.135265 -0.816405
vn 0.500363 -0.225759 -0.835864
vn 0.505138 -0.225759 -0.832987
vn 0.511994 -0.207817 -0.833471
vn 0.518675 -0.189819 -0.833634
vn 0.523440 -0.189819 -0.830650
vn 0.528188 -0.189819 -0.827639
vn 0.534730 -0.171775 -0.827380
vn 0.540297 -0.162660 -0.825603
vn 0.545018 -0.162660 -0.822494
vn 0.549722 -0.162660 -0.819358
vn 0.555234 -0.153536 -0.817400
vn 0.560683 -0.144404 -0.815342
vn 0.565346 -0.144404 -0.812116
vn 0.498146 -0.243639 -0.832160
vn 0.502900 -0.243639 -0.829296
vn 0.509910 -0.225759 -0.830075
vn 0.516746 -0.207817 -0.830533
vn 0.521493 -0.207817 -0.827561
vn 0.526224 -0.207817 -0.824561
vn 0.532931 -0.189819 -0.824593
vn 0.539451 -0.171775 -0.824310
vn 0.544164 -0.171775 -0.821206
vn 0.548860 -0.171775 -0.818074
vn 0.554413 -0.162660 -0.816191
vn 0.559903 -0.153536 -0.814208
vn 0.564560 -0.153536 -0.810986
vn 0.569198 -0.153536 -0.807738
vn 0.495758 -0.261449 -0.828172
vn 0.500489 -0.261449 -0.825321
vn 0.507651 -0.243639 -0.826396
vn 0.514641 -0.225759 -0.827150
vn 0.519369 -0.225759 -0.824190
vn 0.524080 -0.225759 -0.821202
vn 0.530950 -0.207817 -0.821526
vn 0.537634 -0.189819 -0.821534
vn 0.542332 -0.189819 -0.818441
vn 0.547012 -0.189819 -0.815320
vn 0.553545 -0.171775 -0.814912
vn 0.559075 -0.162660 -0.813005
vn 0.563725 -0.162660 -0.809788
vn 0.568356 -0.162660 -0.806544
vn 0.572969 -0.162660 -0.803273
vn 0.493201 -0.279179 -0.823900
vn 0.497908 -0.279179 -0.821064
vn 0.505219 -0.261449 -0.822434
vn 0.512360 -0.243639 -0.823484
vn 0.517067 -0.243639 -0.820537
vn 0.521757 -0.243639 -0.817563
vn 0.528788 -0.225759 -0.818178
vn 0.535635 -0.207817 -0.818479
vn 0.540315 -0.207817 -0.815397
vn 0.544978 -0.207817 -0.812288
vn 0.551682 -0.189819 -0.812167
vn 0.558199 -0.171775 -0.811731
vn 0.562842 -0.171775 -0.808519
vn 0.567466 -0.171775 -0.805280
vn 0.572072 -0.171775 -0.802015
vn 0.581226 -0.171775 -0.795405
vn 0.522405 -0.062024 -0.850439
vn 0.517210 -0.071183 -0.852893
vn 0.522085 -0.071183 -0.849918
vn 0.527541 -0.052867 -0.847883
vn 0.532387 -0.052867 -0.844849
vn 0.526940 -0.071183 -0.846917
vn 0.531409 -0.080342 -0.843297
vn 0.535810 -0.089502 -0.839582
vn 0.540614 -0.089502 -0.836496
vn 0.545392 -0.089502 -0.833389
vn 0.549680 -0.098661 -0.829529
vn 0.553894 -0.107817 -0.825577
vn 0.558619 -0.107817 -0.822387
vn 0.563318 -0.107817 -0.819175
vn 0.567412 -0.116971 -0.815084
vn 0.571428 -0.126121 -0.810903
vn 0.575366 -0.135265 -0.806633
vn 0.583812 -0.144404 -0.798944
vn 0.592100 -0.153536 -0.791103
vn 0.600243 -0.162660 -0.783103
vn 0.608212 -0.171775 -0.774966
vn 0.527263 -0.062024 -0.847436
vn 0.532106 -0.062024 -0.844403
vn 0.536933 -0.062024 -0.841342
vn 0.541745 -0.062024 -0.838251
vn 0.536604 -0.071183 -0.840827
vn 0.531780 -0.071183 -0.843886
vn 0.541414 -0.071183 -0.837737
vn 0.536230 -0.080342 -0.840240
vn 0.546536 -0.062024 -0.835136
vn 0.546201 -0.071183 -0.834624
vn 0.541037 -0.080342 -0.837152
vn 0.545820 -0.080342 -0.834042
vn 0.561354 -0.043713 -0.826420
vn 0.561106 -0.052867 -0.826054
vn 0.555340 -0.080342 -0.827733
vn 0.550973 -0.071183 -0.831482
vn 0.550589 -0.080342 -0.830901
vn 0.554905 -0.089502 -0.827085
vn 0.550158 -0.089502 -0.830251
vn 0.560076 -0.080342 -0.824536
vn 0.559638 -0.089502 -0.823890
vn 0.554423 -0.098661 -0.826366
vn 0.559152 -0.098661 -0.823174
vn 0.573218 -0.098661 -0.813442
vn 0.569041 -0.089502 -0.817424
vn 0.568546 -0.098661 -0.816714
vn 0.564347 -0.089502 -0.820671
vn 0.563857 -0.098661 -0.819958
vn 0.572670 -0.107817 -0.812665
vn 0.568003 -0.107817 -0.815934
vn 0.577318 -0.107817 -0.809370
vn 0.576717 -0.116971 -0.808527
vn 0.572074 -0.116971 -0.811819
vn 0.576066 -0.126121 -0.807615
vn 0.564790 -0.080342 -0.821315
vn 0.585946 -0.116971 -0.801864
vn 0.585285 -0.126121 -0.800959
vn 0.594421 -0.126121 -0.794202
vn 0.584573 -0.135265 -0.799986
vn 0.593699 -0.135265 -0.793237
vn 0.602754 -0.135265 -0.786378
vn 0.592925 -0.144404 -0.792204
vn 0.601132 -0.153536 -0.784262
vn 0.609167 -0.162660 -0.776181
vn 0.617058 -0.171775 -0.767941
vn 0.616807 -0.043713 -0.785900
vn 0.625769 -0.043713 -0.778783
vn 0.634644 -0.043713 -0.771567
vn 0.616533 -0.052867 -0.785552
vn 0.625492 -0.052867 -0.778438
vn 0.634362 -0.052867 -0.771226
vn 0.614916 -0.089502 -0.783497
vn 0.623854 -0.089502 -0.776399
vn 0.632699 -0.089502 -0.769208
vn 0.613154 -0.116971 -0.781255
vn 0.622068 -0.116971 -0.774176
vn 0.630887 -0.116971 -0.767007
vn 0.601969 -0.144404 -0.785354
vn 0.610919 -0.144404 -0.778412
vn 0.610069 -0.153536 -0.777330
vn 0.618026 -0.162660 -0.769146
vn 0.625802 -0.171775 -0.760832
vn 0.618941 -0.153536 -0.770285
vn 0.626785 -0.162660 -0.762025
vn 0.863836 -0.000000 0.503774
vn 0.863836 -0.000000 0.503774
vn 0.863836 -0.000000 0.503774
vn 0.863836 -0.000000 0.503774
vn 0.863836 -0.000000 0.503774
vn 0.863836 -0.000000 0.503774
vn 0.863836 -0.000000 0.503774
vn 0.863836 -0.000000 0.503774
vn 0.863836 -0.000000 0.503774
vn 0.863836 -0.000000 0.503774
vn 0.863836 -0.000000 0.503774
vn 0.863836 -0.000000 0.503774
vn 0.863836 -0.000000 0.503774
vn 0.863836 -0.000000 0.503774
vn 0.863836 -0.000000 0.503774
vn 0.863836 -0.000000 0.503774
vn 0.863836 -0.000000 0.503774
vn 0.863836 -0.000000 0.503774
vn 0.863836 -0.000000 0.503774
vn 0.863836 -0.000000 0.503774
vn 0.863836 -0.000000 0.503774
vn 0.863836 -0.000000 0.503774
vn 0.863836 -0.000000 0.503774
vn 0.863836 -0.000000 0.503774
vn 0.863836 -0.000000 0.503774
vn 0.863836 -0.000000 0.503774
vn 0.863836 -0.000000 0.503774
vn 0.863836 -0.000000 0.503774
vn 0.863836 -0.000000 0.503774
vn 0.863836 -0.000000 0.503774
vn 0.863836 -0.000000 0.503774
vn 0.863836 -0.000000 0.503774
usemtl Aluminum_-_Anodized_Glossy_(Blue)
f 1/1/1 2/2/2 32/3/3
f 32/3/3 2/2/2 31/4/4
f 31/4/4 2/2/2 3/5/5
f 31/4/4 3/5/5 30/6/6
f 30/6/6 3/5/5 4/7/7
f 30/6/6 4/7/7 29/8/8
f 29/8/8 4/7/7 5/9/9
f 29/8/8 5/9/9 28/10/10
f 28/10/10 5/9/9 6/11/11
f 28/10/10 6/11/11 27/12/12
f 27/12/12 6/11/11 7/13/13
f 27/12/12 7/13/13 26/14/14
f 26/14/14 7/13/13 8/15/15
f 26/14/14 8/15/15 25/16/16
f 25/16/16 8/15/15 9/17/17
f 25/16/16 9/17/17 24/18/18
f 24/18/18 9/17/17 10/19/19
f 24/18/18 10/19/19 23/20/20
f 23/20/20 10/19/19 11/21/21
f 23/20/20 11/21/21 22/22/22
f 22/22/22 11/21/21 12/23/23
f 22/22/22 12/23/23 21/24/24
f 21/24/24 12/23/23 13/25/25
f 21/24/24 13/25/25 20/26/26
f 20/26/26 13/25/25 14/27/27
f 20/26/26 14/27/27 19/28/28
f 19/28/28 14/27/27 15/29/29
f 19/28/28 15/29/29 18/30/30
f 18/30/30 15/29/29 16/31/31
f 18/30/30 16/31/31 17/32/32
f 33/33/33 34/34/34 48/35/35
f 48/35/35 34/34/34 35/36/36
f 48/35/35 35/36/36 47/37/37
f 47/37/37 35/36/36 36/38/38
f 47/37/37 36/38/38 46/39/39
f 46/39/39 36/38/38 37/40/40
f 46/39/39 37/40/40 45/41/41
f 45/41/41 37/40/40 38/42/42
f 45/41/41 38/42/42 44/43/43
f 44/43/43 38/42/42 39/44/44
f 44/43/43 39/44/44 43/45/45
f 43/45/45 39/44/44 40/46/46
f 43/45/45 40/46/46 42/47/47
f 42/47/47 40/46/46 41/48/48
f 42/47/47 41/48/48 32/49/49
f 32/49/49 41/48/48 1/50/50
f 50/51/51 51/52/52 49/53/53
f 49/53/53 51/52/52 66/54/54
f 66/54/54 51/52/52 52/55/55
f 66/54/54 52/55/55 65/56/56
f 65/56/56 52/55/55 53/57/57
f 65/56/56 53/57/57 64/58/58
f 64/58/58 53/57/57 54/59/59
f 64/58/58 54/59/59 63/60/60
f 63/60/60 54/59/59 55/61/61
f 63/60/60 55/61/61 62/62/62
f 62/62/62 55/61/61 56/63/63
f 62/62/62 56/63/63 61/64/64
f 61/64/64 56/63/63 57/65/65
f 61/64/64 57/65/65 60/66/66
f 60/66/66 57/65/65 58/67/67
f 60/66/66 58/67/67 59/68/68
f 59/68/68 58/67/67 17/69/69
f 59/68/68 17/69/69 16/70/70
f 18/71/71 17/72/72 93/73/73
f 93/73/73 17/72/72 58/74/74
f 93/73/73 58/74/74 115/75/75
f 115/75/75 58/74/74 92/76/76
f 115/75/75 92/76/76 116/77/77
f 116/77/77 92/76/76 178/78/78
f 116/77/77 178/78/78 117/79/79
f 117/79/79 178/78/78 177/80/80
f 117/79/79 177/80/80 118/81/81
f 118/81/81 177/80/80 176/82/82
f 118/81/81 176/82/82 119/83/83
f 119/83/83 176/82/82 175/84/84
f 119/83/83 175/84/84 120/85/85
f 120/85/85 175/84/84 174/86/86
f 120/85/85 174/86/86 121/87/87
f 121/87/87 174/86/86 173/88/88
f 121/87/87 173/88/88 122/89/89
f 122/89/89 173/88/88 172/90/90
f 122/89/89 172/90/90 123/91/91
f 123/91/91 172/90/90 171/92/92
f 123/91/91 171/92/92 124/93/93
f 124/93/93 171/92/92 170/94/94
f 124/93/93 170/94/94 125/95/95
f 125/95/95 170/94/94 169/96/96
f 125/95/95 169/96/96 126/97/97
f 126/97/97 169/96/96 168/98/98
f 126/97/97 168/98/98 127/99/99
f 127/99/99 168/98/98 167/100/100
f 127/99/99 167/100/100 128/101/101
f 128/101/101 167/100/100 166/102/102
f 128/101/101 166/102/102 129/103/103
f 129/103/103 166/102/102 165/104/104
f 129/103/103 165/104/104 130/105/105
f 130/105/105 165/104/104 164/106/106
f 130/105/105 164/106/106 131/107/107
f 131/107/107 164/106/106 163/108/108
f 131/107/107 163/108/108 132/109/109
f 132/109/109 163/108/108 162/110/110
f 132/109/109 162/110/110 133/111/111
f 133/111/111 162/110/110 161/112/112
f 133/111/111 161/112/112 134/113/113
f 134/113/113 161/112/112 160/114/114
f 134/113/113 160/114/114 135/115/115
f 135/115/115 160/114/114 159/116/116
f 135/115/115 159/116/116 136/117/117
f 136/117/117 159/116/116 158/118/118
f 136/117/117 158/118/118 42/119/119
f 42/119/119 158/118/118 43/120/120
f 43/120/120 158/118/118 157/121/121
f 43/120/120 157/121/121 200/122/122
f 200/122/122 157/121/121 201/123/123
f 200/122/122 201/123/123 198/124/124
f 198/124/124 201/123/123 197/125/125
f 198/124/124 197/125/125 245/126/126
f 245/126/126 197/125/125 246/127/127
f 245/126/126 246/127/127 240/128/128
f 240/128/128 246/127/127 239/129/129
f 240/128/128 239/129/129 288/130/130
f 288/130/130 239/129/129 289/131/131
f 288/130/130 289/131/131 284/132/132
f 284/132/132 289/131/131 283/133/133
f 284/132/132 283/133/133 506/134/134
f 506/134/134 283/133/133 507/135/135
f 506/134/134 507/135/135 544/136/136
f 544/136/136 507/135/135 543/137/137
f 544/136/136 543/137/137 331/138/138
f 331/138/138 543/137/137 332/139/139
f 331/138/138 332/139/139 327/140/140
f 327/140/140 332/139/139 326/141/141
f 327/140/140 326/141/141 485/142/142
f 485/142/142 326/141/141 486/143/143
f 485/142/142 486/143/143 375/144/144
f 375/144/144 486/143/143 376/145/145
f 375/144/144 376/145/145 370/146/146
f 370/146/146 376/145/145 369/147/147
f 370/146/146 369/147/147 568/148/148
f 568/148/148 369/147/147 569/149/149
f 568/148/148 569/149/149 463/150/150
f 463/150/150 569/149/149 464/151/151
f 463/150/150 464/151/151 419/152/152
f 419/152/152 464/151/151 420/153/153
f 419/152/152 420/153/153 414/154/154
f 414/154/154 420/153/153 413/155/155
f 414/154/154 413/155/155 548/156/156
f 548/156/156 413/155/155 549/157/157
f 548/156/156 549/157/157 441/158/158
f 441/158/158 549/157/157 442/159/159
f 441/158/158 442/159/159 78/160/160
f 78/160/160 442/159/159 77/161/161
f 77/161/161 442/159/159 443/162/162
f 77/161/161 443/162/162 76/163/163
f 76/163/163 443/162/162 444/164/164
f 76/163/163 444/164/164 75/165/165
f 75/165/165 444/164/164 445/166/166
f 75/165/165 445/166/166 74/167/167
f 74/167/167 445/166/166 446/168/168
f 74/167/167 446/168/168 73/169/169
f 73/169/169 446/168/168 447/170/170
f 73/169/169 447/170/170 448/171/171
f 448/171/171 447/170/170 555/172/172
f 448/171/171 555/172/172 556/173/173
f 556/173/173 555/172/172 406/174/174
f 556/173/173 406/174/174 405/175/175
f 405/175/175 406/174/174 428/176/176
f 405/175/175 428/176/176 429/177/177
f 429/177/177 428/176/176 473/178/178
f 429/177/177 473/178/178 474/179/179
f 474/179/179 473/178/178 579/180/180
f 474/179/179 579/180/180 580/181/181
f 580/181/181 579/180/180 358/182/182
f 580/181/181 358/182/182 357/183/183
f 357/183/183 358/182/182 388/184/184
f 357/183/183 388/184/184 389/185/185
f 389/185/185 388/184/184 499/186/186
f 389/185/185 499/186/186 500/187/187
f 500/187/187 499/186/186 312/188/188
f 500/187/187 312/188/188 311/189/189
f 311/189/189 312/188/188 347/190/190
f 311/189/189 347/190/190 348/191/191
f 348/191/191 347/190/190 527/192/192
f 348/191/191 527/192/192 526/193/193
f 526/193/193 527/192/192 524/194/194
f 526/193/193 524/194/194 525/195/195
f 525/195/195 524/194/194 265/196/196
f 525/195/195 265/196/196 54/197/197
f 54/197/197 265/196/196 307/198/198
f 54/197/197 307/198/198 88/199/199
f 88/199/199 307/198/198 306/200/200
f 88/199/199 306/200/200 222/201/201
f 222/201/201 306/200/200 305/202/202
f 222/201/201 305/202/202 223/203/203
f 223/203/203 305/202/202 304/204/204
f 223/203/203 304/204/204 224/205/205
f 224/205/205 304/204/204 303/206/206
f 224/205/205 303/206/206 225/207/207
f 225/207/207 303/206/206 302/208/208
f 225/207/207 302/208/208 226/209/209
f 226/209/209 302/208/208 301/210/210
f 226/209/209 301/210/210 227/211/211
f 227/211/211 301/210/210 300/212/212
f 227/211/211 300/212/212 228/213/213
f 228/213/213 300/212/212 299/214/214
f 228/213/213 299/214/214 229/215/215
f 229/215/215 299/214/214 298/216/216
f 229/215/215 298/216/216 230/217/217
f 230/217/217 298/216/216 297/218/218
f 230/217/217 297/218/218 231/219/219
f 231/219/219 297/218/218 296/220/220
f 231/219/219 296/220/220 232/221/221
f 232/221/221 296/220/220 295/222/222
f 232/221/221 295/222/222 233/223/223
f 233/223/223 295/222/222 294/224/224
f 233/223/223 294/224/224 234/225/225
f 234/225/225 294/224/224 293/226/226
f 234/225/225 293/226/226 235/227/227
f 235/227/227 293/226/226 292/228/228
f 235/227/227 292/228/228 236/229/229
f 236/229/229 292/228/228 291/230/230
f 236/229/229 291/230/230 237/231/231
f 237/231/231 291/230/230 290/232/232
f 237/231/231 290/232/232 238/233/233
f 238/233/233 290/232/232 289/131/131
f 238/233/233 289/131/131 239/129/129
f 58/74/74 57/234/234 92/76/76
f 92/76/76 57/234/234 91/235/235
f 92/76/76 91/235/235 178/78/78
f 178/78/78 91/235/235 137/236/236
f 178/78/78 137/236/236 177/80/80
f 177/80/80 137/236/236 138/237/237
f 177/80/80 138/237/237 176/82/82
f 176/82/82 138/237/237 139/238/238
f 176/82/82 139/238/238 175/84/84
f 175/84/84 139/238/238 140/239/239
f 175/84/84 140/239/239 174/86/86
f 174/86/86 140/239/239 141/240/240
f 174/86/86 141/240/240 173/88/88
f 173/88/88 141/240/240 142/241/241
f 173/88/88 142/241/241 172/90/90
f 172/90/90 142/241/241 143/242/242
f 172/90/90 143/242/242 171/92/92
f 171/92/92 143/242/242 144/243/243
f 171/92/92 144/243/243 170/94/94
f 170/94/94 144/243/243 145/244/244
f 170/94/94 145/244/244 169/96/96
f 169/96/96 145/244/244 146/245/245
f 169/96/96 146/245/245 168/98/98
f 168/98/98 146/245/245 147/246/246
f 168/98/98 147/246/246 167/100/100
f 167/100/100 147/246/246 148/247/247
f 167/100/100 148/247/247 166/102/102
f 166/102/102 148/247/247 149/248/248
f 166/102/102 149/248/248 165/104/104
f 165/104/104 149/248/248 150/249/249
f 165/104/104 150/249/249 164/106/106
f 164/106/106 150/249/249 151/250/250
f 164/106/106 151/250/250 163/108/108
f 163/108/108 151/250/250 152/251/251
f 163/108/108 152/251/251 162/110/110
f 162/110/110 152/251/251 153/252/252
f 162/110/110 153/252/252 161/112/112
f 161/112/112 153/252/252 154/253/253
f 161/112/112 154/253/253 160/114/114
f 160/114/114 154/253/253 155/254/254
f 160/114/114 155/254/254 159/116/116
f 159/116/116 155/254/254 156/255/255
f 159/116/116 156/255/255 158/118/118
f 158/118/118 156/255/255 157/121/121
f 57/234/234 56/256/256 91/235/235
f 91/235/235 56/256/256 221/257/257
f 91/235/235 221/257/257 137/236/236
f 137/236/236 221/257/257 220/258/258
f 137/236/236 220/258/258 138/237/237
f 138/237/237 220/258/258 219/259/259
f 138/237/237 219/259/259 139/238/238
f 139/238/238 219/259/259 218/260/260
f 139/238/238 218/260/260 140/239/239
f 140/239/239 218/260/260 217/261/261
f 140/239/239 217/261/261 141/240/240
f 141/240/240 217/261/261 216/262/262
f 141/240/240 216/262/262 142/241/241
f 142/241/241 216/262/262 215/263/263
f 142/241/241 215/263/263 143/242/242
f 143/242/242 215/263/263 214/264/264
f 143/242/242 214/264/264 144/243/243
f 144/243/243 214/264/264 213/265/265
f 144/243/243 213/265/265 145/244/244
f 145/244/244 213/265/265 212/266/266
f 145/244/244 212/266/266 146/245/245
f 146/245/245 212/266/266 211/267/267
f 146/245/245 211/267/267 147/246/246
f 147/246/246 211/267/267 210/268/268
f 147/246/246 210/268/268 148/247/247
f 148/247/247 210/268/268 209/269/269
f 148/247/247 209/269/269 149/248/248
f 149/248/248 209/269/269 208/270/270
f 149/248/248 208/270/270 150/249/249
f 150/249/249 208/270/270 207/271/271
f 150/249/249 207/271/271 151/250/250
f 151/250/250 207/271/271 206/272/272
f 151/250/250 206/272/272 152/251/251
f 152/251/251 206/272/272 205/273/273
f 152/251/251 205/273/273 153/252/252
f 153/252/252 205/273/273 204/274/274
f 153/252/252 204/274/274 154/253/253
f 154/253/253 204/274/274 203/275/275
f 154/253/253 203/275/275 155/254/254
f 155/254/254 203/275/275 202/276/276
f 155/254/254 202/276/276 156/255/255
f 156/255/255 202/276/276 201/123/123
f 156/255/255 201/123/123 157/121/121
f 221/257/257 56/256/256 90/277/277
f 90/277/277 56/256/256 55/278/278
f 90/277/277 55/278/278 264/279/279
f 264/279/279 55/278/278 88/199/199
f 264/279/279 88/199/199 222/201/201
f 55/278/278 54/197/197 88/199/199
f 525/195/195 54/197/197 86/280/280
f 86/280/280 54/197/197 53/281/281
f 86/280/280 53/281/281 350/282/282
f 350/282/282 53/281/281 308/283/283
f 350/282/282 308/283/283 309/284/284
f 309/284/284 308/283/283 503/285/285
f 309/284/284 503/285/285 502/286/286
f 502/286/286 503/285/285 392/287/287
f 502/286/286 392/287/287 391/288/288
f 391/288/288 392/287/287 354/289/289
f 391/288/288 354/289/289 355/290/290
f 355/290/290 354/289/289 583/291/291
f 355/290/290 583/291/291 582/292/292
f 582/292/292 583/291/291 477/293/293
f 582/292/292 477/293/293 476/294/294
f 476/294/294 477/293/293 432/295/295
f 476/294/294 432/295/295 431/296/296
f 431/296/296 432/295/295 402/297/297
f 431/296/296 402/297/297 403/298/298
f 403/298/298 402/297/297 559/299/299
f 403/298/298 559/299/299 558/300/300
f 558/300/300 559/299/299 451/301/301
f 558/300/300 451/301/301 450/302/302
f 450/302/302 451/301/301 71/303/303
f 450/302/302 71/303/303 72/304/304
f 308/283/283 53/281/281 85/305/305
f 85/305/305 53/281/281 52/306/306
f 85/305/305 52/306/306 394/307/307
f 394/307/307 52/306/306 351/308/308
f 394/307/307 351/308/308 352/309/309
f 352/309/309 351/308/308 586/310/310
f 352/309/309 586/310/310 585/311/311
f 585/311/311 586/310/310 480/312/312
f 585/311/311 480/312/312 479/313/313
f 479/313/313 480/312/312 435/314/314
f 479/313/313 435/314/314 434/315/315
f 434/315/315 435/314/314 399/316/316
f 434/315/315 399/316/316 400/317/317
f 400/317/317 399/316/316 562/318/318
f 400/317/317 562/318/318 561/319/319
f 561/319/319 562/318/318 454/320/320
f 561/319/319 454/320/320 453/321/321
f 453/321/321 454/320/320 70/322/322
f 453/321/321 70/322/322 452/323/323
f 452/323/323 70/322/322 71/303/303
f 452/323/323 71/303/303 451/301/301
f 51/324/324 83/325/325 52/306/306
f 52/306/306 83/325/325 482/326/326
f 52/306/306 482/326/326 351/308/308
f 351/308/308 482/326/326 586/310/310
f 50/327/327 81/328/328 51/324/324
f 51/324/324 81/328/328 395/329/329
f 51/324/324 395/329/329 438/330/330
f 438/330/330 395/329/329 396/331/331
f 438/330/330 396/331/331 437/332/332
f 437/332/332 396/331/331 397/333/333
f 437/332/332 397/333/333 436/334/334
f 436/334/334 397/333/333 398/335/335
f 436/334/334 398/335/335 435/314/314
f 435/314/314 398/335/335 399/316/316
f 81/328/328 50/327/327 460/336/336
f 460/336/336 50/327/327 67/337/337
f 460/336/336 67/337/337 459/338/338
f 459/338/338 67/337/337 68/339/339
f 459/338/338 68/339/339 458/340/340
f 458/340/340 68/339/339 457/341/341
f 458/340/340 457/341/341 565/342/342
f 565/342/342 457/341/341 564/343/343
f 565/342/342 564/343/343 397/333/333
f 397/333/333 564/343/343 398/335/335
f 68/339/339 69/344/344 457/341/341
f 457/341/341 69/344/344 456/345/345
f 457/341/341 456/345/345 564/343/343
f 564/343/343 456/345/345 563/346/346
f 564/343/343 563/346/346 398/335/335
f 398/335/335 563/346/346 399/316/316
f 456/345/345 69/344/344 455/347/347
f 455/347/347 69/344/344 70/322/322
f 455/347/347 70/322/322 454/320/320
f 73/169/169 448/171/171 72/304/304
f 72/304/304 448/171/171 449/348/348
f 72/304/304 449/348/348 450/302/302
f 450/302/302 449/348/348 557/349/349
f 450/302/302 557/349/349 558/300/300
f 558/300/300 557/349/349 404/350/350
f 558/300/300 404/350/350 403/298/298
f 403/298/298 404/350/350 430/351/351
f 403/298/298 430/351/351 431/296/296
f 431/296/296 430/351/351 475/352/352
f 431/296/296 475/352/352 476/294/294
f 476/294/294 475/352/352 581/353/353
f 476/294/294 581/353/353 582/292/292
f 582/292/292 581/353/353 356/354/354
f 582/292/292 356/354/354 355/290/290
f 355/290/290 356/354/354 390/355/355
f 355/290/290 390/355/355 391/288/288
f 391/288/288 390/355/355 501/356/356
f 391/288/288 501/356/356 502/286/286
f 502/286/286 501/356/356 310/357/357
f 502/286/286 310/357/357 309/284/284
f 309/284/284 310/357/357 349/358/358
f 309/284/284 349/358/358 350/282/282
f 350/282/282 349/358/358 86/280/280
f 78/160/160 79/359/359 441/158/158
f 441/158/158 79/359/359 440/360/360
f 441/158/158 440/360/360 548/156/156
f 548/156/156 440/360/360 547/361/361
f 548/156/156 547/361/361 414/154/154
f 414/154/154 547/361/361 415/362/362
f 414/154/154 415/362/362 419/152/152
f 419/152/152 415/362/362 418/363/363
f 419/152/152 418/363/363 463/150/150
f 463/150/150 418/363/363 462/364/364
f 463/150/150 462/364/364 568/148/148
f 568/148/148 462/364/364 567/365/365
f 568/148/148 567/365/365 370/146/146
f 370/146/146 567/365/365 371/366/366
f 370/146/146 371/366/366 375/144/144
f 375/144/144 371/366/366 374/367/367
f 375/144/144 374/367/367 485/142/142
f 485/142/142 374/367/367 484/368/368
f 485/142/142 484/368/368 327/140/140
f 327/140/140 484/368/368 328/369/369
f 327/140/140 328/369/369 331/138/138
f 331/138/138 328/369/369 330/370/370
f 331/138/138 330/370/370 544/136/136
f 544/136/136 330/370/370 545/371/371
f 544/136/136 545/371/371 506/134/134
f 506/134/134 545/371/371 505/372/372
f 506/134/134 505/372/372 284/132/132
f 284/132/132 505/372/372 285/373/373
f 284/132/132 285/373/373 288/130/130
f 288/130/130 285/373/373 287/374/374
f 288/130/130 287/374/374 240/128/128
f 240/128/128 287/374/374 241/375/375
f 240/128/128 241/375/375 245/126/126
f 245/126/126 241/375/375 244/376/376
f 245/126/126 244/376/376 198/124/124
f 198/124/124 244/376/376 199/377/377
f 198/124/124 199/377/377 200/122/122
f 200/122/122 199/377/377 44/378/378
f 200/122/122 44/378/378 43/120/120
f 79/359/359 80/379/379 440/360/360
f 440/360/360 80/379/379 439/380/380
f 440/360/360 439/380/380 547/361/361
f 547/361/361 439/380/380 82/381/381
f 547/361/361 82/381/381 415/362/362
f 415/362/362 82/381/381 416/382/382
f 415/362/362 416/382/382 418/363/363
f 418/363/363 416/382/382 417/383/383
f 418/363/363 417/383/383 462/364/364
f 462/364/364 417/383/383 461/384/384
f 462/364/364 461/384/384 567/365/365
f 567/365/365 461/384/384 84/385/385
f 567/365/365 84/385/385 371/366/366
f 371/366/366 84/385/385 372/386/386
f 371/366/366 372/386/386 374/367/367
f 374/367/367 372/386/386 373/387/387
f 374/367/367 373/387/387 484/368/368
f 484/368/368 373/387/387 483/388/388
f 484/368/368 483/388/388 328/369/369
f 328/369/369 483/388/388 87/389/389
f 328/369/369 87/389/389 330/370/370
f 330/370/370 87/389/389 329/390/390
f 330/370/370 329/390/390 545/371/371
f 545/371/371 329/390/390 546/391/391
f 545/371/371 546/391/391 505/372/372
f 505/372/372 546/391/391 504/392/392
f 505/372/372 504/392/392 285/373/373
f 285/373/373 504/392/392 89/393/393
f 285/373/373 89/393/393 287/374/374
f 287/374/374 89/393/393 286/394/394
f 287/374/374 286/394/394 241/375/375
f 241/375/375 286/394/394 242/395/395
f 241/375/375 242/395/395 244/376/376
f 244/376/376 242/395/395 243/396/396
f 244/376/376 243/396/396 199/377/377
f 199/377/377 243/396/396 44/378/378
f 80/379/379 33/397/397 439/380/380
f 439/380/380 33/397/397 82/381/381
f 33/397/397 48/398/398 82/381/381
f 82/381/381 48/398/398 416/382/382
f 47/399/399 84/385/385 48/398/398
f 48/398/398 84/385/385 461/384/384
f 48/398/398 461/384/384 417/383/383
f 46/400/400 87/389/389 47/399/399
f 47/399/399 87/389/389 483/388/388
f 47/399/399 483/388/388 373/387/387
f 45/401/401 89/393/393 46/400/400
f 46/400/400 89/393/393 504/392/392
f 46/400/400 504/392/392 546/391/391
f 44/378/378 243/396/396 45/401/401
f 45/401/401 243/396/396 242/395/395
f 45/401/401 242/395/395 286/394/394
f 136/117/117 42/119/119 114/402/402
f 114/402/402 42/119/119 32/403/403
f 114/402/402 32/403/403 31/404/404
f 114/402/402 31/404/404 113/405/405
f 113/405/405 31/404/404 30/406/406
f 113/405/405 30/406/406 112/407/407
f 112/407/407 30/406/406 29/408/408
f 112/407/407 29/408/408 111/409/409
f 111/409/409 29/408/408 28/410/410
f 111/409/409 28/410/410 110/411/411
f 110/411/411 28/410/410 27/412/412
f 110/411/411 27/412/412 109/413/413
f 109/413/413 27/412/412 26/414/414
f 109/413/413 26/414/414 108/415/415
f 108/415/415 26/414/414 25/416/416
f 108/415/415 25/416/416 107/417/417
f 107/417/417 25/416/416 24/418/418
f 107/417/417 24/418/418 106/419/419
f 106/419/419 24/418/418 105/420/420
f 106/419/419 105/420/420 127/99/99
f 127/99/99 105/420/420 126/97/97
f 24/418/418 23/421/421 105/420/420
f 105/420/420 23/421/421 104/422/422
f 105/420/420 104/422/422 126/97/97
f 126/97/97 104/422/422 125/95/95
f 104/422/422 23/421/421 103/423/423
f 103/423/423 23/421/421 22/424/424
f 103/423/423 22/424/424 102/425/425
f 102/425/425 22/424/424 101/426/426
f 102/425/425 101/426/426 123/91/91
f 123/91/91 101/426/426 122/89/89
f 22/424/424 21/427/427 101/426/426
f 101/426/426 21/427/427 100/428/428
f 101/426/426 100/428/428 122/89/89
f 122/89/89 100/428/428 121/87/87
f 20/429/429 98/430/430 21/427/427
f 21/427/427 98/430/430 99/431/431
f 21/427/427 99/431/431 100/428/428
f 100/428/428 99/431/431 121/87/87
f 19/432/432 96/433/433 20/429/429
f 20/429/429 96/433/433 97/434/434
f 20/429/429 97/434/434 98/430/430
f 98/430/430 97/434/434 119/83/83
f 98/430/430 119/83/83 120/85/85
f 18/71/71 94/435/435 19/432/432
f 19/432/432 94/435/435 95/436/436
f 19/432/432 95/436/436 96/433/433
f 96/433/433 95/436/436 117/79/79
f 96/433/433 117/79/79 118/81/81
f 94/435/435 18/71/71 93/73/73
f 417/383/383 416/382/382 48/398/398
f 51/324/324 438/330/330 83/325/325
f 83/325/325 438/330/330 437/332/332
f 83/325/325 437/332/332 481/437/437
f 481/437/437 437/332/332 436/334/334
f 481/437/437 436/334/334 480/312/312
f 480/312/312 436/334/334 435/314/314
f 373/387/387 372/386/386 47/399/399
f 47/399/399 372/386/386 84/385/385
f 546/391/391 329/390/390 46/400/400
f 46/400/400 329/390/390 87/389/389
f 89/393/393 45/401/401 286/394/394
f 93/73/73 115/75/75 94/435/435
f 94/435/435 115/75/75 116/77/77
f 94/435/435 116/77/77 95/436/436
f 95/436/436 116/77/77 117/79/79
f 119/83/83 97/434/434 118/81/81
f 118/81/81 97/434/434 96/433/433
f 121/87/87 99/431/431 120/85/85
f 120/85/85 99/431/431 98/430/430
f 125/95/95 104/422/422 103/423/423
f 123/91/91 124/93/93 102/425/425
f 102/425/425 124/93/93 103/423/423
f 124/93/93 125/95/95 103/423/423
f 127/99/99 128/101/101 106/419/419
f 106/419/419 128/101/101 107/417/417
f 128/101/101 129/103/103 107/417/417
f 107/417/417 129/103/103 108/415/415
f 129/103/103 130/105/105 108/415/415
f 108/415/415 130/105/105 109/413/413
f 130/105/105 131/107/107 109/413/413
f 109/413/413 131/107/107 110/411/411
f 131/107/107 132/109/109 110/411/411
f 110/411/411 132/109/109 111/409/409
f 132/109/109 133/111/111 111/409/409
f 111/409/409 133/111/111 112/407/407
f 133/111/111 134/113/113 112/407/407
f 112/407/407 134/113/113 113/405/405
f 134/113/113 135/115/115 113/405/405
f 113/405/405 135/115/115 114/402/402
f 135/115/115 136/117/117 114/402/402
f 219/259/259 220/258/258 179/438/438
f 179/438/438 220/258/258 90/277/277
f 179/438/438 90/277/277 264/279/279
f 218/260/260 219/259/259 180/439/439
f 180/439/439 219/259/259 179/438/438
f 180/439/439 179/438/438 263/440/440
f 263/440/440 179/438/438 264/279/279
f 263/440/440 264/279/279 222/201/201
f 217/261/261 218/260/260 181/441/441
f 181/441/441 218/260/260 180/439/439
f 181/441/441 180/439/439 262/442/442
f 262/442/442 180/439/439 263/440/440
f 262/442/442 263/440/440 223/203/203
f 223/203/203 263/440/440 222/201/201
f 216/262/262 217/261/261 182/443/443
f 182/443/443 217/261/261 181/441/441
f 182/443/443 181/441/441 261/444/444
f 261/444/444 181/441/441 262/442/442
f 261/444/444 262/442/442 224/205/205
f 224/205/205 262/442/442 223/203/203
f 215/263/263 216/262/262 183/445/445
f 183/445/445 216/262/262 182/443/443
f 183/445/445 182/443/443 260/446/446
f 260/446/446 182/443/443 261/444/444
f 260/446/446 261/444/444 225/207/207
f 225/207/207 261/444/444 224/205/205
f 214/264/264 215/263/263 184/447/447
f 184/447/447 215/263/263 183/445/445
f 184/447/447 183/445/445 259/448/448
f 259/448/448 183/445/445 260/446/446
f 259/448/448 260/446/446 226/209/209
f 226/209/209 260/446/446 225/207/207
f 213/265/265 214/264/264 185/449/449
f 185/449/449 214/264/264 184/447/447
f 185/449/449 184/447/447 258/450/450
f 258/450/450 184/447/447 259/448/448
f 258/450/450 259/448/448 227/211/211
f 227/211/211 259/448/448 226/209/209
f 212/266/266 213/265/265 186/451/451
f 186/451/451 213/265/265 185/449/449
f 186/451/451 185/449/449 257/452/452
f 257/452/452 185/449/449 258/450/450
f 257/452/452 258/450/450 228/213/213
f 228/213/213 258/450/450 227/211/211
f 211/267/267 212/266/266 187/453/453
f 187/453/453 212/266/266 186/451/451
f 187/453/453 186/451/451 256/454/454
f 256/454/454 186/451/451 257/452/452
f 256/454/454 257/452/452 229/215/215
f 229/215/215 257/452/452 228/213/213
f 210/268/268 211/267/267 188/455/455
f 188/455/455 211/267/267 187/453/453
f 188/455/455 187/453/453 255/456/456
f 255/456/456 187/453/453 256/454/454
f 255/456/456 256/454/454 230/217/217
f 230/217/217 256/454/454 229/215/215
f 209/269/269 210/268/268 189/457/457
f 189/457/457 210/268/268 188/455/455
f 189/457/457 188/455/455 254/458/458
f 254/458/458 188/455/455 255/456/456
f 254/458/458 255/456/456 231/219/219
f 231/219/219 255/456/456 230/217/217
f 208/270/270 209/269/269 190/459/459
f 190/459/459 209/269/269 189/457/457
f 190/459/459 189/457/457 253/460/460
f 253/460/460 189/457/457 254/458/458
f 253/460/460 254/458/458 232/221/221
f 232/221/221 254/458/458 231/219/219
f 207/271/271 208/270/270 191/461/461
f 191/461/461 208/270/270 190/459/459
f 191/461/461 190/459/459 252/462/462
f 252/462/462 190/459/459 253/460/460
f 252/462/462 253/460/460 233/223/223
f 233/223/223 253/460/460 232/221/221
f 206/272/272 207/271/271 192/463/463
f 192/463/463 207/271/271 191/461/461
f 192/463/463 191/461/461 251/464/464
f 251/464/464 191/461/461 252/462/462
f 251/464/464 252/462/462 234/225/225
f 234/225/225 252/462/462 233/223/223
f 205/273/273 206/272/272 193/465/465
f 193/465/465 206/272/272 192/463/463
f 193/465/465 192/463/463 250/466/466
f 250/466/466 192/463/463 251/464/464
f 250/466/466 251/464/464 235/227/227
f 235/227/227 251/464/464 234/225/225
f 204/274/274 205/273/273 194/467/467
f 194/467/467 205/273/273 193/465/465
f 194/467/467 193/465/465 249/468/468
f 249/468/468 193/465/465 250/466/466
f 249/468/468 250/466/466 236/229/229
f 236/229/229 250/466/466 235/227/227
f 203/275/275 204/274/274 195/469/469
f 195/469/469 204/274/274 194/467/467
f 195/469/469 194/467/467 248/470/470
f 248/470/470 194/467/467 249/468/468
f 248/470/470 249/468/468 237/231/231
f 237/231/231 249/468/468 236/229/229
f 202/276/276 203/275/275 196/471/471
f 196/471/471 203/275/275 195/469/469
f 196/471/471 195/469/469 247/472/472
f 247/472/472 195/469/469 248/470/470
f 247/472/472 248/470/470 238/233/233
f 238/233/233 248/470/470 237/231/231
f 201/123/123 202/276/276 197/125/125
f 197/125/125 202/276/276 196/471/471
f 197/125/125 196/471/471 246/127/127
f 246/127/127 196/471/471 247/472/472
f 246/127/127 247/472/472 239/129/129
f 239/129/129 247/472/472 238/233/233
f 220/258/258 221/257/257 90/277/277
f 306/200/200 307/198/198 266/473/473
f 266/473/473 307/198/198 265/196/196
f 266/473/473 265/196/196 524/194/194
f 305/202/202 306/200/200 267/474/474
f 267/474/474 306/200/200 266/473/473
f 267/474/474 266/473/473 523/475/475
f 523/475/475 266/473/473 524/194/194
f 523/475/475 524/194/194 527/192/192
f 304/204/204 305/202/202 268/476/476
f 268/476/476 305/202/202 267/474/474
f 268/476/476 267/474/474 522/477/477
f 522/477/477 267/474/474 523/475/475
f 522/477/477 523/475/475 528/478/478
f 528/478/478 523/475/475 527/192/192
f 528/478/478 527/192/192 347/190/190
f 303/206/206 304/204/204 269/479/479
f 269/479/479 304/204/204 268/476/476
f 269/479/479 268/476/476 521/480/480
f 521/480/480 268/476/476 522/477/477
f 521/480/480 522/477/477 529/481/481
f 529/481/481 522/477/477 528/478/478
f 529/481/481 528/478/478 346/482/482
f 346/482/482 528/478/478 347/190/190
f 346/482/482 347/190/190 312/188/188
f 302/208/208 303/206/206 270/483/483
f 270/483/483 303/206/206 269/479/479
f 270/483/483 269/479/479 520/484/484
f 520/484/484 269/479/479 521/480/480
f 520/484/484 521/480/480 530/485/485
f 530/485/485 521/480/480 529/481/481
f 530/485/485 529/481/481 345/486/486
f 345/486/486 529/481/481 346/482/482
f 345/486/486 346/482/482 313/487/487
f 313/487/487 346/482/482 312/188/188
f 313/487/487 312/188/188 499/186/186
f 301/210/210 302/208/208 271/488/488
f 271/488/488 302/208/208 270/483/483
f 271/488/488 270/483/483 519/489/489
f 519/489/489 270/483/483 520/484/484
f 519/489/489 520/484/484 531/490/490
f 531/490/490 520/484/484 530/485/485
f 531/490/490 530/485/485 344/491/491
f 344/491/491 530/485/485 345/486/486
f 344/491/491 345/486/486 314/492/492
f 314/492/492 345/486/486 313/487/487
f 314/492/492 313/487/487 498/493/493
f 498/493/493 313/487/487 499/186/186
f 498/493/493 499/186/186 388/184/184
f 300/212/212 301/210/210 272/494/494
f 272/494/494 301/210/210 271/488/488
f 272/494/494 271/488/488 518/495/495
f 518/495/495 271/488/488 519/489/489
f 518/495/495 519/489/489 532/496/496
f 532/496/496 519/489/489 531/490/490
f 532/496/496 531/490/490 343/497/497
f 343/497/497 531/490/490 344/491/491
f 343/497/497 344/491/491 315/498/498
f 315/498/498 344/491/491 314/492/492
f 315/498/498 314/492/492 497/499/499
f 497/499/499 314/492/492 498/493/493
f 497/499/499 498/493/493 387/500/500
f 387/500/500 498/493/493 388/184/184
f 387/500/500 388/184/184 358/182/182
f 299/214/214 300/212/212 273/501/501
f 273/501/501 300/212/212 272/494/494
f 273/501/501 272/494/494 517/502/502
f 517/502/502 272/494/494 518/495/495
f 517/502/502 518/495/495 533/503/503
f 533/503/503 518/495/495 532/496/496
f 533/503/503 532/496/496 342/504/504
f 342/504/504 532/496/496 343/497/497
f 342/504/504 343/497/497 316/505/505
f 316/505/505 343/497/497 315/498/498
f 316/505/505 315/498/498 496/506/506
f 496/506/506 315/498/498 497/499/499
f 496/506/506 497/499/499 386/507/507
f 386/507/507 497/499/499 387/500/500
f 386/507/507 387/500/500 359/508/508
f 359/508/508 387/500/500 358/182/182
f 359/508/508 358/182/182 579/180/180
f 298/216/216 299/214/214 274/509/509
f 274/509/509 299/214/214 273/501/501
f 274/509/509 273/501/501 516/510/510
f 516/510/510 273/501/501 517/502/502
f 516/510/510 517/502/502 534/511/511
f 534/511/511 517/502/502 533/503/503
f 534/511/511 533/503/503 341/512/512
f 341/512/512 533/503/503 342/504/504
f 341/512/512 342/504/504 317/513/513
f 317/513/513 342/504/504 316/505/505
f 317/513/513 316/505/505 495/514/514
f 495/514/514 316/505/505 496/506/506
f 495/514/514 496/506/506 385/515/515
f 385/515/515 496/506/506 386/507/507
f 385/515/515 386/507/507 360/516/516
f 360/516/516 386/507/507 359/508/508
f 360/516/516 359/508/508 578/517/517
f 578/517/517 359/508/508 579/180/180
f 578/517/517 579/180/180 473/178/178
f 297/218/218 298/216/216 275/518/518
f 275/518/518 298/216/216 274/509/509
f 275/518/518 274/509/509 515/519/519
f 515/519/519 274/509/509 516/510/510
f 515/519/519 516/510/510 535/520/520
f 535/520/520 516/510/510 534/511/511
f 535/520/520 534/511/511 340/521/521
f 340/521/521 534/511/511 341/512/512
f 340/521/521 341/512/512 318/522/522
f 318/522/522 341/512/512 317/513/513
f 318/522/522 317/513/513 494/523/523
f 494/523/523 317/513/513 495/514/514
f 494/523/523 495/514/514 384/524/524
f 384/524/524 495/514/514 385/515/515
f 384/524/524 385/515/515 361/525/525
f 361/525/525 385/515/515 360/516/516
f 361/525/525 360/516/516 577/526/526
f 577/526/526 360/516/516 578/517/517
f 577/526/526 578/517/517 472/527/527
f 472/527/527 578/517/517 473/178/178
f 472/527/527 473/178/178 428/176/176
f 296/220/220 297/218/218 276/528/528
f 276/528/528 297/218/218 275/518/518
f 276/528/528 275/518/518 514/529/529
f 514/529/529 275/518/518 515/519/519
f 514/529/529 515/519/519 536/530/530
f 536/530/530 515/519/519 535/520/520
f 536/530/530 535/520/520 339/531/531
f 339/531/531 535/520/520 340/521/521
f 339/531/531 340/521/521 319/532/532
f 319/532/532 340/521/521 318/522/522
f 319/532/532 318/522/522 493/533/533
f 493/533/533 318/522/522 494/523/523
f 493/533/533 494/523/523 383/534/534
f 383/534/534 494/523/523 384/524/524
f 383/534/534 384/524/524 362/535/535
f 362/535/535 384/524/524 361/525/525
f 362/535/535 361/525/525 576/536/536
f 576/536/536 361/525/525 577/526/526
f 576/536/536 577/526/526 471/537/537
f 471/537/537 577/526/526 472/527/527
f 471/537/537 472/527/527 427/538/538
f 427/538/538 472/527/527 428/176/176
f 427/538/538 428/176/176 406/174/174
f 295/222/222 296/220/220 277/539/539
f 277/539/539 296/220/220 276/528/528
f 277/539/539 276/528/528 513/540/540
f 513/540/540 276/528/528 514/529/529
f 513/540/540 514/529/529 537/541/541
f 537/541/541 514/529/529 536/530/530
f 537/541/541 536/530/530 338/542/542
f 338/542/542 536/530/530 339/531/531
f 338/542/542 339/531/531 320/543/543
f 320/543/543 339/531/531 319/532/532
f 320/543/543 319/532/532 492/544/544
f 492/544/544 319/532/532 493/533/533
f 492/544/544 493/533/533 382/545/545
f 382/545/545 493/533/533 383/534/534
f 382/545/545 383/534/534 363/546/546
f 363/546/546 383/534/534 362/535/535
f 363/546/546 362/535/535 575/547/547
f 575/547/547 362/535/535 576/536/536
f 575/547/547 576/536/536 470/548/548
f 470/548/548 576/536/536 471/537/537
f 470/548/548 471/537/537 426/549/549
f 426/549/549 471/537/537 427/538/538
f 426/549/549 427/538/538 407/550/550
f 407/550/550 427/538/538 406/174/174
f 407/550/550 406/174/174 555/172/172
f 294/224/224 295/222/222 278/551/551
f 278/551/551 295/222/222 277/539/539
f 278/551/551 277/539/539 512/552/552
f 512/552/552 277/539/539 513/540/540
f 512/552/552 513/540/540 538/553/553
f 538/553/553 513/540/540 537/541/541
f 538/553/553 537/541/541 337/554/554
f 337/554/554 537/541/541 338/542/542
f 337/554/554 338/542/542 321/555/555
f 321/555/555 338/542/542 320/543/543
f 321/555/555 320/543/543 491/556/556
f 491/556/556 320/543/543 492/544/544
f 491/556/556 492/544/544 381/557/557
f 381/557/557 492/544/544 382/545/545
f 381/557/557 382/545/545 364/558/558
f 364/558/558 382/545/545 363/546/546
f 364/558/558 363/546/546 574/559/559
f 574/559/559 363/546/546 575/547/547
f 574/559/559 575/547/547 469/560/560
f 469/560/560 575/547/547 470/548/548
f 469/560/560 470/548/548 425/561/561
f 425/561/561 470/548/548 426/549/549
f 425/561/561 426/549/549 408/562/562
f 408/562/562 426/549/549 407/550/550
f 408/562/562 407/550/550 554/563/563
f 554/563/563 407/550/550 555/172/172
f 554/563/563 555/172/172 447/170/170
f 293/226/226 294/224/224 279/564/564
f 279/564/564 294/224/224 278/551/551
f 279/564/564 278/551/551 511/565/565
f 511/565/565 278/551/551 512/552/552
f 511/565/565 512/552/552 539/566/566
f 539/566/566 512/552/552 538/553/553
f 539/566/566 538/553/553 336/567/567
f 336/567/567 538/553/553 337/554/554
f 336/567/567 337/554/554 322/568/568
f 322/568/568 337/554/554 321/555/555
f 322/568/568 321/555/555 490/569/569
f 490/569/569 321/555/555 491/556/556
f 490/569/569 491/556/556 380/570/570
f 380/570/570 491/556/556 381/557/557
f 380/570/570 381/557/557 365/571/571
f 365/571/571 381/557/557 364/558/558
f 365/571/571 364/558/558 573/572/572
f 573/572/572 364/558/558 574/559/559
f 573/572/572 574/559/559 468/573/573
f 468/573/573 574/559/559 469/560/560
f 468/573/573 469/560/560 424/574/574
f 424/574/574 469/560/560 425/561/561
f 424/574/574 425/561/561 409/575/575
f 409/575/575 425/561/561 408/562/562
f 409/575/575 408/562/562 553/576/576
f 553/576/576 408/562/562 554/563/563
f 553/576/576 554/563/563 446/168/168
f 446/168/168 554/563/563 447/170/170
f 292/228/228 293/226/226 280/577/577
f 280/577/577 293/226/226 279/564/564
f 280/577/577 279/564/564 510/578/578
f 510/578/578 279/564/564 511/565/565
f 510/578/578 511/565/565 540/579/579
f 540/579/579 511/565/565 539/566/566
f 540/579/579 539/566/566 335/580/580
f 335/580/580 539/566/566 336/567/567
f 335/580/580 336/567/567 323/581/581
f 323/581/581 336/567/567 322/568/568
f 323/581/581 322/568/568 489/582/582
f 489/582/582 322/568/568 490/569/569
f 489/582/582 490/569/569 379/583/583
f 379/583/583 490/569/569 380/570/570
f 379/583/583 380/570/570 366/584/584
f 366/584/584 380/570/570 365/571/571
f 366/584/584 365/571/571 572/585/585
f 572/585/585 365/571/571 573/572/572
f 572/585/585 573/572/572 467/586/586
f 467/586/586 573/572/572 468/573/573
f 467/586/586 468/573/573 423/587/587
f 423/587/587 468/573/573 424/574/574
f 423/587/587 424/574/574 410/588/588
f 410/588/588 424/574/574 409/575/575
f 410/588/588 409/575/575 552/589/589
f 552/589/589 409/575/575 553/576/576
f 552/589/589 553/576/576 445/166/166
f 445/166/166 553/576/576 446/168/168
f 291/230/230 292/228/228 281/590/590
f 281/590/590 292/228/228 280/577/577
f 281/590/590 280/577/577 509/591/591
f 509/591/591 280/577/577 510/578/578
f 509/591/591 510/578/578 541/592/592
f 541/592/592 510/578/578 540/579/579
f 541/592/592 540/579/579 334/593/593
f 334/593/593 540/579/579 335/580/580
f 334/593/593 335/580/580 324/594/594
f 324/594/594 335/580/580 323/581/581
f 324/594/594 323/581/581 488/595/595
f 488/595/595 323/581/581 489/582/582
f 488/595/595 489/582/582 378/596/596
f 378/596/596 489/582/582 379/583/583
f 378/596/596 379/583/583 367/597/597
f 367/597/597 379/583/583 366/584/584
f 367/597/597 366/584/584 571/598/598
f 571/598/598 366/584/584 572/585/585
f 571/598/598 572/585/585 466/599/599
f 466/599/599 572/585/585 467/586/586
f 466/599/599 467/586/586 422/600/600
f 422/600/600 467/586/586 423/587/587
f 422/600/600 423/587/587 411/601/601
f 411/601/601 423/587/587 410/588/588
f 411/601/601 410/588/588 551/602/602
f 551/602/602 410/588/588 552/589/589
f 551/602/602 552/589/589 444/164/164
f 444/164/164 552/589/589 445/166/166
f 290/232/232 291/230/230 282/603/603
f 282/603/603 291/230/230 281/590/590
f 282/603/603 281/590/590 508/604/604
f 508/604/604 281/590/590 509/591/591
f 508/604/604 509/591/591 542/605/605
f 542/605/605 509/591/591 541/592/592
f 542/605/605 541/592/592 333/606/606
f 333/606/606 541/592/592 334/593/593
f 333/606/606 334/593/593 325/607/607
f 325/607/607 334/593/593 324/594/594
f 325/607/607 324/594/594 487/608/608
f 487/608/608 324/594/594 488/595/595
f 487/608/608 488/595/595 377/609/609
f 377/609/609 488/595/595 378/596/596
f 377/609/609 378/596/596 368/610/610
f 368/610/610 378/596/596 367/597/597
f 368/610/610 367/597/597 570/611/611
f 570/611/611 367/597/597 571/598/598
f 570/611/611 571/598/598 465/612/612
f 465/612/612 571/598/598 466/599/599
f 465/612/612 466/599/599 421/613/613
f 421/613/613 466/599/599 422/600/600
f 421/613/613 422/600/600 412/614/614
f 412/614/614 422/600/600 411/601/601
f 412/614/614 411/601/601 550/615/615
f 550/615/615 411/601/601 551/602/602
f 550/615/615 551/602/602 443/162/162
f 443/162/162 551/602/602 444/164/164
f 289/131/131 290/232/232 283/133/133
f 283/133/133 290/232/232 282/603/603
f 283/133/133 282/603/603 507/135/135
f 507/135/135 282/603/603 508/604/604
f 507/135/135 508/604/604 543/137/137
f 543/137/137 508/604/604 542/605/605
f 543/137/137 542/605/605 332/139/139
f 332/139/139 542/605/605 333/606/606
f 332/139/139 333/606/606 326/141/141
f 326/141/141 333/606/606 325/607/607
f 326/141/141 325/607/607 486/143/143
f 486/143/143 325/607/607 487/608/608
f 486/143/143 487/608/608 376/145/145
f 376/145/145 487/608/608 377/609/609
f 376/145/145 377/609/609 369/147/147
f 369/147/147 377/609/609 368/610/610
f 369/147/147 368/610/610 569/149/149
f 569/149/149 368/610/610 570/611/611
f 569/149/149 570/611/611 464/151/151
f 464/151/151 570/611/611 465/612/612
f 464/151/151 465/612/612 420/153/153
f 420/153/153 465/612/612 421/613/613
f 420/153/153 421/613/613 413/155/155
f 413/155/155 421/613/613 412/614/614
f 413/155/155 412/614/614 549/157/157
f 549/157/157 412/614/614 550/615/615
f 549/157/157 550/615/615 442/159/159
f 442/159/159 550/615/615 443/162/162
f 349/358/358 310/357/357 348/191/191
f 348/191/191 310/357/357 311/189/189
f 500/187/187 311/189/189 501/356/356
f 501/356/356 311/189/189 310/357/357
f 86/280/280 349/358/358 526/193/193
f 526/193/193 349/358/358 348/191/191
f 352/309/309 353/616/616 393/617/617
f 393/617/617 353/616/616 392/287/287
f 393/617/617 392/287/287 503/285/285
f 392/287/287 353/616/616 354/289/289
f 354/289/289 353/616/616 584/618/618
f 354/289/289 584/618/618 583/291/291
f 583/291/291 584/618/618 478/619/619
f 583/291/291 478/619/619 477/293/293
f 477/293/293 478/619/619 433/620/620
f 477/293/293 433/620/620 432/295/295
f 432/295/295 433/620/620 401/621/621
f 432/295/295 401/621/621 402/297/297
f 402/297/297 401/621/621 560/622/622
f 402/297/297 560/622/622 559/299/299
f 559/299/299 560/622/622 452/323/323
f 559/299/299 452/323/323 451/301/301
f 584/618/618 353/616/616 585/311/311
f 585/311/311 353/616/616 352/309/309
f 390/355/355 356/354/354 389/185/185
f 389/185/185 356/354/354 357/183/183
f 580/181/181 357/183/183 581/353/353
f 581/353/353 357/183/183 356/354/354
f 501/356/356 390/355/355 500/187/187
f 500/187/187 390/355/355 389/185/185
f 85/305/305 394/307/307 393/617/617
f 393/617/617 394/307/307 352/309/309
f 85/305/305 393/617/617 503/285/285
f 565/342/342 397/333/333 396/331/331
f 396/331/331 395/329/329 566/623/623
f 566/623/623 395/329/329 81/328/328
f 566/623/623 81/328/328 459/338/338
f 459/338/338 81/328/328 460/336/336
f 562/318/318 399/316/316 563/346/346
f 434/315/315 400/317/317 433/620/620
f 433/620/620 400/317/317 401/621/621
f 560/622/622 401/621/621 561/319/319
f 561/319/319 401/621/621 400/317/317
f 430/351/351 404/350/350 429/177/177
f 429/177/177 404/350/350 405/175/175
f 556/173/173 405/175/175 557/349/349
f 557/349/349 405/175/175 404/350/350
f 475/352/352 430/351/351 474/179/179
f 474/179/179 430/351/351 429/177/177
f 479/313/313 434/315/315 478/619/619
f 478/619/619 434/315/315 433/620/620
f 557/349/349 449/348/348 556/173/173
f 556/173/173 449/348/348 448/171/171
f 561/319/319 453/321/321 560/622/622
f 560/622/622 453/321/321 452/323/323
f 563/346/346 456/345/345 455/347/347
f 563/346/346 455/347/347 562/318/318
f 562/318/318 455/347/347 454/320/320
f 566/623/623 459/338/338 458/340/340
f 566/623/623 458/340/340 565/342/342
f 581/353/353 475/352/352 580/181/181
f 580/181/181 475/352/352 474/179/179
f 585/311/311 479/313/313 584/618/618
f 584/618/618 479/313/313 478/619/619
f 482/326/326 83/325/325 481/437/437
f 482/326/326 481/437/437 586/310/310
f 586/310/310 481/437/437 480/312/312
f 308/283/283 85/305/305 503/285/285
f 86/280/280 526/193/193 525/195/195
f 396/331/331 566/623/623 565/342/342
f 587/624/624 635/625/625 34/626/626
f 34/626/626 635/625/625 601/627/627
f 34/626/626 601/627/627 35/628/628
f 35/628/628 601/627/627 659/629/629
f 35/628/628 659/629/629 658/630/630
f 658/630/630 659/629/629 657/631/631
f 658/630/630 657/631/631 1063/632/632
f 1063/632/632 657/631/631 1062/633/633
f 1063/632/632 1062/633/633 1085/634/634
f 1085/634/634 1062/633/633 1084/635/635
f 1085/634/634 1084/635/635 706/636/636
f 706/636/636 1084/635/635 707/637/637
f 706/636/636 707/637/637 702/638/638
f 702/638/638 707/637/637 701/639/639
f 702/638/638 701/639/639 1104/640/640
f 1104/640/640 701/639/639 1103/641/641
f 1104/640/640 1103/641/641 753/642/642
f 753/642/642 1103/641/641 754/643/643
f 753/642/642 754/643/643 747/644/644
f 747/644/644 754/643/643 746/645/645
f 747/644/644 746/645/645 1016/646/646
f 1016/646/646 746/645/645 1015/647/647
f 1016/646/646 1015/647/647 1124/648/648
f 1124/648/648 1015/647/647 1123/649/649
f 1124/648/648 1123/649/649 800/650/650
f 800/650/650 1123/649/649 801/651/651
f 800/650/650 801/651/651 790/652/652
f 790/652/652 801/651/651 789/653/653
f 790/652/652 789/653/653 846/654/654
f 846/654/654 789/653/653 847/655/655
f 846/654/654 847/655/655 835/656/656
f 835/656/656 847/655/655 834/657/657
f 835/656/656 834/657/657 891/658/658
f 891/658/658 834/657/657 892/659/659
f 891/658/658 892/659/659 880/660/660
f 880/660/660 892/659/659 879/661/661
f 880/660/660 879/661/661 935/662/662
f 935/662/662 879/661/661 936/663/663
f 935/662/662 936/663/663 924/664/664
f 924/664/664 936/663/663 923/665/665
f 924/664/664 923/665/665 980/666/666
f 980/666/666 923/665/665 981/667/667
f 980/666/666 981/667/667 969/668/668
f 969/668/668 981/667/667 968/669/669
f 969/668/668 968/669/669 7/670/670
f 7/670/670 968/669/669 8/671/671
f 8/671/671 968/669/669 967/672/672
f 8/671/671 967/672/672 9/673/673
f 9/673/673 967/672/672 966/674/674
f 9/673/673 966/674/674 965/675/675
f 965/675/675 966/674/674 984/676/676
f 965/675/675 984/676/676 985/677/677
f 985/677/677 984/676/676 919/678/678
f 985/677/677 919/678/678 918/679/679
f 918/679/679 919/678/678 941/680/680
f 918/679/679 941/680/680 942/681/681
f 942/681/681 941/680/680 873/682/682
f 942/681/681 873/682/682 872/683/683
f 872/683/683 873/682/682 899/684/684
f 872/683/683 899/684/684 900/685/685
f 900/685/685 899/684/684 826/686/686
f 900/685/685 826/686/686 825/687/687
f 825/687/687 826/686/686 856/688/688
f 825/687/687 856/688/688 857/689/689
f 857/689/689 856/688/688 779/690/690
f 857/689/689 779/690/690 778/691/691
f 778/691/691 779/690/690 812/692/692
f 778/691/691 812/692/692 813/693/693
f 813/693/693 812/692/692 1111/694/694
f 813/693/693 1111/694/694 1110/695/695
f 1110/695/695 1111/694/694 1002/696/696
f 1110/695/695 1002/696/696 1001/697/697
f 1001/697/697 1002/696/696 732/698/698
f 1001/697/697 732/698/698 731/699/699
f 731/699/699 732/698/698 769/700/700
f 731/699/699 769/700/700 770/701/701
f 770/701/701 769/700/700 1087/702/702
f 770/701/701 1087/702/702 1086/703/703
f 1086/703/703 1087/702/702 684/704/704
f 1086/703/703 684/704/704 683/705/705
f 683/705/705 684/704/704 725/706/706
f 683/705/705 725/706/706 726/707/707
f 726/707/707 725/706/706 1065/708/708
f 726/707/707 1065/708/708 604/709/709
f 604/709/709 1065/708/708 1042/710/710
f 604/709/709 1042/710/710 65/711/711
f 65/711/711 1042/710/710 66/712/712
f 66/712/712 1042/710/710 636/713/713
f 66/712/712 636/713/713 681/714/714
f 681/714/714 636/713/713 680/715/715
f 681/714/714 680/715/715 602/716/716
f 602/716/716 680/715/715 1021/717/717
f 602/716/716 1021/717/717 613/718/718
f 613/718/718 1021/717/717 614/719/719
f 613/718/718 614/719/719 600/720/720
f 600/720/720 614/719/719 615/721/721
f 600/720/720 615/721/721 599/722/722
f 599/722/722 615/721/721 616/723/723
f 599/722/722 616/723/723 617/724/724
f 617/724/724 616/723/723 1024/725/725
f 617/724/724 1024/725/725 1025/726/726
f 1025/726/726 1024/725/725 676/727/727
f 1025/726/726 676/727/727 675/728/728
f 675/728/728 676/727/727 641/729/729
f 675/728/728 641/729/729 642/730/730
f 642/730/730 641/729/729 1047/731/731
f 642/730/730 1047/731/731 1048/732/732
f 1048/732/732 1047/731/731 1070/733/733
f 1048/732/732 1070/733/733 1071/734/734
f 1071/734/734 1070/733/733 720/735/735
f 1071/734/734 720/735/735 719/736/736
f 719/736/736 720/735/735 689/737/737
f 719/736/736 689/737/737 690/738/738
f 690/738/738 689/737/737 1092/739/739
f 690/738/738 1092/739/739 1093/740/740
f 1093/740/740 1092/739/739 764/741/741
f 1093/740/740 764/741/741 763/742/742
f 763/742/742 764/741/741 737/743/743
f 763/742/742 737/743/743 738/744/744
f 738/744/744 737/743/743 1007/745/745
f 738/744/744 1007/745/745 1008/746/746
f 1008/746/746 1007/745/745 1116/747/747
f 1008/746/746 1116/747/747 1117/748/748
f 1117/748/748 1116/747/747 807/749/749
f 1117/748/748 807/749/749 806/750/750
f 806/750/750 807/749/749 784/751/751
f 806/750/750 784/751/751 785/752/752
f 785/752/752 784/751/751 851/753/753
f 785/752/752 851/753/753 850/754/754
f 850/754/754 851/753/753 831/755/755
f 850/754/754 831/755/755 832/756/756
f 832/756/756 831/755/755 894/757/757
f 832/756/756 894/757/757 893/758/758
f 893/758/758 894/757/757 878/759/759
f 893/758/758 878/759/759 879/661/661
f 879/661/661 878/759/759 936/663/663
f 635/625/625 587/624/624 634/760/760
f 634/760/760 587/624/624 588/761/761
f 634/760/760 588/761/761 633/762/762
f 633/762/762 588/761/761 589/763/763
f 633/762/762 589/763/763 632/764/764
f 632/764/764 589/763/763 590/765/765
f 632/764/764 590/765/765 631/766/766
f 631/766/766 590/765/765 591/767/767
f 631/766/766 591/767/767 630/768/768
f 630/768/768 591/767/767 592/769/769
f 630/768/768 592/769/769 629/770/770
f 629/770/770 592/769/769 593/771/771
f 629/770/770 593/771/771 628/772/772
f 628/772/772 593/771/771 594/773/773
f 628/772/772 594/773/773 627/774/774
f 627/774/774 594/773/773 626/775/775
f 627/774/774 626/775/775 1034/776/776
f 1034/776/776 626/775/775 1033/777/777
f 1034/776/776 1033/777/777 667/778/778
f 667/778/778 1033/777/777 668/779/779
f 667/778/778 668/779/779 649/780/780
f 649/780/780 668/779/779 648/781/781
f 649/780/780 648/781/781 1054/782/782
f 1054/782/782 648/781/781 1053/783/783
f 1054/782/782 1053/783/783 1076/784/784
f 1076/784/784 1053/783/783 1075/785/785
f 1076/784/784 1075/785/785 715/786/786
f 715/786/786 1075/785/785 716/787/787
f 715/786/786 716/787/787 693/788/788
f 693/788/788 716/787/787 692/789/789
f 693/788/788 692/789/789 1095/790/790
f 1095/790/790 692/789/789 1094/791/791
f 1095/790/790 1094/791/791 762/792/792
f 762/792/792 1094/791/791 763/742/742
f 762/792/792 763/742/742 738/744/744
f 594/773/773 595/793/793 626/775/775
f 626/775/775 595/793/793 625/794/794
f 626/775/775 625/794/794 1033/777/777
f 1033/777/777 625/794/794 1032/795/795
f 1033/777/777 1032/795/795 668/779/779
f 668/779/779 1032/795/795 669/796/796
f 668/779/779 669/796/796 648/781/781
f 648/781/781 669/796/796 647/797/797
f 648/781/781 647/797/797 1053/783/783
f 1053/783/783 647/797/797 1052/798/798
f 1053/783/783 1052/798/798 1075/785/785
f 1075/785/785 1052/798/798 1074/799/799
f 1075/785/785 1074/799/799 716/787/787
f 716/787/787 1074/799/799 717/800/800
f 716/787/787 717/800/800 692/789/789
f 692/789/789 717/800/800 691/801/801
f 692/789/789 691/801/801 1094/791/791
f 1094/791/791 691/801/801 1093/740/740
f 1094/791/791 1093/740/740 763/742/742
f 625/794/794 595/793/793 624/802/802
f 624/802/802 595/793/793 596/803/803
f 624/802/802 596/803/803 623/804/804
f 623/804/804 596/803/803 622/805/805
f 623/804/804 622/805/805 1030/806/806
f 1030/806/806 622/805/805 1029/807/807
f 1030/806/806 1029/807/807 671/808/808
f 671/808/808 1029/807/807 672/809/809
f 671/808/808 672/809/809 645/810/810
f 645/810/810 672/809/809 644/811/811
f 645/810/810 644/811/811 1050/812/812
f 1050/812/812 644/811/811 1049/813/813
f 1050/812/812 1049/813/813 1072/814/814
f 1072/814/814 1049/813/813 1071/734/734
f 1072/814/814 1071/734/734 719/736/736
f 596/803/803 597/815/815 622/805/805
f 622/805/805 597/815/815 621/816/816
f 622/805/805 621/816/816 1029/807/807
f 1029/807/807 621/816/816 1028/817/817
f 1029/807/807 1028/817/817 672/809/809
f 672/809/809 1028/817/817 673/818/818
f 672/809/809 673/818/818 644/811/811
f 644/811/811 673/818/818 643/819/819
f 644/811/811 643/819/819 1049/813/813
f 1049/813/813 643/819/819 1048/732/732
f 1049/813/813 1048/732/732 1071/734/734
f 598/820/820 619/821/821 597/815/815
f 597/815/815 619/821/821 620/822/822
f 597/815/815 620/822/822 621/816/816
f 621/816/816 620/822/822 1028/817/817
f 599/722/722 617/724/724 598/820/820
f 598/820/820 617/724/724 618/823/823
f 598/820/820 618/823/823 619/821/821
f 619/821/821 618/823/823 1026/824/824
f 619/821/821 1026/824/824 1027/825/825
f 1027/825/825 1026/824/824 674/826/826
f 1027/825/825 674/826/826 673/818/818
f 673/818/818 674/826/826 643/819/819
f 600/720/720 49/827/827 613/718/718
f 613/718/718 49/827/827 602/716/716
f 49/827/827 66/712/712 602/716/716
f 602/716/716 66/712/712 681/714/714
f 64/828/828 606/829/829 65/711/711
f 65/711/711 606/829/829 682/830/830
f 65/711/711 682/830/830 727/831/831
f 727/831/831 682/830/830 726/707/707
f 727/831/831 726/707/707 604/709/709
f 63/832/832 998/833/833 64/828/828
f 64/828/828 998/833/833 728/834/834
f 64/828/828 728/834/834 772/835/835
f 772/835/835 728/834/834 729/836/836
f 772/835/835 729/836/836 771/837/837
f 771/837/837 729/836/836 730/838/838
f 771/837/837 730/838/838 770/701/701
f 770/701/701 730/838/838 731/699/699
f 62/839/839 609/840/840 63/832/832
f 63/832/832 609/840/840 773/841/841
f 63/832/832 773/841/841 817/842/842
f 817/842/842 773/841/841 774/843/843
f 817/842/842 774/843/843 816/844/844
f 816/844/844 774/843/843 775/845/845
f 816/844/844 775/845/845 815/846/846
f 815/846/846 775/845/845 776/847/847
f 815/846/846 776/847/847 814/848/848
f 814/848/848 776/847/847 777/849/849
f 814/848/848 777/849/849 813/693/693
f 813/693/693 777/849/849 778/691/691
f 61/850/850 610/851/851 62/839/839
f 62/839/839 610/851/851 818/852/852
f 62/839/839 818/852/852 609/840/840
f 609/840/840 818/852/852 819/853/853
f 609/840/840 819/853/853 862/854/854
f 862/854/854 819/853/853 820/855/855
f 862/854/854 820/855/855 861/856/856
f 861/856/856 820/855/855 821/857/857
f 861/856/856 821/857/857 860/858/858
f 860/858/858 821/857/857 822/859/859
f 860/858/858 822/859/859 859/860/860
f 859/860/860 822/859/859 823/861/861
f 859/860/860 823/861/861 858/862/862
f 858/862/862 823/861/861 824/863/863
f 858/862/862 824/863/863 857/689/689
f 857/689/689 824/863/863 825/687/687
f 60/864/864 611/865/865 61/850/850
f 61/850/850 611/865/865 863/866/866
f 61/850/850 863/866/866 610/851/851
f 610/851/851 863/866/866 864/867/867
f 610/851/851 864/867/867 907/868/868
f 907/868/868 864/867/867 865/869/869
f 907/868/868 865/869/869 906/870/870
f 906/870/870 865/869/869 866/871/871
f 906/870/870 866/871/871 905/872/872
f 905/872/872 866/871/871 867/873/873
f 905/872/872 867/873/873 904/874/874
f 904/874/874 867/873/873 868/875/875
f 904/874/874 868/875/875 903/876/876
f 903/876/876 868/875/875 869/877/877
f 903/876/876 869/877/877 902/878/878
f 902/878/878 869/877/877 870/879/879
f 902/878/878 870/879/879 901/880/880
f 901/880/880 870/879/879 871/881/881
f 901/880/880 871/881/881 900/685/685
f 900/685/685 871/881/881 872/683/683
f 611/865/865 60/864/864 612/882/882
f 612/882/882 60/864/864 59/883/883
f 612/882/882 59/883/883 997/884/884
f 997/884/884 59/883/883 952/885/885
f 997/884/884 952/885/885 953/886/886
f 953/886/886 952/885/885 15/887/887
f 953/886/886 15/887/887 954/888/888
f 954/888/888 15/887/887 14/889/889
f 954/888/888 14/889/889 955/890/890
f 955/890/890 14/889/889 956/891/891
f 955/890/890 956/891/891 994/892/892
f 994/892/892 956/891/891 993/893/893
f 994/892/892 993/893/893 910/894/894
f 910/894/894 993/893/893 911/895/895
f 910/894/894 911/895/895 949/896/896
f 949/896/896 911/895/895 948/897/897
f 949/896/896 948/897/897 866/871/871
f 866/871/871 948/897/897 867/873/873
f 59/883/883 16/898/898 952/885/885
f 952/885/885 16/898/898 15/887/887
f 14/889/889 13/899/899 956/891/891
f 956/891/891 13/899/899 957/900/900
f 956/891/891 957/900/900 993/893/893
f 993/893/893 957/900/900 992/901/901
f 993/893/893 992/901/901 911/895/895
f 911/895/895 992/901/901 912/902/902
f 911/895/895 912/902/902 948/897/897
f 948/897/897 912/902/902 947/903/903
f 948/897/897 947/903/903 867/873/873
f 867/873/873 947/903/903 868/875/875
f 957/900/900 13/899/899 958/904/904
f 958/904/904 13/899/899 12/905/905
f 958/904/904 12/905/905 959/906/906
f 959/906/906 12/905/905 960/907/907
f 959/906/906 960/907/907 990/908/908
f 990/908/908 960/907/907 989/909/909
f 990/908/908 989/909/909 914/910/910
f 914/910/910 989/909/909 915/911/911
f 914/910/910 915/911/911 945/912/912
f 945/912/912 915/911/911 944/913/913
f 945/912/912 944/913/913 870/879/879
f 870/879/879 944/913/913 871/881/881
f 960/907/907 12/905/905 961/914/914
f 961/914/914 12/905/905 11/915/915
f 961/914/914 11/915/915 962/916/916
f 962/916/916 11/915/915 963/917/917
f 962/916/916 963/917/917 987/918/918
f 987/918/918 963/917/917 986/919/919
f 987/918/918 986/919/919 917/920/920
f 917/920/920 986/919/919 918/679/679
f 917/920/920 918/679/679 942/681/681
f 11/915/915 10/921/921 963/917/917
f 963/917/917 10/921/921 964/922/922
f 963/917/917 964/922/922 986/919/919
f 986/919/919 964/922/922 985/677/677
f 986/919/919 985/677/677 918/679/679
f 964/922/922 10/921/921 965/675/675
f 965/675/675 10/921/921 9/673/673
f 7/670/670 6/923/923 969/668/668
f 969/668/668 6/923/923 970/924/924
f 969/668/668 970/924/924 980/666/666
f 980/666/666 970/924/924 979/925/925
f 980/666/666 979/925/925 924/664/664
f 924/664/664 979/925/925 925/926/926
f 924/664/664 925/926/926 935/662/662
f 935/662/662 925/926/926 934/927/927
f 935/662/662 934/927/927 880/660/660
f 880/660/660 934/927/927 881/928/928
f 880/660/660 881/928/928 891/658/658
f 891/658/658 881/928/928 890/929/929
f 891/658/658 890/929/929 835/656/656
f 835/656/656 890/929/929 836/930/930
f 835/656/656 836/930/930 846/654/654
f 846/654/654 836/930/930 845/931/931
f 846/654/654 845/931/931 790/652/652
f 790/652/652 845/931/931 791/932/932
f 790/652/652 791/932/932 800/650/650
f 800/650/650 791/932/932 799/933/933
f 800/650/650 799/933/933 1124/648/648
f 1124/648/648 799/933/933 1125/934/934
f 1124/648/648 1125/934/934 1016/646/646
f 1016/646/646 1125/934/934 1017/935/935
f 1016/646/646 1017/935/935 747/644/644
f 747/644/644 1017/935/935 748/936/936
f 747/644/644 748/936/936 753/642/642
f 753/642/642 748/936/936 752/937/937
f 753/642/642 752/937/937 1104/640/640
f 1104/640/640 752/937/937 1105/938/938
f 1104/640/640 1105/938/938 702/638/638
f 702/638/638 1105/938/938 703/939/939
f 702/638/638 703/939/939 706/636/636
f 706/636/636 703/939/939 705/940/940
f 706/636/636 705/940/940 1085/634/634
f 1085/634/634 705/940/940 603/941/941
f 1085/634/634 603/941/941 1063/632/632
f 1063/632/632 603/941/941 1064/942/942
f 1063/632/632 1064/942/942 658/630/630
f 658/630/630 1064/942/942 35/628/628
f 6/923/923 5/943/943 970/924/924
f 970/924/924 5/943/943 971/944/944
f 970/924/924 971/944/944 979/925/925
f 979/925/925 971/944/944 978/945/945
f 979/925/925 978/945/945 925/926/926
f 925/926/926 978/945/945 926/946/946
f 925/926/926 926/946/946 934/927/927
f 934/927/927 926/946/946 933/947/947
f 934/927/927 933/947/947 881/928/928
f 881/928/928 933/947/947 882/948/948
f 881/928/928 882/948/948 890/929/929
f 890/929/929 882/948/948 889/949/949
f 890/929/929 889/949/949 836/930/930
f 836/930/930 889/949/949 837/950/950
f 836/930/930 837/950/950 845/931/931
f 845/931/931 837/950/950 844/951/951
f 845/931/931 844/951/951 791/932/932
f 791/932/932 844/951/951 792/952/952
f 791/932/932 792/952/952 799/933/933
f 799/933/933 792/952/952 798/953/953
f 799/933/933 798/953/953 1125/934/934
f 1125/934/934 798/953/953 1126/954/954
f 1125/934/934 1126/954/954 1017/935/935
f 1017/935/935 1126/954/954 1018/955/955
f 1017/935/935 1018/955/955 748/936/936
f 748/936/936 1018/955/955 749/956/956
f 748/936/936 749/956/956 752/937/937
f 752/937/937 749/956/956 751/957/957
f 752/937/937 751/957/957 1105/938/938
f 1105/938/938 751/957/957 1106/958/958
f 1105/938/938 1106/958/958 703/939/939
f 703/939/939 1106/958/958 704/959/959
f 703/939/939 704/959/959 705/940/940
f 705/940/940 704/959/959 36/960/960
f 705/940/940 36/960/960 603/941/941
f 603/941/941 36/960/960 35/628/628
f 603/941/941 35/628/628 1064/942/942
f 5/943/943 4/961/961 971/944/944
f 971/944/944 4/961/961 972/962/962
f 971/944/944 972/962/962 978/945/945
f 978/945/945 972/962/962 977/963/963
f 978/945/945 977/963/963 926/946/946
f 926/946/946 977/963/963 927/964/964
f 926/946/946 927/964/964 933/947/947
f 933/947/947 927/964/964 932/965/965
f 933/947/947 932/965/965 882/948/948
f 882/948/948 932/965/965 883/966/966
f 882/948/948 883/966/966 889/949/949
f 889/949/949 883/966/966 888/967/967
f 889/949/949 888/967/967 837/950/950
f 837/950/950 888/967/967 838/968/968
f 837/950/950 838/968/968 844/951/951
f 844/951/951 838/968/968 843/969/969
f 844/951/951 843/969/969 792/952/952
f 792/952/952 843/969/969 793/970/970
f 792/952/952 793/970/970 798/953/953
f 798/953/953 793/970/970 797/971/971
f 798/953/953 797/971/971 1126/954/954
f 1126/954/954 797/971/971 1127/972/972
f 1126/954/954 1127/972/972 1018/955/955
f 1018/955/955 1127/972/972 1019/973/973
f 1018/955/955 1019/973/973 749/956/956
f 749/956/956 1019/973/973 750/974/974
f 749/956/956 750/974/974 751/957/957
f 751/957/957 750/974/974 605/975/975
f 751/957/957 605/975/975 1106/958/958
f 1106/958/958 605/975/975 1107/976/976
f 1106/958/958 1107/976/976 704/959/959
f 704/959/959 1107/976/976 36/960/960
f 4/961/961 3/977/977 972/962/962
f 972/962/962 3/977/977 973/978/978
f 972/962/962 973/978/978 977/963/963
f 977/963/963 973/978/978 976/979/979
f 977/963/963 976/979/979 927/964/964
f 927/964/964 976/979/979 928/980/980
f 927/964/964 928/980/980 932/965/965
f 932/965/965 928/980/980 931/981/981
f 932/965/965 931/981/981 883/966/966
f 883/966/966 931/981/981 884/982/982
f 883/966/966 884/982/982 888/967/967
f 888/967/967 884/982/982 887/983/983
f 888/967/967 887/983/983 838/968/968
f 838/968/968 887/983/983 839/984/984
f 838/968/968 839/984/984 843/969/969
f 843/969/969 839/984/984 842/985/985
f 843/969/969 842/985/985 793/970/970
f 793/970/970 842/985/985 794/986/986
f 793/970/970 794/986/986 797/971/971
f 797/971/971 794/986/986 796/987/987
f 797/971/971 796/987/987 1127/972/972
f 1127/972/972 796/987/987 1128/988/988
f 1127/972/972 1128/988/988 1019/973/973
f 1019/973/973 1128/988/988 1020/989/989
f 1019/973/973 1020/989/989 750/974/974
f 750/974/974 1020/989/989 37/990/990
f 750/974/974 37/990/990 605/975/975
f 605/975/975 37/990/990 36/960/960
f 605/975/975 36/960/960 1107/976/976
f 3/977/977 2/991/991 973/978/978
f 973/978/978 2/991/991 974/992/992
f 973/978/978 974/992/992 976/979/979
f 976/979/979 974/992/992 975/993/993
f 976/979/979 975/993/993 928/980/980
f 928/980/980 975/993/993 929/994/994
f 928/980/980 929/994/994 931/981/981
f 931/981/981 929/994/994 930/995/995
f 931/981/981 930/995/995 884/982/982
f 884/982/982 930/995/995 885/996/996
f 884/982/982 885/996/996 887/983/983
f 887/983/983 885/996/996 886/997/997
f 887/983/983 886/997/997 839/984/984
f 839/984/984 886/997/997 840/998/998
f 839/984/984 840/998/998 842/985/985
f 842/985/985 840/998/998 841/999/999
f 842/985/985 841/999/999 794/986/986
f 794/986/986 841/999/999 795/1000/1000
f 794/986/986 795/1000/1000 796/987/987
f 796/987/987 795/1000/1000 607/1001/1001
f 796/987/987 607/1001/1001 1128/988/988
f 1128/988/988 607/1001/1001 1129/1002/1002
f 1128/988/988 1129/1002/1002 1020/989/989
f 1020/989/989 1129/1002/1002 37/990/990
f 2/991/991 1/1003/1003 974/992/992
f 974/992/992 1/1003/1003 41/1004/1004
f 974/992/992 41/1004/1004 975/993/993
f 975/993/993 41/1004/1004 929/994/994
f 41/1004/1004 40/1005/1005 929/994/994
f 929/994/994 40/1005/1005 930/995/995
f 930/995/995 40/1005/1005 885/996/996
f 885/996/996 40/1005/1005 39/1006/1006
f 885/996/996 39/1006/1006 886/997/997
f 886/997/997 39/1006/1006 840/998/998
f 39/1006/1006 38/1007/1007 840/998/998
f 840/998/998 38/1007/1007 841/999/999
f 37/990/990 607/1001/1001 38/1007/1007
f 38/1007/1007 607/1001/1001 795/1000/1000
f 38/1007/1007 795/1000/1000 841/999/999
f 604/709/709 65/711/711 727/831/831
f 64/828/828 772/835/835 606/829/829
f 606/829/829 772/835/835 771/837/837
f 606/829/829 771/837/837 1086/703/703
f 1086/703/703 771/837/837 770/701/701
f 607/1001/1001 37/990/990 1129/1002/1002
f 729/836/836 728/834/834 998/833/833
f 63/832/832 817/842/842 608/1008/1008
f 608/1008/1008 817/842/842 816/844/844
f 608/1008/1008 816/844/844 1108/1009/1009
f 1108/1009/1009 816/844/844 815/846/846
f 1108/1009/1009 815/846/846 1109/1010/1010
f 1109/1010/1010 815/846/846 814/848/848
f 1109/1010/1010 814/848/848 1110/695/695
f 1110/695/695 814/848/848 813/693/693
f 615/721/721 614/719/719 1022/1011/1011
f 1022/1011/1011 614/719/719 1021/717/717
f 1022/1011/1011 1021/717/717 679/1012/1012
f 679/1012/1012 1021/717/717 680/715/715
f 679/1012/1012 680/715/715 637/1013/1013
f 637/1013/1013 680/715/715 636/713/713
f 637/1013/1013 636/713/713 1042/710/710
f 616/723/723 615/721/721 1023/1014/1014
f 1023/1014/1014 615/721/721 1022/1011/1011
f 1023/1014/1014 1022/1011/1011 678/1015/1015
f 678/1015/1015 1022/1011/1011 679/1012/1012
f 678/1015/1015 679/1012/1012 638/1016/1016
f 638/1016/1016 679/1012/1012 637/1013/1013
f 638/1016/1016 637/1013/1013 1043/1017/1017
f 1043/1017/1017 637/1013/1013 1042/710/710
f 1043/1017/1017 1042/710/710 1065/708/708
f 1026/824/824 618/823/823 1025/726/726
f 1025/726/726 618/823/823 617/724/724
f 1028/817/817 620/822/822 1027/825/825
f 1027/825/825 620/822/822 619/821/821
f 1032/795/795 625/794/794 624/802/802
f 624/802/802 623/804/804 1031/1018/1018
f 1031/1018/1018 623/804/804 1030/806/806
f 1031/1018/1018 1030/806/806 670/1019/1019
f 670/1019/1019 1030/806/806 671/808/808
f 670/1019/1019 671/808/808 646/1020/1020
f 646/1020/1020 671/808/808 645/810/810
f 646/1020/1020 645/810/810 1051/1021/1021
f 1051/1021/1021 645/810/810 1050/812/812
f 1051/1021/1021 1050/812/812 1073/1022/1022
f 1073/1022/1022 1050/812/812 1072/814/814
f 1073/1022/1022 1072/814/814 718/1023/1023
f 718/1023/1023 1072/814/814 719/736/736
f 718/1023/1023 719/736/736 690/738/738
f 628/772/772 627/774/774 1035/1024/1024
f 1035/1024/1024 627/774/774 1034/776/776
f 1035/1024/1024 1034/776/776 666/1025/1025
f 666/1025/1025 1034/776/776 667/778/778
f 666/1025/1025 667/778/778 650/1026/1026
f 650/1026/1026 667/778/778 649/780/780
f 650/1026/1026 649/780/780 1055/1027/1027
f 1055/1027/1027 649/780/780 1054/782/782
f 1055/1027/1027 1054/782/782 1077/1028/1028
f 1077/1028/1028 1054/782/782 1076/784/784
f 1077/1028/1028 1076/784/784 714/1029/1029
f 714/1029/1029 1076/784/784 715/786/786
f 714/1029/1029 715/786/786 694/1030/1030
f 694/1030/1030 715/786/786 693/788/788
f 694/1030/1030 693/788/788 1096/1031/1031
f 1096/1031/1031 693/788/788 1095/790/790
f 1096/1031/1031 1095/790/790 761/1032/1032
f 761/1032/1032 1095/790/790 762/792/792
f 761/1032/1032 762/792/792 739/1033/1033
f 739/1033/1033 762/792/792 738/744/744
f 739/1033/1033 738/744/744 1008/746/746
f 629/770/770 628/772/772 1036/1034/1034
f 1036/1034/1034 628/772/772 1035/1024/1024
f 1036/1034/1034 1035/1024/1024 665/1035/1035
f 665/1035/1035 1035/1024/1024 666/1025/1025
f 665/1035/1035 666/1025/1025 651/1036/1036
f 651/1036/1036 666/1025/1025 650/1026/1026
f 651/1036/1036 650/1026/1026 1056/1037/1037
f 1056/1037/1037 650/1026/1026 1055/1027/1027
f 1056/1037/1037 1055/1027/1027 1078/1038/1038
f 1078/1038/1038 1055/1027/1027 1077/1028/1028
f 1078/1038/1038 1077/1028/1028 713/1039/1039
f 713/1039/1039 1077/1028/1028 714/1029/1029
f 713/1039/1039 714/1029/1029 695/1040/1040
f 695/1040/1040 714/1029/1029 694/1030/1030
f 695/1040/1040 694/1030/1030 1097/1041/1041
f 1097/1041/1041 694/1030/1030 1096/1031/1031
f 1097/1041/1041 1096/1031/1031 760/1042/1042
f 760/1042/1042 1096/1031/1031 761/1032/1032
f 760/1042/1042 761/1032/1032 740/1043/1043
f 740/1043/1043 761/1032/1032 739/1033/1033
f 740/1043/1043 739/1033/1033 1009/1044/1044
f 1009/1044/1044 739/1033/1033 1008/746/746
f 1009/1044/1044 1008/746/746 1117/748/748
f 630/768/768 629/770/770 1037/1045/1045
f 1037/1045/1045 629/770/770 1036/1034/1034
f 1037/1045/1045 1036/1034/1034 664/1046/1046
f 664/1046/1046 1036/1034/1034 665/1035/1035
f 664/1046/1046 665/1035/1035 652/1047/1047
f 652/1047/1047 665/1035/1035 651/1036/1036
f 652/1047/1047 651/1036/1036 1057/1048/1048
f 1057/1048/1048 651/1036/1036 1056/1037/1037
f 1057/1048/1048 1056/1037/1037 1079/1049/1049
f 1079/1049/1049 1056/1037/1037 1078/1038/1038
f 1079/1049/1049 1078/1038/1038 712/1050/1050
f 712/1050/1050 1078/1038/1038 713/1039/1039
f 712/1050/1050 713/1039/1039 696/1051/1051
f 696/1051/1051 713/1039/1039 695/1040/1040
f 696/1051/1051 695/1040/1040 1098/1052/1052
f 1098/1052/1052 695/1040/1040 1097/1041/1041
f 1098/1052/1052 1097/1041/1041 759/1053/1053
f 759/1053/1053 1097/1041/1041 760/1042/1042
f 759/1053/1053 760/1042/1042 741/1054/1054
f 741/1054/1054 760/1042/1042 740/1043/1043
f 741/1054/1054 740/1043/1043 1010/1055/1055
f 1010/1055/1055 740/1043/1043 1009/1044/1044
f 1010/1055/1055 1009/1044/1044 1118/1056/1056
f 1118/1056/1056 1009/1044/1044 1117/748/748
f 1118/1056/1056 1117/748/748 806/750/750
f 631/766/766 630/768/768 1038/1057/1057
f 1038/1057/1057 630/768/768 1037/1045/1045
f 1038/1057/1057 1037/1045/1045 663/1058/1058
f 663/1058/1058 1037/1045/1045 664/1046/1046
f 663/1058/1058 664/1046/1046 653/1059/1059
f 653/1059/1059 664/1046/1046 652/1047/1047
f 653/1059/1059 652/1047/1047 1058/1060/1060
f 1058/1060/1060 652/1047/1047 1057/1048/1048
f 1058/1060/1060 1057/1048/1048 1080/1061/1061
f 1080/1061/1061 1057/1048/1048 1079/1049/1049
f 1080/1061/1061 1079/1049/1049 711/1062/1062
f 711/1062/1062 1079/1049/1049 712/1050/1050
f 711/1062/1062 712/1050/1050 697/1063/1063
f 697/1063/1063 712/1050/1050 696/1051/1051
f 697/1063/1063 696/1051/1051 1099/1064/1064
f 1099/1064/1064 696/1051/1051 1098/1052/1052
f 1099/1064/1064 1098/1052/1052 758/1065/1065
f 758/1065/1065 1098/1052/1052 759/1053/1053
f 758/1065/1065 759/1053/1053 742/1066/1066
f 742/1066/1066 759/1053/1053 741/1054/1054
f 742/1066/1066 741/1054/1054 1011/1067/1067
f 1011/1067/1067 741/1054/1054 1010/1055/1055
f 1011/1067/1067 1010/1055/1055 1119/1068/1068
f 1119/1068/1068 1010/1055/1055 1118/1056/1056
f 1119/1068/1068 1118/1056/1056 805/1069/1069
f 805/1069/1069 1118/1056/1056 806/750/750
f 805/1069/1069 806/750/750 785/752/752
f 632/764/764 631/766/766 1039/1070/1070
f 1039/1070/1070 631/766/766 1038/1057/1057
f 1039/1070/1070 1038/1057/1057 662/1071/1071
f 662/1071/1071 1038/1057/1057 663/1058/1058
f 662/1071/1071 663/1058/1058 654/1072/1072
f 654/1072/1072 663/1058/1058 653/1059/1059
f 654/1072/1072 653/1059/1059 1059/1073/1073
f 1059/1073/1073 653/1059/1059 1058/1060/1060
f 1059/1073/1073 1058/1060/1060 1081/1074/1074
f 1081/1074/1074 1058/1060/1060 1080/1061/1061
f 1081/1074/1074 1080/1061/1061 710/1075/1075
f 710/1075/1075 1080/1061/1061 711/1062/1062
f 710/1075/1075 711/1062/1062 698/1076/1076
f 698/1076/1076 711/1062/1062 697/1063/1063
f 698/1076/1076 697/1063/1063 1100/1077/1077
f 1100/1077/1077 697/1063/1063 1099/1064/1064
f 1100/1077/1077 1099/1064/1064 757/1078/1078
f 757/1078/1078 1099/1064/1064 758/1065/1065
f 757/1078/1078 758/1065/1065 743/1079/1079
f 743/1079/1079 758/1065/1065 742/1066/1066
f 743/1079/1079 742/1066/1066 1012/1080/1080
f 1012/1080/1080 742/1066/1066 1011/1067/1067
f 1012/1080/1080 1011/1067/1067 1120/1081/1081
f 1120/1081/1081 1011/1067/1067 1119/1068/1068
f 1120/1081/1081 1119/1068/1068 804/1082/1082
f 804/1082/1082 1119/1068/1068 805/1069/1069
f 804/1082/1082 805/1069/1069 786/1083/1083
f 786/1083/1083 805/1069/1069 785/752/752
f 786/1083/1083 785/752/752 850/754/754
f 633/762/762 632/764/764 1040/1084/1084
f 1040/1084/1084 632/764/764 1039/1070/1070
f 1040/1084/1084 1039/1070/1070 661/1085/1085
f 661/1085/1085 1039/1070/1070 662/1071/1071
f 661/1085/1085 662/1071/1071 655/1086/1086
f 655/1086/1086 662/1071/1071 654/1072/1072
f 655/1086/1086 654/1072/1072 1060/1087/1087
f 1060/1087/1087 654/1072/1072 1059/1073/1073
f 1060/1087/1087 1059/1073/1073 1082/1088/1088
f 1082/1088/1088 1059/1073/1073 1081/1074/1074
f 1082/1088/1088 1081/1074/1074 709/1089/1089
f 709/1089/1089 1081/1074/1074 710/1075/1075
f 709/1089/1089 710/1075/1075 699/1090/1090
f 699/1090/1090 710/1075/1075 698/1076/1076
f 699/1090/1090 698/1076/1076 1101/1091/1091
f 1101/1091/1091 698/1076/1076 1100/1077/1077
f 1101/1091/1091 1100/1077/1077 756/1092/1092
f 756/1092/1092 1100/1077/1077 757/1078/1078
f 756/1092/1092 757/1078/1078 744/1093/1093
f 744/1093/1093 757/1078/1078 743/1079/1079
f 744/1093/1093 743/1079/1079 1013/1094/1094
f 1013/1094/1094 743/1079/1079 1012/1080/1080
f 1013/1094/1094 1012/1080/1080 1121/1095/1095
f 1121/1095/1095 1012/1080/1080 1120/1081/1081
f 1121/1095/1095 1120/1081/1081 803/1096/1096
f 803/1096/1096 1120/1081/1081 804/1082/1082
f 803/1096/1096 804/1082/1082 787/1097/1097
f 787/1097/1097 804/1082/1082 786/1083/1083
f 787/1097/1097 786/1083/1083 849/1098/1098
f 849/1098/1098 786/1083/1083 850/754/754
f 849/1098/1098 850/754/754 832/756/756
f 601/627/627 635/625/625 634/760/760
f 634/760/760 633/762/762 1041/1099/1099
f 1041/1099/1099 633/762/762 1040/1084/1084
f 1041/1099/1099 1040/1084/1084 660/1100/1100
f 660/1100/1100 1040/1084/1084 661/1085/1085
f 660/1100/1100 661/1085/1085 656/1101/1101
f 656/1101/1101 661/1085/1085 655/1086/1086
f 656/1101/1101 655/1086/1086 1061/1102/1102
f 1061/1102/1102 655/1086/1086 1060/1087/1087
f 1061/1102/1102 1060/1087/1087 1083/1103/1103
f 1083/1103/1103 1060/1087/1087 1082/1088/1088
f 1083/1103/1103 1082/1088/1088 708/1104/1104
f 708/1104/1104 1082/1088/1088 709/1089/1089
f 708/1104/1104 709/1089/1089 700/1105/1105
f 700/1105/1105 709/1089/1089 699/1090/1090
f 700/1105/1105 699/1090/1090 1102/1106/1106
f 1102/1106/1106 699/1090/1090 1101/1091/1091
f 1102/1106/1106 1101/1091/1091 755/1107/1107
f 755/1107/1107 1101/1091/1091 756/1092/1092
f 755/1107/1107 756/1092/1092 745/1108/1108
f 745/1108/1108 756/1092/1092 744/1093/1093
f 745/1108/1108 744/1093/1093 1014/1109/1109
f 1014/1109/1109 744/1093/1093 1013/1094/1094
f 1014/1109/1109 1013/1094/1094 1122/1110/1110
f 1122/1110/1110 1013/1094/1094 1121/1095/1095
f 1122/1110/1110 1121/1095/1095 802/1111/1111
f 802/1111/1111 1121/1095/1095 803/1096/1096
f 802/1111/1111 803/1096/1096 788/1112/1112
f 788/1112/1112 803/1096/1096 787/1097/1097
f 788/1112/1112 787/1097/1097 848/1113/1113
f 848/1113/1113 787/1097/1097 849/1098/1098
f 848/1113/1113 849/1098/1098 833/1114/1114
f 833/1114/1114 849/1098/1098 832/756/756
f 833/1114/1114 832/756/756 893/758/758
f 638/1016/1016 639/1115/1115 678/1015/1015
f 678/1015/1015 639/1115/1115 677/1116/1116
f 678/1015/1015 677/1116/1116 1023/1014/1014
f 1023/1014/1014 677/1116/1116 1024/725/725
f 1023/1014/1014 1024/725/725 616/723/723
f 639/1115/1115 640/1117/1117 677/1116/1116
f 677/1116/1116 640/1117/1117 676/727/727
f 677/1116/1116 676/727/727 1024/725/725
f 639/1115/1115 638/1016/1016 1044/1118/1118
f 1044/1118/1118 638/1016/1016 1043/1017/1017
f 1044/1118/1118 1043/1017/1017 1066/1119/1119
f 1066/1119/1119 1043/1017/1017 1065/708/708
f 1066/1119/1119 1065/708/708 725/706/706
f 676/727/727 640/1117/1117 641/729/729
f 641/729/729 640/1117/1117 1046/1120/1120
f 641/729/729 1046/1120/1120 1047/731/731
f 1047/731/731 1046/1120/1120 1069/1121/1121
f 1047/731/731 1069/1121/1121 1070/733/733
f 1070/733/733 1069/1121/1121 721/1122/1122
f 1070/733/733 721/1122/1122 720/735/735
f 720/735/735 721/1122/1122 688/1123/1123
f 720/735/735 688/1123/1123 689/737/737
f 689/737/737 688/1123/1123 1091/1124/1124
f 689/737/737 1091/1124/1124 1092/739/739
f 1092/739/739 1091/1124/1124 765/1125/1125
f 1092/739/739 765/1125/1125 764/741/741
f 764/741/741 765/1125/1125 736/1126/1126
f 764/741/741 736/1126/1126 737/743/743
f 737/743/743 736/1126/1126 1006/1127/1127
f 737/743/743 1006/1127/1127 1007/745/745
f 1007/745/745 1006/1127/1127 1115/1128/1128
f 1007/745/745 1115/1128/1128 1116/747/747
f 1116/747/747 1115/1128/1128 808/1129/1129
f 1116/747/747 808/1129/1129 807/749/749
f 807/749/749 808/1129/1129 783/1130/1130
f 807/749/749 783/1130/1130 784/751/751
f 784/751/751 783/1130/1130 852/1131/1131
f 784/751/751 852/1131/1131 851/753/753
f 851/753/753 852/1131/1131 830/1132/1132
f 851/753/753 830/1132/1132 831/755/755
f 831/755/755 830/1132/1132 895/1133/1133
f 831/755/755 895/1133/1133 894/757/757
f 894/757/757 895/1133/1133 877/1134/1134
f 894/757/757 877/1134/1134 878/759/759
f 878/759/759 877/1134/1134 937/1135/1135
f 878/759/759 937/1135/1135 936/663/663
f 936/663/663 937/1135/1135 923/665/665
f 640/1117/1117 639/1115/1115 1045/1136/1136
f 1045/1136/1136 639/1115/1115 1044/1118/1118
f 1045/1136/1136 1044/1118/1118 1067/1137/1137
f 1067/1137/1137 1044/1118/1118 1066/1119/1119
f 1067/1137/1137 1066/1119/1119 724/1138/1138
f 724/1138/1138 1066/1119/1119 725/706/706
f 724/1138/1138 725/706/706 684/704/704
f 675/728/728 642/730/730 674/826/826
f 674/826/826 642/730/730 643/819/819
f 643/819/819 642/730/730 1048/732/732
f 646/1020/1020 647/797/797 670/1019/1019
f 670/1019/1019 647/797/797 669/796/796
f 670/1019/1019 669/796/796 1031/1018/1018
f 1031/1018/1018 669/796/796 1032/795/795
f 1031/1018/1018 1032/795/795 624/802/802
f 647/797/797 646/1020/1020 1052/798/798
f 1052/798/798 646/1020/1020 1051/1021/1021
f 1052/798/798 1051/1021/1021 1074/799/799
f 1074/799/799 1051/1021/1021 1073/1022/1022
f 1074/799/799 1073/1022/1022 717/800/800
f 717/800/800 1073/1022/1022 718/1023/1023
f 717/800/800 718/1023/1023 691/801/801
f 691/801/801 718/1023/1023 690/738/738
f 691/801/801 690/738/738 1093/740/740
f 656/1101/1101 657/631/631 660/1100/1100
f 660/1100/1100 657/631/631 659/629/629
f 660/1100/1100 659/629/629 1041/1099/1099
f 1041/1099/1099 659/629/629 601/627/627
f 1041/1099/1099 601/627/627 634/760/760
f 657/631/631 656/1101/1101 1062/633/633
f 1062/633/633 656/1101/1101 1061/1102/1102
f 1062/633/633 1061/1102/1102 1084/635/635
f 1084/635/635 1061/1102/1102 1083/1103/1103
f 1084/635/635 1083/1103/1103 707/637/637
f 707/637/637 1083/1103/1103 708/1104/1104
f 707/637/637 708/1104/1104 701/639/639
f 701/639/639 708/1104/1104 700/1105/1105
f 701/639/639 700/1105/1105 1103/641/641
f 1103/641/641 700/1105/1105 1102/1106/1106
f 1103/641/641 1102/1106/1106 754/643/643
f 754/643/643 1102/1106/1106 755/1107/1107
f 754/643/643 755/1107/1107 746/645/645
f 746/645/645 755/1107/1107 745/1108/1108
f 746/645/645 745/1108/1108 1015/647/647
f 1015/647/647 745/1108/1108 1014/1109/1109
f 1015/647/647 1014/1109/1109 1123/649/649
f 1123/649/649 1014/1109/1109 1122/1110/1110
f 1123/649/649 1122/1110/1110 801/651/651
f 801/651/651 1122/1110/1110 802/1111/1111
f 801/651/651 802/1111/1111 789/653/653
f 789/653/653 802/1111/1111 788/1112/1112
f 789/653/653 788/1112/1112 847/655/655
f 847/655/655 788/1112/1112 848/1113/1113
f 847/655/655 848/1113/1113 834/657/657
f 834/657/657 848/1113/1113 833/1114/1114
f 834/657/657 833/1114/1114 892/659/659
f 892/659/659 833/1114/1114 893/758/758
f 892/659/659 893/758/758 879/661/661
f 1027/825/825 673/818/818 1028/817/817
f 1025/726/726 675/728/728 1026/824/824
f 1026/824/824 675/728/728 674/826/826
f 726/707/707 682/830/830 683/705/705
f 683/705/705 682/830/830 606/829/829
f 683/705/705 606/829/829 1086/703/703
f 684/704/704 685/1139/1139 724/1138/1138
f 724/1138/1138 685/1139/1139 723/1140/1140
f 724/1138/1138 723/1140/1140 1067/1137/1137
f 1067/1137/1137 723/1140/1140 1068/1141/1141
f 1067/1137/1137 1068/1141/1141 1045/1136/1136
f 1045/1136/1136 1068/1141/1141 1046/1120/1120
f 1045/1136/1136 1046/1120/1120 640/1117/1117
f 685/1139/1139 686/1142/1142 723/1140/1140
f 723/1140/1140 686/1142/1142 722/1143/1143
f 723/1140/1140 722/1143/1143 1068/1141/1141
f 1068/1141/1141 722/1143/1143 1069/1121/1121
f 1068/1141/1141 1069/1121/1121 1046/1120/1120
f 684/704/704 1087/702/702 685/1139/1139
f 685/1139/1139 1087/702/702 1088/1144/1144
f 685/1139/1139 1088/1144/1144 686/1142/1142
f 686/1142/1142 1088/1144/1144 1089/1145/1145
f 686/1142/1142 1089/1145/1145 687/1146/1146
f 687/1146/1146 1089/1145/1145 1090/1147/1147
f 687/1146/1146 1090/1147/1147 688/1123/1123
f 688/1123/1123 1090/1147/1147 1091/1124/1124
f 686/1142/1142 687/1146/1146 722/1143/1143
f 722/1143/1143 687/1146/1146 721/1122/1122
f 722/1143/1143 721/1122/1122 1069/1121/1121
f 687/1146/1146 688/1123/1123 721/1122/1122
f 730/838/838 729/836/836 999/1148/1148
f 999/1148/1148 729/836/836 998/833/833
f 999/1148/1148 998/833/833 608/1008/1008
f 608/1008/1008 998/833/833 63/832/832
f 731/699/699 730/838/838 1000/1149/1149
f 1000/1149/1149 730/838/838 999/1148/1148
f 1000/1149/1149 999/1148/1148 1108/1009/1009
f 1108/1009/1009 999/1148/1148 608/1008/1008
f 732/698/698 733/1150/1150 768/1151/1151
f 768/1151/1151 733/1150/1150 767/1152/1152
f 768/1151/1151 767/1152/1152 1089/1145/1145
f 1089/1145/1145 767/1152/1152 1090/1147/1147
f 733/1150/1150 734/1153/1153 767/1152/1152
f 767/1152/1152 734/1153/1153 766/1154/1154
f 767/1152/1152 766/1154/1154 1090/1147/1147
f 1090/1147/1147 766/1154/1154 1091/1124/1124
f 732/698/698 1002/696/696 733/1150/1150
f 733/1150/1150 1002/696/696 1003/1155/1155
f 733/1150/1150 1003/1155/1155 734/1153/1153
f 734/1153/1153 1003/1155/1155 1004/1156/1156
f 734/1153/1153 1004/1156/1156 735/1157/1157
f 735/1157/1157 1004/1156/1156 1005/1158/1158
f 735/1157/1157 1005/1158/1158 736/1126/1126
f 736/1126/1126 1005/1158/1158 1006/1127/1127
f 734/1153/1153 735/1157/1157 766/1154/1154
f 766/1154/1154 735/1157/1157 765/1125/1125
f 766/1154/1154 765/1125/1125 1091/1124/1124
f 735/1157/1157 736/1126/1126 765/1125/1125
f 732/698/698 768/1151/1151 769/700/700
f 769/700/700 768/1151/1151 1088/1144/1144
f 769/700/700 1088/1144/1144 1087/702/702
f 1088/1144/1144 768/1151/1151 1089/1145/1145
f 609/840/840 862/854/854 773/841/841
f 773/841/841 862/854/854 774/843/843
f 862/854/854 861/856/856 774/843/843
f 774/843/843 861/856/856 775/845/845
f 861/856/856 860/858/858 775/845/845
f 775/845/845 860/858/858 776/847/847
f 860/858/858 859/860/860 776/847/847
f 776/847/847 859/860/860 777/849/849
f 859/860/860 858/862/862 777/849/849
f 777/849/849 858/862/862 778/691/691
f 779/690/690 780/1159/1159 811/1160/1160
f 811/1160/1160 780/1159/1159 810/1161/1161
f 811/1160/1160 810/1161/1161 1113/1162/1162
f 1113/1162/1162 810/1161/1161 1114/1163/1163
f 1113/1162/1162 1114/1163/1163 1005/1158/1158
f 1005/1158/1158 1114/1163/1163 1006/1127/1127
f 858/862/862 857/689/689 778/691/691
f 780/1159/1159 781/1164/1164 810/1161/1161
f 810/1161/1161 781/1164/1164 809/1165/1165
f 810/1161/1161 809/1165/1165 1114/1163/1163
f 1114/1163/1163 809/1165/1165 1115/1128/1128
f 1114/1163/1163 1115/1128/1128 1006/1127/1127
f 779/690/690 856/688/688 780/1159/1159
f 780/1159/1159 856/688/688 855/1166/1166
f 780/1159/1159 855/1166/1166 781/1164/1164
f 781/1164/1164 855/1166/1166 854/1167/1167
f 781/1164/1164 854/1167/1167 782/1168/1168
f 782/1168/1168 854/1167/1167 853/1169/1169
f 782/1168/1168 853/1169/1169 783/1130/1130
f 783/1130/1130 853/1169/1169 852/1131/1131
f 781/1164/1164 782/1168/1168 809/1165/1165
f 809/1165/1165 782/1168/1168 808/1129/1129
f 809/1165/1165 808/1129/1129 1115/1128/1128
f 782/1168/1168 783/1130/1130 808/1129/1129
f 779/690/690 811/1160/1160 812/692/692
f 812/692/692 811/1160/1160 1112/1170/1170
f 812/692/692 1112/1170/1170 1111/694/694
f 1111/694/694 1112/1170/1170 1003/1155/1155
f 1111/694/694 1003/1155/1155 1002/696/696
f 1112/1170/1170 811/1160/1160 1113/1162/1162
f 610/851/851 907/868/868 818/852/852
f 818/852/852 907/868/868 819/853/853
f 907/868/868 906/870/870 819/853/853
f 819/853/853 906/870/870 820/855/855
f 906/870/870 905/872/872 820/855/855
f 820/855/855 905/872/872 821/857/857
f 905/872/872 904/874/874 821/857/857
f 821/857/857 904/874/874 822/859/859
f 904/874/874 903/876/876 822/859/859
f 822/859/859 903/876/876 823/861/861
f 903/876/876 902/878/878 823/861/861
f 823/861/861 902/878/878 824/863/863
f 855/1166/1166 856/688/688 826/686/686
f 902/878/878 901/880/880 824/863/863
f 824/863/863 901/880/880 825/687/687
f 854/1167/1167 855/1166/1166 827/1171/1171
f 827/1171/1171 855/1166/1166 826/686/686
f 827/1171/1171 826/686/686 899/684/684
f 901/880/880 900/685/685 825/687/687
f 853/1169/1169 854/1167/1167 828/1172/1172
f 828/1172/1172 854/1167/1167 827/1171/1171
f 828/1172/1172 827/1171/1171 898/1173/1173
f 898/1173/1173 827/1171/1171 899/684/684
f 898/1173/1173 899/684/684 873/682/682
f 852/1131/1131 853/1169/1169 829/1174/1174
f 829/1174/1174 853/1169/1169 828/1172/1172
f 829/1174/1174 828/1172/1172 897/1175/1175
f 897/1175/1175 828/1172/1172 898/1173/1173
f 897/1175/1175 898/1173/1173 874/1176/1176
f 874/1176/1176 898/1173/1173 873/682/682
f 874/1176/1176 873/682/682 941/680/680
f 852/1131/1131 829/1174/1174 830/1132/1132
f 830/1132/1132 829/1174/1174 896/1177/1177
f 830/1132/1132 896/1177/1177 895/1133/1133
f 895/1133/1133 896/1177/1177 876/1178/1178
f 895/1133/1133 876/1178/1178 877/1134/1134
f 877/1134/1134 876/1178/1178 938/1179/1179
f 877/1134/1134 938/1179/1179 937/1135/1135
f 937/1135/1135 938/1179/1179 922/1180/1180
f 937/1135/1135 922/1180/1180 923/665/665
f 923/665/665 922/1180/1180 981/667/667
f 896/1177/1177 829/1174/1174 897/1175/1175
f 864/867/867 863/866/866 951/1181/1181
f 951/1181/1181 863/866/866 611/865/865
f 951/1181/1181 611/865/865 908/1182/1182
f 908/1182/1182 611/865/865 612/882/882
f 908/1182/1182 612/882/882 996/1183/1183
f 996/1183/1183 612/882/882 997/884/884
f 996/1183/1183 997/884/884 953/886/886
f 949/896/896 866/871/871 865/869/869
f 865/869/869 864/867/867 950/1184/1184
f 950/1184/1184 864/867/867 951/1181/1181
f 950/1184/1184 951/1181/1181 909/1185/1185
f 909/1185/1185 951/1181/1181 908/1182/1182
f 909/1185/1185 908/1182/1182 995/1186/1186
f 995/1186/1186 908/1182/1182 996/1183/1183
f 995/1186/1186 996/1183/1183 954/888/888
f 954/888/888 996/1183/1183 953/886/886
f 945/912/912 870/879/879 869/877/877
f 869/877/877 868/875/875 946/1187/1187
f 946/1187/1187 868/875/875 947/903/903
f 946/1187/1187 947/903/903 913/1188/1188
f 913/1188/1188 947/903/903 912/902/902
f 913/1188/1188 912/902/902 991/1189/1189
f 991/1189/1189 912/902/902 992/901/901
f 991/1189/1189 992/901/901 958/904/904
f 958/904/904 992/901/901 957/900/900
f 872/683/683 871/881/881 943/1190/1190
f 943/1190/1190 871/881/881 944/913/913
f 943/1190/1190 944/913/913 916/1191/1191
f 916/1191/1191 944/913/913 915/911/911
f 916/1191/1191 915/911/911 988/1192/1192
f 988/1192/1192 915/911/911 989/909/909
f 988/1192/1192 989/909/909 961/914/914
f 961/914/914 989/909/909 960/907/907
f 896/1177/1177 897/1175/1175 875/1193/1193
f 875/1193/1193 897/1175/1175 874/1176/1176
f 875/1193/1193 874/1176/1176 940/1194/1194
f 940/1194/1194 874/1176/1176 941/680/680
f 940/1194/1194 941/680/680 919/678/678
f 896/1177/1177 875/1193/1193 876/1178/1178
f 876/1178/1178 875/1193/1193 939/1195/1195
f 876/1178/1178 939/1195/1195 938/1179/1179
f 938/1179/1179 939/1195/1195 921/1196/1196
f 938/1179/1179 921/1196/1196 922/1180/1180
f 922/1180/1180 921/1196/1196 982/1197/1197
f 922/1180/1180 982/1197/1197 981/667/667
f 981/667/667 982/1197/1197 968/669/669
f 939/1195/1195 875/1193/1193 940/1194/1194
f 909/1185/1185 910/894/894 950/1184/1184
f 950/1184/1184 910/894/894 949/896/896
f 950/1184/1184 949/896/896 865/869/869
f 910/894/894 909/1185/1185 994/892/892
f 994/892/892 909/1185/1185 995/1186/1186
f 994/892/892 995/1186/1186 955/890/890
f 955/890/890 995/1186/1186 954/888/888
f 913/1188/1188 914/910/910 946/1187/1187
f 946/1187/1187 914/910/910 945/912/912
f 946/1187/1187 945/912/912 869/877/877
f 914/910/910 913/1188/1188 990/908/908
f 990/908/908 913/1188/1188 991/1189/1189
f 990/908/908 991/1189/1189 959/906/906
f 959/906/906 991/1189/1189 958/904/904
f 916/1191/1191 917/920/920 943/1190/1190
f 943/1190/1190 917/920/920 942/681/681
f 943/1190/1190 942/681/681 872/683/683
f 917/920/920 916/1191/1191 987/918/918
f 987/918/918 916/1191/1191 988/1192/1192
f 987/918/918 988/1192/1192 962/916/916
f 962/916/916 988/1192/1192 961/914/914
f 939/1195/1195 940/1194/1194 920/1198/1198
f 920/1198/1198 940/1194/1194 919/678/678
f 920/1198/1198 919/678/678 984/676/676
f 939/1195/1195 920/1198/1198 921/1196/1196
f 921/1196/1196 920/1198/1198 983/1199/1199
f 921/1196/1196 983/1199/1199 982/1197/1197
f 982/1197/1197 983/1199/1199 967/672/672
f 982/1197/1197 967/672/672 968/669/669
f 983/1199/1199 920/1198/1198 984/676/676
f 964/922/922 965/675/675 985/677/677
f 983/1199/1199 984/676/676 966/674/674
f 966/674/674 967/672/672 983/1199/1199
f 731/699/699 1000/1149/1149 1001/697/697
f 1001/697/697 1000/1149/1149 1109/1010/1010
f 1001/697/697 1109/1010/1010 1110/695/695
f 1109/1010/1010 1000/1149/1149 1108/1009/1009
f 1113/1162/1162 1005/1158/1158 1004/1156/1156
f 1113/1162/1162 1004/1156/1156 1112/1170/1170
f 1112/1170/1170 1004/1156/1156 1003/1155/1155
f 34/1200/1200 33/1201/1201 587/1202/1202
f 587/1202/1202 33/1201/1201 80/1203/1203
f 587/1202/1202 80/1203/1203 588/1204/1204
f 588/1204/1204 80/1203/1203 79/1205/1205
f 588/1204/1204 79/1205/1205 589/1206/1206
f 589/1206/1206 79/1205/1205 78/1207/1207
f 589/1206/1206 78/1207/1207 590/1208/1208
f 590/1208/1208 78/1207/1207 77/1209/1209
f 590/1208/1208 77/1209/1209 591/1210/1210
f 591/1210/1210 77/1209/1209 76/1211/1211
f 591/1210/1210 76/1211/1211 592/1212/1212
f 592/1212/1212 76/1211/1211 75/1213/1213
f 592/1212/1212 75/1213/1213 593/1214/1214
f 593/1214/1214 75/1213/1213 74/1215/1215
f 593/1214/1214 74/1215/1215 594/1216/1216
f 594/1216/1216 74/1215/1215 73/1217/1217
f 594/1216/1216 73/1217/1217 595/1218/1218
f 595/1218/1218 73/1217/1217 72/1219/1219
f 595/1218/1218 72/1219/1219 596/1220/1220
f 596/1220/1220 72/1219/1219 71/1221/1221
f 596/1220/1220 71/1221/1221 597/1222/1222
f 597/1222/1222 71/1221/1221 70/1223/1223
f 597/1222/1222 70/1223/1223 598/1224/1224
f 598/1224/1224 70/1223/1223 69/1225/1225
f 598/1224/1224 69/1225/1225 599/1226/1226
f 599/1226/1226 69/1225/1225 68/1227/1227
f 599/1226/1226 68/1227/1227 600/1228/1228
f 600/1228/1228 68/1227/1227 67/1229/1229
f 600/1228/1228 67/1229/1229 49/1230/1230
f 49/1230/1230 67/1229/1229 50/1231/1231
# 1129 vertices
# 1231 texture params
# 1231 normals
# 2254 facets

# 1 groups
