# WaveFront *.obj file (generated by Autodesk ATF)

mtllib P3.mtl

g Body1

v -10.090999 10.550000 19.179834
v -10.164893 10.054364 19.320284
v -10.234270 9.555223 19.452148
v -10.299099 9.052798 19.575367
v -10.359350 8.547313 19.689885
v -10.414996 8.038991 19.795652
v -10.466014 7.528060 19.892621
v -10.512381 7.014745 19.980749
v -10.554075 6.499276 20.059997
v -10.591078 5.981882 20.130329
v -10.623375 5.462791 20.191714
v -10.650949 4.942236 20.244125
v -10.673790 4.420447 20.287538
v -10.691887 3.897657 20.321935
v -10.705233 3.374097 20.347300
v -10.713820 2.850000 20.363622
v -10.787760 2.850000 20.504159
v -10.779226 3.373953 20.487938
v -10.765964 3.897376 20.462732
v -10.747981 4.420041 20.428551
v -10.725283 4.941717 20.385411
v -10.697882 5.462176 20.333330
v -10.665789 5.981189 20.272331
v -10.629019 6.498530 20.202442
v -10.587586 7.013971 20.123692
v -10.541511 7.527286 20.036116
v -10.490811 8.038249 19.939753
v -10.435511 8.546638 19.834644
v -10.375634 9.052228 19.720837
v -10.311207 9.554799 19.598380
v -10.242257 10.054129 19.467328
v -10.168815 10.550000 19.327738
v -6.476337 10.550000 20.857213
v -6.426777 10.550000 20.697604
v -6.899178 10.550000 20.544965
v -7.367960 10.550000 20.381546
v -7.832875 10.550000 20.207433
v -8.293680 10.550000 20.022715
v -8.750133 10.550000 19.827492
v -9.201995 10.550000 19.621864
v -9.649028 10.550000 19.405940
v -9.723437 10.550000 19.555589
v -9.272956 10.550000 19.773178
v -8.817610 10.550000 19.980391
v -8.357637 10.550000 20.177120
v -7.893278 10.550000 20.363262
v -7.424778 10.550000 20.538718
v -6.952381 10.550000 20.703397
v -6.823441 2.850000 21.975070
v -6.870532 2.850000 22.126728
v -7.319624 2.850000 21.982252
v -7.765683 2.850000 21.828661
v -8.208521 2.850000 21.666021
v -8.647956 2.850000 21.494398
v -9.083806 2.850000 21.313863
v -9.515889 2.850000 21.124491
v -9.944028 2.850000 20.926361
v -10.368043 2.850000 20.719555
v -10.296980 2.850000 20.577542
v -9.875871 2.850000 20.782931
v -9.450667 2.850000 20.979703
v -9.021545 2.850000 21.167777
v -8.588683 2.850000 21.347074
v -8.152259 2.850000 21.517521
v -7.712456 2.850000 21.679047
v -7.269455 2.850000 21.831584
v -6.865096 3.373953 22.109223
v -6.856650 3.897376 22.082023
v -6.845197 4.420041 22.045137
v -6.830742 4.941717 21.998583
v -6.813290 5.462176 21.942381
v -6.792851 5.981189 21.876555
v -6.769432 6.498530 21.801135
v -6.743045 7.013971 21.716153
v -6.713700 7.527286 21.621647
v -6.681410 8.038249 21.517658
v -6.646191 8.546638 21.404232
v -6.608056 9.052228 21.281419
v -6.567023 9.554799 21.149272
v -6.523111 10.054129 21.007849
v -7.120965 3.095763 22.039703
v -6.759742 10.088745 20.921701
v -7.498329 3.095763 21.914190
v -7.236955 10.088745 20.761459
v -7.998328 3.095763 21.736683
v -8.370754 3.095763 21.595998
v -7.710684 10.088745 20.590217
v -8.863535 3.095763 21.398467
v -8.180550 10.088745 20.408094
v -9.351660 3.095763 21.189694
v -9.834749 3.095763 20.969844
v -10.074305 3.095763 20.855816
v -10.549141 3.095763 20.619706
v -10.544781 3.341615 20.611185
v -10.539399 3.587519 20.600664
v -10.532992 3.833441 20.588142
v -10.525562 4.079343 20.573618
v -10.517105 4.325191 20.557089
v -10.507624 4.570948 20.538556
v -10.497116 4.816578 20.518017
v -10.485583 5.062045 20.495475
v -10.473025 5.307314 20.470929
v -10.459444 5.552347 20.444381
v -10.444839 5.797109 20.415835
v -10.429213 6.041564 20.385292
v -10.412568 6.285676 20.352756
v -10.394905 6.529409 20.318232
v -10.376227 6.772728 20.281723
v -10.336190 7.253939 20.203466
v -10.292196 7.733103 20.117473
v -10.244272 8.209945 20.023800
v -10.192453 8.684195 19.922512
v -10.136775 9.155587 19.813682
v -10.077281 9.623856 19.697394
v -10.014017 10.088745 19.573736
v -10.312432 3.095763 20.739104
v -10.308156 3.341615 20.730539
v -10.302881 3.587519 20.719965
v -10.296605 3.833441 20.707377
v -10.289327 4.079343 20.692775
v -10.281047 4.325191 20.676158
v -10.271764 4.570948 20.657524
v -10.261479 4.816578 20.636873
v -10.250191 5.062045 20.614207
v -10.237902 5.307314 20.589525
v -10.224611 5.552347 20.562831
v -10.210321 5.797109 20.534126
v -10.195033 6.041564 20.503413
v -10.178748 6.285676 20.470695
v -10.161468 6.529409 20.435977
v -10.143196 6.772728 20.399264
v -10.104032 7.253939 20.320567
v -10.060999 7.733103 20.234088
v -10.014125 8.209945 20.139885
v -9.963444 8.684195 20.038023
v -9.908991 9.155587 19.928575
v -9.850808 9.623856 19.811625
v -9.788940 10.088745 19.687264
v -9.830668 3.341615 20.961185
v -9.825635 3.587519 20.950494
v -9.819647 3.833441 20.937767
v -9.812703 4.079343 20.923003
v -9.804804 4.325191 20.906201
v -9.795949 4.570948 20.887360
v -9.786137 4.816578 20.866480
v -9.775370 5.062045 20.843562
v -9.763647 5.307314 20.818607
v -9.750969 5.552347 20.791616
v -9.737338 5.797109 20.762592
v -9.722755 6.041564 20.731538
v -9.707222 6.285676 20.698457
v -9.690740 6.529409 20.663353
v -9.673311 6.772728 20.626232
v -9.635956 7.253939 20.546660
v -9.594911 7.733103 20.459220
v -9.550204 8.209945 20.363970
v -9.501865 8.684195 20.260976
v -9.449930 9.155587 20.150311
v -9.394437 9.623856 20.032061
v -9.335430 10.088745 19.906317
v -9.563268 10.088745 19.797869
v -9.623685 9.623856 19.922942
v -9.680500 9.155587 20.040562
v -9.733672 8.684195 20.150638
v -9.783159 8.209945 20.253086
v -9.828925 7.733103 20.347831
v -9.870940 7.253939 20.434809
v -9.909174 6.772728 20.513962
v -9.927011 6.529409 20.550889
v -9.943879 6.285676 20.585809
v -9.959775 6.041564 20.618717
v -9.974698 5.797109 20.649610
v -9.988645 5.552347 20.678483
v -10.001616 5.307314 20.705334
v -10.013608 5.062045 20.730161
v -10.024622 4.816578 20.752962
v -10.034656 4.570948 20.773736
v -10.043711 4.325191 20.792481
v -10.051787 4.079343 20.809199
v -10.058883 3.833441 20.823890
v -10.065001 3.587519 20.836555
v -10.070141 3.341615 20.847196
v -9.347785 3.341615 21.180941
v -9.343004 3.587519 21.170134
v -9.337315 3.833441 21.157270
v -9.330717 4.079343 21.142349
v -9.323211 4.325191 21.125367
v -9.314796 4.570948 21.106326
v -9.305471 4.816578 21.085224
v -9.295238 5.062045 21.062063
v -9.284095 5.307314 21.036843
v -9.272046 5.552347 21.009566
v -9.259089 5.797109 20.980235
v -9.245227 6.041564 20.948852
v -9.230462 6.285676 20.915421
v -9.214794 6.529409 20.879947
v -9.198227 6.772728 20.842433
v -9.162716 7.253939 20.762021
v -9.123697 7.733103 20.673659
v -9.081195 8.209945 20.577404
v -9.035240 8.684195 20.473324
v -8.985864 9.155587 20.361495
v -8.933106 9.623856 20.241999
v -8.877007 10.088745 20.114931
v -9.107205 10.088745 20.011759
v -9.164740 9.623856 20.138184
v -9.218847 9.155587 20.257075
v -9.269482 8.684195 20.368340
v -9.316609 8.209945 20.471894
v -9.360193 7.733103 20.567664
v -9.400204 7.253939 20.655581
v -9.436615 6.772728 20.735590
v -9.453602 6.529409 20.772915
v -9.469665 6.285676 20.808212
v -9.484803 6.041564 20.841476
v -9.499014 5.797109 20.872702
v -9.512296 5.552347 20.901888
v -9.524648 5.307314 20.929029
v -9.536069 5.062045 20.954124
v -9.546557 4.816578 20.977171
v -9.556113 4.570948 20.998169
v -9.564736 4.325191 21.017118
v -9.572427 4.079343 21.034016
v -9.579185 3.833441 21.048866
v -9.585011 3.587519 21.061668
v -9.589906 3.341615 21.072424
v -9.593871 3.095763 21.081136
v -8.859872 3.341615 21.389624
v -8.855350 3.587519 21.378706
v -8.849967 3.833441 21.365711
v -8.843724 4.079343 21.350638
v -8.836619 4.325191 21.333485
v -8.828652 4.570948 21.314252
v -8.819824 4.816578 21.292938
v -8.810133 5.062045 21.269544
v -8.799582 5.307314 21.244071
v -8.788171 5.552347 21.216521
v -8.775900 5.797109 21.186896
v -8.762771 6.041564 21.155200
v -8.748785 6.285676 21.121435
v -8.733944 6.529409 21.085607
v -8.718251 6.772728 21.047719
v -8.684611 7.253939 20.966507
v -8.647647 7.733103 20.877266
v -8.607381 8.209945 20.780055
v -8.563841 8.684195 20.674941
v -8.517060 9.155587 20.562002
v -8.467072 9.623856 20.441321
v -8.413917 10.088745 20.312993
v -8.646179 10.088745 20.215224
v -8.700802 9.623856 20.342934
v -8.752169 9.155587 20.463034
v -8.800242 8.684195 20.575430
v -8.844983 8.209945 20.680037
v -8.886361 7.733103 20.776781
v -8.924346 7.253939 20.865592
v -8.958914 6.772728 20.946414
v -8.975041 6.529409 20.984119
v -8.990291 6.285676 21.019775
v -9.004663 6.041564 21.053377
v -9.018154 5.797109 21.084921
v -9.030764 5.552347 21.114403
v -9.042490 5.307314 21.141820
v -9.053333 5.062045 21.167170
v -9.063290 4.816578 21.190452
v -9.072363 4.570948 21.211663
v -9.080549 4.325191 21.230804
v -9.087850 4.079343 21.247874
v -9.094266 3.833441 21.262875
v -9.099797 3.587519 21.275807
v -9.104445 3.341615 21.286672
v -9.108209 3.095763 21.295473
v -8.617697 3.095763 21.498650
v -8.614136 3.341615 21.489765
v -8.609739 3.587519 21.478796
v -8.604506 3.833441 21.465741
v -8.598435 4.079343 21.450597
v -8.591528 4.325191 21.433364
v -8.583782 4.570948 21.414040
v -8.575198 4.816578 21.392626
v -8.565777 5.062045 21.369123
v -8.555518 5.307314 21.343531
v -8.544423 5.552347 21.315852
v -8.532492 5.797109 21.286088
v -8.519728 6.041564 21.254243
v -8.506130 6.285676 21.220321
v -8.491701 6.529409 21.184325
v -8.476443 6.772728 21.146260
v -8.443736 7.253939 21.064667
v -8.407797 7.733103 20.975008
v -8.368647 8.209945 20.877342
v -8.326315 8.684195 20.771737
v -8.280832 9.155587 20.658268
v -8.232231 9.623856 20.537023
v -8.297369 10.088745 20.360878
v -8.349788 9.623856 20.489509
v -8.399083 9.155587 20.610474
v -8.445216 8.684195 20.723680
v -8.488152 8.209945 20.829041
v -8.527861 7.733103 20.926481
v -8.564313 7.253939 21.015932
v -8.597487 6.772728 21.097337
v -8.612963 6.529409 21.135313
v -8.627598 6.285676 21.171226
v -8.641390 6.041564 21.205070
v -8.654337 5.797109 21.236841
v -8.666438 5.552347 21.266536
v -8.677692 5.307314 21.294151
v -8.688097 5.062045 21.319684
v -8.697653 4.816578 21.343133
v -8.706359 4.570948 21.364497
v -8.714215 4.325191 21.383776
v -8.721222 4.079343 21.400969
v -8.727379 3.833441 21.416078
v -8.732687 3.587519 21.429103
v -8.737147 3.341615 21.440047
v -8.740759 3.095763 21.448911
v -8.122723 3.095763 21.690505
v -8.119366 3.341615 21.681541
v -8.115222 3.587519 21.670474
v -8.110289 3.833441 21.657302
v -8.104568 4.079343 21.642024
v -8.098056 4.325191 21.624636
v -8.090755 4.570948 21.605140
v -8.082665 4.816578 21.583536
v -8.073785 5.062045 21.559822
v -8.064115 5.307314 21.534002
v -8.053657 5.552347 21.506076
v -8.042412 5.797109 21.476047
v -8.030380 6.041564 21.443918
v -8.017564 6.285676 21.409693
v -8.003963 6.529409 21.373375
v -7.989582 6.772728 21.334971
v -7.958754 7.253939 21.252650
v -7.924878 7.733103 21.162191
v -7.887978 8.209945 21.063653
v -7.848077 8.684195 20.957105
v -7.805206 9.155587 20.842624
v -7.759397 9.623856 20.720296
v -7.828527 10.088745 20.545702
v -7.877984 9.623856 20.675500
v -7.924494 9.155587 20.797563
v -7.968020 8.684195 20.911796
v -8.008531 8.209945 21.018114
v -8.045995 7.733103 21.116439
v -8.080388 7.253939 21.206702
v -8.111687 6.772728 21.288845
v -8.126289 6.529409 21.327166
v -8.140097 6.285676 21.363405
v -8.153110 6.041564 21.397557
v -8.165325 5.797109 21.429616
v -8.176742 5.552347 21.459580
v -8.187360 5.307314 21.487446
v -8.197177 5.062045 21.513210
v -8.206193 4.816578 21.536872
v -8.214407 4.570948 21.558431
v -8.221820 4.325191 21.577884
v -8.228431 4.079343 21.595234
v -8.234240 3.833441 21.610480
v -8.239248 3.587519 21.623623
v -8.243455 3.341615 21.634666
v -8.246864 3.095763 21.643611
v -7.748800 3.095763 21.826882
v -7.745598 3.341615 21.817861
v -7.741644 3.587519 21.806724
v -7.736939 3.833441 21.793470
v -7.731480 4.079343 21.778095
v -7.725269 4.325191 21.760598
v -7.718304 4.570948 21.740980
v -7.710586 4.816578 21.719239
v -7.702114 5.062045 21.695377
v -7.692890 5.307314 21.669394
v -7.682914 5.552347 21.641292
v -7.672186 5.797109 21.611074
v -7.660708 6.041564 21.578744
v -7.648481 6.285676 21.544303
v -7.635507 6.529409 21.507757
v -7.621788 6.772728 21.469111
v -7.592379 7.253939 21.386273
v -7.560063 7.733103 21.295245
v -7.524861 8.209945 21.196088
v -7.486797 8.684195 21.088870
v -7.445900 9.155587 20.973669
v -7.402199 9.623856 20.850572
v -7.355729 10.088745 20.719675
v -7.474745 10.088745 20.677038
v -7.521936 9.623856 20.807676
v -7.566312 9.155587 20.930531
v -7.607840 8.684195 21.045506
v -7.646487 8.209945 21.152515
v -7.682226 7.733103 21.251480
v -7.715033 7.253939 21.342332
v -7.744884 6.772728 21.425012
v -7.758809 6.529409 21.463585
v -7.771977 6.285676 21.500061
v -7.784385 6.041564 21.534437
v -7.796032 5.797109 21.566707
v -7.806916 5.552347 21.596869
v -7.817037 5.307314 21.624919
v -7.826394 5.062045 21.650854
v -7.834986 4.816578 21.674674
v -7.842812 4.570948 21.696376
v -7.849873 4.325191 21.715960
v -7.856168 4.079343 21.733426
v -7.861698 3.833441 21.748776
v -7.866463 3.587519 21.762009
v -7.870464 3.341615 21.773129
v -7.873702 3.095763 21.782137
v -7.246966 3.095763 21.998594
v -7.243971 3.341615 21.989503
v -7.240273 3.587519 21.978278
v -7.235872 3.833441 21.964919
v -7.230768 4.079343 21.949424
v -7.224959 4.325191 21.931790
v -7.218445 4.570948 21.912017
v -7.211226 4.816578 21.890105
v -7.203304 5.062045 21.866055
v -7.194677 5.307314 21.839867
v -7.185346 5.552347 21.811545
v -7.175314 5.797109 21.781089
v -7.164579 6.041564 21.748504
v -7.153144 6.285676 21.713793
v -7.141010 6.529409 21.676959
v -7.128179 6.772728 21.638009
v -7.100675 7.253939 21.554519
v -7.070452 7.733103 21.462775
v -7.037530 8.209945 21.362838
v -7.001931 8.684195 21.254777
v -6.963682 9.155587 21.138670
v -6.922812 9.623856 21.014604
v -6.879351 10.088745 20.882678
v -6.999171 10.088745 20.842824
v -7.043361 9.623856 20.974508
v -7.084916 9.155587 21.098346
v -7.123803 8.684195 21.214240
v -7.159993 8.209945 21.322105
v -7.193460 7.733103 21.421861
v -7.224181 7.253939 21.513440
v -7.252135 6.772728 21.596780
v -7.265175 6.529409 21.635661
v -7.277506 6.285676 21.672429
v -7.289125 6.041564 21.707079
v -7.300032 5.797109 21.739607
v -7.310225 5.552347 21.770009
v -7.319703 5.307314 21.798283
v -7.328466 5.062045 21.824425
v -7.336512 4.816578 21.848434
v -7.343841 4.570948 21.870309
v -7.350453 4.325191 21.890049
v -7.356349 4.079343 21.907655
v -7.361528 3.833441 21.923126
v -7.365991 3.587519 21.936464
v -7.369738 3.341615 21.947672
v -7.372770 3.095763 21.956751
v -6.639939 10.088745 20.960031
v -6.681887 9.623856 21.092447
v -6.721335 9.155587 21.216971
v -6.758253 8.684195 21.333508
v -6.792613 8.209945 21.441970
v -6.824389 7.733103 21.542278
v -6.853561 7.253939 21.634361
v -6.880107 6.772728 21.718161
v -6.892492 6.529409 21.757255
v -6.904204 6.285676 21.794225
v -6.915241 6.041564 21.829065
v -6.925602 5.797109 21.861771
v -6.935285 5.552347 21.892339
v -6.944291 5.307314 21.920767
v -6.952618 5.062045 21.947051
v -6.960265 4.816578 21.971190
v -6.967232 4.570948 21.993183
v -6.973519 4.325191 22.013029
v -6.979126 4.079343 22.030728
v -6.984053 3.833441 22.046282
v -6.988301 3.587519 22.059690
v -6.991870 3.341615 22.070956
v -6.994760 3.095763 22.080081
v -7.117964 10.088745 20.802555
v -7.162932 9.623856 20.933976
v -7.205220 9.155587 21.057565
v -7.244795 8.684195 21.173226
v -7.281629 8.209945 21.280873
v -7.315693 7.733103 21.380427
v -7.346964 7.253939 21.471819
v -7.375422 6.772728 21.554989
v -7.388698 6.529409 21.593789
v -7.401253 6.285676 21.630481
v -7.413085 6.041564 21.665059
v -7.424192 5.797109 21.697520
v -7.434573 5.552347 21.727858
v -7.444226 5.307314 21.756072
v -7.453153 5.062045 21.782159
v -7.461350 4.816578 21.806117
v -7.468819 4.570948 21.827945
v -7.475559 4.325191 21.847642
v -7.481569 4.079343 21.865208
v -7.486851 3.833441 21.880644
v -7.491405 3.587519 21.893952
v -7.495230 3.341615 21.905133
v -7.623679 3.095763 21.870898
v -7.592599 10.088745 20.634053
v -7.640566 9.623856 20.764409
v -7.685674 9.155587 20.886997
v -7.727888 8.684195 21.001722
v -7.767178 8.209945 21.108496
v -7.803513 7.733103 21.207244
v -7.836870 7.253939 21.297896
v -7.867226 6.772728 21.380392
v -7.881387 6.529409 21.418878
v -7.894779 6.285676 21.455273
v -7.907400 6.041564 21.489571
v -7.919247 5.797109 21.521768
v -7.930320 5.552347 21.551861
v -7.940618 5.307314 21.579846
v -7.950139 5.062045 21.605722
v -7.958883 4.816578 21.629486
v -7.966850 4.570948 21.651137
v -7.974039 4.325191 21.670674
v -7.980451 4.079343 21.688098
v -7.986085 3.833441 21.703410
v -7.990942 3.587519 21.716610
v -7.995023 3.341615 21.727700
v -8.063466 10.088745 20.454638
v -8.114407 9.623856 20.583861
v -8.162313 9.155587 20.705383
v -8.207145 8.684195 20.819110
v -8.248871 8.209945 20.924956
v -8.287460 7.733103 21.022845
v -8.322886 7.253939 21.112708
v -8.355124 6.772728 21.194487
v -8.370164 6.529409 21.232639
v -8.384386 6.285676 21.268717
v -8.397789 6.041564 21.302717
v -8.410372 5.797109 21.334635
v -8.422131 5.552347 21.364466
v -8.433068 5.307314 21.392208
v -8.443179 5.062045 21.417858
v -8.452466 4.816578 21.441416
v -8.460927 4.570948 21.462878
v -8.468562 4.325191 21.482246
v -8.475371 4.079343 21.499518
v -8.481354 3.833441 21.514697
v -8.486512 3.587519 21.527782
v -8.490846 3.341615 21.538776
v -8.494357 3.095763 21.547681
v -8.367305 3.341615 21.587069
v -8.363044 3.587519 21.576046
v -8.357971 3.833441 21.562928
v -8.352085 4.079343 21.547712
v -8.345385 4.325191 21.530396
v -8.337871 4.570948 21.510982
v -8.329543 4.816578 21.489467
v -8.320402 5.062045 21.465853
v -8.310447 5.307314 21.440141
v -8.299680 5.552347 21.412333
v -8.288102 5.797109 21.382431
v -8.275712 6.041564 21.350438
v -8.262514 6.285676 21.316358
v -8.248508 6.529409 21.280195
v -8.233697 6.772728 21.241954
v -8.201947 7.253939 21.159985
v -8.167056 7.733103 21.069912
v -8.129048 8.209945 20.971797
v -8.087947 8.684195 20.865706
v -8.043785 9.155587 20.751716
v -7.996595 9.623856 20.629915
v -7.946412 10.088745 20.500396
v -6.802447 9.623856 21.053875
v -6.842607 9.155587 21.178172
v -6.880191 8.684195 21.294496
v -6.915170 8.209945 21.402759
v -6.947520 7.733103 21.502883
v -6.977218 7.253939 21.594798
v -7.004244 6.772728 21.678445
v -7.016852 6.529409 21.717467
v -7.028775 6.285676 21.754369
v -7.040011 6.041564 21.789146
v -7.050559 5.797109 21.821792
v -7.060417 5.552347 21.852304
v -7.069585 5.307314 21.880680
v -7.078062 5.062045 21.906916
v -7.085847 4.816578 21.931011
v -7.092940 4.570948 21.952964
v -7.099341 4.325191 21.972774
v -7.105049 4.079343 21.990441
v -7.110065 3.833441 22.005965
v -7.114389 3.587519 22.019349
v -7.118022 3.341615 22.030594
v -7.282675 9.623856 20.892620
v -7.325670 9.155587 21.015965
v -7.365907 8.684195 21.131398
v -7.403356 8.209945 21.238832
v -7.437990 7.733103 21.338189
v -7.469784 7.253939 21.429401
v -7.498718 6.772728 21.512406
v -7.512216 6.529409 21.551130
v -7.524981 6.285676 21.587750
v -7.537010 6.041564 21.622259
v -7.548302 5.797109 21.654656
v -7.558857 5.552347 21.684934
v -7.568672 5.307314 21.713093
v -7.577747 5.062045 21.739128
v -7.586082 4.816578 21.763038
v -7.593676 4.570948 21.784823
v -7.600528 4.325191 21.804481
v -7.606639 4.079343 21.822013
v -7.612009 3.833441 21.837419
v -7.616639 3.587519 21.850700
v -7.620529 3.341615 21.861859
v -6.473839 10.054364 20.849169
v -6.518024 9.555223 20.991468
v -6.559312 9.052798 21.124437
v -6.597685 8.547313 21.248017
v -6.633125 8.038991 21.362154
v -6.665618 7.528060 21.466797
v -6.695148 7.014745 21.561899
v -6.721702 6.499276 21.647418
v -6.745269 5.981882 21.723315
v -6.765838 5.462791 21.789558
v -6.783399 4.942236 21.846116
v -6.797947 4.420447 21.892966
v -6.809472 3.897657 21.930084
v -6.817972 3.374097 21.957457
v -6.708633 10.089024 20.763515
v -7.072128 3.095838 21.888551
v -7.182238 10.089024 20.604484
v -7.571395 3.095838 21.720903
v -7.652385 10.089024 20.434537
v -7.943474 3.095838 21.587609
v -8.118698 10.089024 20.253791
v -8.436101 3.095838 21.399903
v -8.802747 3.095838 21.251712
v -9.287524 3.095838 21.044371
v -9.767300 3.095838 20.826029
v -10.005213 3.095838 20.712782
v -6.946789 3.095838 21.928652
v -6.943880 3.341767 21.919469
v -6.940288 3.587748 21.908132
v -6.936014 3.833747 21.894638
v -6.931055 4.079727 21.878985
v -6.925412 4.325651 21.861171
v -6.919084 4.571484 21.841197
v -6.912072 4.817187 21.819062
v -6.904375 5.062726 21.794767
v -6.895995 5.308063 21.768312
v -6.886931 5.553161 21.739700
v -6.877184 5.797985 21.708933
v -6.866756 6.042497 21.676015
v -6.855647 6.286662 21.640948
v -6.843860 6.530443 21.603738
v -6.831394 6.773803 21.564390
v -6.804680 7.255000 21.480061
v -6.775325 7.734123 21.387398
v -6.743350 8.210893 21.286462
v -6.708776 8.685037 21.177325
v -6.671630 9.156283 21.060067
v -6.631939 9.624366 20.934778
v -6.589736 10.089024 20.801555
v -7.322207 3.095838 21.806167
v -7.319155 3.341767 21.797031
v -7.315384 3.587748 21.785752
v -7.310892 3.833747 21.772329
v -7.305680 4.079727 21.756758
v -7.299746 4.325651 21.739040
v -7.293091 4.571484 21.719173
v -7.285714 4.817187 21.697156
v -7.277615 5.062726 21.672992
v -7.268796 5.308063 21.646680
v -7.259256 5.553161 21.618223
v -7.248997 5.797985 21.587623
v -7.238019 6.042497 21.554884
v -7.226324 6.286662 21.520009
v -7.213913 6.530443 21.483002
v -7.200788 6.773803 21.443869
v -7.172657 7.255000 21.360002
v -7.141743 7.734123 21.267847
v -7.108066 8.210893 21.167467
v -7.071650 8.685037 21.058931
v -7.032522 9.156283 20.942319
v -6.990711 9.624366 20.817721
v -6.946252 10.089024 20.685234
v -6.827337 10.089024 20.724787
v -6.871063 9.624366 20.857518
v -6.912184 9.156283 20.982345
v -6.950670 8.685037 21.099170
v -6.986490 8.210893 21.207904
v -7.019618 7.734123 21.308467
v -7.050032 7.255000 21.400788
v -7.077709 6.773803 21.484806
v -7.090624 6.530443 21.524009
v -7.102837 6.286662 21.561082
v -7.114346 6.042497 21.596019
v -7.125150 5.797985 21.628816
v -7.135248 5.553161 21.659469
v -7.144639 5.308063 21.687976
v -7.153322 5.062726 21.714333
v -7.161296 4.817187 21.738538
v -7.168561 4.571484 21.760592
v -7.175117 4.325651 21.780492
v -7.180963 4.079727 21.798240
v -7.186101 3.833747 21.813835
v -7.190530 3.587748 21.827279
v -7.194251 3.341767 21.838575
v -7.197265 3.095838 21.847724
v -7.819702 3.095838 21.632751
v -7.816444 3.341767 21.623686
v -7.812417 3.587748 21.612496
v -7.807622 3.833747 21.599178
v -7.802056 4.079727 21.583730
v -7.795720 4.325651 21.566152
v -7.788614 4.571484 21.546441
v -7.780737 4.817187 21.524599
v -7.772089 5.062726 21.500625
v -7.762671 5.308063 21.474522
v -7.752484 5.553161 21.446290
v -7.741529 5.797985 21.415933
v -7.729806 6.042497 21.383453
v -7.717317 6.286662 21.348854
v -7.704064 6.530443 21.312140
v -7.690048 6.773803 21.273317
v -7.660008 7.255000 21.190115
v -7.626995 7.734123 21.098691
v -7.591031 8.210893 20.999107
v -7.552143 8.685037 20.891432
v -7.510358 9.156283 20.775746
v -7.465709 9.624366 20.652136
v -7.418230 10.089024 20.520701
v -7.300113 10.089024 20.563017
v -7.346866 9.624366 20.694712
v -7.390836 9.156283 20.818564
v -7.431986 8.685037 20.934478
v -7.470287 8.210893 21.042363
v -7.505709 7.734123 21.142141
v -7.538229 7.255000 21.233742
v -7.567823 6.773803 21.317104
v -7.581632 6.530443 21.356001
v -7.594690 6.286662 21.392784
v -7.606997 6.042497 21.427448
v -7.618549 5.797985 21.459989
v -7.629346 5.553161 21.490404
v -7.639388 5.308063 21.518687
v -7.648672 5.062726 21.544839
v -7.657198 4.817187 21.568856
v -7.664966 4.571484 21.590737
v -7.671976 4.325651 21.610482
v -7.678227 4.079727 21.628091
v -7.683720 3.833747 21.643564
v -7.688456 3.587748 21.656904
v -7.692435 3.341767 21.668111
v -7.695657 3.095838 21.677188
v -8.190305 3.095838 21.495175
v -8.186875 3.341767 21.486174
v -8.182641 3.587748 21.475061
v -8.177601 3.833747 21.461833
v -8.171755 4.079727 21.446490
v -8.165101 4.325651 21.429029
v -8.157641 4.571484 21.409449
v -8.149374 4.817187 21.387752
v -8.140299 5.062726 21.363937
v -8.130419 5.308063 21.338005
v -8.119732 5.553161 21.309958
v -8.108241 5.797985 21.279800
v -8.095946 6.042497 21.247532
v -8.082848 6.286662 21.213159
v -8.068951 6.530443 21.176684
v -8.054254 6.773803 21.138114
v -8.022757 7.255000 21.055452
v -7.988148 7.734123 20.964620
v -7.950449 8.210893 20.865680
v -7.909686 8.685037 20.758701
v -7.865891 9.156283 20.643760
v -7.819095 9.624366 20.520947
v -7.769337 10.089024 20.390358
v -7.701394 9.624366 20.565409
v -7.747485 9.156283 20.688488
v -7.790621 8.685037 20.803678
v -7.830770 8.210893 20.910889
v -7.867902 7.734123 21.010044
v -7.901990 7.255000 21.101072
v -7.933013 6.773803 21.183913
v -7.947488 6.530443 21.222567
v -7.961177 6.286662 21.259120
v -7.974077 6.042497 21.293568
v -7.986187 5.797985 21.325906
v -7.997505 5.553161 21.356130
v -8.008031 5.308063 21.384237
v -8.017763 5.062726 21.410225
v -8.026701 4.817187 21.434092
v -8.034844 4.571484 21.455836
v -8.042192 4.325651 21.475458
v -8.048745 4.079727 21.492957
v -8.054503 3.833747 21.508334
v -8.059467 3.587748 21.521590
v -8.063638 3.341767 21.532727
v -8.067016 3.095838 21.541748
v -8.680813 3.095838 21.301810
v -8.677178 3.341767 21.292890
v -8.672690 3.587748 21.281877
v -8.667348 3.833747 21.268769
v -8.661152 4.079727 21.253563
v -8.654100 4.325651 21.236259
v -8.646193 4.571484 21.216856
v -8.637430 4.817187 21.195354
v -8.627813 5.062726 21.171753
v -8.617340 5.308063 21.146054
v -8.606013 5.553161 21.118260
v -8.593834 5.797985 21.088373
v -8.580803 6.042497 21.056395
v -8.566921 6.286662 21.022331
v -8.552191 6.530443 20.986185
v -8.536614 6.773803 20.947961
v -8.503231 7.255000 20.866043
v -8.466549 7.734123 20.776029
v -8.426592 8.210893 20.677978
v -8.383388 8.685037 20.571961
v -8.336970 9.156283 20.458055
v -8.287372 9.624366 20.336347
v -8.234634 10.089024 20.206933
v -8.170694 9.624366 20.383506
v -8.219593 9.156283 20.505496
v -8.265358 8.685037 20.619666
v -8.307954 8.210893 20.725929
v -8.347348 7.734123 20.824207
v -8.383514 7.255000 20.914430
v -8.416427 6.773803 20.996538
v -8.431784 6.530443 21.034851
v -8.446307 6.286662 21.071081
v -8.459993 6.042497 21.105224
v -8.472841 5.797985 21.137275
v -8.484849 5.553161 21.167232
v -8.496016 5.308063 21.195091
v -8.506341 5.062726 21.220849
v -8.515824 4.817187 21.244504
v -8.524463 4.571484 21.266057
v -8.532259 4.325651 21.285505
v -8.539211 4.079727 21.302849
v -8.545320 3.833747 21.318090
v -8.550587 3.587748 21.331228
v -8.555012 3.341767 21.342267
v -8.558596 3.095838 21.351208
v -9.045743 3.095838 21.149425
v -9.041955 3.341767 21.140568
v -9.037278 3.587748 21.129634
v -9.031712 3.833747 21.116620
v -9.025255 4.079727 21.101523
v -9.017907 4.325651 21.084343
v -9.009667 4.571484 21.065078
v -9.000536 4.817187 21.043730
v -8.990514 5.062726 21.020298
v -8.979602 5.308063 20.994783
v -8.967799 5.553161 20.967188
v -8.955107 5.797985 20.937514
v -8.941528 6.042497 20.905765
v -8.927063 6.286662 20.871945
v -8.911714 6.530443 20.836057
v -8.895482 6.773803 20.798107
v -8.860696 7.255000 20.716775
v -8.822471 7.734123 20.627404
v -8.780835 8.210893 20.530056
v -8.735815 8.685037 20.424797
v -8.687445 9.156283 20.311705
v -8.635762 9.624366 20.190868
v -8.580807 10.089024 20.062379
v -8.350301 10.089024 20.159409
v -8.403780 9.624366 20.288519
v -8.454074 9.156283 20.409941
v -8.501145 8.685037 20.523580
v -8.544956 8.210893 20.629348
v -8.585474 7.734123 20.727167
v -8.622671 7.255000 20.816970
v -8.656523 6.773803 20.898696
v -8.672319 6.530443 20.936829
v -8.687256 6.286662 20.972890
v -8.701332 6.042497 21.006874
v -8.714547 5.797985 21.038777
v -8.726897 5.553161 21.068594
v -8.738383 5.308063 21.096322
v -8.749002 5.062726 21.121960
v -8.758755 4.817187 21.145506
v -8.767641 4.571484 21.166958
v -8.775659 4.325651 21.186315
v -8.782810 4.079727 21.203579
v -8.789093 3.833747 21.218748
v -8.794510 3.587748 21.231826
v -8.799061 3.341767 21.242813
v -9.528074 3.095838 20.936558
v -9.524084 3.341767 20.927790
v -9.519158 3.587748 20.916966
v -9.513295 3.833747 20.904082
v -9.506494 4.079727 20.889138
v -9.498754 4.325651 20.872130
v -9.490075 4.571484 20.853060
v -9.480457 4.817187 20.831926
v -9.469901 5.062726 20.808730
v -9.458406 5.308063 20.783472
v -9.445974 5.553161 20.756154
v -9.432606 5.797985 20.726780
v -9.418303 6.042497 20.695350
v -9.403066 6.286662 20.661870
v -9.386898 6.530443 20.626344
v -9.369801 6.773803 20.588776
v -9.333160 7.255000 20.508262
v -9.292898 7.734123 20.419791
v -9.249041 8.210893 20.323422
v -9.201620 8.685037 20.219223
v -9.150671 9.156283 20.107270
v -9.096233 9.624366 19.987648
v -9.038347 10.089024 19.860453
v -8.809889 10.089024 19.962845
v -8.866330 9.624366 20.090688
v -8.919412 9.156283 20.210917
v -8.969092 8.685037 20.323439
v -9.015334 8.210893 20.428167
v -9.058101 7.734123 20.525024
v -9.097366 7.255000 20.613942
v -9.133101 6.773803 20.694863
v -9.149776 6.530443 20.732620
v -9.165545 6.286662 20.768325
v -9.180406 6.042497 20.801973
v -9.194358 5.797985 20.833560
v -9.207398 5.553161 20.863082
v -9.219526 5.308063 20.890536
v -9.230741 5.062726 20.915919
v -9.241040 4.817187 20.939231
v -9.250425 4.571484 20.960469
v -9.258895 4.325651 20.979633
v -9.266449 4.079727 20.996724
v -9.273089 3.833747 21.011741
v -9.278814 3.587748 21.024687
v -9.283625 3.341767 21.035562
v -10.001023 3.341767 20.704109
v -9.995851 3.587748 20.693400
v -9.989694 3.833747 20.680654
v -9.982552 4.079727 20.665869
v -9.974425 4.325651 20.649044
v -9.965311 4.571484 20.630177
v -9.955212 4.817187 20.609269
v -9.944127 5.062726 20.586321
v -9.932056 5.308063 20.561333
v -9.919002 5.553161 20.534307
v -9.904964 5.797985 20.505246
v -9.889944 6.042497 20.474153
v -9.873945 6.286662 20.441031
v -9.856968 6.530443 20.405884
v -9.839014 6.773803 20.368718
v -9.800538 7.255000 20.289064
v -9.758260 7.734123 20.201539
v -9.712207 8.210893 20.106200
v -9.662411 8.685037 20.003115
v -9.608911 9.156283 19.892358
v -9.551746 9.624366 19.774015
v -9.490962 10.089024 19.648180
v -9.264846 10.089024 19.755808
v -9.324212 9.624366 19.882319
v -9.380045 9.156283 20.001296
v -9.432302 8.685037 20.112645
v -9.480941 8.210893 20.216281
v -9.525928 7.734123 20.312127
v -9.567231 7.255000 20.400117
v -9.604822 6.773803 20.480192
v -9.622363 6.530443 20.517555
v -9.638952 6.286662 20.552887
v -9.654586 6.042497 20.586183
v -9.669264 5.797985 20.617439
v -9.682983 5.553161 20.646651
v -9.695742 5.308063 20.673818
v -9.707541 5.062726 20.698935
v -9.718378 4.817187 20.722001
v -9.728253 4.571484 20.743016
v -9.737165 4.325651 20.761979
v -9.745115 4.079727 20.778889
v -9.752103 3.833747 20.793747
v -9.758129 3.587748 20.806556
v -9.763194 3.341767 20.817315
v -10.476793 3.095838 20.478292
v -10.472405 3.341767 20.469717
v -10.466989 3.587748 20.459130
v -10.460542 3.833747 20.446528
v -10.453063 4.079727 20.431910
v -10.444553 4.325651 20.415275
v -10.435010 4.571484 20.396622
v -10.424434 4.817187 20.375951
v -10.412827 5.062726 20.353263
v -10.400188 5.308063 20.328558
v -10.386518 5.553161 20.301838
v -10.371818 5.797985 20.273106
v -10.356091 6.042497 20.242365
v -10.339337 6.286662 20.209618
v -10.321560 6.530443 20.174869
v -10.302760 6.773803 20.138123
v -10.262471 7.255000 20.059371
v -10.218199 7.734123 19.972837
v -10.169976 8.210893 19.878577
v -10.117834 8.685037 19.776659
v -10.061811 9.156283 19.667156
v -10.001952 9.624366 19.550153
v -9.938303 10.089024 19.425742
v -9.714927 10.089024 19.538411
v -9.777172 9.624366 19.663531
v -9.835712 9.156283 19.781199
v -9.890501 8.685037 19.891324
v -9.941498 8.210893 19.993821
v -9.988664 7.734123 20.088614
v -10.031968 7.255000 20.175636
v -10.071379 6.773803 20.254831
v -10.089770 6.530443 20.291783
v -10.107161 6.286662 20.326727
v -10.123552 6.042497 20.359657
v -10.138940 5.797985 20.390570
v -10.153323 5.553161 20.419462
v -10.166699 5.308063 20.446329
v -10.179068 5.062726 20.471171
v -10.190429 4.817187 20.493984
v -10.200780 4.571484 20.514768
v -10.210123 4.325651 20.533522
v -10.218456 4.079727 20.550247
v -10.225780 3.833747 20.564943
v -10.232096 3.587748 20.577610
v -10.237404 3.341767 20.588252
v -10.241707 3.095838 20.596871
v -8.313346 3.095838 21.447889
v -8.309875 3.341767 21.438903
v -8.305587 3.587748 21.427811
v -8.300481 3.833747 21.414609
v -8.294557 4.079727 21.399295
v -8.287814 4.325651 21.381868
v -8.280251 4.571484 21.362328
v -8.271870 4.817187 21.340674
v -8.262669 5.062726 21.316908
v -8.252650 5.308063 21.291029
v -8.241813 5.553161 21.263041
v -8.230159 5.797985 21.232944
v -8.217689 6.042497 21.200744
v -8.204405 6.286662 21.166442
v -8.190308 6.530443 21.130045
v -8.175400 6.773803 21.091555
v -8.143449 7.255000 21.009067
v -8.108339 7.734123 20.918429
v -8.070092 8.210893 20.819699
v -8.028735 8.685037 20.712948
v -7.984300 9.156283 20.598253
v -7.936819 9.624366 20.475704
v -7.886331 10.089024 20.345395
v -7.069167 3.341767 21.879384
v -7.065510 3.587748 21.868068
v -7.061159 3.833747 21.854599
v -7.056110 4.079727 21.838974
v -7.050365 4.325651 21.821194
v -7.043924 4.571484 21.801256
v -7.036785 4.817187 21.779161
v -7.028950 5.062726 21.754910
v -7.020418 5.308063 21.728504
v -7.011190 5.553161 21.699944
v -7.001268 5.797985 21.669234
v -6.990651 6.042497 21.636375
v -6.979342 6.286662 21.601373
v -6.967342 6.530443 21.564231
v -6.954652 6.773803 21.524955
v -6.927455 7.255000 21.440780
v -6.897571 7.734123 21.348287
v -6.865018 8.210893 21.247536
v -6.829821 8.685037 21.138598
v -6.792004 9.156283 21.021555
v -6.751598 9.624366 20.896494
v -7.446904 3.095838 21.763898
v -7.443786 3.341767 21.754784
v -7.439936 3.587748 21.743532
v -7.435353 3.833747 21.730140
v -7.430037 4.079727 21.714604
v -7.423988 4.325651 21.696925
v -7.417205 4.571484 21.677101
v -7.409688 4.817187 21.655132
v -7.401437 5.062726 21.631019
v -7.392453 5.308063 21.604763
v -7.382737 5.553161 21.576366
v -7.372288 5.797985 21.545830
v -7.361109 6.042497 21.513159
v -7.349201 6.286662 21.478356
v -7.336565 6.530443 21.441426
v -7.323202 6.773803 21.402373
v -7.294564 7.255000 21.318678
v -7.263096 7.734123 21.226711
v -7.228819 8.210893 21.126534
v -7.191756 8.685037 21.018217
v -7.151936 9.156283 20.901840
v -7.109388 9.624366 20.777491
v -7.064146 10.089024 20.645270
v -7.568224 3.341767 21.711807
v -7.564310 3.587748 21.700577
v -7.559651 3.833747 21.687211
v -7.554246 4.079727 21.671706
v -7.548096 4.325651 21.654062
v -7.541199 4.571484 21.634277
v -7.533556 4.817187 21.612352
v -7.525168 5.062726 21.588286
v -7.516034 5.308063 21.562082
v -7.506155 5.553161 21.533741
v -7.495532 5.797985 21.503266
v -7.484166 6.042497 21.470659
v -7.472058 6.286662 21.435925
v -7.459211 6.530443 21.399068
v -7.445625 6.773803 21.360092
v -7.416508 7.255000 21.276562
v -7.384514 7.734123 21.184777
v -7.349663 8.210893 21.084798
v -7.311981 8.685037 20.976695
v -7.271495 9.156283 20.860547
v -7.228236 9.624366 20.736445
v -7.940148 3.341767 21.578569
v -7.936041 3.587748 21.567408
v -7.931153 3.833747 21.554124
v -7.925483 4.079727 21.538714
v -7.919030 4.325651 21.521178
v -7.911795 4.571484 21.501515
v -7.903776 4.817187 21.479724
v -7.894975 5.062726 21.455806
v -7.885392 5.308063 21.429763
v -7.875028 5.553161 21.401596
v -7.863883 5.797985 21.371308
v -7.851958 6.042497 21.338901
v -7.839256 6.286662 21.304380
v -7.825777 6.530443 21.267749
v -7.811523 6.773803 21.229012
v -7.780976 7.255000 21.145995
v -7.747409 7.734123 21.054773
v -7.710846 8.210893 20.955407
v -7.671312 8.685037 20.847968
v -7.628837 9.156283 20.732533
v -7.583452 9.624366 20.609192
v -7.535193 10.089024 20.478042
v -8.432568 3.341767 21.390941
v -8.428207 3.587748 21.379878
v -8.423016 3.833747 21.366709
v -8.416994 4.079727 21.351433
v -8.410141 4.325651 21.334050
v -8.402457 4.571484 21.314557
v -8.393941 4.817187 21.292956
v -8.384595 5.062726 21.269246
v -8.374417 5.308063 21.243429
v -8.363410 5.553161 21.215507
v -8.351574 5.797985 21.185482
v -8.338910 6.042497 21.153357
v -8.325420 6.286662 21.119136
v -8.311105 6.530443 21.082824
v -8.295967 6.773803 21.044424
v -8.263525 7.255000 20.962129
v -8.227877 7.734123 20.871700
v -8.189047 8.210893 20.773198
v -8.147061 8.685037 20.666693
v -8.101951 9.156283 20.552262
v -8.053751 9.624366 20.429993
v -8.002499 10.089024 20.299983
vt 21.672566 7.700000 0.000000
vt 21.831270 7.204364 0.000000
vt 21.839693 7.700000 0.000000
vt 21.997424 7.204129 0.000000
vt 21.980270 6.705223 0.000000
vt 22.145507 6.704799 0.000000
vt 22.119502 6.202798 0.000000
vt 22.283878 6.202228 0.000000
vt 22.248903 5.697313 0.000000
vt 22.412476 5.696638 0.000000
vt 22.368416 5.188991 0.000000
vt 22.531244 5.188249 0.000000
vt 22.477987 4.678060 0.000000
vt 22.640130 4.677286 0.000000
vt 22.577568 4.164745 0.000000
vt 22.739087 4.163971 0.000000
vt 22.667115 3.649276 0.000000
vt 22.828072 3.648530 0.000000
vt 22.746587 3.131882 0.000000
vt 22.907044 3.131189 0.000000
vt 22.815950 2.612791 0.000000
vt 22.975970 2.612176 0.000000
vt 22.875172 2.092236 0.000000
vt 23.034819 2.091717 0.000000
vt 22.924228 1.570447 0.000000
vt 23.083566 1.570041 0.000000
vt 22.963095 1.047657 0.000000
vt 23.122189 1.047376 0.000000
vt 22.991756 0.524097 0.000000
vt 23.150671 0.523953 0.000000
vt 23.010199 -0.000000 0.000000
vt 23.169000 -0.000000 0.000000
vt 18.063645 -11.786326 0.000000
vt 17.904036 -11.736766 0.000000
vt 17.909830 -12.262370 0.000000
vt 17.751398 -12.209167 0.000000
vt 17.745151 -12.734766 0.000000
vt 17.587979 -12.677949 0.000000
vt 17.569694 -13.203267 0.000000
vt 17.413865 -13.142864 0.000000
vt 17.383553 -13.667626 0.000000
vt 17.229148 -13.603669 0.000000
vt 17.186823 -14.127599 0.000000
vt 17.033924 -14.060122 0.000000
vt 16.979610 -14.582945 0.000000
vt 16.828296 -14.511984 0.000000
vt 16.762021 -15.033425 0.000000
vt 16.612373 -14.959017 0.000000
vt 16.534171 -15.478804 0.000000
vt 16.386266 -15.400987 0.000000
vt -6.870594 22.126847 0.000000
vt -7.319687 21.982371 0.000000
vt -6.823503 21.975189 0.000000
vt -7.269518 21.831703 0.000000
vt -7.765745 21.828781 0.000000
vt -7.712519 21.679166 0.000000
vt -8.208584 21.666141 0.000000
vt -8.152322 21.517640 0.000000
vt -8.648019 21.494517 0.000000
vt -8.588746 21.347194 0.000000
vt -9.083869 21.313982 0.000000
vt -9.021608 21.167896 0.000000
vt -9.515952 21.124611 0.000000
vt -9.450730 20.979822 0.000000
vt -9.944091 20.926481 0.000000
vt -9.875934 20.783050 0.000000
vt -10.368106 20.719675 0.000000
vt -10.297043 20.577662 0.000000
vt -10.787823 20.504278 0.000000
vt -10.713883 20.363742 0.000000
vt -7.336397 4.178437 0.000000
vt -7.862298 4.178437 0.000000
vt -7.615572 3.917285 0.000000
vt -7.862298 3.713717 0.000000
vt -7.615572 3.656117 0.000000
vt -7.615572 3.394980 0.000000
vt -7.368846 3.656102 0.000000
vt -7.368846 3.394980 0.000000
vt -7.122120 3.656087 0.000000
vt -7.122120 3.394980 0.000000
vt -6.875394 3.656072 0.000000
vt -6.875394 3.394980 0.000000
vt -6.628668 3.656057 0.000000
vt -6.628668 3.394980 0.000000
vt -6.381942 3.656042 0.000000
vt -6.381942 3.394980 0.000000
vt -6.135216 3.656027 0.000000
vt -6.135216 3.394980 0.000000
vt -5.888490 3.656012 0.000000
vt -5.888490 3.394980 0.000000
vt -5.641764 3.655997 0.000000
vt -5.641764 3.394980 0.000000
vt -5.395038 3.655982 0.000000
vt -5.395038 3.394980 0.000000
vt -5.148312 3.655967 0.000000
vt -5.148312 3.394980 0.000000
vt -4.901586 3.655952 0.000000
vt -4.901586 3.394980 0.000000
vt -4.654860 3.655937 0.000000
vt -4.654860 3.394980 0.000000
vt -4.408134 3.655922 0.000000
vt -4.408134 3.394980 0.000000
vt -4.161408 3.655907 0.000000
vt -4.161408 3.394980 0.000000
vt -3.914682 3.655892 0.000000
vt -3.914682 3.394980 0.000000
vt -3.425347 3.655862 0.000000
vt -3.425347 3.394980 0.000000
vt -2.936011 3.655832 0.000000
vt -2.936011 3.394980 0.000000
vt -2.446676 3.655802 0.000000
vt -2.446676 3.394980 0.000000
vt -1.957341 3.655772 0.000000
vt -1.957341 3.394980 0.000000
vt -1.468006 3.655742 0.000000
vt -1.468006 3.394980 0.000000
vt -0.978670 3.655712 0.000000
vt -0.978670 3.394980 0.000000
vt -0.489335 3.655682 0.000000
vt -0.489335 3.394980 0.000000
vt -0.000000 3.655653 0.000000
vt -0.000000 3.133279 0.000000
vt -0.489335 3.133314 0.000000
vt -0.489335 2.872676 0.000000
vt -0.978670 2.872676 0.000000
vt -0.978670 2.611223 0.000000
vt -1.468006 2.611245 0.000000
vt -1.468006 2.350371 0.000000
vt -1.957341 2.350371 0.000000
vt -1.468006 2.089219 0.000000
vt -1.957341 2.089219 0.000000
vt -1.468006 1.958642 0.000000
vt -1.957341 1.958642 0.000000
vt -1.468006 1.828066 0.000000
vt -1.957341 1.828066 0.000000
vt -1.468006 1.697490 0.000000
vt -1.957341 1.697490 0.000000
vt -1.468006 1.567193 0.000000
vt -1.957341 1.567171 0.000000
vt -1.468006 1.436338 0.000000
vt -1.957341 1.436338 0.000000
vt -1.468006 1.305762 0.000000
vt -1.957341 1.305762 0.000000
vt -1.468006 1.175185 0.000000
vt -1.957341 1.175185 0.000000
vt -1.468006 1.045055 0.000000
vt -1.957341 1.045021 0.000000
vt -1.468006 0.914033 0.000000
vt -1.957341 0.914033 0.000000
vt -1.468006 0.783457 0.000000
vt -1.957341 0.783457 0.000000
vt -1.468006 0.652881 0.000000
vt -1.957341 0.652881 0.000000
vt -1.468006 0.522695 0.000000
vt -1.957341 0.522665 0.000000
vt -1.468006 0.391728 0.000000
vt -1.957341 0.391728 0.000000
vt -1.468006 0.261152 0.000000
vt -1.957341 0.261152 0.000000
vt -1.468006 0.130576 0.000000
vt -1.957341 0.130576 0.000000
vt -1.575567 0.000000 0.000000
vt -2.099566 0.000000 0.000000
vt -2.446676 0.130576 0.000000
vt -2.623162 0.000000 0.000000
vt -2.936011 0.130576 0.000000
vt -3.146472 0.000000 0.000000
vt -3.425347 0.130576 0.000000
vt -3.669609 0.000000 0.000000
vt -3.914682 0.130576 0.000000
vt -4.192689 0.000000 0.000000
vt -4.161408 0.130576 0.000000
vt -4.408134 0.130576 0.000000
vt -4.408134 0.261152 0.000000
vt -4.654860 0.261152 0.000000
vt -4.654860 0.391728 0.000000
vt -4.901586 0.391728 0.000000
vt -4.901586 0.522485 0.000000
vt -5.148312 0.522470 0.000000
vt -5.148312 0.652881 0.000000
vt -5.395038 0.652881 0.000000
vt -5.395038 0.783457 0.000000
vt -5.641764 0.783457 0.000000
vt -5.641764 0.914033 0.000000
vt -5.888490 0.914033 0.000000
vt -5.888490 1.044747 0.000000
vt -6.135216 1.044730 0.000000
vt -6.135216 1.175185 0.000000
vt -6.381942 1.175185 0.000000
vt -6.381942 1.305762 0.000000
vt -6.628668 1.305762 0.000000
vt -6.628668 1.436338 0.000000
vt -6.875394 1.436338 0.000000
vt -6.875394 1.566957 0.000000
vt -7.122120 1.566946 0.000000
vt -7.122120 1.697490 0.000000
vt -7.368846 1.697490 0.000000
vt -7.368846 1.828066 0.000000
vt -7.615572 1.828066 0.000000
vt -7.615572 1.958642 0.000000
vt -7.862298 1.857244 0.000000
vt -7.615572 2.089219 0.000000
vt -7.862298 2.321194 0.000000
vt -7.615572 2.350371 0.000000
vt -7.615572 2.611512 0.000000
vt -7.368846 2.611502 0.000000
vt -7.368846 2.872676 0.000000
vt -7.122120 2.872676 0.000000
vt -7.122120 3.133776 0.000000
vt -6.875394 3.133759 0.000000
vt -7.862298 3.249334 0.000000
vt -7.615572 3.133811 0.000000
vt -7.368846 3.133793 0.000000
vt -7.862298 2.785192 0.000000
vt -7.615572 2.872676 0.000000
vt -7.862298 1.393246 0.000000
vt -7.615572 1.566925 0.000000
vt -7.615572 1.697490 0.000000
vt -7.862298 0.929103 0.000000
vt -7.615572 1.175185 0.000000
vt -7.615572 1.305762 0.000000
vt -7.615572 1.436338 0.000000
vt -7.368846 1.305762 0.000000
vt -7.368846 1.436338 0.000000
vt -7.122120 1.305762 0.000000
vt -7.122120 1.436338 0.000000
vt -6.875394 1.305762 0.000000
vt -7.862298 0.464720 0.000000
vt -7.615572 0.652881 0.000000
vt -7.615572 0.783457 0.000000
vt -7.615572 0.914033 0.000000
vt -7.368846 0.783457 0.000000
vt -7.368846 0.914033 0.000000
vt -7.122120 0.783457 0.000000
vt -7.122120 0.914033 0.000000
vt -6.875394 0.783457 0.000000
vt -6.875394 0.914033 0.000000
vt -6.628668 0.783457 0.000000
vt -6.628668 0.914033 0.000000
vt -6.381942 0.783457 0.000000
vt -6.381942 0.914033 0.000000
vt -6.135216 0.783457 0.000000
vt -6.135216 0.914033 0.000000
vt -5.888490 0.783457 0.000000
vt -7.862298 0.000000 0.000000
vt -7.615572 0.261152 0.000000
vt -7.615572 0.391728 0.000000
vt -7.615572 0.522320 0.000000
vt -7.368846 0.391728 0.000000
vt -7.368846 0.522335 0.000000
vt -7.122120 0.391728 0.000000
vt -7.122120 0.522350 0.000000
vt -6.875394 0.391728 0.000000
vt -6.875394 0.522365 0.000000
vt -6.628668 0.391728 0.000000
vt -6.628668 0.522380 0.000000
vt -6.381942 0.391728 0.000000
vt -6.381942 0.522395 0.000000
vt -6.135216 0.391728 0.000000
vt -6.135216 0.522410 0.000000
vt -5.888490 0.391728 0.000000
vt -5.888490 0.522425 0.000000
vt -5.641764 0.391728 0.000000
vt -5.641764 0.522440 0.000000
vt -5.395038 0.391728 0.000000
vt -5.395038 0.522455 0.000000
vt -5.148312 0.391728 0.000000
vt -7.615572 0.130576 0.000000
vt -7.336397 0.000000 0.000000
vt -7.368846 0.130576 0.000000
vt -7.122120 0.130576 0.000000
vt -7.368846 0.261152 0.000000
vt -7.122120 0.261152 0.000000
vt -6.811247 0.000000 0.000000
vt -6.875394 0.130576 0.000000
vt -6.875394 0.261152 0.000000
vt -6.628668 0.130576 0.000000
vt -6.286731 0.000000 0.000000
vt -6.381942 0.130576 0.000000
vt -6.135216 0.130576 0.000000
vt -6.381942 0.261152 0.000000
vt -6.135216 0.261152 0.000000
vt -5.762732 0.000000 0.000000
vt -5.888490 0.130576 0.000000
vt -5.888490 0.261152 0.000000
vt -5.239135 0.000000 0.000000
vt -5.395038 0.130576 0.000000
vt -5.641764 0.130576 0.000000
vt -4.715826 0.000000 0.000000
vt -4.901586 0.130576 0.000000
vt -5.148312 0.130576 0.000000
vt -5.395038 0.261152 0.000000
vt -5.641764 0.261152 0.000000
vt -4.654860 0.130576 0.000000
vt -4.901586 0.261152 0.000000
vt -5.148312 0.261152 0.000000
vt -1.051051 0.000000 0.000000
vt -0.978670 0.130576 0.000000
vt -0.978670 0.261152 0.000000
vt -0.978670 0.391728 0.000000
vt -0.978670 0.522725 0.000000
vt -0.978670 0.652881 0.000000
vt -0.978670 0.783457 0.000000
vt -0.978670 0.914033 0.000000
vt -0.978670 1.045089 0.000000
vt -0.978670 1.175185 0.000000
vt -0.978670 1.305762 0.000000
vt -0.978670 1.436338 0.000000
vt -0.978670 1.567214 0.000000
vt -0.978670 1.697490 0.000000
vt -0.978670 1.828066 0.000000
vt -0.978670 1.958642 0.000000
vt -0.978670 2.089219 0.000000
vt -0.978670 2.350371 0.000000
vt -0.489335 2.611202 0.000000
vt -0.000000 2.611181 0.000000
vt -0.525900 0.000000 0.000000
vt -0.489335 0.130576 0.000000
vt -0.489335 0.261152 0.000000
vt -0.489335 0.391728 0.000000
vt -0.489335 0.522755 0.000000
vt -0.489335 0.652881 0.000000
vt -0.489335 0.783457 0.000000
vt -0.489335 0.914033 0.000000
vt -0.489335 1.045124 0.000000
vt -0.489335 1.175185 0.000000
vt -0.489335 1.305762 0.000000
vt -0.489335 1.436338 0.000000
vt -0.489335 1.567235 0.000000
vt -0.489335 1.697490 0.000000
vt -0.489335 1.828066 0.000000
vt -0.489335 1.958642 0.000000
vt -0.489335 2.089219 0.000000
vt -0.489335 2.350371 0.000000
vt -0.000000 0.000000 0.000000
vt -0.000000 0.522785 0.000000
vt -0.000000 1.045158 0.000000
vt -0.000000 1.567257 0.000000
vt -0.000000 2.089219 0.000000
vt -0.489335 3.917285 0.000000
vt -0.000000 4.178437 0.000000
vt -0.525900 4.178437 0.000000
vt -0.978670 3.917285 0.000000
vt -1.051051 4.178437 0.000000
vt -1.468006 3.917285 0.000000
vt -1.575567 4.178437 0.000000
vt -1.957341 3.917285 0.000000
vt -2.099566 4.178437 0.000000
vt -2.446676 3.917285 0.000000
vt -2.623162 4.178437 0.000000
vt -2.936011 3.917285 0.000000
vt -3.146472 4.178437 0.000000
vt -3.425347 3.917285 0.000000
vt -3.669609 4.178437 0.000000
vt -3.914682 3.917285 0.000000
vt -4.192689 4.178437 0.000000
vt -4.161408 3.917285 0.000000
vt -4.408134 3.917285 0.000000
vt -4.715826 4.178437 0.000000
vt -4.654860 3.917285 0.000000
vt -4.901586 3.917285 0.000000
vt -5.239135 4.178437 0.000000
vt -5.148312 3.917285 0.000000
vt -5.395038 3.917285 0.000000
vt -5.762732 4.178437 0.000000
vt -5.641764 3.917285 0.000000
vt -6.286731 4.178437 0.000000
vt -6.135216 3.917285 0.000000
vt -5.888490 3.917285 0.000000
vt -6.811247 4.178437 0.000000
vt -6.628668 3.917285 0.000000
vt -6.381942 3.917285 0.000000
vt -7.122120 3.917285 0.000000
vt -6.875394 3.917285 0.000000
vt -7.368846 0.652881 0.000000
vt -7.122120 0.652881 0.000000
vt -6.875394 0.652881 0.000000
vt -6.628668 0.652881 0.000000
vt -6.381942 0.652881 0.000000
vt -6.135216 0.652881 0.000000
vt -5.888490 0.652881 0.000000
vt -5.641764 0.652881 0.000000
vt -7.615572 1.044626 0.000000
vt -7.368846 1.566935 0.000000
vt -7.368846 3.917285 0.000000
vt -6.628668 3.133742 0.000000
vt -6.875394 2.872676 0.000000
vt -7.122120 2.611491 0.000000
vt -7.368846 2.350371 0.000000
vt -7.368846 2.089219 0.000000
vt -7.368846 1.958642 0.000000
vt -6.381942 3.133725 0.000000
vt -6.628668 2.872676 0.000000
vt -6.875394 2.611480 0.000000
vt -7.122120 2.350371 0.000000
vt -7.122120 2.089219 0.000000
vt -7.122120 1.958642 0.000000
vt -7.122120 1.828066 0.000000
vt -6.135216 3.133707 0.000000
vt -6.381942 2.872676 0.000000
vt -6.628668 2.611469 0.000000
vt -6.875394 2.350371 0.000000
vt -6.875394 2.089219 0.000000
vt -6.875394 1.958642 0.000000
vt -6.875394 1.828066 0.000000
vt -6.875394 1.697490 0.000000
vt -5.888490 3.133690 0.000000
vt -6.135216 2.872676 0.000000
vt -6.381942 2.611459 0.000000
vt -6.628668 2.350371 0.000000
vt -6.628668 2.089219 0.000000
vt -6.628668 1.958642 0.000000
vt -6.628668 1.828066 0.000000
vt -6.628668 1.697490 0.000000
vt -6.628668 1.566968 0.000000
vt -5.641764 3.133673 0.000000
vt -5.888490 2.872676 0.000000
vt -6.135216 2.611448 0.000000
vt -6.381942 2.350371 0.000000
vt -6.381942 2.089219 0.000000
vt -6.381942 1.958642 0.000000
vt -6.381942 1.828066 0.000000
vt -6.381942 1.697490 0.000000
vt -6.381942 1.566978 0.000000
vt -6.381942 1.436338 0.000000
vt -5.395038 3.133656 0.000000
vt -5.641764 2.872676 0.000000
vt -5.888490 2.611437 0.000000
vt -6.135216 2.350371 0.000000
vt -6.135216 2.089219 0.000000
vt -6.135216 1.958642 0.000000
vt -6.135216 1.828066 0.000000
vt -6.135216 1.697490 0.000000
vt -6.135216 1.566989 0.000000
vt -6.135216 1.436338 0.000000
vt -6.135216 1.305762 0.000000
vt -5.148312 3.133639 0.000000
vt -5.395038 2.872676 0.000000
vt -5.641764 2.611426 0.000000
vt -5.888490 2.350371 0.000000
vt -5.888490 2.089219 0.000000
vt -5.888490 1.958642 0.000000
vt -5.888490 1.828066 0.000000
vt -5.888490 1.697490 0.000000
vt -5.888490 1.567000 0.000000
vt -5.888490 1.436338 0.000000
vt -5.888490 1.305762 0.000000
vt -5.888490 1.175185 0.000000
vt -4.901586 3.133621 0.000000
vt -5.148312 2.872676 0.000000
vt -5.395038 2.611416 0.000000
vt -5.641764 2.350371 0.000000
vt -5.641764 2.089219 0.000000
vt -5.641764 1.958642 0.000000
vt -5.641764 1.828066 0.000000
vt -5.641764 1.697490 0.000000
vt -5.641764 1.567011 0.000000
vt -5.641764 1.436338 0.000000
vt -5.641764 1.305762 0.000000
vt -5.641764 1.175185 0.000000
vt -5.641764 1.044764 0.000000
vt -4.654860 3.133604 0.000000
vt -4.901586 2.872676 0.000000
vt -5.148312 2.611405 0.000000
vt -5.395038 2.350371 0.000000
vt -5.395038 2.089219 0.000000
vt -5.395038 1.958642 0.000000
vt -5.395038 1.828066 0.000000
vt -5.395038 1.697490 0.000000
vt -5.395038 1.567021 0.000000
vt -5.395038 1.436338 0.000000
vt -5.395038 1.305762 0.000000
vt -5.395038 1.175185 0.000000
vt -5.395038 1.044781 0.000000
vt -5.395038 0.914033 0.000000
vt -4.408134 3.133587 0.000000
vt -4.654860 2.872676 0.000000
vt -4.901586 2.611394 0.000000
vt -5.148312 2.350371 0.000000
vt -5.148312 2.089219 0.000000
vt -5.148312 1.958642 0.000000
vt -5.148312 1.828066 0.000000
vt -5.148312 1.697490 0.000000
vt -5.148312 1.567032 0.000000
vt -5.148312 1.436338 0.000000
vt -5.148312 1.305762 0.000000
vt -5.148312 1.175185 0.000000
vt -5.148312 1.044799 0.000000
vt -5.148312 0.914033 0.000000
vt -5.148312 0.783457 0.000000
vt -4.161408 3.133570 0.000000
vt -4.408134 2.872676 0.000000
vt -4.654860 2.611383 0.000000
vt -4.901586 2.350371 0.000000
vt -4.901586 2.089219 0.000000
vt -4.901586 1.958642 0.000000
vt -4.901586 1.828066 0.000000
vt -4.901586 1.697490 0.000000
vt -4.901586 1.567043 0.000000
vt -4.901586 1.436338 0.000000
vt -4.901586 1.305762 0.000000
vt -4.901586 1.175185 0.000000
vt -4.901586 1.044816 0.000000
vt -4.901586 0.914033 0.000000
vt -4.901586 0.783457 0.000000
vt -4.901586 0.652881 0.000000
vt -3.914682 3.133553 0.000000
vt -4.161408 2.872676 0.000000
vt -4.408134 2.611373 0.000000
vt -4.654860 2.350371 0.000000
vt -4.654860 2.089219 0.000000
vt -4.654860 1.958642 0.000000
vt -4.654860 1.828066 0.000000
vt -4.654860 1.697490 0.000000
vt -4.654860 1.567054 0.000000
vt -4.654860 1.436338 0.000000
vt -4.654860 1.305762 0.000000
vt -4.654860 1.175185 0.000000
vt -4.654860 1.044833 0.000000
vt -4.654860 0.914033 0.000000
vt -4.654860 0.783457 0.000000
vt -4.654860 0.652881 0.000000
vt -4.654860 0.522500 0.000000
vt -3.425347 3.133518 0.000000
vt -3.914682 2.872676 0.000000
vt -4.161408 2.611362 0.000000
vt -4.408134 2.350371 0.000000
vt -4.408134 2.089219 0.000000
vt -4.408134 1.958642 0.000000
vt -4.408134 1.828066 0.000000
vt -4.408134 1.697490 0.000000
vt -4.408134 1.567064 0.000000
vt -4.408134 1.436338 0.000000
vt -4.408134 1.305762 0.000000
vt -4.408134 1.175185 0.000000
vt -4.408134 1.044850 0.000000
vt -4.408134 0.914033 0.000000
vt -4.408134 0.783457 0.000000
vt -4.408134 0.652881 0.000000
vt -4.408134 0.522515 0.000000
vt -4.408134 0.391728 0.000000
vt -2.936011 3.133484 0.000000
vt -3.425347 2.872676 0.000000
vt -3.914682 2.611351 0.000000
vt -4.161408 2.350371 0.000000
vt -4.161408 2.089219 0.000000
vt -4.161408 1.958642 0.000000
vt -4.161408 1.828066 0.000000
vt -4.161408 1.697490 0.000000
vt -4.161408 1.567075 0.000000
vt -4.161408 1.436338 0.000000
vt -4.161408 1.305762 0.000000
vt -4.161408 1.175185 0.000000
vt -4.161408 1.044867 0.000000
vt -4.161408 0.914033 0.000000
vt -4.161408 0.783457 0.000000
vt -4.161408 0.652881 0.000000
vt -4.161408 0.522531 0.000000
vt -4.161408 0.391728 0.000000
vt -4.161408 0.261152 0.000000
vt -2.446676 3.133450 0.000000
vt -2.936011 2.872676 0.000000
vt -3.425347 2.611330 0.000000
vt -3.914682 2.350371 0.000000
vt -3.914682 2.089219 0.000000
vt -3.914682 1.958642 0.000000
vt -3.914682 1.828066 0.000000
vt -3.914682 1.697490 0.000000
vt -3.914682 1.567086 0.000000
vt -3.914682 1.436338 0.000000
vt -3.914682 1.305762 0.000000
vt -3.914682 1.175185 0.000000
vt -3.914682 1.044885 0.000000
vt -3.914682 0.914033 0.000000
vt -3.914682 0.783457 0.000000
vt -3.914682 0.652881 0.000000
vt -3.914682 0.522546 0.000000
vt -3.914682 0.391728 0.000000
vt -3.914682 0.261152 0.000000
vt -1.957341 3.133416 0.000000
vt -2.446676 2.872676 0.000000
vt -2.936011 2.611308 0.000000
vt -3.425347 2.350371 0.000000
vt -3.425347 2.089219 0.000000
vt -3.425347 1.958642 0.000000
vt -3.425347 1.828066 0.000000
vt -3.425347 1.697490 0.000000
vt -3.425347 1.567107 0.000000
vt -3.425347 1.436338 0.000000
vt -3.425347 1.305762 0.000000
vt -3.425347 1.175185 0.000000
vt -3.425347 1.044919 0.000000
vt -3.425347 0.914033 0.000000
vt -3.425347 0.783457 0.000000
vt -3.425347 0.652881 0.000000
vt -3.425347 0.522575 0.000000
vt -3.425347 0.391728 0.000000
vt -3.425347 0.261152 0.000000
vt -1.468006 3.133382 0.000000
vt -1.957341 2.872676 0.000000
vt -2.446676 2.611287 0.000000
vt -2.936011 2.350371 0.000000
vt -2.936011 2.089219 0.000000
vt -2.936011 1.958642 0.000000
vt -2.936011 1.828066 0.000000
vt -2.936011 1.697490 0.000000
vt -2.936011 1.567129 0.000000
vt -2.936011 1.436338 0.000000
vt -2.936011 1.305762 0.000000
vt -2.936011 1.175185 0.000000
vt -2.936011 1.044953 0.000000
vt -2.936011 0.914033 0.000000
vt -2.936011 0.783457 0.000000
vt -2.936011 0.652881 0.000000
vt -2.936011 0.522605 0.000000
vt -2.936011 0.391728 0.000000
vt -2.936011 0.261152 0.000000
vt -0.978670 3.133348 0.000000
vt -1.468006 2.872676 0.000000
vt -1.957341 2.611266 0.000000
vt -2.446676 2.350371 0.000000
vt -2.446676 2.089219 0.000000
vt -2.446676 1.958642 0.000000
vt -2.446676 1.828066 0.000000
vt -2.446676 1.697490 0.000000
vt -2.446676 1.567150 0.000000
vt -2.446676 1.436338 0.000000
vt -2.446676 1.305762 0.000000
vt -2.446676 1.175185 0.000000
vt -2.446676 1.044987 0.000000
vt -2.446676 0.914033 0.000000
vt -2.446676 0.783457 0.000000
vt -2.446676 0.652881 0.000000
vt -2.446676 0.522635 0.000000
vt -2.446676 0.391728 0.000000
vt -2.446676 0.261152 0.000000
vt -7.368846 1.175185 0.000000
vt -7.368846 1.044644 0.000000
vt -7.122120 1.175185 0.000000
vt -7.122120 1.044661 0.000000
vt -6.875394 1.175185 0.000000
vt -6.875394 1.044678 0.000000
vt -6.628668 1.175185 0.000000
vt -6.628668 1.044695 0.000000
vt -6.381942 1.044713 0.000000
vt -6.628668 0.261152 0.000000
vt 0.526063 0.000000 0.000000
vt 0.489425 0.129652 0.000000
vt 0.000000 0.000000 0.000000
vt 0.489425 0.259304 0.000000
vt 0.000000 0.519085 0.000000
vt 0.489425 0.388957 0.000000
vt 0.489425 0.519056 0.000000
vt 0.978851 0.519026 0.000000
vt 0.978851 0.648261 0.000000
vt 1.468276 0.648261 0.000000
vt 0.978851 0.777913 0.000000
vt 1.468276 0.777913 0.000000
vt 0.978851 0.907565 0.000000
vt 1.468276 0.907565 0.000000
vt 1.468276 1.037660 0.000000
vt 1.957702 1.037626 0.000000
vt 1.957702 1.166870 0.000000
vt 2.447127 1.166870 0.000000
vt 1.957702 1.296522 0.000000
vt 2.447127 1.296522 0.000000
vt 1.957702 1.426174 0.000000
vt 2.447127 1.426174 0.000000
vt 2.447127 1.556060 0.000000
vt 2.936552 1.556039 0.000000
vt 2.936552 1.685478 0.000000
vt 3.425978 1.685478 0.000000
vt 2.936552 1.815130 0.000000
vt 3.425978 1.815130 0.000000
vt 2.936552 1.944783 0.000000
vt 3.425978 1.944783 0.000000
vt 2.936552 2.074435 0.000000
vt 3.425978 2.074435 0.000000
vt 2.936552 2.333739 0.000000
vt 3.425978 2.333739 0.000000
vt 2.936552 2.592830 0.000000
vt 3.425978 2.592851 0.000000
vt 2.936552 2.852348 0.000000
vt 3.425978 2.852348 0.000000
vt 2.936552 3.111311 0.000000
vt 3.425978 3.111345 0.000000
vt 2.936552 3.370956 0.000000
vt 3.425978 3.370956 0.000000
vt 2.936552 3.629962 0.000000
vt 3.425978 3.629992 0.000000
vt 2.936552 3.889565 0.000000
vt 3.425978 3.889565 0.000000
vt 3.147325 4.148869 0.000000
vt 3.670587 4.148869 0.000000
vt 3.915403 3.889565 0.000000
vt 4.193791 4.148869 0.000000
vt 4.162214 3.889565 0.000000
vt 4.409025 3.889565 0.000000
vt 4.409025 3.630051 0.000000
vt 4.655836 3.630066 0.000000
vt 4.655836 3.370956 0.000000
vt 4.902647 3.370956 0.000000
vt 4.902647 3.111447 0.000000
vt 5.149458 3.111464 0.000000
vt 5.149458 2.852348 0.000000
vt 5.396269 2.852348 0.000000
vt 5.396269 2.592937 0.000000
vt 5.643079 2.592947 0.000000
vt 5.643079 2.333739 0.000000
vt 5.889890 2.333739 0.000000
vt 5.889890 2.074435 0.000000
vt 6.136701 2.074435 0.000000
vt 6.136701 1.944783 0.000000
vt 6.383512 1.944783 0.000000
vt 6.383512 1.815130 0.000000
vt 6.630323 1.815130 0.000000
vt 6.630323 1.685478 0.000000
vt 6.877134 1.685478 0.000000
vt 6.630323 1.555879 0.000000
vt 6.877134 1.555869 0.000000
vt 6.630323 1.426174 0.000000
vt 6.877134 1.426174 0.000000
vt 6.877134 1.296522 0.000000
vt 7.123945 1.296522 0.000000
vt 7.123945 1.166870 0.000000
vt 7.370756 1.166870 0.000000
vt 7.123945 1.037269 0.000000
vt 7.370756 1.037252 0.000000
vt 7.123945 0.907565 0.000000
vt 7.370756 0.907565 0.000000
vt 7.370756 0.777913 0.000000
vt 7.617567 0.777913 0.000000
vt 7.617567 0.648261 0.000000
vt 7.864377 0.922529 0.000000
vt 7.864377 0.461432 0.000000
vt 7.617567 0.518624 0.000000
vt 7.617567 0.388957 0.000000
vt 7.370756 0.388957 0.000000
vt 7.617567 0.259304 0.000000
vt 7.370756 0.259304 0.000000
vt 7.617567 0.129652 0.000000
vt 7.370756 0.129652 0.000000
vt 7.338314 0.000000 0.000000
vt 7.123945 0.129652 0.000000
vt 6.813012 0.000000 0.000000
vt 6.877134 0.129652 0.000000
vt 6.630323 0.129652 0.000000
vt 6.630323 0.259304 0.000000
vt 6.383512 0.259304 0.000000
vt 6.383512 0.388957 0.000000
vt 6.136701 0.388957 0.000000
vt 6.383512 0.518698 0.000000
vt 6.136701 0.518713 0.000000
vt 6.383512 0.648261 0.000000
vt 6.136701 0.648261 0.000000
vt 6.136701 0.777913 0.000000
vt 5.889890 0.777913 0.000000
vt 5.889890 0.907565 0.000000
vt 5.643079 0.907565 0.000000
vt 5.889890 1.037354 0.000000
vt 5.643079 1.037371 0.000000
vt 5.889890 1.166870 0.000000
vt 5.643079 1.166870 0.000000
vt 5.643079 1.296522 0.000000
vt 5.396269 1.296522 0.000000
vt 5.396269 1.426174 0.000000
vt 5.149458 1.426174 0.000000
vt 5.396269 1.555933 0.000000
vt 5.149458 1.555943 0.000000
vt 5.396269 1.685478 0.000000
vt 5.149458 1.685478 0.000000
vt 5.149458 1.815130 0.000000
vt 4.902647 1.815130 0.000000
vt 4.902647 1.944783 0.000000
vt 4.655836 1.944783 0.000000
vt 4.655836 2.074435 0.000000
vt 4.409025 2.074435 0.000000
vt 4.409025 2.333739 0.000000
vt 4.162214 2.333739 0.000000
vt 4.162214 2.592883 0.000000
vt 3.915403 2.592873 0.000000
vt 3.915403 2.852348 0.000000
vt 0.978851 0.129652 0.000000
vt 1.051365 0.000000 0.000000
vt 1.468276 0.129652 0.000000
vt 1.576026 0.000000 0.000000
vt 1.957702 0.129652 0.000000
vt 2.100161 0.000000 0.000000
vt 2.447127 0.129652 0.000000
vt 2.623888 0.000000 0.000000
vt 2.936552 0.129652 0.000000
vt 3.147325 0.000000 0.000000
vt 3.425978 0.129652 0.000000
vt 3.670587 0.000000 0.000000
vt 3.915403 0.129652 0.000000
vt 4.193791 0.000000 0.000000
vt 4.162214 0.129652 0.000000
vt 4.409025 0.129652 0.000000
vt 4.162214 0.259304 0.000000
vt 4.409025 0.259304 0.000000
vt 4.162214 0.388957 0.000000
vt 4.409025 0.388957 0.000000
vt 4.409025 0.518818 0.000000
vt 4.655836 0.518803 0.000000
vt 4.655836 0.648261 0.000000
vt 4.902647 0.648261 0.000000
vt 4.655836 0.777913 0.000000
vt 4.902647 0.777913 0.000000
vt 4.655836 0.907565 0.000000
vt 4.902647 0.907565 0.000000
vt 4.902647 1.037422 0.000000
vt 5.149458 1.037405 0.000000
vt 5.149458 1.166870 0.000000
vt 5.396269 1.166870 0.000000
vt 5.149458 1.296522 0.000000
vt 4.717053 0.000000 0.000000
vt 4.655836 0.129652 0.000000
vt 4.655836 0.259304 0.000000
vt 4.655836 0.388957 0.000000
vt 4.902647 0.518788 0.000000
vt 5.149458 0.648261 0.000000
vt 5.149458 0.777913 0.000000
vt 5.149458 0.907565 0.000000
vt 5.396269 1.037388 0.000000
vt 4.902647 0.129652 0.000000
vt 5.240489 0.000000 0.000000
vt 5.149458 0.129652 0.000000
vt 5.396269 0.129652 0.000000
vt 5.149458 0.259304 0.000000
vt 5.396269 0.259304 0.000000
vt 5.149458 0.388957 0.000000
vt 5.396269 0.388957 0.000000
vt 5.396269 0.518758 0.000000
vt 5.643079 0.518743 0.000000
vt 5.643079 0.648261 0.000000
vt 5.889890 0.648261 0.000000
vt 5.643079 0.777913 0.000000
vt 5.764217 0.000000 0.000000
vt 5.643079 0.129652 0.000000
vt 5.643079 0.259304 0.000000
vt 5.643079 0.388957 0.000000
vt 5.889890 0.518728 0.000000
vt 6.288352 0.000000 0.000000
vt 6.136701 0.129652 0.000000
vt 5.889890 0.129652 0.000000
vt 6.383512 0.129652 0.000000
vt 6.136701 0.259304 0.000000
vt 5.889890 0.259304 0.000000
vt 5.889890 0.388957 0.000000
vt 7.864377 0.000000 0.000000
vt 7.864377 1.383387 0.000000
vt 7.617567 1.166870 0.000000
vt 7.617567 1.037234 0.000000
vt 7.617567 0.907565 0.000000
vt 7.864377 1.844101 0.000000
vt 7.617567 1.555837 0.000000
vt 7.617567 1.426174 0.000000
vt 7.617567 1.296522 0.000000
vt 7.370756 1.426174 0.000000
vt 7.370756 1.296522 0.000000
vt 7.123945 1.426174 0.000000
vt 7.864377 2.304768 0.000000
vt 7.617567 2.074435 0.000000
vt 7.617567 1.944783 0.000000
vt 7.617567 1.815130 0.000000
vt 7.370756 1.944783 0.000000
vt 7.370756 1.815130 0.000000
vt 7.123945 1.944783 0.000000
vt 7.123945 1.815130 0.000000
vt 6.877134 1.944783 0.000000
vt 6.877134 1.815130 0.000000
vt 6.630323 1.944783 0.000000
vt 7.864377 2.765483 0.000000
vt 7.617567 2.593033 0.000000
vt 7.617567 2.333739 0.000000
vt 7.370756 2.333739 0.000000
vt 7.370756 2.074435 0.000000
vt 7.123945 2.333739 0.000000
vt 7.123945 2.074435 0.000000
vt 6.877134 2.333739 0.000000
vt 6.877134 2.074435 0.000000
vt 6.630323 2.333739 0.000000
vt 6.630323 2.074435 0.000000
vt 6.383512 2.333739 0.000000
vt 6.383512 2.074435 0.000000
vt 6.136701 2.333739 0.000000
vt 7.864377 3.226341 0.000000
vt 7.617567 3.111635 0.000000
vt 7.617567 2.852348 0.000000
vt 7.370756 2.852348 0.000000
vt 7.370756 2.593022 0.000000
vt 7.123945 2.852348 0.000000
vt 7.123945 2.593011 0.000000
vt 6.877134 2.852348 0.000000
vt 6.877134 2.593001 0.000000
vt 6.630323 2.852348 0.000000
vt 6.630323 2.592990 0.000000
vt 6.383512 2.852348 0.000000
vt 6.383512 2.592979 0.000000
vt 6.136701 2.852348 0.000000
vt 6.136701 2.592969 0.000000
vt 5.889890 2.852348 0.000000
vt 5.889890 2.592958 0.000000
vt 5.643079 2.852348 0.000000
vt 7.617567 3.370956 0.000000
vt 7.864377 3.687438 0.000000
vt 7.617567 3.630246 0.000000
vt 7.617567 3.889565 0.000000
vt 7.370756 3.889565 0.000000
vt 7.338314 4.148869 0.000000
vt 7.123945 3.889565 0.000000
vt 6.813012 4.148869 0.000000
vt 6.877134 3.889565 0.000000
vt 6.630323 3.889565 0.000000
vt 6.877134 3.630201 0.000000
vt 6.630323 3.630186 0.000000
vt 6.877134 3.370956 0.000000
vt 6.630323 3.370956 0.000000
vt 6.877134 3.111584 0.000000
vt 6.630323 3.111567 0.000000
vt 7.864377 4.148869 0.000000
vt 6.288352 4.148869 0.000000
vt 6.383512 3.889565 0.000000
vt 6.383512 3.630171 0.000000
vt 6.383512 3.370956 0.000000
vt 6.383512 3.111550 0.000000
vt 6.136701 3.889565 0.000000
vt 5.764217 4.148869 0.000000
vt 5.889890 3.889565 0.000000
vt 5.643079 3.889565 0.000000
vt 5.889890 3.630141 0.000000
vt 5.643079 3.630126 0.000000
vt 5.889890 3.370956 0.000000
vt 5.643079 3.370956 0.000000
vt 5.889890 3.111515 0.000000
vt 5.643079 3.111498 0.000000
vt 5.396269 3.889565 0.000000
vt 5.240489 4.148869 0.000000
vt 5.149458 3.889565 0.000000
vt 4.902647 3.889565 0.000000
vt 5.149458 3.630096 0.000000
vt 4.902647 3.630081 0.000000
vt 5.149458 3.370956 0.000000
vt 4.717053 4.148869 0.000000
vt 4.655836 3.889565 0.000000
vt 2.623888 4.148869 0.000000
vt 2.447127 3.889565 0.000000
vt 2.447127 3.629932 0.000000
vt 2.447127 3.370956 0.000000
vt 2.447127 3.111277 0.000000
vt 2.447127 2.852348 0.000000
vt 2.447127 2.592809 0.000000
vt 2.447127 2.333739 0.000000
vt 2.447127 2.074435 0.000000
vt 2.447127 1.944783 0.000000
vt 2.447127 1.815130 0.000000
vt 2.447127 1.685478 0.000000
vt 1.957702 1.556082 0.000000
vt 1.468276 1.426174 0.000000
vt 1.468276 1.296522 0.000000
vt 1.468276 1.166870 0.000000
vt 0.978851 1.037694 0.000000
vt 0.489425 0.907565 0.000000
vt 0.489425 0.777913 0.000000
vt 0.489425 0.648261 0.000000
vt 2.100161 4.148869 0.000000
vt 1.957702 3.889565 0.000000
vt 1.957702 3.629903 0.000000
vt 1.957702 3.370956 0.000000
vt 1.957702 3.111243 0.000000
vt 1.957702 2.852348 0.000000
vt 1.957702 2.592788 0.000000
vt 1.957702 2.333739 0.000000
vt 1.957702 2.074435 0.000000
vt 1.957702 1.944783 0.000000
vt 1.957702 1.815130 0.000000
vt 1.957702 1.685478 0.000000
vt 1.468276 1.556103 0.000000
vt 0.978851 1.426174 0.000000
vt 0.978851 1.296522 0.000000
vt 0.978851 1.166870 0.000000
vt 0.489425 1.037728 0.000000
vt 0.000000 1.037762 0.000000
vt 1.576026 4.148869 0.000000
vt 1.468276 3.889565 0.000000
vt 1.468276 3.629873 0.000000
vt 1.468276 3.370956 0.000000
vt 1.468276 3.111209 0.000000
vt 1.468276 2.852348 0.000000
vt 1.468276 2.592767 0.000000
vt 1.468276 2.333739 0.000000
vt 1.468276 2.074435 0.000000
vt 1.468276 1.944783 0.000000
vt 1.468276 1.815130 0.000000
vt 1.468276 1.685478 0.000000
vt 0.978851 1.556124 0.000000
vt 0.489425 1.426174 0.000000
vt 0.489425 1.296522 0.000000
vt 0.489425 1.166870 0.000000
vt 1.051365 4.148869 0.000000
vt 0.978851 3.889565 0.000000
vt 0.978851 3.629843 0.000000
vt 0.978851 3.370956 0.000000
vt 0.978851 3.111175 0.000000
vt 0.978851 2.852348 0.000000
vt 0.978851 2.592745 0.000000
vt 0.978851 2.333739 0.000000
vt 0.978851 2.074435 0.000000
vt 0.978851 1.944783 0.000000
vt 0.978851 1.815130 0.000000
vt 0.978851 1.685478 0.000000
vt 0.489425 1.556145 0.000000
vt 0.000000 1.556166 0.000000
vt 0.526063 4.148869 0.000000
vt 0.489425 3.889565 0.000000
vt 0.489425 3.629814 0.000000
vt 0.489425 3.370956 0.000000
vt 0.489425 3.111141 0.000000
vt 0.489425 2.852348 0.000000
vt 0.489425 2.592724 0.000000
vt 0.489425 2.333739 0.000000
vt 0.489425 2.074435 0.000000
vt 0.489425 1.944783 0.000000
vt 0.489425 1.815130 0.000000
vt 0.489425 1.685478 0.000000
vt 0.000000 4.148869 0.000000
vt 0.000000 3.629784 0.000000
vt 0.000000 3.111108 0.000000
vt 0.000000 2.592703 0.000000
vt 0.000000 2.074435 0.000000
vt 7.617567 1.685478 0.000000
vt 7.370756 1.685478 0.000000
vt 7.123945 1.685478 0.000000
vt 7.123945 0.259304 0.000000
vt 7.123945 0.388957 0.000000
vt 7.370756 0.518639 0.000000
vt 6.877134 0.259304 0.000000
vt 6.877134 0.388957 0.000000
vt 7.123945 0.518654 0.000000
vt 7.370756 0.648261 0.000000
vt 4.902647 0.259304 0.000000
vt 4.902647 0.388957 0.000000
vt 5.149458 0.518773 0.000000
vt 5.396269 0.648261 0.000000
vt 5.396269 0.777913 0.000000
vt 5.396269 0.907565 0.000000
vt 3.915403 0.259304 0.000000
vt 3.915403 0.388957 0.000000
vt 4.162214 0.518833 0.000000
vt 4.409025 0.648261 0.000000
vt 4.409025 0.777913 0.000000
vt 4.409025 0.907565 0.000000
vt 4.655836 1.037439 0.000000
vt 4.902647 1.166870 0.000000
vt 4.902647 1.296522 0.000000
vt 4.902647 1.426174 0.000000
vt 3.425978 0.259304 0.000000
vt 3.425978 0.388957 0.000000
vt 3.915403 0.518848 0.000000
vt 4.162214 0.648261 0.000000
vt 4.162214 0.777913 0.000000
vt 4.162214 0.907565 0.000000
vt 4.409025 1.037457 0.000000
vt 4.655836 1.166870 0.000000
vt 4.655836 1.296522 0.000000
vt 4.655836 1.426174 0.000000
vt 4.902647 1.555954 0.000000
vt 2.936552 0.259304 0.000000
vt 2.936552 0.388957 0.000000
vt 3.425978 0.518878 0.000000
vt 3.915403 0.648261 0.000000
vt 3.915403 0.777913 0.000000
vt 3.915403 0.907565 0.000000
vt 4.162214 1.037474 0.000000
vt 4.409025 1.166870 0.000000
vt 4.409025 1.296522 0.000000
vt 4.409025 1.426174 0.000000
vt 4.655836 1.555965 0.000000
vt 4.902647 1.685478 0.000000
vt 2.447127 0.259304 0.000000
vt 2.447127 0.388957 0.000000
vt 2.936552 0.518907 0.000000
vt 3.425978 0.648261 0.000000
vt 3.425978 0.777913 0.000000
vt 3.425978 0.907565 0.000000
vt 3.915403 1.037491 0.000000
vt 4.162214 1.166870 0.000000
vt 4.162214 1.296522 0.000000
vt 4.162214 1.426174 0.000000
vt 4.409025 1.555976 0.000000
vt 4.655836 1.685478 0.000000
vt 4.655836 1.815130 0.000000
vt 1.957702 0.259304 0.000000
vt 1.957702 0.388957 0.000000
vt 2.447127 0.518937 0.000000
vt 2.936552 0.648261 0.000000
vt 2.936552 0.777913 0.000000
vt 2.936552 0.907565 0.000000
vt 3.425978 1.037525 0.000000
vt 3.915403 1.166870 0.000000
vt 3.915403 1.296522 0.000000
vt 3.915403 1.426174 0.000000
vt 4.162214 1.555986 0.000000
vt 4.409025 1.685478 0.000000
vt 4.409025 1.815130 0.000000
vt 4.409025 1.944783 0.000000
vt 1.468276 0.259304 0.000000
vt 1.468276 0.388957 0.000000
vt 1.957702 0.518967 0.000000
vt 2.447127 0.648261 0.000000
vt 2.447127 0.777913 0.000000
vt 2.447127 0.907565 0.000000
vt 2.936552 1.037559 0.000000
vt 3.425978 1.166870 0.000000
vt 3.425978 1.296522 0.000000
vt 3.425978 1.426174 0.000000
vt 3.915403 1.555997 0.000000
vt 4.162214 1.685478 0.000000
vt 4.162214 1.815130 0.000000
vt 4.162214 1.944783 0.000000
vt 4.162214 2.074435 0.000000
vt 0.978851 0.259304 0.000000
vt 0.978851 0.388957 0.000000
vt 1.468276 0.518996 0.000000
vt 1.957702 0.648261 0.000000
vt 1.957702 0.777913 0.000000
vt 1.957702 0.907565 0.000000
vt 2.447127 1.037592 0.000000
vt 2.936552 1.166870 0.000000
vt 2.936552 1.296522 0.000000
vt 2.936552 1.426174 0.000000
vt 3.425978 1.556018 0.000000
vt 3.915403 1.685478 0.000000
vt 3.915403 1.815130 0.000000
vt 3.915403 1.944783 0.000000
vt 3.915403 2.074435 0.000000
vt 3.915403 2.333739 0.000000
vt 6.877134 0.518668 0.000000
vt 6.630323 0.388957 0.000000
vt 6.630323 0.518683 0.000000
vt 7.123945 0.648261 0.000000
vt 7.123945 0.777913 0.000000
vt 6.630323 0.648261 0.000000
vt 6.383512 0.777913 0.000000
vt 6.136701 0.907565 0.000000
vt 6.136701 1.037337 0.000000
vt 6.136701 1.166870 0.000000
vt 5.889890 1.296522 0.000000
vt 5.643079 1.426174 0.000000
vt 5.643079 1.555922 0.000000
vt 5.643079 1.685478 0.000000
vt 5.396269 1.815130 0.000000
vt 5.149458 1.944783 0.000000
vt 4.902647 2.074435 0.000000
vt 4.655836 2.333739 0.000000
vt 4.409025 2.592894 0.000000
vt 4.162214 2.852348 0.000000
vt 3.915403 3.111379 0.000000
vt 6.877134 0.648261 0.000000
vt 6.877134 0.777913 0.000000
vt 6.877134 0.907565 0.000000
vt 6.877134 1.037286 0.000000
vt 6.630323 0.907565 0.000000
vt 6.630323 0.777913 0.000000
vt 6.630323 1.037303 0.000000
vt 6.383512 0.907565 0.000000
vt 6.877134 1.166870 0.000000
vt 6.630323 1.166870 0.000000
vt 6.383512 1.037320 0.000000
vt 6.383512 1.166870 0.000000
vt 7.370756 1.555847 0.000000
vt 7.123945 1.555858 0.000000
vt 6.383512 1.426174 0.000000
vt 6.630323 1.296522 0.000000
vt 6.383512 1.296522 0.000000
vt 6.136701 1.426174 0.000000
vt 6.136701 1.296522 0.000000
vt 6.383512 1.555890 0.000000
vt 6.136701 1.555901 0.000000
vt 5.889890 1.426174 0.000000
vt 5.889890 1.555911 0.000000
vt 5.889890 1.944783 0.000000
vt 6.136701 1.815130 0.000000
vt 5.889890 1.815130 0.000000
vt 6.136701 1.685478 0.000000
vt 5.889890 1.685478 0.000000
vt 5.643079 1.944783 0.000000
vt 5.643079 1.815130 0.000000
vt 5.643079 2.074435 0.000000
vt 5.396269 2.074435 0.000000
vt 5.396269 1.944783 0.000000
vt 5.149458 2.074435 0.000000
vt 6.383512 1.685478 0.000000
vt 5.396269 2.333739 0.000000
vt 5.149458 2.333739 0.000000
vt 5.149458 2.592926 0.000000
vt 4.902647 2.333739 0.000000
vt 4.902647 2.592915 0.000000
vt 4.902647 2.852348 0.000000
vt 4.655836 2.592905 0.000000
vt 4.409025 2.852348 0.000000
vt 4.162214 3.111396 0.000000
vt 3.915403 3.370956 0.000000
vt 7.370756 3.111618 0.000000
vt 7.370756 3.370956 0.000000
vt 7.370756 3.630231 0.000000
vt 7.123945 3.111601 0.000000
vt 7.123945 3.370956 0.000000
vt 7.123945 3.630216 0.000000
vt 6.136701 3.111532 0.000000
vt 6.136701 3.370956 0.000000
vt 6.136701 3.630156 0.000000
vt 5.396269 3.111481 0.000000
vt 5.396269 3.370956 0.000000
vt 5.396269 3.630111 0.000000
vt 4.655836 2.852348 0.000000
vt 4.655836 3.111430 0.000000
vt 4.409025 3.111413 0.000000
vt 4.162214 3.370956 0.000000
vt 3.915403 3.630021 0.000000
vt 4.409025 3.370956 0.000000
vt 4.162214 3.630036 0.000000
vt -2.480675 0.000000 0.000000
vt -2.647802 0.000000 0.000000
vt -2.639379 -0.495636 0.000000
vt -2.805532 -0.495871 0.000000
vt -2.788379 -0.994777 0.000000
vt -2.953616 -0.995201 0.000000
vt -2.927611 -1.497202 0.000000
vt -3.091987 -1.497772 0.000000
vt -3.057012 -2.002687 0.000000
vt -3.220585 -2.003362 0.000000
vt -3.176525 -2.511009 0.000000
vt -3.339353 -2.511751 0.000000
vt -3.286096 -3.021940 0.000000
vt -3.448239 -3.022714 0.000000
vt -3.385677 -3.535255 0.000000
vt -3.547196 -3.536029 0.000000
vt -3.475223 -4.050724 0.000000
vt -3.636181 -4.051470 0.000000
vt -3.554696 -4.568118 0.000000
vt -3.715153 -4.568811 0.000000
vt -3.624059 -5.087209 0.000000
vt -3.784079 -5.087824 0.000000
vt -3.683281 -5.607764 0.000000
vt -3.842928 -5.608283 0.000000
vt -3.732337 -6.129553 0.000000
vt -3.891675 -6.129959 0.000000
vt -3.771204 -6.652343 0.000000
vt -3.930298 -6.652624 0.000000
vt -3.799865 -7.175903 0.000000
vt -3.958780 -7.176047 0.000000
vt -3.818308 -7.700000 0.000000
vt -3.977109 -7.700000 0.000000
vn -0.884988 0.000000 -0.465615
vn -0.884988 0.000000 -0.465615
vn -0.884988 0.000000 -0.465615
vn -0.884988 0.000000 -0.465615
vn -0.884988 0.000000 -0.465615
vn -0.884988 0.000000 -0.465615
vn -0.884988 0.000000 -0.465615
vn -0.884988 0.000000 -0.465615
vn -0.884988 0.000000 -0.465615
vn -0.884988 0.000000 -0.465615
vn -0.884988 0.000000 -0.465615
vn -0.884988 0.000000 -0.465615
vn -0.884988 0.000000 -0.465615
vn -0.884988 0.000000 -0.465615
vn -0.884988 0.000000 -0.465615
vn -0.884988 0.000000 -0.465615
vn -0.884988 0.000000 -0.465615
vn -0.884988 0.000000 -0.465615
vn -0.884988 0.000000 -0.465615
vn -0.884988 0.000000 -0.465615
vn -0.884988 0.000000 -0.465615
vn -0.884988 0.000000 -0.465615
vn -0.884988 0.000000 -0.465615
vn -0.884988 0.000000 -0.465615
vn -0.884988 0.000000 -0.465615
vn -0.884988 0.000000 -0.465615
vn -0.884988 0.000000 -0.465615
vn -0.884988 0.000000 -0.465615
vn -0.884988 0.000000 -0.465615
vn -0.884988 0.000000 -0.465615
vn -0.884988 0.000000 -0.465615
vn -0.884988 0.000000 -0.465615
vn 0.000000 1.000000 0.000000
vn 0.000000 1.000000 0.000000
vn 0.000000 1.000000 0.000000
vn 0.000000 1.000000 0.000000
vn 0.000000 1.000000 0.000000
vn 0.000000 1.000000 0.000000
vn 0.000000 1.000000 0.000000
vn 0.000000 1.000000 0.000000
vn 0.000000 1.000000 0.000000
vn 0.000000 1.000000 0.000000
vn 0.000000 1.000000 0.000000
vn 0.000000 1.000000 0.000000
vn 0.000000 1.000000 0.000000
vn 0.000000 1.000000 0.000000
vn 0.000000 1.000000 0.000000
vn 0.000000 1.000000 0.000000
vn 0.000000 1.000000 0.000000
vn 0.000000 1.000000 0.000000
vn -0.000000 -1.000000 -0.000000
vn -0.000000 -1.000000 -0.000000
vn -0.000000 -1.000000 -0.000000
vn -0.000000 -1.000000 -0.000000
vn -0.000000 -1.000000 -0.000000
vn -0.000000 -1.000000 -0.000000
vn -0.000000 -1.000000 -0.000000
vn -0.000000 -1.000000 -0.000000
vn -0.000000 -1.000000 -0.000000
vn -0.000000 -1.000000 -0.000000
vn -0.000000 -1.000000 -0.000000
vn -0.000000 -1.000000 -0.000000
vn -0.000000 -1.000000 -0.000000
vn -0.000000 -1.000000 -0.000000
vn -0.000000 -1.000000 -0.000000
vn -0.000000 -1.000000 -0.000000
vn -0.000000 -1.000000 -0.000000
vn -0.000000 -1.000000 -0.000000
vn -0.000000 -1.000000 -0.000000
vn -0.000000 -1.000000 -0.000000
vn -0.465150 0.044649 0.884105
vn -0.465466 0.025269 0.884705
vn -0.455191 0.034359 0.889731
vn -0.447356 0.025269 0.893999
vn -0.444977 0.034359 0.894883
vn -0.434702 0.034359 0.899919
vn -0.444818 0.043452 0.894566
vn -0.434548 0.043452 0.899600
vn -0.444623 0.052550 0.894175
vn -0.434357 0.052550 0.899206
vn -0.444391 0.061650 0.893709
vn -0.434131 0.061650 0.898738
vn -0.444121 0.070753 0.893169
vn -0.433868 0.070753 0.898194
vn -0.443815 0.079856 0.892553
vn -0.433569 0.079856 0.897575
vn -0.443471 0.088959 0.891863
vn -0.433234 0.088959 0.896881
vn -0.443090 0.098061 0.891098
vn -0.432862 0.098061 0.896111
vn -0.442671 0.107161 0.890258
vn -0.432454 0.107161 0.895265
vn -0.442215 0.116258 0.889342
vn -0.432009 0.116258 0.894345
vn -0.441722 0.125352 0.888352
vn -0.431528 0.125352 0.893348
vn -0.441191 0.134440 0.887286
vn -0.431010 0.134440 0.892276
vn -0.440623 0.143523 0.886145
vn -0.430455 0.143523 0.891128
vn -0.440017 0.152598 0.884928
vn -0.429864 0.152598 0.889905
vn -0.439375 0.161666 0.883637
vn -0.429237 0.161666 0.888606
vn -0.438694 0.170725 0.882270
vn -0.428573 0.170725 0.887231
vn -0.437234 0.188662 0.879337
vn -0.427147 0.188662 0.884280
vn -0.435627 0.206553 0.876108
vn -0.425579 0.206553 0.881033
vn -0.433874 0.224389 0.872584
vn -0.423867 0.224389 0.877489
vn -0.431974 0.242164 0.868766
vn -0.422012 0.242164 0.873649
vn -0.429929 0.259870 0.864655
vn -0.420015 0.259870 0.869514
vn -0.427738 0.277498 0.860253
vn -0.417876 0.277498 0.865086
vn -0.425403 0.295041 0.855560
vn -0.415596 0.295041 0.860366
vn -0.422925 0.312492 0.850578
vn -0.403331 0.312492 0.860042
vn -0.405695 0.295041 0.865079
vn -0.395777 0.295041 0.869662
vn -0.397948 0.277498 0.874433
vn -0.387890 0.277498 0.878940
vn -0.389876 0.259870 0.883439
vn -0.379737 0.259870 0.887844
vn -0.381542 0.242164 0.892066
vn -0.369536 0.259870 0.892138
vn -0.371293 0.242164 0.896380
vn -0.364417 0.259870 0.894241
vn -0.366150 0.242164 0.898494
vn -0.359286 0.259870 0.896315
vn -0.360995 0.242164 0.900577
vn -0.354144 0.259870 0.898359
vn -0.355828 0.242164 0.902631
vn -0.349002 0.259870 0.900370
vn -0.350660 0.242164 0.904651
vn -0.343826 0.259870 0.902359
vn -0.345461 0.242164 0.906650
vn -0.338650 0.259870 0.904314
vn -0.340260 0.242164 0.908614
vn -0.333464 0.259870 0.906239
vn -0.335049 0.242164 0.910548
vn -0.328285 0.259870 0.908128
vn -0.329845 0.242164 0.912447
vn -0.323061 0.259870 0.910000
vn -0.324597 0.242164 0.914327
vn -0.317844 0.259870 0.911835
vn -0.319355 0.242164 0.916171
vn -0.312618 0.259870 0.913640
vn -0.314105 0.242164 0.917984
vn -0.307398 0.259870 0.915409
vn -0.308859 0.242164 0.919762
vn -0.302138 0.259870 0.917159
vn -0.303575 0.242164 0.921520
vn -0.296885 0.259870 0.918873
vn -0.298297 0.242164 0.923242
vn -0.291623 0.259870 0.920556
vn -0.293010 0.242164 0.924933
vn -0.286661 0.255984 0.923200
vn -0.288093 0.237005 0.927810
vn -0.294298 0.224389 0.928998
vn -0.289412 0.217963 0.932058
vn -0.295487 0.206553 0.932751
vn -0.290619 0.198864 0.935945
vn -0.296576 0.188662 0.936189
vn -0.291714 0.179714 0.939471
vn -0.297565 0.170725 0.939312
vn -0.292696 0.160517 0.942636
vn -0.298026 0.161666 0.940768
vn -0.298462 0.152598 0.942143
vn -0.303847 0.152598 0.940420
vn -0.304265 0.143523 0.941713
vn -0.309649 0.143523 0.939957
vn -0.310048 0.134440 0.941168
vn -0.315437 0.134440 0.939375
vn -0.315815 0.125352 0.940504
vn -0.321187 0.125352 0.938683
vn -0.321545 0.116258 0.939730
vn -0.326921 0.116258 0.937874
vn -0.327257 0.107161 0.938839
vn -0.332628 0.107161 0.936950
vn -0.332942 0.098061 0.937834
vn -0.338314 0.098061 0.935910
vn -0.338604 0.088959 0.936714
vn -0.343959 0.088959 0.934761
vn -0.344225 0.079856 0.935485
vn -0.349579 0.079856 0.933498
vn -0.349820 0.070753 0.934141
vn -0.355166 0.070753 0.932122
vn -0.355381 0.061650 0.932686
vn -0.360721 0.061650 0.930634
vn -0.360909 0.052550 0.931119
vn -0.366237 0.052550 0.929036
vn -0.366398 0.043452 0.929443
vn -0.371718 0.043452 0.927328
vn -0.371850 0.034359 0.927657
vn -0.377160 0.034359 0.925511
vn -0.373138 0.025269 0.927431
vn -0.382457 0.034359 0.923334
vn -0.391944 0.025269 0.919642
vn -0.393015 0.034359 0.918890
vn -0.403520 0.034359 0.914326
vn -0.403376 0.043452 0.914002
vn -0.413824 0.043452 0.909319
vn -0.413643 0.052550 0.908921
vn -0.424028 0.052550 0.904123
vn -0.423806 0.061650 0.903652
vn -0.429061 0.025269 0.902922
vn -0.424365 0.034359 0.904839
vn -0.424214 0.043452 0.904519
vn -0.410588 0.025269 0.911471
vn -0.413971 0.034359 0.909641
vn -0.354178 0.025269 0.934837
vn -0.361194 0.034359 0.931857
vn -0.366528 0.034359 0.929773
vn -0.335070 0.025269 0.941854
vn -0.345124 0.034359 0.937928
vn -0.350492 0.034359 0.935935
vn -0.355848 0.034359 0.933912
vn -0.350368 0.043452 0.935604
vn -0.355722 0.043452 0.933581
vn -0.350214 0.052550 0.935194
vn -0.355567 0.052550 0.933172
vn -0.350032 0.061650 0.934707
vn -0.315824 0.025269 0.948481
vn -0.323549 0.034359 0.945587
vn -0.328958 0.034359 0.943719
vn -0.334357 0.034359 0.941820
vn -0.328842 0.043452 0.943385
vn -0.334239 0.043452 0.941486
vn -0.328698 0.052550 0.942972
vn -0.334092 0.052550 0.941074
vn -0.328526 0.061650 0.942481
vn -0.333918 0.061650 0.940584
vn -0.328328 0.070753 0.941910
vn -0.333716 0.070753 0.940015
vn -0.328101 0.079856 0.941261
vn -0.333486 0.079856 0.939367
vn -0.327848 0.088959 0.940533
vn -0.333228 0.088959 0.938640
vn -0.327566 0.098061 0.939726
vn -0.296447 0.025269 0.954715
vn -0.307266 0.034359 0.951003
vn -0.312703 0.034359 0.949229
vn -0.318132 0.034359 0.947424
vn -0.312592 0.043452 0.948893
vn -0.318020 0.043452 0.947088
vn -0.312456 0.052550 0.948478
vn -0.317881 0.052550 0.946673
vn -0.312293 0.061650 0.947983
vn -0.317716 0.061650 0.946180
vn -0.312104 0.070753 0.947410
vn -0.317524 0.070753 0.945607
vn -0.311889 0.079856 0.946757
vn -0.317306 0.079856 0.944955
vn -0.311647 0.088959 0.946024
vn -0.317061 0.088959 0.944224
vn -0.311380 0.098061 0.945212
vn -0.316790 0.098061 0.943413
vn -0.311086 0.107161 0.944321
vn -0.316492 0.107161 0.942523
vn -0.310766 0.116258 0.943350
vn -0.316167 0.116258 0.941553
vn -0.310420 0.125352 0.942298
vn -0.301821 0.034359 0.952745
vn -0.296246 0.044649 0.954068
vn -0.301714 0.043452 0.952408
vn -0.301582 0.052550 0.951991
vn -0.307158 0.043452 0.950666
vn -0.307023 0.052550 0.950250
vn -0.295933 0.064017 0.953061
vn -0.301425 0.061650 0.951495
vn -0.306863 0.061650 0.949755
vn -0.301242 0.070753 0.950919
vn -0.295509 0.083369 0.951695
vn -0.301035 0.079856 0.950264
vn -0.300802 0.088959 0.949529
vn -0.306466 0.079856 0.948526
vn -0.306229 0.088959 0.947792
vn -0.294974 0.102700 0.949970
vn -0.300543 0.098061 0.948714
vn -0.305966 0.098061 0.946979
vn -0.294326 0.122005 0.947885
vn -0.299951 0.116258 0.946844
vn -0.300260 0.107161 0.947819
vn -0.293567 0.141279 0.945441
vn -0.299257 0.134440 0.944654
vn -0.299617 0.125352 0.945789
vn -0.305363 0.116258 0.945112
vn -0.305678 0.107161 0.946085
vn -0.298872 0.143523 0.943439
vn -0.304657 0.134440 0.942926
vn -0.305023 0.125352 0.944059
vn -0.285117 0.274896 0.918227
vn -0.290138 0.277498 0.915868
vn -0.295373 0.277498 0.914193
vn -0.300600 0.277498 0.912488
vn -0.305834 0.277498 0.910747
vn -0.311026 0.277498 0.908987
vn -0.316226 0.277498 0.907191
vn -0.321415 0.277498 0.905366
vn -0.326615 0.277498 0.903503
vn -0.331766 0.277498 0.901624
vn -0.336926 0.277498 0.899709
vn -0.342075 0.277498 0.897764
vn -0.347225 0.277498 0.895784
vn -0.352341 0.277498 0.893785
vn -0.357457 0.277498 0.891751
vn -0.362561 0.277498 0.889688
vn -0.367654 0.277498 0.887595
vn -0.377803 0.277498 0.883323
vn -0.385773 0.295041 0.874145
vn -0.383526 0.312492 0.869055
vn -0.283460 0.293734 0.912891
vn -0.288555 0.295041 0.910871
vn -0.293762 0.295041 0.909205
vn -0.298960 0.295041 0.907510
vn -0.304167 0.295041 0.905778
vn -0.309329 0.295041 0.904028
vn -0.314500 0.295041 0.902242
vn -0.319662 0.295041 0.900426
vn -0.324834 0.295041 0.898573
vn -0.329956 0.295041 0.896705
vn -0.335087 0.295041 0.894800
vn -0.340208 0.295041 0.892865
vn -0.345331 0.295041 0.890897
vn -0.350418 0.295041 0.888908
vn -0.355507 0.295041 0.886885
vn -0.360583 0.295041 0.884834
vn -0.365648 0.295041 0.882753
vn -0.375742 0.295041 0.878504
vn -0.281691 0.312492 0.907193
vn -0.302397 0.312492 0.900503
vn -0.322944 0.312492 0.893340
vn -0.343321 0.312492 0.885708
vn -0.363519 0.312492 0.877612
vn -0.435184 0.295041 0.850626
vn -0.442297 0.312492 0.840668
vn -0.445075 0.293734 0.845948
vn -0.437572 0.277498 0.855293
vn -0.447676 0.274896 0.850893
vn -0.439812 0.259870 0.859671
vn -0.450101 0.255984 0.855501
vn -0.441903 0.242164 0.863758
vn -0.452348 0.237005 0.859773
vn -0.443845 0.224389 0.867555
vn -0.454420 0.217963 0.863710
vn -0.445638 0.206553 0.871059
vn -0.456315 0.198864 0.867312
vn -0.447280 0.188662 0.874269
vn -0.458034 0.179714 0.870579
vn -0.448773 0.170725 0.877186
vn -0.459577 0.160517 0.873512
vn -0.449468 0.161666 0.878546
vn -0.450125 0.152598 0.879830
vn -0.460944 0.141279 0.876111
vn -0.450744 0.143523 0.881040
vn -0.451325 0.134440 0.882175
vn -0.462136 0.122005 0.878376
vn -0.451867 0.125352 0.883234
vn -0.452371 0.116258 0.884220
vn -0.463153 0.102700 0.880308
vn -0.452837 0.107161 0.885130
vn -0.463994 0.083369 0.881907
vn -0.453654 0.088959 0.886727
vn -0.453264 0.098061 0.885966
vn -0.464659 0.064017 0.883172
vn -0.454318 0.070753 0.888025
vn -0.454005 0.079856 0.887413
vn -0.454830 0.052550 0.889026
vn -0.454593 0.061650 0.888563
vn -0.323435 0.043452 0.945252
vn -0.323293 0.052550 0.944839
vn -0.323125 0.061650 0.944346
vn -0.322929 0.070753 0.943775
vn -0.322707 0.079856 0.943124
vn -0.322457 0.088959 0.942395
vn -0.322180 0.098061 0.941586
vn -0.321876 0.107161 0.940698
vn -0.339747 0.034359 0.939889
vn -0.361067 0.043452 0.931527
vn -0.455029 0.043452 0.889416
vn -0.423549 0.070753 0.903106
vn -0.413428 0.061650 0.908447
vn -0.403199 0.052550 0.913602
vn -0.392876 0.043452 0.918564
vn -0.382322 0.043452 0.923007
vn -0.377026 0.043452 0.925183
vn -0.423256 0.079856 0.902484
vn -0.413178 0.070753 0.907898
vn -0.402989 0.061650 0.913126
vn -0.392704 0.052550 0.918162
vn -0.382155 0.052550 0.922603
vn -0.376861 0.052550 0.924778
vn -0.371555 0.052550 0.926922
vn -0.422928 0.088959 0.901786
vn -0.412893 0.079856 0.907272
vn -0.402745 0.070753 0.912574
vn -0.392499 0.061650 0.917684
vn -0.381955 0.061650 0.922122
vn -0.376665 0.061650 0.924296
vn -0.371362 0.061650 0.926439
vn -0.366047 0.061650 0.928552
vn -0.422564 0.098061 0.901012
vn -0.412573 0.088959 0.906570
vn -0.402467 0.079856 0.911945
vn -0.392262 0.070753 0.917129
vn -0.381724 0.070753 0.921564
vn -0.376437 0.070753 0.923737
vn -0.371137 0.070753 0.925879
vn -0.365825 0.070753 0.927990
vn -0.360504 0.070753 0.930071
vn -0.422165 0.107161 0.900163
vn -0.412219 0.098061 0.905792
vn -0.402155 0.088959 0.911240
vn -0.391991 0.079856 0.916496
vn -0.381461 0.079856 0.920929
vn -0.376177 0.079856 0.923100
vn -0.370881 0.079856 0.925241
vn -0.365573 0.079856 0.927351
vn -0.360256 0.079856 0.929429
vn -0.354922 0.079856 0.931479
vn -0.421730 0.116258 0.899237
vn -0.411830 0.107161 0.904938
vn -0.401809 0.098061 0.910458
vn -0.391688 0.088959 0.915787
vn -0.381166 0.088959 0.920217
vn -0.375886 0.088959 0.922386
vn -0.370594 0.088959 0.924525
vn -0.365290 0.088959 0.926633
vn -0.359977 0.088959 0.928710
vn -0.354647 0.088959 0.930759
vn -0.349308 0.088959 0.932775
vn -0.421260 0.125352 0.898236
vn -0.411407 0.116258 0.904007
vn -0.401430 0.107161 0.909599
vn -0.391352 0.098061 0.915001
vn -0.380839 0.098061 0.919427
vn -0.375564 0.098061 0.921594
vn -0.370276 0.098061 0.923731
vn -0.364977 0.098061 0.925838
vn -0.359669 0.098061 0.927913
vn -0.354343 0.098061 0.929960
vn -0.349009 0.098061 0.931975
vn -0.343664 0.098061 0.933959
vn -0.420753 0.134440 0.897158
vn -0.410949 0.125352 0.903000
vn -0.401016 0.116258 0.908664
vn -0.390983 0.107161 0.914138
vn -0.380480 0.107161 0.918560
vn -0.375209 0.107161 0.920725
vn -0.369927 0.107161 0.922860
vn -0.364632 0.107161 0.924965
vn -0.359330 0.107161 0.927037
vn -0.354008 0.107161 0.929083
vn -0.348679 0.107161 0.931096
vn -0.343340 0.107161 0.933078
vn -0.337995 0.107161 0.935027
vn -0.420211 0.143523 0.896004
vn -0.410455 0.134440 0.901916
vn -0.400569 0.125352 0.907651
vn -0.390581 0.116258 0.913198
vn -0.380088 0.116258 0.917615
vn -0.374824 0.116258 0.919778
vn -0.369546 0.116258 0.921911
vn -0.364257 0.116258 0.924013
vn -0.358961 0.116258 0.926084
vn -0.353644 0.116258 0.928127
vn -0.348321 0.116258 0.930138
vn -0.342986 0.116258 0.932118
vn -0.337648 0.116258 0.934065
vn -0.332286 0.116258 0.935986
vn -0.419634 0.152598 0.894774
vn -0.409927 0.143523 0.900756
vn -0.400088 0.134440 0.906562
vn -0.390145 0.125352 0.912181
vn -0.379665 0.125352 0.916592
vn -0.374406 0.125352 0.918753
vn -0.369135 0.125352 0.920884
vn -0.363851 0.125352 0.922984
vn -0.358561 0.125352 0.925052
vn -0.353250 0.125352 0.927093
vn -0.347933 0.125352 0.929102
vn -0.342604 0.125352 0.931080
vn -0.337273 0.125352 0.933024
vn -0.331916 0.125352 0.934943
vn -0.326556 0.125352 0.936829
vn -0.419021 0.161666 0.893468
vn -0.409365 0.152598 0.899519
vn -0.399573 0.143523 0.905396
vn -0.389677 0.134440 0.911086
vn -0.379209 0.134440 0.915492
vn -0.373957 0.134440 0.917650
vn -0.368692 0.134440 0.919778
vn -0.363415 0.134440 0.921876
vn -0.358131 0.134440 0.923941
vn -0.352826 0.134440 0.925980
vn -0.347515 0.134440 0.927987
vn -0.342193 0.134440 0.929962
vn -0.336869 0.134440 0.931904
vn -0.331518 0.134440 0.933821
vn -0.326164 0.134440 0.935704
vn -0.320802 0.134440 0.937557
vn -0.418372 0.170725 0.892086
vn -0.408767 0.161666 0.898206
vn -0.399024 0.152598 0.904154
vn -0.389176 0.143523 0.909914
vn -0.378722 0.143523 0.914315
vn -0.373476 0.143523 0.916470
vn -0.368217 0.143523 0.918595
vn -0.362947 0.143523 0.920690
vn -0.357671 0.143523 0.922753
vn -0.352372 0.143523 0.924789
vn -0.347068 0.143523 0.926793
vn -0.341753 0.143523 0.928766
vn -0.336436 0.143523 0.930705
vn -0.331091 0.143523 0.932620
vn -0.325745 0.143523 0.934501
vn -0.320389 0.143523 0.936350
vn -0.315031 0.143523 0.938167
vn -0.416979 0.188662 0.889120
vn -0.408134 0.170725 0.896816
vn -0.398441 0.161666 0.902834
vn -0.388642 0.152598 0.908665
vn -0.378202 0.152598 0.913059
vn -0.372963 0.152598 0.915212
vn -0.367712 0.152598 0.917334
vn -0.362449 0.152598 0.919426
vn -0.357181 0.152598 0.921486
vn -0.351889 0.152598 0.923519
vn -0.346592 0.152598 0.925520
vn -0.341284 0.152598 0.927491
vn -0.335975 0.152598 0.929427
vn -0.330637 0.152598 0.931340
vn -0.325298 0.152598 0.933218
vn -0.319949 0.152598 0.935065
vn -0.314600 0.152598 0.936878
vn -0.309224 0.152598 0.938666
vn -0.415446 0.206553 0.885856
vn -0.406777 0.188662 0.893834
vn -0.397824 0.170725 0.901437
vn -0.388074 0.161666 0.907338
vn -0.377649 0.161666 0.911726
vn -0.372418 0.161666 0.913876
vn -0.367175 0.161666 0.915995
vn -0.361920 0.161666 0.918084
vn -0.356660 0.161666 0.920140
vn -0.351375 0.161666 0.922171
vn -0.346086 0.161666 0.924169
vn -0.340785 0.161666 0.926137
vn -0.335485 0.161666 0.928070
vn -0.330154 0.161666 0.929980
vn -0.324823 0.161666 0.931855
vn -0.319482 0.161666 0.933700
vn -0.314141 0.161666 0.935510
vn -0.308772 0.161666 0.937296
vn -0.303404 0.161666 0.939048
vn -0.413774 0.224389 0.882293
vn -0.405283 0.206553 0.890551
vn -0.396500 0.188662 0.898440
vn -0.387474 0.170725 0.905934
vn -0.377065 0.170725 0.910316
vn -0.371842 0.170725 0.912462
vn -0.366607 0.170725 0.914578
vn -0.361360 0.170725 0.916664
vn -0.356108 0.170725 0.918716
vn -0.350831 0.170725 0.920744
vn -0.345550 0.170725 0.922739
vn -0.340258 0.170725 0.924704
vn -0.334967 0.170725 0.926634
vn -0.329643 0.170725 0.928541
vn -0.324320 0.170725 0.930414
vn -0.318988 0.170725 0.932255
vn -0.313656 0.170725 0.934063
vn -0.308294 0.170725 0.935846
vn -0.302934 0.170725 0.937595
vn -0.411962 0.242164 0.878433
vn -0.403653 0.224389 0.886969
vn -0.395043 0.206553 0.895141
vn -0.386185 0.188662 0.902922
vn -0.375811 0.188662 0.907289
vn -0.370606 0.188662 0.909427
vn -0.365388 0.188662 0.911536
vn -0.360158 0.188662 0.913615
vn -0.354925 0.188662 0.915661
vn -0.349665 0.188662 0.917683
vn -0.344401 0.188662 0.919671
vn -0.339127 0.188662 0.921629
vn -0.333854 0.188662 0.923552
vn -0.328547 0.188662 0.925453
vn -0.323242 0.188662 0.927319
vn -0.317927 0.188662 0.929155
vn -0.312614 0.188662 0.930956
vn -0.307269 0.188662 0.932734
vn -0.301927 0.188662 0.934477
vn -0.410011 0.259870 0.874276
vn -0.401887 0.242164 0.883087
vn -0.393453 0.224389 0.891540
vn -0.384767 0.206553 0.899606
vn -0.374431 0.206553 0.903956
vn -0.369244 0.206553 0.906087
vn -0.364046 0.206553 0.908189
vn -0.358835 0.206553 0.910260
vn -0.353622 0.206553 0.912298
vn -0.348380 0.206553 0.914312
vn -0.343136 0.206553 0.916293
vn -0.337881 0.206553 0.918244
vn -0.332630 0.206553 0.920159
vn -0.327340 0.206553 0.922054
vn -0.322055 0.206553 0.923914
vn -0.316759 0.206553 0.925743
vn -0.311467 0.206553 0.927537
vn -0.306141 0.206553 0.929308
vn -0.300818 0.206553 0.931045
vn -0.407922 0.277498 0.869825
vn -0.399985 0.259870 0.878908
vn -0.391731 0.242164 0.887639
vn -0.383219 0.224389 0.895987
vn -0.372925 0.224389 0.900320
vn -0.367759 0.224389 0.902443
vn -0.362581 0.224389 0.904535
vn -0.357392 0.224389 0.906598
vn -0.352201 0.224389 0.908628
vn -0.346979 0.224389 0.910634
vn -0.341756 0.224389 0.912607
vn -0.336522 0.224389 0.914550
vn -0.331293 0.224389 0.916457
vn -0.326023 0.224389 0.918345
vn -0.320759 0.224389 0.920197
vn -0.315485 0.224389 0.922019
vn -0.310215 0.224389 0.923805
vn -0.304909 0.224389 0.925570
vn -0.299608 0.224389 0.927300
vn -0.345002 0.043452 0.937596
vn -0.339627 0.043452 0.939556
vn -0.344851 0.052550 0.937185
vn -0.339479 0.052550 0.939145
vn -0.344671 0.061650 0.936697
vn -0.339303 0.061650 0.938655
vn -0.344463 0.070753 0.936130
vn -0.339098 0.070753 0.938087
vn -0.338865 0.079856 0.937440
vn -0.306677 0.070753 0.949180
vn 0.283298 -0.295506 -0.912370
vn 0.288389 -0.296824 -0.910345
vn 0.281507 -0.314374 -0.906600
vn 0.293592 -0.296824 -0.908680
vn 0.302199 -0.314374 -0.899914
vn 0.298787 -0.296824 -0.906985
vn 0.303991 -0.296824 -0.905254
vn 0.305679 -0.279179 -0.910285
vn 0.310868 -0.279179 -0.908526
vn 0.312480 -0.261449 -0.913236
vn 0.316065 -0.279179 -0.906731
vn 0.317704 -0.261449 -0.911432
vn 0.321252 -0.279179 -0.904906
vn 0.322918 -0.261449 -0.909598
vn 0.328140 -0.261449 -0.907727
vn 0.329719 -0.243639 -0.912099
vn 0.334922 -0.243639 -0.910202
vn 0.336413 -0.225759 -0.914253
vn 0.340131 -0.243639 -0.908268
vn 0.341645 -0.225759 -0.912311
vn 0.345329 -0.243639 -0.906304
vn 0.346866 -0.225759 -0.910339
vn 0.352086 -0.225759 -0.908333
vn 0.353525 -0.207817 -0.912048
vn 0.358737 -0.207817 -0.910011
vn 0.360076 -0.189819 -0.913408
vn 0.363946 -0.207817 -0.907940
vn 0.365305 -0.189819 -0.911329
vn 0.369143 -0.207817 -0.905840
vn 0.370521 -0.189819 -0.909221
vn 0.374329 -0.207817 -0.903709
vn 0.375726 -0.189819 -0.907083
vn 0.384662 -0.207817 -0.899359
vn 0.386098 -0.189819 -0.902717
vn 0.394935 -0.207817 -0.894896
vn 0.396410 -0.189819 -0.898236
vn 0.405172 -0.207817 -0.890308
vn 0.406685 -0.189819 -0.893631
vn 0.415333 -0.207817 -0.885613
vn 0.416884 -0.189819 -0.888919
vn 0.425462 -0.207817 -0.880792
vn 0.427050 -0.189819 -0.884079
vn 0.435508 -0.207817 -0.875868
vn 0.437135 -0.189819 -0.879137
vn 0.445516 -0.207817 -0.870820
vn 0.447179 -0.189819 -0.874071
vn 0.456200 -0.200072 -0.867094
vn 0.457941 -0.180806 -0.870402
vn 0.448690 -0.171775 -0.877024
vn 0.459503 -0.161493 -0.873371
vn 0.449394 -0.162660 -0.878400
vn 0.450059 -0.153536 -0.879701
vn 0.439953 -0.153536 -0.884798
vn 0.440566 -0.144404 -0.886030
vn 0.430400 -0.144404 -0.891013
vn 0.430961 -0.135265 -0.892175
vn 0.420706 -0.135265 -0.897056
vn 0.421218 -0.126121 -0.898147
vn 0.410908 -0.126121 -0.902911
vn 0.411372 -0.116971 -0.903931
vn 0.400983 -0.116971 -0.908587
vn 0.401401 -0.107817 -0.909534
vn 0.390955 -0.107817 -0.914073
vn 0.391329 -0.098661 -0.914947
vn 0.380816 -0.098661 -0.919372
vn 0.381148 -0.089502 -0.920172
vn 0.375868 -0.089502 -0.922341
vn 0.376163 -0.080342 -0.923064
vn 0.370867 -0.080342 -0.925204
vn 0.371126 -0.071183 -0.925850
vn 0.365814 -0.071183 -0.927962
vn 0.366038 -0.062024 -0.928531
vn 0.360493 -0.071183 -0.930042
vn 0.360713 -0.062024 -0.930612
vn 0.355155 -0.071183 -0.932093
vn 0.355373 -0.062024 -0.932664
vn 0.350024 -0.062024 -0.934685
vn 0.350208 -0.052867 -0.935179
vn 0.344845 -0.052867 -0.937170
vn 0.344998 -0.043713 -0.937585
vn 0.339473 -0.052867 -0.939129
vn 0.339623 -0.043713 -0.939545
vn 0.334087 -0.052867 -0.941058
vn 0.334235 -0.043713 -0.941476
vn 0.328838 -0.043713 -0.943374
vn 0.328956 -0.034563 -0.943713
vn 0.323547 -0.034563 -0.945581
vn 0.335069 -0.025418 -0.941851
vn 0.315823 -0.025418 -0.948478
vn 0.318129 -0.034563 -0.947417
vn 0.312701 -0.034563 -0.949223
vn 0.312589 -0.043713 -0.948882
vn 0.307264 -0.034563 -0.950996
vn 0.307154 -0.043713 -0.950655
vn 0.301819 -0.034563 -0.952739
vn 0.301710 -0.043713 -0.952397
vn 0.296242 -0.044916 -0.954056
vn 0.301577 -0.052867 -0.951975
vn 0.295926 -0.064403 -0.953037
vn 0.301418 -0.062024 -0.951473
vn 0.301233 -0.071183 -0.950890
vn 0.306668 -0.071183 -0.949151
vn 0.306454 -0.080342 -0.948489
vn 0.311877 -0.080342 -0.946720
vn 0.311632 -0.089502 -0.945978
vn 0.317294 -0.080342 -0.944918
vn 0.317046 -0.089502 -0.944178
vn 0.322694 -0.080342 -0.943087
vn 0.322441 -0.089502 -0.942349
vn 0.327832 -0.089502 -0.940487
vn 0.327547 -0.098661 -0.939670
vn 0.332922 -0.098661 -0.937779
vn 0.332604 -0.107817 -0.936883
vn 0.338294 -0.098661 -0.935854
vn 0.337971 -0.107817 -0.934960
vn 0.343643 -0.098661 -0.933903
vn 0.343315 -0.107817 -0.933011
vn 0.348655 -0.107817 -0.931029
vn 0.348291 -0.116971 -0.930060
vn 0.353614 -0.116971 -0.928049
vn 0.353215 -0.126121 -0.927002
vn 0.358931 -0.116971 -0.926006
vn 0.358526 -0.126121 -0.924961
vn 0.364227 -0.116971 -0.923936
vn 0.363816 -0.126121 -0.922893
vn 0.369098 -0.126121 -0.920793
vn 0.368650 -0.135265 -0.919674
vn 0.373914 -0.135265 -0.917546
vn 0.373427 -0.144404 -0.916351
vn 0.378672 -0.144404 -0.914196
vn 0.378146 -0.153536 -0.912925
vn 0.388585 -0.153536 -0.908531
vn 0.388010 -0.162660 -0.907188
vn 0.398375 -0.162660 -0.902684
vn 0.397750 -0.171775 -0.901270
vn 0.408059 -0.171775 -0.896650
vn 0.289991 -0.279179 -0.915404
vn 0.284976 -0.276558 -0.917772
vn 0.291495 -0.261449 -0.920150
vn 0.286539 -0.257534 -0.922806
vn 0.292899 -0.243639 -0.924581
vn 0.287988 -0.238442 -0.927474
vn 0.294202 -0.225759 -0.928697
vn 0.289324 -0.219286 -0.931775
vn 0.295406 -0.207817 -0.932495
vn 0.290546 -0.200072 -0.935711
vn 0.296508 -0.189819 -0.935976
vn 0.291654 -0.180806 -0.939280
vn 0.297510 -0.171775 -0.939138
vn 0.292649 -0.161493 -0.942484
vn 0.297977 -0.162660 -0.940612
vn 0.298418 -0.153536 -0.942005
vn 0.303353 -0.162660 -0.938892
vn 0.303803 -0.153536 -0.940282
vn 0.308721 -0.162660 -0.937141
vn 0.309178 -0.153536 -0.938528
vn 0.314553 -0.153536 -0.936741
vn 0.314991 -0.144404 -0.938045
vn 0.320347 -0.144404 -0.936229
vn 0.320765 -0.135265 -0.937450
vn 0.325703 -0.144404 -0.934380
vn 0.326128 -0.135265 -0.935598
vn 0.331048 -0.144404 -0.932499
vn 0.331480 -0.135265 -0.933715
vn 0.336831 -0.135265 -0.931798
vn 0.337240 -0.126121 -0.932932
vn 0.342571 -0.126121 -0.930988
vn 0.342958 -0.116971 -0.932040
vn 0.347898 -0.126121 -0.929010
vn 0.293531 -0.142138 -0.945323
vn 0.298834 -0.144404 -0.943316
vn 0.304225 -0.144404 -0.941591
vn 0.309609 -0.144404 -0.939835
vn 0.315401 -0.135265 -0.939269
vn 0.321156 -0.126121 -0.938591
vn 0.326524 -0.126121 -0.936737
vn 0.331883 -0.126121 -0.934851
vn 0.337620 -0.116971 -0.933986
vn 0.299223 -0.135265 -0.944547
vn 0.294299 -0.122746 -0.947798
vn 0.299588 -0.126121 -0.945696
vn 0.299926 -0.116971 -0.946764
vn 0.304993 -0.126121 -0.943967
vn 0.305337 -0.116971 -0.945033
vn 0.310390 -0.126121 -0.942206
vn 0.310740 -0.116971 -0.943270
vn 0.316140 -0.116971 -0.941474
vn 0.316469 -0.107817 -0.942456
vn 0.321853 -0.107817 -0.940631
vn 0.322161 -0.098661 -0.941530
vn 0.327234 -0.107817 -0.938772
vn 0.294954 -0.103323 -0.949909
vn 0.300239 -0.107817 -0.947751
vn 0.305656 -0.107817 -0.946018
vn 0.311064 -0.107817 -0.944253
vn 0.316771 -0.098661 -0.943357
vn 0.295497 -0.083874 -0.951655
vn 0.300787 -0.089502 -0.949482
vn 0.300526 -0.098661 -0.948657
vn 0.301023 -0.080342 -0.950227
vn 0.306214 -0.089502 -0.947746
vn 0.305948 -0.098661 -0.946922
vn 0.311361 -0.098661 -0.945156
vn 0.296446 -0.025418 -0.954711
vn 0.354177 -0.025418 -0.934833
vn 0.345122 -0.034563 -0.937921
vn 0.339744 -0.034563 -0.939883
vn 0.334355 -0.034563 -0.941813
vn 0.373137 -0.025418 -0.927428
vn 0.361192 -0.034563 -0.931851
vn 0.355846 -0.034563 -0.933905
vn 0.350489 -0.034563 -0.935929
vn 0.355718 -0.043713 -0.933570
vn 0.350364 -0.043713 -0.935593
vn 0.355561 -0.052867 -0.933157
vn 0.391943 -0.025418 -0.919638
vn 0.382455 -0.034563 -0.923328
vn 0.377157 -0.034563 -0.925504
vn 0.371847 -0.034563 -0.927650
vn 0.377022 -0.043713 -0.925172
vn 0.371714 -0.043713 -0.927318
vn 0.376855 -0.052867 -0.924762
vn 0.371549 -0.052867 -0.926907
vn 0.376656 -0.062024 -0.924274
vn 0.371353 -0.062024 -0.926418
vn 0.376425 -0.071183 -0.923708
vn 0.410586 -0.025418 -0.911467
vn 0.403517 -0.034563 -0.914319
vn 0.393012 -0.034563 -0.918883
vn 0.392871 -0.043713 -0.918554
vn 0.382318 -0.043713 -0.922996
vn 0.392697 -0.052867 -0.918147
vn 0.382148 -0.052867 -0.922588
vn 0.392490 -0.062024 -0.917663
vn 0.381947 -0.062024 -0.922101
vn 0.392250 -0.071183 -0.917100
vn 0.381713 -0.071183 -0.921536
vn 0.391976 -0.080342 -0.916461
vn 0.381446 -0.080342 -0.920893
vn 0.391669 -0.089502 -0.915743
vn 0.429059 -0.025418 -0.902919
vn 0.424362 -0.034563 -0.904833
vn 0.413968 -0.034563 -0.909635
vn 0.413820 -0.043713 -0.909309
vn 0.403372 -0.043713 -0.913991
vn 0.413636 -0.052867 -0.908906
vn 0.403193 -0.052867 -0.913587
vn 0.413418 -0.062024 -0.908426
vn 0.402980 -0.062024 -0.913105
vn 0.413165 -0.071183 -0.907870
vn 0.402732 -0.071183 -0.912546
vn 0.412877 -0.080342 -0.907236
vn 0.402451 -0.080342 -0.911909
vn 0.412553 -0.089502 -0.906526
vn 0.402135 -0.089502 -0.911195
vn 0.412195 -0.098661 -0.905738
vn 0.401785 -0.098661 -0.910404
vn 0.411801 -0.107817 -0.904873
vn 0.434699 -0.034563 -0.899913
vn 0.447354 -0.025418 -0.893996
vn 0.444974 -0.034563 -0.894876
vn 0.455187 -0.034563 -0.889725
vn 0.455024 -0.043713 -0.889406
vn 0.465145 -0.044916 -0.884094
vn 0.454823 -0.052867 -0.889012
vn 0.464648 -0.064403 -0.883150
vn 0.454583 -0.062024 -0.888542
vn 0.454304 -0.071183 -0.887998
vn 0.444381 -0.062024 -0.893688
vn 0.444108 -0.071183 -0.893141
vn 0.434121 -0.062024 -0.898717
vn 0.433855 -0.071183 -0.898166
vn 0.423796 -0.062024 -0.903632
vn 0.423536 -0.071183 -0.903078
vn 0.465464 -0.025418 -0.884702
vn 0.463974 -0.083874 -0.881869
vn 0.453987 -0.080342 -0.887379
vn 0.443797 -0.080342 -0.892518
vn 0.433552 -0.080342 -0.897540
vn 0.423240 -0.080342 -0.902449
vn 0.453632 -0.089502 -0.886684
vn 0.463122 -0.103323 -0.880251
vn 0.453237 -0.098661 -0.885913
vn 0.452805 -0.107817 -0.885067
vn 0.443063 -0.098661 -0.891045
vn 0.442639 -0.107817 -0.890194
vn 0.432836 -0.098661 -0.896057
vn 0.432423 -0.107817 -0.895202
vn 0.422539 -0.098661 -0.900959
vn 0.422135 -0.107817 -0.900099
vn 0.452333 -0.116971 -0.884145
vn 0.462094 -0.122746 -0.878295
vn 0.451823 -0.126121 -0.883148
vn 0.451274 -0.135265 -0.882075
vn 0.441678 -0.126121 -0.888264
vn 0.441141 -0.135265 -0.887185
vn 0.431485 -0.126121 -0.893260
vn 0.460887 -0.142138 -0.876002
vn 0.450686 -0.144404 -0.880926
vn 0.454282 -0.219286 -0.863448
vn 0.443701 -0.225759 -0.867273
vn 0.433733 -0.225759 -0.872301
vn 0.423729 -0.225759 -0.877204
vn 0.413639 -0.225759 -0.882006
vn 0.403522 -0.225759 -0.886681
vn 0.393326 -0.225759 -0.891251
vn 0.383095 -0.225759 -0.895696
vn 0.372804 -0.225759 -0.900028
vn 0.367640 -0.225759 -0.902149
vn 0.362464 -0.225759 -0.904242
vn 0.357276 -0.225759 -0.906304
vn 0.350527 -0.243639 -0.904307
vn 0.343674 -0.261449 -0.901961
vn 0.338501 -0.261449 -0.903915
vn 0.333317 -0.261449 -0.905839
vn 0.326449 -0.279179 -0.903045
vn 0.319477 -0.296824 -0.899906
vn 0.314318 -0.296824 -0.901720
vn 0.309150 -0.296824 -0.903505
vn 0.452185 -0.238442 -0.859462
vn 0.441735 -0.243639 -0.863429
vn 0.431810 -0.243639 -0.868436
vn 0.421851 -0.243639 -0.873316
vn 0.411805 -0.243639 -0.878098
vn 0.401734 -0.243639 -0.882751
vn 0.391582 -0.243639 -0.887301
vn 0.381397 -0.243639 -0.891726
vn 0.371152 -0.243639 -0.896039
vn 0.366010 -0.243639 -0.898152
vn 0.360857 -0.243639 -0.900234
vn 0.355693 -0.243639 -0.902287
vn 0.348847 -0.261449 -0.899972
vn 0.341901 -0.279179 -0.897308
vn 0.336755 -0.279179 -0.899253
vn 0.331597 -0.279179 -0.901167
vn 0.324646 -0.296824 -0.898054
vn 0.322733 -0.314374 -0.892756
vn 0.449909 -0.257534 -0.855136
vn 0.439617 -0.261449 -0.859291
vn 0.429739 -0.261449 -0.864274
vn 0.419829 -0.261449 -0.869130
vn 0.409830 -0.261449 -0.873890
vn 0.399808 -0.261449 -0.878520
vn 0.389704 -0.261449 -0.883049
vn 0.379569 -0.261449 -0.887452
vn 0.369373 -0.261449 -0.891745
vn 0.364256 -0.261449 -0.893847
vn 0.359128 -0.261449 -0.895920
vn 0.353988 -0.261449 -0.897963
vn 0.347049 -0.279179 -0.895330
vn 0.340012 -0.296824 -0.892349
vn 0.334894 -0.296824 -0.894283
vn 0.329765 -0.296824 -0.896187
vn 0.447454 -0.276558 -0.850471
vn 0.437350 -0.279179 -0.854859
vn 0.427521 -0.279179 -0.859817
vn 0.417664 -0.279179 -0.864648
vn 0.407715 -0.279179 -0.869383
vn 0.397746 -0.279179 -0.873989
vn 0.387693 -0.279179 -0.878495
vn 0.377611 -0.279179 -0.882875
vn 0.367468 -0.279179 -0.887145
vn 0.362377 -0.279179 -0.889236
vn 0.357276 -0.279179 -0.891299
vn 0.352162 -0.279179 -0.893331
vn 0.345132 -0.296824 -0.890382
vn 0.343097 -0.314374 -0.885129
vn 0.444821 -0.295506 -0.845465
vn 0.434933 -0.296824 -0.850135
vn 0.425157 -0.296824 -0.855065
vn 0.415356 -0.296824 -0.859869
vn 0.405460 -0.296824 -0.864579
vn 0.395548 -0.296824 -0.869159
vn 0.385550 -0.296824 -0.873640
vn 0.375524 -0.296824 -0.877996
vn 0.365437 -0.296824 -0.882242
vn 0.360375 -0.296824 -0.884322
vn 0.355301 -0.296824 -0.886373
vn 0.350216 -0.296824 -0.888394
vn 0.442008 -0.314374 -0.840118
vn 0.422648 -0.314374 -0.850022
vn 0.403067 -0.314374 -0.859480
vn 0.383275 -0.314374 -0.868487
vn 0.363281 -0.314374 -0.877038
vn 0.366525 -0.034563 -0.929766
vn 0.366394 -0.043713 -0.929433
vn 0.366231 -0.052867 -0.929021
vn 0.307018 -0.052867 -0.950234
vn 0.312450 -0.052867 -0.948462
vn 0.318016 -0.043713 -0.947077
vn 0.306856 -0.062024 -0.949733
vn 0.312286 -0.062024 -0.947961
vn 0.317876 -0.052867 -0.946657
vn 0.323431 -0.043713 -0.945241
vn 0.304622 -0.135265 -0.942819
vn 0.310012 -0.135265 -0.941061
vn 0.315784 -0.126121 -0.940412
vn 0.321518 -0.116971 -0.939651
vn 0.326893 -0.116971 -0.937795
vn 0.332258 -0.116971 -0.935907
vn 0.302878 -0.171775 -0.937421
vn 0.308237 -0.171775 -0.935673
vn 0.314089 -0.162660 -0.935356
vn 0.319902 -0.153536 -0.934927
vn 0.325250 -0.153536 -0.933081
vn 0.330588 -0.153536 -0.931203
vn 0.336393 -0.144404 -0.930584
vn 0.342154 -0.135265 -0.929857
vn 0.347476 -0.135265 -0.927881
vn 0.352786 -0.135265 -0.925875
vn 0.301858 -0.189819 -0.934265
vn 0.307199 -0.189819 -0.932522
vn 0.313597 -0.171775 -0.933890
vn 0.319429 -0.162660 -0.933545
vn 0.324769 -0.162660 -0.931701
vn 0.330099 -0.162660 -0.929826
vn 0.335926 -0.153536 -0.929290
vn 0.341709 -0.144404 -0.928646
vn 0.347023 -0.144404 -0.926673
vn 0.352327 -0.144404 -0.924669
vn 0.358091 -0.135265 -0.923837
vn 0.300736 -0.207817 -0.930790
vn 0.306057 -0.207817 -0.929054
vn 0.312543 -0.189819 -0.930745
vn 0.318929 -0.171775 -0.932083
vn 0.324260 -0.171775 -0.930241
vn 0.329582 -0.171775 -0.928369
vn 0.335430 -0.162660 -0.927916
vn 0.341234 -0.153536 -0.927355
vn 0.346541 -0.153536 -0.925384
vn 0.351837 -0.153536 -0.923384
vn 0.357625 -0.144404 -0.922633
vn 0.363374 -0.135265 -0.921772
vn 0.299511 -0.225759 -0.926998
vn 0.304810 -0.225759 -0.925269
vn 0.311382 -0.207817 -0.927283
vn 0.317855 -0.189819 -0.928944
vn 0.323168 -0.189819 -0.927109
vn 0.328472 -0.189819 -0.925243
vn 0.334905 -0.171775 -0.926462
vn 0.340729 -0.162660 -0.925984
vn 0.346028 -0.162660 -0.924016
vn 0.351317 -0.162660 -0.922019
vn 0.357128 -0.153536 -0.921350
vn 0.362900 -0.144404 -0.920571
vn 0.368170 -0.144404 -0.918476
vn 0.298183 -0.243639 -0.922890
vn 0.303459 -0.243639 -0.921169
vn 0.310114 -0.225759 -0.923505
vn 0.316673 -0.207817 -0.925489
vn 0.321966 -0.207817 -0.923661
vn 0.327251 -0.207817 -0.921802
vn 0.333779 -0.189819 -0.923342
vn 0.340195 -0.171775 -0.924533
vn 0.345486 -0.171775 -0.922569
vn 0.350766 -0.171775 -0.920574
vn 0.356601 -0.162660 -0.919988
vn 0.362396 -0.153536 -0.919291
vn 0.367658 -0.153536 -0.917199
vn 0.372908 -0.153536 -0.915077
vn 0.296754 -0.261449 -0.918467
vn 0.302005 -0.261449 -0.916754
vn 0.308741 -0.243639 -0.919412
vn 0.315383 -0.225759 -0.921719
vn 0.320655 -0.225759 -0.919898
vn 0.325918 -0.225759 -0.918047
vn 0.332539 -0.207817 -0.919908
vn 0.339050 -0.189819 -0.921420
vn 0.344323 -0.189819 -0.919462
vn 0.349585 -0.189819 -0.917474
vn 0.356042 -0.171775 -0.918546
vn 0.361860 -0.162660 -0.917932
vn 0.367114 -0.162660 -0.915843
vn 0.372357 -0.162660 -0.913724
vn 0.377587 -0.162660 -0.911575
vn 0.295223 -0.279179 -0.913730
vn 0.300447 -0.279179 -0.912025
vn 0.307263 -0.261449 -0.915005
vn 0.313985 -0.243639 -0.917635
vn 0.319234 -0.243639 -0.915822
vn 0.324473 -0.243639 -0.913979
vn 0.331185 -0.225759 -0.916160
vn 0.337789 -0.207817 -0.917993
vn 0.343042 -0.207817 -0.916043
vn 0.348285 -0.207817 -0.914062
vn 0.354844 -0.189819 -0.915453
vn 0.361293 -0.171775 -0.916494
vn 0.366539 -0.171775 -0.914408
vn 0.371773 -0.171775 -0.912293
vn 0.376995 -0.171775 -0.910147
vn 0.387402 -0.171775 -0.905767
vn 0.317709 -0.062024 -0.946158
vn 0.312094 -0.071183 -0.947381
vn 0.317515 -0.071183 -0.945578
vn 0.323288 -0.052867 -0.944823
vn 0.328692 -0.052867 -0.942956
vn 0.322919 -0.071183 -0.943746
vn 0.328089 -0.080342 -0.941224
vn 0.333212 -0.089502 -0.938594
vn 0.338587 -0.089502 -0.936669
vn 0.343942 -0.089502 -0.934716
vn 0.348988 -0.098661 -0.931919
vn 0.353983 -0.107817 -0.929016
vn 0.359304 -0.107817 -0.926971
vn 0.364606 -0.107817 -0.924899
vn 0.369515 -0.116971 -0.921833
vn 0.374369 -0.126121 -0.918663
vn 0.379166 -0.135265 -0.915389
vn 0.389126 -0.144404 -0.909796
vn 0.398965 -0.153536 -0.904021
vn 0.408699 -0.162660 -0.898057
vn 0.418294 -0.171775 -0.891921
vn 0.323117 -0.062024 -0.944324
vn 0.328519 -0.062024 -0.942459
vn 0.333911 -0.062024 -0.940562
vn 0.339295 -0.062024 -0.938633
vn 0.333706 -0.071183 -0.939986
vn 0.328318 -0.071183 -0.941881
vn 0.339088 -0.071183 -0.938058
vn 0.333473 -0.080342 -0.939330
vn 0.344663 -0.062024 -0.936675
vn 0.344452 -0.071183 -0.936101
vn 0.338852 -0.080342 -0.937403
vn 0.344212 -0.080342 -0.935448
vn 0.361063 -0.043713 -0.931517
vn 0.360903 -0.052867 -0.931104
vn 0.354908 -0.080342 -0.931443
vn 0.349809 -0.071183 -0.934113
vn 0.349565 -0.080342 -0.933461
vn 0.354630 -0.089502 -0.930713
vn 0.349291 -0.089502 -0.932730
vn 0.360241 -0.080342 -0.929393
vn 0.359960 -0.089502 -0.928665
vn 0.354321 -0.098661 -0.929905
vn 0.359647 -0.098661 -0.927858
vn 0.375541 -0.098661 -0.921539
vn 0.370576 -0.089502 -0.924480
vn 0.370254 -0.098661 -0.923676
vn 0.365272 -0.089502 -0.926588
vn 0.364955 -0.098661 -0.925783
vn 0.375183 -0.107817 -0.920659
vn 0.369900 -0.107817 -0.922794
vn 0.380453 -0.107817 -0.918494
vn 0.380056 -0.116971 -0.917537
vn 0.374792 -0.116971 -0.919700
vn 0.379628 -0.126121 -0.916502
vn 0.365559 -0.080342 -0.927314
vn 0.390548 -0.116971 -0.913121
vn 0.390107 -0.126121 -0.912091
vn 0.400530 -0.126121 -0.907562
vn 0.389633 -0.135265 -0.910983
vn 0.400043 -0.135265 -0.906460
vn 0.410409 -0.135265 -0.901814
vn 0.399521 -0.144404 -0.905279
vn 0.409304 -0.153536 -0.899387
vn 0.418951 -0.162660 -0.893321
vn 0.428493 -0.171775 -0.887066
vn 0.424209 -0.043713 -0.904509
vn 0.434543 -0.043713 -0.899590
vn 0.444813 -0.043713 -0.894556
vn 0.424020 -0.052867 -0.904108
vn 0.434350 -0.052867 -0.899191
vn 0.444616 -0.052867 -0.894160
vn 0.422907 -0.089502 -0.901742
vn 0.433213 -0.089502 -0.896837
vn 0.443449 -0.089502 -0.891820
vn 0.421695 -0.116971 -0.899162
vn 0.431973 -0.116971 -0.894269
vn 0.442178 -0.116971 -0.889267
vn 0.409874 -0.144404 -0.900639
vn 0.420157 -0.144404 -0.895888
vn 0.419572 -0.153536 -0.894643
vn 0.429166 -0.162660 -0.888459
vn 0.438613 -0.171775 -0.882107
vn 0.429801 -0.153536 -0.889774
vn 0.439302 -0.162660 -0.883491
vn 0.955020 -0.000000 0.296542
vn 0.955020 -0.000000 0.296542
vn 0.955020 -0.000000 0.296542
vn 0.955020 -0.000000 0.296542
vn 0.955020 -0.000000 0.296542
vn 0.955020 -0.000000 0.296542
vn 0.955020 -0.000000 0.296542
vn 0.955020 -0.000000 0.296542
vn 0.955020 -0.000000 0.296542
vn 0.955020 -0.000000 0.296542
vn 0.955020 -0.000000 0.296542
vn 0.955020 -0.000000 0.296542
vn 0.955020 -0.000000 0.296542
vn 0.955020 -0.000000 0.296542
vn 0.955020 -0.000000 0.296542
vn 0.955020 -0.000000 0.296542
vn 0.955020 -0.000000 0.296542
vn 0.955020 -0.000000 0.296542
vn 0.955020 -0.000000 0.296542
vn 0.955020 -0.000000 0.296542
vn 0.955020 -0.000000 0.296542
vn 0.955020 -0.000000 0.296542
vn 0.955020 -0.000000 0.296542
vn 0.955020 -0.000000 0.296542
vn 0.955020 -0.000000 0.296542
vn 0.955020 -0.000000 0.296542
vn 0.955020 -0.000000 0.296542
vn 0.955020 -0.000000 0.296542
vn 0.955020 -0.000000 0.296542
vn 0.955020 -0.000000 0.296542
vn 0.955020 -0.000000 0.296542
vn 0.955020 -0.000000 0.296542
usemtl Aluminum_-_Anodized_Glossy_(Blue)
f 1/1/1 2/2/2 32/3/3
f 32/3/3 2/2/2 31/4/4
f 31/4/4 2/2/2 3/5/5
f 31/4/4 3/5/5 30/6/6
f 30/6/6 3/5/5 4/7/7
f 30/6/6 4/7/7 29/8/8
f 29/8/8 4/7/7 5/9/9
f 29/8/8 5/9/9 28/10/10
f 28/10/10 5/9/9 6/11/11
f 28/10/10 6/11/11 27/12/12
f 27/12/12 6/11/11 7/13/13
f 27/12/12 7/13/13 26/14/14
f 26/14/14 7/13/13 8/15/15
f 26/14/14 8/15/15 25/16/16
f 25/16/16 8/15/15 9/17/17
f 25/16/16 9/17/17 24/18/18
f 24/18/18 9/17/17 10/19/19
f 24/18/18 10/19/19 23/20/20
f 23/20/20 10/19/19 11/21/21
f 23/20/20 11/21/21 22/22/22
f 22/22/22 11/21/21 12/23/23
f 22/22/22 12/23/23 21/24/24
f 21/24/24 12/23/23 13/25/25
f 21/24/24 13/25/25 20/26/26
f 20/26/26 13/25/25 14/27/27
f 20/26/26 14/27/27 19/28/28
f 19/28/28 14/27/27 15/29/29
f 19/28/28 15/29/29 18/30/30
f 18/30/30 15/29/29 16/31/31
f 18/30/30 16/31/31 17/32/32
f 33/33/33 34/34/34 48/35/35
f 48/35/35 34/34/34 35/36/36
f 48/35/35 35/36/36 47/37/37
f 47/37/37 35/36/36 36/38/38
f 47/37/37 36/38/38 46/39/39
f 46/39/39 36/38/38 37/40/40
f 46/39/39 37/40/40 45/41/41
f 45/41/41 37/40/40 38/42/42
f 45/41/41 38/42/42 44/43/43
f 44/43/43 38/42/42 39/44/44
f 44/43/43 39/44/44 43/45/45
f 43/45/45 39/44/44 40/46/46
f 43/45/45 40/46/46 42/47/47
f 42/47/47 40/46/46 41/48/48
f 42/47/47 41/48/48 32/49/49
f 32/49/49 41/48/48 1/50/50
f 50/51/51 51/52/52 49/53/53
f 49/53/53 51/52/52 66/54/54
f 66/54/54 51/52/52 52/55/55
f 66/54/54 52/55/55 65/56/56
f 65/56/56 52/55/55 53/57/57
f 65/56/56 53/57/57 64/58/58
f 64/58/58 53/57/57 54/59/59
f 64/58/58 54/59/59 63/60/60
f 63/60/60 54/59/59 55/61/61
f 63/60/60 55/61/61 62/62/62
f 62/62/62 55/61/61 56/63/63
f 62/62/62 56/63/63 61/64/64
f 61/64/64 56/63/63 57/65/65
f 61/64/64 57/65/65 60/66/66
f 60/66/66 57/65/65 58/67/67
f 60/66/66 58/67/67 59/68/68
f 59/68/68 58/67/67 17/69/69
f 59/68/68 17/69/69 16/70/70
f 18/71/71 17/72/72 93/73/73
f 93/73/73 17/72/72 58/74/74
f 93/73/73 58/74/74 116/75/75
f 116/75/75 58/74/74 92/76/76
f 116/75/75 92/76/76 117/77/77
f 117/77/77 92/76/76 182/78/78
f 117/77/77 182/78/78 118/79/79
f 118/79/79 182/78/78 181/80/80
f 118/79/79 181/80/80 119/81/81
f 119/81/81 181/80/80 180/82/82
f 119/81/81 180/82/82 120/83/83
f 120/83/83 180/82/82 179/84/84
f 120/83/83 179/84/84 121/85/85
f 121/85/85 179/84/84 178/86/86
f 121/85/85 178/86/86 122/87/87
f 122/87/87 178/86/86 177/88/88
f 122/87/87 177/88/88 123/89/89
f 123/89/89 177/88/88 176/90/90
f 123/89/89 176/90/90 124/91/91
f 124/91/91 176/90/90 175/92/92
f 124/91/91 175/92/92 125/93/93
f 125/93/93 175/92/92 174/94/94
f 125/93/93 174/94/94 126/95/95
f 126/95/95 174/94/94 173/96/96
f 126/95/95 173/96/96 127/97/97
f 127/97/97 173/96/96 172/98/98
f 127/97/97 172/98/98 128/99/99
f 128/99/99 172/98/98 171/100/100
f 128/99/99 171/100/100 129/101/101
f 129/101/101 171/100/100 170/102/102
f 129/101/101 170/102/102 130/103/103
f 130/103/103 170/102/102 169/104/104
f 130/103/103 169/104/104 131/105/105
f 131/105/105 169/104/104 168/106/106
f 131/105/105 168/106/106 132/107/107
f 132/107/107 168/106/106 167/108/108
f 132/107/107 167/108/108 133/109/109
f 133/109/109 167/108/108 166/110/110
f 133/109/109 166/110/110 134/111/111
f 134/111/111 166/110/110 165/112/112
f 134/111/111 165/112/112 135/113/113
f 135/113/113 165/112/112 164/114/114
f 135/113/113 164/114/114 136/115/115
f 136/115/115 164/114/114 163/116/116
f 136/115/115 163/116/116 137/117/117
f 137/117/117 163/116/116 162/118/118
f 137/117/117 162/118/118 138/119/119
f 138/119/119 162/118/118 161/120/120
f 138/119/119 161/120/120 42/121/121
f 42/121/121 161/120/120 43/122/122
f 43/122/122 161/120/120 160/123/123
f 43/122/122 160/123/123 205/124/124
f 205/124/124 160/123/123 206/125/125
f 205/124/124 206/125/125 203/126/126
f 203/126/126 206/125/125 202/127/127
f 203/126/126 202/127/127 252/128/128
f 252/128/128 202/127/127 253/129/129
f 252/128/128 253/129/129 247/130/130
f 247/130/130 253/129/129 246/131/131
f 247/130/130 246/131/131 297/132/132
f 297/132/132 246/131/131 298/133/133
f 297/132/132 298/133/133 293/134/134
f 293/134/134 298/133/133 292/135/135
f 293/134/134 292/135/135 525/136/136
f 525/136/136 292/135/135 526/137/137
f 525/136/136 526/137/137 565/138/138
f 565/138/138 526/137/137 564/139/139
f 565/138/138 564/139/139 342/140/140
f 342/140/140 564/139/139 343/141/141
f 342/140/140 343/141/141 338/142/142
f 338/142/142 343/141/141 337/143/143
f 338/142/142 337/143/143 503/144/144
f 503/144/144 337/143/143 504/145/145
f 503/144/144 504/145/145 388/146/146
f 388/146/146 504/145/145 389/147/147
f 388/146/146 389/147/147 383/148/148
f 383/148/148 389/147/147 382/149/149
f 383/148/148 382/149/149 590/150/150
f 590/150/150 382/149/149 591/151/151
f 590/150/150 591/151/151 480/152/152
f 480/152/152 591/151/151 481/153/153
f 480/152/152 481/153/153 434/154/154
f 434/154/154 481/153/153 435/155/155
f 434/154/154 435/155/155 429/156/156
f 429/156/156 435/155/155 428/157/157
f 429/156/156 428/157/157 569/158/158
f 569/158/158 428/157/157 570/159/159
f 569/158/158 570/159/159 457/160/160
f 457/160/160 570/159/159 458/161/161
f 457/160/160 458/161/161 78/162/162
f 78/162/162 458/161/161 77/163/163
f 77/163/163 458/161/161 459/164/164
f 77/163/163 459/164/164 76/165/165
f 76/165/165 459/164/164 460/166/166
f 76/165/165 460/166/166 75/167/167
f 75/167/167 460/166/166 461/168/168
f 75/167/167 461/168/168 74/169/169
f 74/169/169 461/168/168 462/170/170
f 74/169/169 462/170/170 73/171/171
f 73/171/171 462/170/170 463/172/172
f 73/171/171 463/172/172 464/173/173
f 464/173/173 463/172/172 576/174/174
f 464/173/173 576/174/174 577/175/175
f 577/175/175 576/174/174 421/176/176
f 577/175/175 421/176/176 420/177/177
f 420/177/177 421/176/176 443/178/178
f 420/177/177 443/178/178 444/179/179
f 444/179/179 443/178/178 490/180/180
f 444/179/179 490/180/180 491/181/181
f 491/181/181 490/180/180 601/182/182
f 491/181/181 601/182/182 602/183/183
f 602/183/183 601/182/182 371/184/184
f 602/183/183 371/184/184 370/185/185
f 370/185/185 371/184/184 401/186/186
f 370/185/185 401/186/186 402/187/187
f 402/187/187 401/186/186 517/188/188
f 402/187/187 517/188/188 518/189/189
f 518/189/189 517/188/188 323/190/190
f 518/189/189 323/190/190 322/191/191
f 322/191/191 323/190/190 358/192/192
f 322/191/191 358/192/192 359/193/193
f 359/193/193 358/192/192 548/194/194
f 359/193/193 548/194/194 547/195/195
f 547/195/195 548/194/194 543/196/196
f 547/195/195 543/196/196 544/197/197
f 544/197/197 543/196/196 274/198/198
f 544/197/197 274/198/198 273/199/199
f 273/199/199 274/198/198 317/200/200
f 273/199/199 317/200/200 54/201/201
f 54/201/201 317/200/200 88/202/202
f 54/201/201 88/202/202 55/203/203
f 55/203/203 88/202/202 272/204/204
f 55/203/203 272/204/204 90/205/205
f 90/205/205 272/204/204 183/206/206
f 90/205/205 183/206/206 226/207/207
f 226/207/207 183/206/206 225/208/208
f 226/207/207 225/208/208 140/209/209
f 140/209/209 225/208/208 141/210/210
f 140/209/209 141/210/210 180/82/82
f 180/82/82 141/210/210 179/84/84
f 58/74/74 57/211/211 92/76/76
f 92/76/76 57/211/211 91/212/212
f 92/76/76 91/212/212 182/78/78
f 182/78/78 91/212/212 139/213/213
f 182/78/78 139/213/213 181/80/80
f 181/80/80 139/213/213 140/209/209
f 181/80/80 140/209/209 180/82/82
f 57/211/211 56/214/214 91/212/212
f 91/212/212 56/214/214 227/215/215
f 91/212/212 227/215/215 139/213/213
f 139/213/213 227/215/215 226/207/207
f 139/213/213 226/207/207 140/209/209
f 227/215/215 56/214/214 90/205/205
f 90/205/205 56/214/214 55/203/203
f 53/216/216 86/217/217 54/201/201
f 54/201/201 86/217/217 545/218/218
f 54/201/201 545/218/218 273/199/199
f 273/199/199 545/218/218 544/197/197
f 52/219/219 85/220/220 53/216/216
f 53/216/216 85/220/220 318/221/221
f 53/216/216 318/221/221 362/222/222
f 362/222/222 318/221/221 319/223/223
f 362/222/222 319/223/223 361/224/224
f 361/224/224 319/223/223 320/225/225
f 361/224/224 320/225/225 360/226/226
f 360/226/226 320/225/225 321/227/227
f 360/226/226 321/227/227 359/193/193
f 359/193/193 321/227/227 322/191/191
f 51/228/228 83/229/229 52/219/219
f 52/219/219 83/229/229 500/230/230
f 52/219/219 500/230/230 363/231/231
f 363/231/231 500/230/230 609/232/232
f 363/231/231 609/232/232 364/233/233
f 364/233/233 609/232/232 608/234/234
f 364/233/233 608/234/234 365/235/235
f 365/235/235 608/234/234 607/236/236
f 365/235/235 607/236/236 366/237/237
f 366/237/237 607/236/236 606/238/238
f 366/237/237 606/238/238 367/239/239
f 367/239/239 606/238/238 605/240/240
f 367/239/239 605/240/240 368/241/241
f 368/241/241 605/240/240 604/242/242
f 368/241/241 604/242/242 369/243/243
f 369/243/243 604/242/242 603/244/244
f 369/243/243 603/244/244 370/185/185
f 370/185/185 603/244/244 602/183/183
f 50/245/245 81/246/246 51/228/228
f 51/228/228 81/246/246 409/247/247
f 51/228/228 409/247/247 454/248/248
f 454/248/248 409/247/247 410/249/249
f 454/248/248 410/249/249 453/250/250
f 453/250/250 410/249/249 411/251/251
f 453/250/250 411/251/251 452/252/252
f 452/252/252 411/251/251 412/253/253
f 452/252/252 412/253/253 451/254/254
f 451/254/254 412/253/253 413/255/255
f 451/254/254 413/255/255 450/256/256
f 450/256/256 413/255/255 414/257/257
f 450/256/256 414/257/257 449/258/258
f 449/258/258 414/257/257 415/259/259
f 449/258/258 415/259/259 448/260/260
f 448/260/260 415/259/259 416/261/261
f 448/260/260 416/261/261 447/262/262
f 447/262/262 416/261/261 417/263/263
f 447/262/262 417/263/263 446/264/264
f 446/264/264 417/263/263 418/265/265
f 446/264/264 418/265/265 445/266/266
f 445/266/266 418/265/265 419/267/267
f 445/266/266 419/267/267 444/179/179
f 444/179/179 419/267/267 420/177/177
f 81/246/246 50/245/245 477/268/268
f 477/268/268 50/245/245 67/269/269
f 477/268/268 67/269/269 476/270/270
f 476/270/270 67/269/269 475/271/271
f 476/270/270 475/271/271 588/272/272
f 588/272/272 475/271/271 587/273/273
f 588/272/272 587/273/273 410/249/249
f 410/249/249 587/273/273 411/251/251
f 67/269/269 68/274/274 475/271/271
f 475/271/271 68/274/274 474/275/275
f 475/271/271 474/275/275 587/273/273
f 587/273/273 474/275/275 586/276/276
f 587/273/273 586/276/276 411/251/251
f 411/251/251 586/276/276 412/253/253
f 474/275/275 68/274/274 473/277/277
f 473/277/277 68/274/274 69/278/278
f 473/277/277 69/278/278 472/279/279
f 472/279/279 69/278/278 471/280/280
f 472/279/279 471/280/280 584/281/281
f 584/281/281 471/280/280 583/282/282
f 584/281/281 583/282/282 414/257/257
f 414/257/257 583/282/282 415/259/259
f 69/278/278 70/283/283 471/280/280
f 471/280/280 70/283/283 470/284/284
f 471/280/280 470/284/284 583/282/282
f 583/282/282 470/284/284 582/285/285
f 583/282/282 582/285/285 415/259/259
f 415/259/259 582/285/285 416/261/261
f 71/286/286 468/287/287 70/283/283
f 70/283/283 468/287/287 469/288/288
f 70/283/283 469/288/288 470/284/284
f 470/284/284 469/288/288 582/285/285
f 72/289/289 466/290/290 71/286/286
f 71/286/286 466/290/290 467/291/291
f 71/286/286 467/291/291 468/287/287
f 468/287/287 467/291/291 580/292/292
f 468/287/287 580/292/292 581/293/293
f 581/293/293 580/292/292 417/263/263
f 581/293/293 417/263/263 416/261/261
f 73/171/171 464/173/173 72/289/289
f 72/289/289 464/173/173 465/294/294
f 72/289/289 465/294/294 466/290/290
f 466/290/290 465/294/294 578/295/295
f 466/290/290 578/295/295 579/296/296
f 579/296/296 578/295/295 419/267/267
f 579/296/296 419/267/267 418/265/265
f 78/162/162 79/297/297 457/160/160
f 457/160/160 79/297/297 456/298/298
f 457/160/160 456/298/298 569/158/158
f 569/158/158 456/298/298 568/299/299
f 569/158/158 568/299/299 429/156/156
f 429/156/156 568/299/299 430/300/300
f 429/156/156 430/300/300 434/154/154
f 434/154/154 430/300/300 433/301/301
f 434/154/154 433/301/301 480/152/152
f 480/152/152 433/301/301 479/302/302
f 480/152/152 479/302/302 590/150/150
f 590/150/150 479/302/302 589/303/303
f 590/150/150 589/303/303 383/148/148
f 383/148/148 589/303/303 384/304/304
f 383/148/148 384/304/304 388/146/146
f 388/146/146 384/304/304 387/305/305
f 388/146/146 387/305/305 503/144/144
f 503/144/144 387/305/305 502/306/306
f 503/144/144 502/306/306 338/142/142
f 338/142/142 502/306/306 339/307/307
f 338/142/142 339/307/307 342/140/140
f 342/140/140 339/307/307 341/308/308
f 342/140/140 341/308/308 565/138/138
f 565/138/138 341/308/308 566/309/309
f 565/138/138 566/309/309 525/136/136
f 525/136/136 566/309/309 524/310/310
f 525/136/136 524/310/310 293/134/134
f 293/134/134 524/310/310 294/311/311
f 293/134/134 294/311/311 297/132/132
f 297/132/132 294/311/311 296/312/312
f 297/132/132 296/312/312 247/130/130
f 247/130/130 296/312/312 248/313/313
f 247/130/130 248/313/313 252/128/128
f 252/128/128 248/313/313 251/314/314
f 252/128/128 251/314/314 203/126/126
f 203/126/126 251/314/314 204/315/315
f 203/126/126 204/315/315 205/124/124
f 205/124/124 204/315/315 44/316/316
f 205/124/124 44/316/316 43/122/122
f 79/297/297 80/317/317 456/298/298
f 456/298/298 80/317/317 455/318/318
f 456/298/298 455/318/318 568/299/299
f 568/299/299 455/318/318 82/319/319
f 568/299/299 82/319/319 430/300/300
f 430/300/300 82/319/319 431/320/320
f 430/300/300 431/320/320 433/301/301
f 433/301/301 431/320/320 432/321/321
f 433/301/301 432/321/321 479/302/302
f 479/302/302 432/321/321 478/322/322
f 479/302/302 478/322/322 589/303/303
f 589/303/303 478/322/322 84/323/323
f 589/303/303 84/323/323 384/304/304
f 384/304/304 84/323/323 385/324/324
f 384/304/304 385/324/324 387/305/305
f 387/305/305 385/324/324 386/325/325
f 387/305/305 386/325/325 502/306/306
f 502/306/306 386/325/325 501/326/326
f 502/306/306 501/326/326 339/307/307
f 339/307/307 501/326/326 87/327/327
f 339/307/307 87/327/327 341/308/308
f 341/308/308 87/327/327 340/328/328
f 341/308/308 340/328/328 566/309/309
f 566/309/309 340/328/328 567/329/329
f 566/309/309 567/329/329 524/310/310
f 524/310/310 567/329/329 523/330/330
f 524/310/310 523/330/330 294/311/311
f 294/311/311 523/330/330 89/331/331
f 294/311/311 89/331/331 296/312/312
f 296/312/312 89/331/331 295/332/332
f 296/312/312 295/332/332 248/313/313
f 248/313/313 295/332/332 249/333/333
f 248/313/313 249/333/333 251/314/314
f 251/314/314 249/333/333 250/334/334
f 251/314/314 250/334/334 204/315/315
f 204/315/315 250/334/334 44/316/316
f 80/317/317 33/335/335 455/318/318
f 455/318/318 33/335/335 82/319/319
f 33/335/335 48/336/336 82/319/319
f 82/319/319 48/336/336 431/320/320
f 47/337/337 84/323/323 48/336/336
f 48/336/336 84/323/323 478/322/322
f 48/336/336 478/322/322 432/321/321
f 46/338/338 87/327/327 47/337/337
f 47/337/337 87/327/327 501/326/326
f 47/337/337 501/326/326 386/325/325
f 45/339/339 89/331/331 46/338/338
f 46/338/338 89/331/331 523/330/330
f 46/338/338 523/330/330 567/329/329
f 44/316/316 250/334/334 45/339/339
f 45/339/339 250/334/334 249/333/333
f 45/339/339 249/333/333 295/332/332
f 138/119/119 42/121/121 115/340/340
f 115/340/340 42/121/121 32/341/341
f 115/340/340 32/341/341 31/342/342
f 115/340/340 31/342/342 114/343/343
f 114/343/343 31/342/342 30/344/344
f 114/343/343 30/344/344 113/345/345
f 113/345/345 30/344/344 29/346/346
f 113/345/345 29/346/346 112/347/347
f 112/347/347 29/346/346 28/348/348
f 112/347/347 28/348/348 111/349/349
f 111/349/349 28/348/348 27/350/350
f 111/349/349 27/350/350 110/351/351
f 110/351/351 27/350/350 26/352/352
f 110/351/351 26/352/352 109/353/353
f 109/353/353 26/352/352 25/354/354
f 109/353/353 25/354/354 108/355/355
f 108/355/355 25/354/354 24/356/356
f 108/355/355 24/356/356 107/357/357
f 107/357/357 24/356/356 106/358/358
f 107/357/357 106/358/358 129/101/101
f 129/101/101 106/358/358 128/99/99
f 24/356/356 23/359/359 106/358/358
f 106/358/358 23/359/359 105/360/360
f 106/358/358 105/360/360 128/99/99
f 128/99/99 105/360/360 127/97/97
f 105/360/360 23/359/359 104/361/361
f 104/361/361 23/359/359 22/362/362
f 104/361/361 22/362/362 103/363/363
f 103/363/363 22/362/362 102/364/364
f 103/363/363 102/364/364 125/93/93
f 125/93/93 102/364/364 124/91/91
f 22/362/362 21/365/365 102/364/364
f 102/364/364 21/365/365 101/366/366
f 102/364/364 101/366/366 124/91/91
f 124/91/91 101/366/366 123/89/89
f 20/367/367 99/368/368 21/365/365
f 21/365/365 99/368/368 100/369/369
f 21/365/365 100/369/369 101/366/366
f 101/366/366 100/369/369 123/89/89
f 19/370/370 97/371/371 20/367/367
f 20/367/367 97/371/371 98/372/372
f 20/367/367 98/372/372 99/368/368
f 99/368/368 98/372/372 121/85/85
f 99/368/368 121/85/85 122/87/87
f 18/71/71 95/373/373 19/370/370
f 19/370/370 95/373/373 96/374/374
f 19/370/370 96/374/374 97/371/371
f 97/371/371 96/374/374 119/81/81
f 97/371/371 119/81/81 120/83/83
f 432/321/321 431/320/320 48/336/336
f 51/228/228 454/248/248 83/229/229
f 83/229/229 454/248/248 453/250/250
f 83/229/229 453/250/250 499/375/375
f 499/375/375 453/250/250 452/252/252
f 499/375/375 452/252/252 498/376/376
f 498/376/376 452/252/252 451/254/254
f 498/376/376 451/254/254 497/377/377
f 497/377/377 451/254/254 450/256/256
f 497/377/377 450/256/256 496/378/378
f 496/378/378 450/256/256 449/258/258
f 496/378/378 449/258/258 495/379/379
f 495/379/379 449/258/258 448/260/260
f 495/379/379 448/260/260 494/380/380
f 494/380/380 448/260/260 447/262/262
f 494/380/380 447/262/262 493/381/381
f 493/381/381 447/262/262 446/264/264
f 493/381/381 446/264/264 492/382/382
f 492/382/382 446/264/264 445/266/266
f 492/382/382 445/266/266 491/181/181
f 491/181/181 445/266/266 444/179/179
f 386/325/325 385/324/324 47/337/337
f 47/337/337 385/324/324 84/323/323
f 85/220/220 52/219/219 408/383/383
f 408/383/383 52/219/219 363/231/231
f 408/383/383 363/231/231 364/233/233
f 53/216/216 362/222/222 86/217/217
f 86/217/217 362/222/222 361/224/224
f 86/217/217 361/224/224 546/384/384
f 546/384/384 361/224/224 360/226/226
f 546/384/384 360/226/226 547/195/195
f 547/195/195 360/226/226 359/193/193
f 567/329/329 340/328/328 46/338/338
f 46/338/338 340/328/328 87/327/327
f 89/331/331 45/339/339 295/332/332
f 95/373/373 18/71/71 94/385/385
f 94/385/385 18/71/71 93/73/73
f 94/385/385 93/73/73 116/75/75
f 116/75/75 117/77/77 94/385/385
f 94/385/385 117/77/77 95/373/373
f 117/77/77 118/79/79 95/373/373
f 95/373/373 118/79/79 96/374/374
f 118/79/79 119/81/81 96/374/374
f 121/85/85 98/372/372 120/83/83
f 120/83/83 98/372/372 97/371/371
f 123/89/89 100/369/369 122/87/87
f 122/87/87 100/369/369 99/368/368
f 127/97/97 105/360/360 104/361/361
f 125/93/93 126/95/95 103/363/363
f 103/363/363 126/95/95 104/361/361
f 126/95/95 127/97/97 104/361/361
f 129/101/101 130/103/103 107/357/357
f 107/357/357 130/103/103 108/355/355
f 130/103/103 131/105/105 108/355/355
f 108/355/355 131/105/105 109/353/353
f 131/105/105 132/107/107 109/353/353
f 109/353/353 132/107/107 110/351/351
f 132/107/107 133/109/109 110/351/351
f 110/351/351 133/109/109 111/349/349
f 133/109/109 134/111/111 111/349/349
f 111/349/349 134/111/111 112/347/347
f 134/111/111 135/113/113 112/347/347
f 112/347/347 135/113/113 113/345/345
f 135/113/113 136/115/115 113/345/345
f 113/345/345 136/115/115 114/343/343
f 136/115/115 137/117/117 114/343/343
f 114/343/343 137/117/117 115/340/340
f 137/117/117 138/119/119 115/340/340
f 178/86/86 179/84/84 142/386/386
f 142/386/386 179/84/84 141/210/210
f 142/386/386 141/210/210 224/387/387
f 224/387/387 141/210/210 225/208/208
f 224/387/387 225/208/208 184/388/388
f 184/388/388 225/208/208 183/206/206
f 184/388/388 183/206/206 271/389/389
f 271/389/389 183/206/206 272/204/204
f 271/389/389 272/204/204 228/390/390
f 228/390/390 272/204/204 88/202/202
f 228/390/390 88/202/202 316/391/391
f 316/391/391 88/202/202 317/200/200
f 316/391/391 317/200/200 274/198/198
f 177/88/88 178/86/86 143/392/392
f 143/392/392 178/86/86 142/386/386
f 143/392/392 142/386/386 223/393/393
f 223/393/393 142/386/386 224/387/387
f 223/393/393 224/387/387 185/394/394
f 185/394/394 224/387/387 184/388/388
f 185/394/394 184/388/388 270/395/395
f 270/395/395 184/388/388 271/389/389
f 270/395/395 271/389/389 229/396/396
f 229/396/396 271/389/389 228/390/390
f 229/396/396 228/390/390 315/397/397
f 315/397/397 228/390/390 316/391/391
f 315/397/397 316/391/391 275/398/398
f 275/398/398 316/391/391 274/198/198
f 275/398/398 274/198/198 543/196/196
f 176/90/90 177/88/88 144/399/399
f 144/399/399 177/88/88 143/392/392
f 144/399/399 143/392/392 222/400/400
f 222/400/400 143/392/392 223/393/393
f 222/400/400 223/393/393 186/401/401
f 186/401/401 223/393/393 185/394/394
f 186/401/401 185/394/394 269/402/402
f 269/402/402 185/394/394 270/395/395
f 269/402/402 270/395/395 230/403/403
f 230/403/403 270/395/395 229/396/396
f 230/403/403 229/396/396 314/404/404
f 314/404/404 229/396/396 315/397/397
f 314/404/404 315/397/397 276/405/405
f 276/405/405 315/397/397 275/398/398
f 276/405/405 275/398/398 542/406/406
f 542/406/406 275/398/398 543/196/196
f 542/406/406 543/196/196 548/194/194
f 175/92/92 176/90/90 145/407/407
f 145/407/407 176/90/90 144/399/399
f 145/407/407 144/399/399 221/408/408
f 221/408/408 144/399/399 222/400/400
f 221/408/408 222/400/400 187/409/409
f 187/409/409 222/400/400 186/401/401
f 187/409/409 186/401/401 268/410/410
f 268/410/410 186/401/401 269/402/402
f 268/410/410 269/402/402 231/411/411
f 231/411/411 269/402/402 230/403/403
f 231/411/411 230/403/403 313/412/412
f 313/412/412 230/403/403 314/404/404
f 313/412/412 314/404/404 277/413/413
f 277/413/413 314/404/404 276/405/405
f 277/413/413 276/405/405 541/414/414
f 541/414/414 276/405/405 542/406/406
f 541/414/414 542/406/406 549/415/415
f 549/415/415 542/406/406 548/194/194
f 549/415/415 548/194/194 358/192/192
f 174/94/94 175/92/92 146/416/416
f 146/416/416 175/92/92 145/407/407
f 146/416/416 145/407/407 220/417/417
f 220/417/417 145/407/407 221/408/408
f 220/417/417 221/408/408 188/418/418
f 188/418/418 221/408/408 187/409/409
f 188/418/418 187/409/409 267/419/419
f 267/419/419 187/409/409 268/410/410
f 267/419/419 268/410/410 232/420/420
f 232/420/420 268/410/410 231/411/411
f 232/420/420 231/411/411 312/421/421
f 312/421/421 231/411/411 313/412/412
f 312/421/421 313/412/412 278/422/422
f 278/422/422 313/412/412 277/413/413
f 278/422/422 277/413/413 540/423/423
f 540/423/423 277/413/413 541/414/414
f 540/423/423 541/414/414 550/424/424
f 550/424/424 541/414/414 549/415/415
f 550/424/424 549/415/415 357/425/425
f 357/425/425 549/415/415 358/192/192
f 357/425/425 358/192/192 323/190/190
f 173/96/96 174/94/94 147/426/426
f 147/426/426 174/94/94 146/416/416
f 147/426/426 146/416/416 219/427/427
f 219/427/427 146/416/416 220/417/417
f 219/427/427 220/417/417 189/428/428
f 189/428/428 220/417/417 188/418/418
f 189/428/428 188/418/418 266/429/429
f 266/429/429 188/418/418 267/419/419
f 266/429/429 267/419/419 233/430/430
f 233/430/430 267/419/419 232/420/420
f 233/430/430 232/420/420 311/431/431
f 311/431/431 232/420/420 312/421/421
f 311/431/431 312/421/421 279/432/432
f 279/432/432 312/421/421 278/422/422
f 279/432/432 278/422/422 539/433/433
f 539/433/433 278/422/422 540/423/423
f 539/433/433 540/423/423 551/434/434
f 551/434/434 540/423/423 550/424/424
f 551/434/434 550/424/424 356/435/435
f 356/435/435 550/424/424 357/425/425
f 356/435/435 357/425/425 324/436/436
f 324/436/436 357/425/425 323/190/190
f 324/436/436 323/190/190 517/188/188
f 172/98/98 173/96/96 148/437/437
f 148/437/437 173/96/96 147/426/426
f 148/437/437 147/426/426 218/438/438
f 218/438/438 147/426/426 219/427/427
f 218/438/438 219/427/427 190/439/439
f 190/439/439 219/427/427 189/428/428
f 190/439/439 189/428/428 265/440/440
f 265/440/440 189/428/428 266/429/429
f 265/440/440 266/429/429 234/441/441
f 234/441/441 266/429/429 233/430/430
f 234/441/441 233/430/430 310/442/442
f 310/442/442 233/430/430 311/431/431
f 310/442/442 311/431/431 280/443/443
f 280/443/443 311/431/431 279/432/432
f 280/443/443 279/432/432 538/444/444
f 538/444/444 279/432/432 539/433/433
f 538/444/444 539/433/433 552/445/445
f 552/445/445 539/433/433 551/434/434
f 552/445/445 551/434/434 355/446/446
f 355/446/446 551/434/434 356/435/435
f 355/446/446 356/435/435 325/447/447
f 325/447/447 356/435/435 324/436/436
f 325/447/447 324/436/436 516/448/448
f 516/448/448 324/436/436 517/188/188
f 516/448/448 517/188/188 401/186/186
f 171/100/100 172/98/98 149/449/449
f 149/449/449 172/98/98 148/437/437
f 149/449/449 148/437/437 217/450/450
f 217/450/450 148/437/437 218/438/438
f 217/450/450 218/438/438 191/451/451
f 191/451/451 218/438/438 190/439/439
f 191/451/451 190/439/439 264/452/452
f 264/452/452 190/439/439 265/440/440
f 264/452/452 265/440/440 235/453/453
f 235/453/453 265/440/440 234/441/441
f 235/453/453 234/441/441 309/454/454
f 309/454/454 234/441/441 310/442/442
f 309/454/454 310/442/442 281/455/455
f 281/455/455 310/442/442 280/443/443
f 281/455/455 280/443/443 537/456/456
f 537/456/456 280/443/443 538/444/444
f 537/456/456 538/444/444 553/457/457
f 553/457/457 538/444/444 552/445/445
f 553/457/457 552/445/445 354/458/458
f 354/458/458 552/445/445 355/446/446
f 354/458/458 355/446/446 326/459/459
f 326/459/459 355/446/446 325/447/447
f 326/459/459 325/447/447 515/460/460
f 515/460/460 325/447/447 516/448/448
f 515/460/460 516/448/448 400/461/461
f 400/461/461 516/448/448 401/186/186
f 400/461/461 401/186/186 371/184/184
f 170/102/102 171/100/100 150/462/462
f 150/462/462 171/100/100 149/449/449
f 150/462/462 149/449/449 216/463/463
f 216/463/463 149/449/449 217/450/450
f 216/463/463 217/450/450 192/464/464
f 192/464/464 217/450/450 191/451/451
f 192/464/464 191/451/451 263/465/465
f 263/465/465 191/451/451 264/452/452
f 263/465/465 264/452/452 236/466/466
f 236/466/466 264/452/452 235/453/453
f 236/466/466 235/453/453 308/467/467
f 308/467/467 235/453/453 309/454/454
f 308/467/467 309/454/454 282/468/468
f 282/468/468 309/454/454 281/455/455
f 282/468/468 281/455/455 536/469/469
f 536/469/469 281/455/455 537/456/456
f 536/469/469 537/456/456 554/470/470
f 554/470/470 537/456/456 553/457/457
f 554/470/470 553/457/457 353/471/471
f 353/471/471 553/457/457 354/458/458
f 353/471/471 354/458/458 327/472/472
f 327/472/472 354/458/458 326/459/459
f 327/472/472 326/459/459 514/473/473
f 514/473/473 326/459/459 515/460/460
f 514/473/473 515/460/460 399/474/474
f 399/474/474 515/460/460 400/461/461
f 399/474/474 400/461/461 372/475/475
f 372/475/475 400/461/461 371/184/184
f 372/475/475 371/184/184 601/182/182
f 169/104/104 170/102/102 151/476/476
f 151/476/476 170/102/102 150/462/462
f 151/476/476 150/462/462 215/477/477
f 215/477/477 150/462/462 216/463/463
f 215/477/477 216/463/463 193/478/478
f 193/478/478 216/463/463 192/464/464
f 193/478/478 192/464/464 262/479/479
f 262/479/479 192/464/464 263/465/465
f 262/479/479 263/465/465 237/480/480
f 237/480/480 263/465/465 236/466/466
f 237/480/480 236/466/466 307/481/481
f 307/481/481 236/466/466 308/467/467
f 307/481/481 308/467/467 283/482/482
f 283/482/482 308/467/467 282/468/468
f 283/482/482 282/468/468 535/483/483
f 535/483/483 282/468/468 536/469/469
f 535/483/483 536/469/469 555/484/484
f 555/484/484 536/469/469 554/470/470
f 555/484/484 554/470/470 352/485/485
f 352/485/485 554/470/470 353/471/471
f 352/485/485 353/471/471 328/486/486
f 328/486/486 353/471/471 327/472/472
f 328/486/486 327/472/472 513/487/487
f 513/487/487 327/472/472 514/473/473
f 513/487/487 514/473/473 398/488/488
f 398/488/488 514/473/473 399/474/474
f 398/488/488 399/474/474 373/489/489
f 373/489/489 399/474/474 372/475/475
f 373/489/489 372/475/475 600/490/490
f 600/490/490 372/475/475 601/182/182
f 600/490/490 601/182/182 490/180/180
f 168/106/106 169/104/104 152/491/491
f 152/491/491 169/104/104 151/476/476
f 152/491/491 151/476/476 214/492/492
f 214/492/492 151/476/476 215/477/477
f 214/492/492 215/477/477 194/493/493
f 194/493/493 215/477/477 193/478/478
f 194/493/493 193/478/478 261/494/494
f 261/494/494 193/478/478 262/479/479
f 261/494/494 262/479/479 238/495/495
f 238/495/495 262/479/479 237/480/480
f 238/495/495 237/480/480 306/496/496
f 306/496/496 237/480/480 307/481/481
f 306/496/496 307/481/481 284/497/497
f 284/497/497 307/481/481 283/482/482
f 284/497/497 283/482/482 534/498/498
f 534/498/498 283/482/482 535/483/483
f 534/498/498 535/483/483 556/499/499
f 556/499/499 535/483/483 555/484/484
f 556/499/499 555/484/484 351/500/500
f 351/500/500 555/484/484 352/485/485
f 351/500/500 352/485/485 329/501/501
f 329/501/501 352/485/485 328/486/486
f 329/501/501 328/486/486 512/502/502
f 512/502/502 328/486/486 513/487/487
f 512/502/502 513/487/487 397/503/503
f 397/503/503 513/487/487 398/488/488
f 397/503/503 398/488/488 374/504/504
f 374/504/504 398/488/488 373/489/489
f 374/504/504 373/489/489 599/505/505
f 599/505/505 373/489/489 600/490/490
f 599/505/505 600/490/490 489/506/506
f 489/506/506 600/490/490 490/180/180
f 489/506/506 490/180/180 443/178/178
f 167/108/108 168/106/106 153/507/507
f 153/507/507 168/106/106 152/491/491
f 153/507/507 152/491/491 213/508/508
f 213/508/508 152/491/491 214/492/492
f 213/508/508 214/492/492 195/509/509
f 195/509/509 214/492/492 194/493/493
f 195/509/509 194/493/493 260/510/510
f 260/510/510 194/493/493 261/494/494
f 260/510/510 261/494/494 239/511/511
f 239/511/511 261/494/494 238/495/495
f 239/511/511 238/495/495 305/512/512
f 305/512/512 238/495/495 306/496/496
f 305/512/512 306/496/496 285/513/513
f 285/513/513 306/496/496 284/497/497
f 285/513/513 284/497/497 533/514/514
f 533/514/514 284/497/497 534/498/498
f 533/514/514 534/498/498 557/515/515
f 557/515/515 534/498/498 556/499/499
f 557/515/515 556/499/499 350/516/516
f 350/516/516 556/499/499 351/500/500
f 350/516/516 351/500/500 330/517/517
f 330/517/517 351/500/500 329/501/501
f 330/517/517 329/501/501 511/518/518
f 511/518/518 329/501/501 512/502/502
f 511/518/518 512/502/502 396/519/519
f 396/519/519 512/502/502 397/503/503
f 396/519/519 397/503/503 375/520/520
f 375/520/520 397/503/503 374/504/504
f 375/520/520 374/504/504 598/521/521
f 598/521/521 374/504/504 599/505/505
f 598/521/521 599/505/505 488/522/522
f 488/522/522 599/505/505 489/506/506
f 488/522/522 489/506/506 442/523/523
f 442/523/523 489/506/506 443/178/178
f 442/523/523 443/178/178 421/176/176
f 166/110/110 167/108/108 154/524/524
f 154/524/524 167/108/108 153/507/507
f 154/524/524 153/507/507 212/525/525
f 212/525/525 153/507/507 213/508/508
f 212/525/525 213/508/508 196/526/526
f 196/526/526 213/508/508 195/509/509
f 196/526/526 195/509/509 259/527/527
f 259/527/527 195/509/509 260/510/510
f 259/527/527 260/510/510 240/528/528
f 240/528/528 260/510/510 239/511/511
f 240/528/528 239/511/511 304/529/529
f 304/529/529 239/511/511 305/512/512
f 304/529/529 305/512/512 286/530/530
f 286/530/530 305/512/512 285/513/513
f 286/530/530 285/513/513 532/531/531
f 532/531/531 285/513/513 533/514/514
f 532/531/531 533/514/514 558/532/532
f 558/532/532 533/514/514 557/515/515
f 558/532/532 557/515/515 349/533/533
f 349/533/533 557/515/515 350/516/516
f 349/533/533 350/516/516 331/534/534
f 331/534/534 350/516/516 330/517/517
f 331/534/534 330/517/517 510/535/535
f 510/535/535 330/517/517 511/518/518
f 510/535/535 511/518/518 395/536/536
f 395/536/536 511/518/518 396/519/519
f 395/536/536 396/519/519 376/537/537
f 376/537/537 396/519/519 375/520/520
f 376/537/537 375/520/520 597/538/538
f 597/538/538 375/520/520 598/521/521
f 597/538/538 598/521/521 487/539/539
f 487/539/539 598/521/521 488/522/522
f 487/539/539 488/522/522 441/540/540
f 441/540/540 488/522/522 442/523/523
f 441/540/540 442/523/523 422/541/541
f 422/541/541 442/523/523 421/176/176
f 422/541/541 421/176/176 576/174/174
f 165/112/112 166/110/110 155/542/542
f 155/542/542 166/110/110 154/524/524
f 155/542/542 154/524/524 211/543/543
f 211/543/543 154/524/524 212/525/525
f 211/543/543 212/525/525 197/544/544
f 197/544/544 212/525/525 196/526/526
f 197/544/544 196/526/526 258/545/545
f 258/545/545 196/526/526 259/527/527
f 258/545/545 259/527/527 241/546/546
f 241/546/546 259/527/527 240/528/528
f 241/546/546 240/528/528 303/547/547
f 303/547/547 240/528/528 304/529/529
f 303/547/547 304/529/529 287/548/548
f 287/548/548 304/529/529 286/530/530
f 287/548/548 286/530/530 531/549/549
f 531/549/549 286/530/530 532/531/531
f 531/549/549 532/531/531 559/550/550
f 559/550/550 532/531/531 558/532/532
f 559/550/550 558/532/532 348/551/551
f 348/551/551 558/532/532 349/533/533
f 348/551/551 349/533/533 332/552/552
f 332/552/552 349/533/533 331/534/534
f 332/552/552 331/534/534 509/553/553
f 509/553/553 331/534/534 510/535/535
f 509/553/553 510/535/535 394/554/554
f 394/554/554 510/535/535 395/536/536
f 394/554/554 395/536/536 377/555/555
f 377/555/555 395/536/536 376/537/537
f 377/555/555 376/537/537 596/556/556
f 596/556/556 376/537/537 597/538/538
f 596/556/556 597/538/538 486/557/557
f 486/557/557 597/538/538 487/539/539
f 486/557/557 487/539/539 440/558/558
f 440/558/558 487/539/539 441/540/540
f 440/558/558 441/540/540 423/559/559
f 423/559/559 441/540/540 422/541/541
f 423/559/559 422/541/541 575/560/560
f 575/560/560 422/541/541 576/174/174
f 575/560/560 576/174/174 463/172/172
f 164/114/114 165/112/112 156/561/561
f 156/561/561 165/112/112 155/542/542
f 156/561/561 155/542/542 210/562/562
f 210/562/562 155/542/542 211/543/543
f 210/562/562 211/543/543 198/563/563
f 198/563/563 211/543/543 197/544/544
f 198/563/563 197/544/544 257/564/564
f 257/564/564 197/544/544 258/545/545
f 257/564/564 258/545/545 242/565/565
f 242/565/565 258/545/545 241/546/546
f 242/565/565 241/546/546 302/566/566
f 302/566/566 241/546/546 303/547/547
f 302/566/566 303/547/547 288/567/567
f 288/567/567 303/547/547 287/548/548
f 288/567/567 287/548/548 530/568/568
f 530/568/568 287/548/548 531/549/549
f 530/568/568 531/549/549 560/569/569
f 560/569/569 531/549/549 559/550/550
f 560/569/569 559/550/550 347/570/570
f 347/570/570 559/550/550 348/551/551
f 347/570/570 348/551/551 333/571/571
f 333/571/571 348/551/551 332/552/552
f 333/571/571 332/552/552 508/572/572
f 508/572/572 332/552/552 509/553/553
f 508/572/572 509/553/553 393/573/573
f 393/573/573 509/553/553 394/554/554
f 393/573/573 394/554/554 378/574/574
f 378/574/574 394/554/554 377/555/555
f 378/574/574 377/555/555 595/575/575
f 595/575/575 377/555/555 596/556/556
f 595/575/575 596/556/556 485/576/576
f 485/576/576 596/556/556 486/557/557
f 485/576/576 486/557/557 439/577/577
f 439/577/577 486/557/557 440/558/558
f 439/577/577 440/558/558 424/578/578
f 424/578/578 440/558/558 423/559/559
f 424/578/578 423/559/559 574/579/579
f 574/579/579 423/559/559 575/560/560
f 574/579/579 575/560/560 462/170/170
f 462/170/170 575/560/560 463/172/172
f 163/116/116 164/114/114 157/580/580
f 157/580/580 164/114/114 156/561/561
f 157/580/580 156/561/561 209/581/581
f 209/581/581 156/561/561 210/562/562
f 209/581/581 210/562/562 199/582/582
f 199/582/582 210/562/562 198/563/563
f 199/582/582 198/563/563 256/583/583
f 256/583/583 198/563/563 257/564/564
f 256/583/583 257/564/564 243/584/584
f 243/584/584 257/564/564 242/565/565
f 243/584/584 242/565/565 301/585/585
f 301/585/585 242/565/565 302/566/566
f 301/585/585 302/566/566 289/586/586
f 289/586/586 302/566/566 288/567/567
f 289/586/586 288/567/567 529/587/587
f 529/587/587 288/567/567 530/568/568
f 529/587/587 530/568/568 561/588/588
f 561/588/588 530/568/568 560/569/569
f 561/588/588 560/569/569 346/589/589
f 346/589/589 560/569/569 347/570/570
f 346/589/589 347/570/570 334/590/590
f 334/590/590 347/570/570 333/571/571
f 334/590/590 333/571/571 507/591/591
f 507/591/591 333/571/571 508/572/572
f 507/591/591 508/572/572 392/592/592
f 392/592/592 508/572/572 393/573/573
f 392/592/592 393/573/573 379/593/593
f 379/593/593 393/573/573 378/574/574
f 379/593/593 378/574/574 594/594/594
f 594/594/594 378/574/574 595/575/575
f 594/594/594 595/575/575 484/595/595
f 484/595/595 595/575/575 485/576/576
f 484/595/595 485/576/576 438/596/596
f 438/596/596 485/576/576 439/577/577
f 438/596/596 439/577/577 425/597/597
f 425/597/597 439/577/577 424/578/578
f 425/597/597 424/578/578 573/598/598
f 573/598/598 424/578/578 574/579/579
f 573/598/598 574/579/579 461/168/168
f 461/168/168 574/579/579 462/170/170
f 162/118/118 163/116/116 158/599/599
f 158/599/599 163/116/116 157/580/580
f 158/599/599 157/580/580 208/600/600
f 208/600/600 157/580/580 209/581/581
f 208/600/600 209/581/581 200/601/601
f 200/601/601 209/581/581 199/582/582
f 200/601/601 199/582/582 255/602/602
f 255/602/602 199/582/582 256/583/583
f 255/602/602 256/583/583 244/603/603
f 244/603/603 256/583/583 243/584/584
f 244/603/603 243/584/584 300/604/604
f 300/604/604 243/584/584 301/585/585
f 300/604/604 301/585/585 290/605/605
f 290/605/605 301/585/585 289/586/586
f 290/605/605 289/586/586 528/606/606
f 528/606/606 289/586/586 529/587/587
f 528/606/606 529/587/587 562/607/607
f 562/607/607 529/587/587 561/588/588
f 562/607/607 561/588/588 345/608/608
f 345/608/608 561/588/588 346/589/589
f 345/608/608 346/589/589 335/609/609
f 335/609/609 346/589/589 334/590/590
f 335/609/609 334/590/590 506/610/610
f 506/610/610 334/590/590 507/591/591
f 506/610/610 507/591/591 391/611/611
f 391/611/611 507/591/591 392/592/592
f 391/611/611 392/592/592 380/612/612
f 380/612/612 392/592/592 379/593/593
f 380/612/612 379/593/593 593/613/613
f 593/613/613 379/593/593 594/594/594
f 593/613/613 594/594/594 483/614/614
f 483/614/614 594/594/594 484/595/595
f 483/614/614 484/595/595 437/615/615
f 437/615/615 484/595/595 438/596/596
f 437/615/615 438/596/596 426/616/616
f 426/616/616 438/596/596 425/597/597
f 426/616/616 425/597/597 572/617/617
f 572/617/617 425/597/597 573/598/598
f 572/617/617 573/598/598 460/166/166
f 460/166/166 573/598/598 461/168/168
f 161/120/120 162/118/118 159/618/618
f 159/618/618 162/118/118 158/599/599
f 159/618/618 158/599/599 207/619/619
f 207/619/619 158/599/599 208/600/600
f 207/619/619 208/600/600 201/620/620
f 201/620/620 208/600/600 200/601/601
f 201/620/620 200/601/601 254/621/621
f 254/621/621 200/601/601 255/602/602
f 254/621/621 255/602/602 245/622/622
f 245/622/622 255/602/602 244/603/603
f 245/622/622 244/603/603 299/623/623
f 299/623/623 244/603/603 300/604/604
f 299/623/623 300/604/604 291/624/624
f 291/624/624 300/604/604 290/605/605
f 291/624/624 290/605/605 527/625/625
f 527/625/625 290/605/605 528/606/606
f 527/625/625 528/606/606 563/626/626
f 563/626/626 528/606/606 562/607/607
f 563/626/626 562/607/607 344/627/627
f 344/627/627 562/607/607 345/608/608
f 344/627/627 345/608/608 336/628/628
f 336/628/628 345/608/608 335/609/609
f 336/628/628 335/609/609 505/629/629
f 505/629/629 335/609/609 506/610/610
f 505/629/629 506/610/610 390/630/630
f 390/630/630 506/610/610 391/611/611
f 390/630/630 391/611/611 381/631/631
f 381/631/631 391/611/611 380/612/612
f 381/631/631 380/612/612 592/632/632
f 592/632/632 380/612/612 593/613/613
f 592/632/632 593/613/613 482/633/633
f 482/633/633 593/613/613 483/614/614
f 482/633/633 483/614/614 436/634/634
f 436/634/634 483/614/614 437/615/615
f 436/634/634 437/615/615 427/635/635
f 427/635/635 437/615/615 426/616/616
f 427/635/635 426/616/616 571/636/636
f 571/636/636 426/616/616 572/617/617
f 571/636/636 572/617/617 459/164/164
f 459/164/164 572/617/617 460/166/166
f 206/125/125 160/123/123 159/618/618
f 159/618/618 160/123/123 161/120/120
f 206/125/125 159/618/618 207/619/619
f 227/215/215 90/205/205 226/207/207
f 206/125/125 207/619/619 202/127/127
f 202/127/127 207/619/619 201/620/620
f 202/127/127 201/620/620 253/129/129
f 253/129/129 201/620/620 254/621/621
f 253/129/129 254/621/621 246/131/131
f 246/131/131 254/621/621 245/622/622
f 246/131/131 245/622/622 298/133/133
f 298/133/133 245/622/622 299/623/623
f 298/133/133 299/623/623 292/135/135
f 292/135/135 299/623/623 291/624/624
f 292/135/135 291/624/624 526/137/137
f 526/137/137 291/624/624 527/625/625
f 526/137/137 527/625/625 564/139/139
f 564/139/139 527/625/625 563/626/626
f 564/139/139 563/626/626 343/141/141
f 343/141/141 563/626/626 344/627/627
f 343/141/141 344/627/627 337/143/143
f 337/143/143 344/627/627 336/628/628
f 337/143/143 336/628/628 504/145/145
f 504/145/145 336/628/628 505/629/629
f 504/145/145 505/629/629 389/147/147
f 389/147/147 505/629/629 390/630/630
f 389/147/147 390/630/630 382/149/149
f 382/149/149 390/630/630 381/631/631
f 382/149/149 381/631/631 591/151/151
f 591/151/151 381/631/631 592/632/632
f 591/151/151 592/632/632 481/153/153
f 481/153/153 592/632/632 482/633/633
f 481/153/153 482/633/633 435/155/155
f 435/155/155 482/633/633 436/634/634
f 435/155/155 436/634/634 428/157/157
f 428/157/157 436/634/634 427/635/635
f 428/157/157 427/635/635 570/159/159
f 570/159/159 427/635/635 571/636/636
f 570/159/159 571/636/636 458/161/161
f 458/161/161 571/636/636 459/164/164
f 319/223/223 318/221/221 522/637/637
f 522/637/637 318/221/221 85/220/220
f 522/637/637 85/220/220 407/638/638
f 407/638/638 85/220/220 408/383/383
f 407/638/638 408/383/383 364/233/233
f 320/225/225 319/223/223 521/639/639
f 521/639/639 319/223/223 522/637/637
f 521/639/639 522/637/637 406/640/640
f 406/640/640 522/637/637 407/638/638
f 406/640/640 407/638/638 365/235/235
f 365/235/235 407/638/638 364/233/233
f 321/227/227 320/225/225 520/641/641
f 520/641/641 320/225/225 521/639/639
f 520/641/641 521/639/639 405/642/642
f 405/642/642 521/639/639 406/640/640
f 405/642/642 406/640/640 366/237/237
f 366/237/237 406/640/640 365/235/235
f 322/191/191 321/227/227 519/643/643
f 519/643/643 321/227/227 520/641/641
f 519/643/643 520/641/641 404/644/644
f 404/644/644 520/641/641 405/642/642
f 404/644/644 405/642/642 367/239/239
f 367/239/239 405/642/642 366/237/237
f 367/239/239 368/241/241 404/644/644
f 404/644/644 368/241/241 403/645/645
f 404/644/644 403/645/645 519/643/643
f 519/643/643 403/645/645 518/189/189
f 519/643/643 518/189/189 322/191/191
f 368/241/241 369/243/243 403/645/645
f 403/645/645 369/243/243 402/187/187
f 403/645/645 402/187/187 518/189/189
f 369/243/243 370/185/185 402/187/187
f 588/272/272 410/249/249 409/247/247
f 584/281/281 414/257/257 413/255/255
f 413/255/255 412/253/253 585/646/646
f 585/646/646 412/253/253 586/276/276
f 585/646/646 586/276/276 473/277/277
f 473/277/277 586/276/276 474/275/275
f 581/293/293 416/261/261 582/285/285
f 579/296/296 418/265/265 580/292/292
f 580/292/292 418/265/265 417/263/263
f 577/175/175 420/177/177 578/295/295
f 578/295/295 420/177/177 419/267/267
f 578/295/295 465/294/294 577/175/175
f 577/175/175 465/294/294 464/173/173
f 580/292/292 467/291/291 579/296/296
f 579/296/296 467/291/291 466/290/290
f 582/285/285 469/288/288 581/293/293
f 581/293/293 469/288/288 468/287/287
f 585/646/646 473/277/277 472/279/279
f 585/646/646 472/279/279 584/281/281
f 81/246/246 477/268/268 476/270/270
f 81/246/246 476/270/270 588/272/272
f 491/181/181 602/183/183 492/382/382
f 492/382/382 602/183/183 603/244/244
f 492/382/382 603/244/244 493/381/381
f 493/381/381 603/244/244 604/242/242
f 493/381/381 604/242/242 494/380/380
f 494/380/380 604/242/242 605/240/240
f 494/380/380 605/240/240 495/379/379
f 495/379/379 605/240/240 606/238/238
f 495/379/379 606/238/238 496/378/378
f 496/378/378 606/238/238 607/236/236
f 496/378/378 607/236/236 497/377/377
f 497/377/377 607/236/236 608/234/234
f 497/377/377 608/234/234 498/376/376
f 498/376/376 608/234/234 609/232/232
f 498/376/376 609/232/232 499/375/375
f 499/375/375 609/232/232 500/230/230
f 499/375/375 500/230/230 83/229/229
f 546/384/384 547/195/195 544/197/197
f 86/217/217 546/384/384 545/218/218
f 545/218/218 546/384/384 544/197/197
f 413/255/255 585/646/646 584/281/281
f 409/247/247 81/246/246 588/272/272
f 610/647/647 658/648/648 34/649/649
f 34/649/649 658/648/648 624/650/650
f 34/649/649 624/650/650 35/651/651
f 35/651/651 624/650/650 682/652/652
f 35/651/651 682/652/652 681/653/653
f 681/653/653 682/652/652 680/654/654
f 681/653/653 680/654/654 1086/655/655
f 1086/655/655 680/654/654 1085/656/656
f 1086/655/655 1085/656/656 1108/657/657
f 1108/657/657 1085/656/656 1107/658/658
f 1108/657/657 1107/658/658 729/659/659
f 729/659/659 1107/658/658 730/660/660
f 729/659/659 730/660/660 725/661/661
f 725/661/661 730/660/660 724/662/662
f 725/661/661 724/662/662 1127/663/663
f 1127/663/663 724/662/662 1126/664/664
f 1127/663/663 1126/664/664 776/665/665
f 776/665/665 1126/664/664 777/666/666
f 776/665/665 777/666/666 770/667/667
f 770/667/667 777/666/666 769/668/668
f 770/667/667 769/668/668 1039/669/669
f 1039/669/669 769/668/668 1038/670/670
f 1039/669/669 1038/670/670 1147/671/671
f 1147/671/671 1038/670/670 1146/672/672
f 1147/671/671 1146/672/672 823/673/673
f 823/673/673 1146/672/672 824/674/674
f 823/673/673 824/674/674 813/675/675
f 813/675/675 824/674/674 812/676/676
f 813/675/675 812/676/676 869/677/677
f 869/677/677 812/676/676 870/678/678
f 869/677/677 870/678/678 858/679/679
f 858/679/679 870/678/678 857/680/680
f 858/679/679 857/680/680 914/681/681
f 914/681/681 857/680/680 915/682/682
f 914/681/681 915/682/682 903/683/683
f 903/683/683 915/682/682 902/684/684
f 903/683/683 902/684/684 958/685/685
f 958/685/685 902/684/684 959/686/686
f 958/685/685 959/686/686 947/687/687
f 947/687/687 959/686/686 946/688/688
f 947/687/687 946/688/688 1003/689/689
f 1003/689/689 946/688/688 1004/690/690
f 1003/689/689 1004/690/690 992/691/691
f 992/691/691 1004/690/690 991/692/692
f 992/691/691 991/692/692 7/693/693
f 7/693/693 991/692/692 8/694/694
f 8/694/694 991/692/692 990/695/695
f 8/694/694 990/695/695 9/696/696
f 9/696/696 990/695/695 989/697/697
f 9/696/696 989/697/697 988/698/698
f 988/698/698 989/697/697 1007/699/699
f 988/698/698 1007/699/699 1008/700/700
f 1008/700/700 1007/699/699 942/701/701
f 1008/700/700 942/701/701 941/702/702
f 941/702/702 942/701/701 964/703/703
f 941/702/702 964/703/703 965/704/704
f 965/704/704 964/703/703 896/705/705
f 965/704/704 896/705/705 895/706/706
f 895/706/706 896/705/705 922/707/707
f 895/706/706 922/707/707 923/708/708
f 923/708/708 922/707/707 849/709/709
f 923/708/708 849/709/709 848/710/710
f 848/710/710 849/709/709 879/711/711
f 848/710/710 879/711/711 880/712/712
f 880/712/712 879/711/711 802/713/713
f 880/712/712 802/713/713 801/714/714
f 801/714/714 802/713/713 835/715/715
f 801/714/714 835/715/715 836/716/716
f 836/716/716 835/715/715 1134/717/717
f 836/716/716 1134/717/717 1133/718/718
f 1133/718/718 1134/717/717 1025/719/719
f 1133/718/718 1025/719/719 1024/720/720
f 1024/720/720 1025/719/719 755/721/721
f 1024/720/720 755/721/721 754/722/722
f 754/722/722 755/721/721 792/723/723
f 754/722/722 792/723/723 793/724/724
f 793/724/724 792/723/723 1110/725/725
f 793/724/724 1110/725/725 1109/726/726
f 1109/726/726 1110/725/725 707/727/727
f 1109/726/726 707/727/727 706/728/728
f 706/728/728 707/727/727 748/729/729
f 706/728/728 748/729/729 749/730/730
f 749/730/730 748/729/729 1088/731/731
f 749/730/730 1088/731/731 627/732/732
f 627/732/732 1088/731/731 1065/733/733
f 627/732/732 1065/733/733 65/734/734
f 65/734/734 1065/733/733 66/735/735
f 66/735/735 1065/733/733 659/736/736
f 66/735/735 659/736/736 704/737/737
f 704/737/737 659/736/736 703/738/738
f 704/737/737 703/738/738 625/739/739
f 625/739/739 703/738/738 1044/740/740
f 625/739/739 1044/740/740 636/741/741
f 636/741/741 1044/740/740 637/742/742
f 636/741/741 637/742/742 623/743/743
f 623/743/743 637/742/742 638/744/744
f 623/743/743 638/744/744 622/745/745
f 622/745/745 638/744/744 639/746/746
f 622/745/745 639/746/746 640/747/747
f 640/747/747 639/746/746 1047/748/748
f 640/747/747 1047/748/748 1048/749/749
f 1048/749/749 1047/748/748 699/750/750
f 1048/749/749 699/750/750 698/751/751
f 698/751/751 699/750/750 664/752/752
f 698/751/751 664/752/752 665/753/753
f 665/753/753 664/752/752 1070/754/754
f 665/753/753 1070/754/754 1071/755/755
f 1071/755/755 1070/754/754 1093/756/756
f 1071/755/755 1093/756/756 1094/757/757
f 1094/757/757 1093/756/756 743/758/758
f 1094/757/757 743/758/758 742/759/759
f 742/759/759 743/758/758 712/760/760
f 742/759/759 712/760/760 713/761/761
f 713/761/761 712/760/760 1115/762/762
f 713/761/761 1115/762/762 1116/763/763
f 1116/763/763 1115/762/762 787/764/764
f 1116/763/763 787/764/764 786/765/765
f 786/765/765 787/764/764 760/766/766
f 786/765/765 760/766/766 761/767/767
f 761/767/767 760/766/766 1030/768/768
f 761/767/767 1030/768/768 1031/769/769
f 1031/769/769 1030/768/768 1139/770/770
f 1031/769/769 1139/770/770 1140/771/771
f 1140/771/771 1139/770/770 830/772/772
f 1140/771/771 830/772/772 829/773/773
f 829/773/773 830/772/772 807/774/774
f 829/773/773 807/774/774 808/775/775
f 808/775/775 807/774/774 874/776/776
f 808/775/775 874/776/776 873/777/777
f 873/777/777 874/776/776 854/778/778
f 873/777/777 854/778/778 855/779/779
f 855/779/779 854/778/778 917/780/780
f 855/779/779 917/780/780 916/781/781
f 916/781/781 917/780/780 901/782/782
f 916/781/781 901/782/782 902/684/684
f 902/684/684 901/782/782 959/686/686
f 658/648/648 610/647/647 657/783/783
f 657/783/783 610/647/647 611/784/784
f 657/783/783 611/784/784 656/785/785
f 656/785/785 611/784/784 612/786/786
f 656/785/785 612/786/786 655/787/787
f 655/787/787 612/786/786 613/788/788
f 655/787/787 613/788/788 654/789/789
f 654/789/789 613/788/788 614/790/790
f 654/789/789 614/790/790 653/791/791
f 653/791/791 614/790/790 615/792/792
f 653/791/791 615/792/792 652/793/793
f 652/793/793 615/792/792 616/794/794
f 652/793/793 616/794/794 651/795/795
f 651/795/795 616/794/794 617/796/796
f 651/795/795 617/796/796 650/797/797
f 650/797/797 617/796/796 649/798/798
f 650/797/797 649/798/798 1057/799/799
f 1057/799/799 649/798/798 1056/800/800
f 1057/799/799 1056/800/800 690/801/801
f 690/801/801 1056/800/800 691/802/802
f 690/801/801 691/802/802 672/803/803
f 672/803/803 691/802/802 671/804/804
f 672/803/803 671/804/804 1077/805/805
f 1077/805/805 671/804/804 1076/806/806
f 1077/805/805 1076/806/806 1099/807/807
f 1099/807/807 1076/806/806 1098/808/808
f 1099/807/807 1098/808/808 738/809/809
f 738/809/809 1098/808/808 739/810/810
f 738/809/809 739/810/810 716/811/811
f 716/811/811 739/810/810 715/812/812
f 716/811/811 715/812/812 1118/813/813
f 1118/813/813 715/812/812 1117/814/814
f 1118/813/813 1117/814/814 785/815/815
f 785/815/815 1117/814/814 786/765/765
f 785/815/815 786/765/765 761/767/767
f 617/796/796 618/816/816 649/798/798
f 649/798/798 618/816/816 648/817/817
f 649/798/798 648/817/817 1056/800/800
f 1056/800/800 648/817/817 1055/818/818
f 1056/800/800 1055/818/818 691/802/802
f 691/802/802 1055/818/818 692/819/819
f 691/802/802 692/819/819 671/804/804
f 671/804/804 692/819/819 670/820/820
f 671/804/804 670/820/820 1076/806/806
f 1076/806/806 670/820/820 1075/821/821
f 1076/806/806 1075/821/821 1098/808/808
f 1098/808/808 1075/821/821 1097/822/822
f 1098/808/808 1097/822/822 739/810/810
f 739/810/810 1097/822/822 740/823/823
f 739/810/810 740/823/823 715/812/812
f 715/812/812 740/823/823 714/824/824
f 715/812/812 714/824/824 1117/814/814
f 1117/814/814 714/824/824 1116/763/763
f 1117/814/814 1116/763/763 786/765/765
f 648/817/817 618/816/816 647/825/825
f 647/825/825 618/816/816 619/826/826
f 647/825/825 619/826/826 646/827/827
f 646/827/827 619/826/826 645/828/828
f 646/827/827 645/828/828 1053/829/829
f 1053/829/829 645/828/828 1052/830/830
f 1053/829/829 1052/830/830 694/831/831
f 694/831/831 1052/830/830 695/832/832
f 694/831/831 695/832/832 668/833/833
f 668/833/833 695/832/832 667/834/834
f 668/833/833 667/834/834 1073/835/835
f 1073/835/835 667/834/834 1072/836/836
f 1073/835/835 1072/836/836 1095/837/837
f 1095/837/837 1072/836/836 1094/757/757
f 1095/837/837 1094/757/757 742/759/759
f 619/826/826 620/838/838 645/828/828
f 645/828/828 620/838/838 644/839/839
f 645/828/828 644/839/839 1052/830/830
f 1052/830/830 644/839/839 1051/840/840
f 1052/830/830 1051/840/840 695/832/832
f 695/832/832 1051/840/840 696/841/841
f 695/832/832 696/841/841 667/834/834
f 667/834/834 696/841/841 666/842/842
f 667/834/834 666/842/842 1072/836/836
f 1072/836/836 666/842/842 1071/755/755
f 1072/836/836 1071/755/755 1094/757/757
f 621/843/843 642/844/844 620/838/838
f 620/838/838 642/844/844 643/845/845
f 620/838/838 643/845/845 644/839/839
f 644/839/839 643/845/845 1051/840/840
f 622/745/745 640/747/747 621/843/843
f 621/843/843 640/747/747 641/846/846
f 621/843/843 641/846/846 642/844/844
f 642/844/844 641/846/846 1049/847/847
f 642/844/844 1049/847/847 1050/848/848
f 1050/848/848 1049/847/847 697/849/849
f 1050/848/848 697/849/849 696/841/841
f 696/841/841 697/849/849 666/842/842
f 623/743/743 49/850/850 636/741/741
f 636/741/741 49/850/850 625/739/739
f 49/850/850 66/735/735 625/739/739
f 625/739/739 66/735/735 704/737/737
f 64/851/851 629/852/852 65/734/734
f 65/734/734 629/852/852 705/853/853
f 65/734/734 705/853/853 750/854/854
f 750/854/854 705/853/853 749/730/730
f 750/854/854 749/730/730 627/732/732
f 63/855/855 1021/856/856 64/851/851
f 64/851/851 1021/856/856 751/857/857
f 64/851/851 751/857/857 795/858/858
f 795/858/858 751/857/857 752/859/859
f 795/858/858 752/859/859 794/860/860
f 794/860/860 752/859/859 753/861/861
f 794/860/860 753/861/861 793/724/724
f 793/724/724 753/861/861 754/722/722
f 62/862/862 632/863/863 63/855/855
f 63/855/855 632/863/863 796/864/864
f 63/855/855 796/864/864 840/865/865
f 840/865/865 796/864/864 797/866/866
f 840/865/865 797/866/866 839/867/867
f 839/867/867 797/866/866 798/868/868
f 839/867/867 798/868/868 838/869/869
f 838/869/869 798/868/868 799/870/870
f 838/869/869 799/870/870 837/871/871
f 837/871/871 799/870/870 800/872/872
f 837/871/871 800/872/872 836/716/716
f 836/716/716 800/872/872 801/714/714
f 61/873/873 633/874/874 62/862/862
f 62/862/862 633/874/874 841/875/875
f 62/862/862 841/875/875 632/863/863
f 632/863/863 841/875/875 842/876/876
f 632/863/863 842/876/876 885/877/877
f 885/877/877 842/876/876 843/878/878
f 885/877/877 843/878/878 884/879/879
f 884/879/879 843/878/878 844/880/880
f 884/879/879 844/880/880 883/881/881
f 883/881/881 844/880/880 845/882/882
f 883/881/881 845/882/882 882/883/883
f 882/883/883 845/882/882 846/884/884
f 882/883/883 846/884/884 881/885/885
f 881/885/885 846/884/884 847/886/886
f 881/885/885 847/886/886 880/712/712
f 880/712/712 847/886/886 848/710/710
f 60/887/887 634/888/888 61/873/873
f 61/873/873 634/888/888 886/889/889
f 61/873/873 886/889/889 633/874/874
f 633/874/874 886/889/889 887/890/890
f 633/874/874 887/890/890 930/891/891
f 930/891/891 887/890/890 888/892/892
f 930/891/891 888/892/892 929/893/893
f 929/893/893 888/892/892 889/894/894
f 929/893/893 889/894/894 928/895/895
f 928/895/895 889/894/894 890/896/896
f 928/895/895 890/896/896 927/897/897
f 927/897/897 890/896/896 891/898/898
f 927/897/897 891/898/898 926/899/899
f 926/899/899 891/898/898 892/900/900
f 926/899/899 892/900/900 925/901/901
f 925/901/901 892/900/900 893/902/902
f 925/901/901 893/902/902 924/903/903
f 924/903/903 893/902/902 894/904/904
f 924/903/903 894/904/904 923/708/708
f 923/708/708 894/904/904 895/706/706
f 634/888/888 60/887/887 635/905/905
f 635/905/905 60/887/887 59/906/906
f 635/905/905 59/906/906 1020/907/907
f 1020/907/907 59/906/906 975/908/908
f 1020/907/907 975/908/908 976/909/909
f 976/909/909 975/908/908 15/910/910
f 976/909/909 15/910/910 977/911/911
f 977/911/911 15/910/910 14/912/912
f 977/911/911 14/912/912 978/913/913
f 978/913/913 14/912/912 979/914/914
f 978/913/913 979/914/914 1017/915/915
f 1017/915/915 979/914/914 1016/916/916
f 1017/915/915 1016/916/916 933/917/917
f 933/917/917 1016/916/916 934/918/918
f 933/917/917 934/918/918 972/919/919
f 972/919/919 934/918/918 971/920/920
f 972/919/919 971/920/920 889/894/894
f 889/894/894 971/920/920 890/896/896
f 59/906/906 16/921/921 975/908/908
f 975/908/908 16/921/921 15/910/910
f 14/912/912 13/922/922 979/914/914
f 979/914/914 13/922/922 980/923/923
f 979/914/914 980/923/923 1016/916/916
f 1016/916/916 980/923/923 1015/924/924
f 1016/916/916 1015/924/924 934/918/918
f 934/918/918 1015/924/924 935/925/925
f 934/918/918 935/925/925 971/920/920
f 971/920/920 935/925/925 970/926/926
f 971/920/920 970/926/926 890/896/896
f 890/896/896 970/926/926 891/898/898
f 980/923/923 13/922/922 981/927/927
f 981/927/927 13/922/922 12/928/928
f 981/927/927 12/928/928 982/929/929
f 982/929/929 12/928/928 983/930/930
f 982/929/929 983/930/930 1013/931/931
f 1013/931/931 983/930/930 1012/932/932
f 1013/931/931 1012/932/932 937/933/933
f 937/933/933 1012/932/932 938/934/934
f 937/933/933 938/934/934 968/935/935
f 968/935/935 938/934/934 967/936/936
f 968/935/935 967/936/936 893/902/902
f 893/902/902 967/936/936 894/904/904
f 983/930/930 12/928/928 984/937/937
f 984/937/937 12/928/928 11/938/938
f 984/937/937 11/938/938 985/939/939
f 985/939/939 11/938/938 986/940/940
f 985/939/939 986/940/940 1010/941/941
f 1010/941/941 986/940/940 1009/942/942
f 1010/941/941 1009/942/942 940/943/943
f 940/943/943 1009/942/942 941/702/702
f 940/943/943 941/702/702 965/704/704
f 11/938/938 10/944/944 986/940/940
f 986/940/940 10/944/944 987/945/945
f 986/940/940 987/945/945 1009/942/942
f 1009/942/942 987/945/945 1008/700/700
f 1009/942/942 1008/700/700 941/702/702
f 987/945/945 10/944/944 988/698/698
f 988/698/698 10/944/944 9/696/696
f 7/693/693 6/946/946 992/691/691
f 992/691/691 6/946/946 993/947/947
f 992/691/691 993/947/947 1003/689/689
f 1003/689/689 993/947/947 1002/948/948
f 1003/689/689 1002/948/948 947/687/687
f 947/687/687 1002/948/948 948/949/949
f 947/687/687 948/949/949 958/685/685
f 958/685/685 948/949/949 957/950/950
f 958/685/685 957/950/950 903/683/683
f 903/683/683 957/950/950 904/951/951
f 903/683/683 904/951/951 914/681/681
f 914/681/681 904/951/951 913/952/952
f 914/681/681 913/952/952 858/679/679
f 858/679/679 913/952/952 859/953/953
f 858/679/679 859/953/953 869/677/677
f 869/677/677 859/953/953 868/954/954
f 869/677/677 868/954/954 813/675/675
f 813/675/675 868/954/954 814/955/955
f 813/675/675 814/955/955 823/673/673
f 823/673/673 814/955/955 822/956/956
f 823/673/673 822/956/956 1147/671/671
f 1147/671/671 822/956/956 1148/957/957
f 1147/671/671 1148/957/957 1039/669/669
f 1039/669/669 1148/957/957 1040/958/958
f 1039/669/669 1040/958/958 770/667/667
f 770/667/667 1040/958/958 771/959/959
f 770/667/667 771/959/959 776/665/665
f 776/665/665 771/959/959 775/960/960
f 776/665/665 775/960/960 1127/663/663
f 1127/663/663 775/960/960 1128/961/961
f 1127/663/663 1128/961/961 725/661/661
f 725/661/661 1128/961/961 726/962/962
f 725/661/661 726/962/962 729/659/659
f 729/659/659 726/962/962 728/963/963
f 729/659/659 728/963/963 1108/657/657
f 1108/657/657 728/963/963 626/964/964
f 1108/657/657 626/964/964 1086/655/655
f 1086/655/655 626/964/964 1087/965/965
f 1086/655/655 1087/965/965 681/653/653
f 681/653/653 1087/965/965 35/651/651
f 6/946/946 5/966/966 993/947/947
f 993/947/947 5/966/966 994/967/967
f 993/947/947 994/967/967 1002/948/948
f 1002/948/948 994/967/967 1001/968/968
f 1002/948/948 1001/968/968 948/949/949
f 948/949/949 1001/968/968 949/969/969
f 948/949/949 949/969/969 957/950/950
f 957/950/950 949/969/969 956/970/970
f 957/950/950 956/970/970 904/951/951
f 904/951/951 956/970/970 905/971/971
f 904/951/951 905/971/971 913/952/952
f 913/952/952 905/971/971 912/972/972
f 913/952/952 912/972/972 859/953/953
f 859/953/953 912/972/972 860/973/973
f 859/953/953 860/973/973 868/954/954
f 868/954/954 860/973/973 867/974/974
f 868/954/954 867/974/974 814/955/955
f 814/955/955 867/974/974 815/975/975
f 814/955/955 815/975/975 822/956/956
f 822/956/956 815/975/975 821/976/976
f 822/956/956 821/976/976 1148/957/957
f 1148/957/957 821/976/976 1149/977/977
f 1148/957/957 1149/977/977 1040/958/958
f 1040/958/958 1149/977/977 1041/978/978
f 1040/958/958 1041/978/978 771/959/959
f 771/959/959 1041/978/978 772/979/979
f 771/959/959 772/979/979 775/960/960
f 775/960/960 772/979/979 774/980/980
f 775/960/960 774/980/980 1128/961/961
f 1128/961/961 774/980/980 1129/981/981
f 1128/961/961 1129/981/981 726/962/962
f 726/962/962 1129/981/981 727/982/982
f 726/962/962 727/982/982 728/963/963
f 728/963/963 727/982/982 36/983/983
f 728/963/963 36/983/983 626/964/964
f 626/964/964 36/983/983 35/651/651
f 626/964/964 35/651/651 1087/965/965
f 5/966/966 4/984/984 994/967/967
f 994/967/967 4/984/984 995/985/985
f 994/967/967 995/985/985 1001/968/968
f 1001/968/968 995/985/985 1000/986/986
f 1001/968/968 1000/986/986 949/969/969
f 949/969/969 1000/986/986 950/987/987
f 949/969/969 950/987/987 956/970/970
f 956/970/970 950/987/987 955/988/988
f 956/970/970 955/988/988 905/971/971
f 905/971/971 955/988/988 906/989/989
f 905/971/971 906/989/989 912/972/972
f 912/972/972 906/989/989 911/990/990
f 912/972/972 911/990/990 860/973/973
f 860/973/973 911/990/990 861/991/991
f 860/973/973 861/991/991 867/974/974
f 867/974/974 861/991/991 866/992/992
f 867/974/974 866/992/992 815/975/975
f 815/975/975 866/992/992 816/993/993
f 815/975/975 816/993/993 821/976/976
f 821/976/976 816/993/993 820/994/994
f 821/976/976 820/994/994 1149/977/977
f 1149/977/977 820/994/994 1150/995/995
f 1149/977/977 1150/995/995 1041/978/978
f 1041/978/978 1150/995/995 1042/996/996
f 1041/978/978 1042/996/996 772/979/979
f 772/979/979 1042/996/996 773/997/997
f 772/979/979 773/997/997 774/980/980
f 774/980/980 773/997/997 628/998/998
f 774/980/980 628/998/998 1129/981/981
f 1129/981/981 628/998/998 1130/999/999
f 1129/981/981 1130/999/999 727/982/982
f 727/982/982 1130/999/999 36/983/983
f 4/984/984 3/1000/1000 995/985/985
f 995/985/985 3/1000/1000 996/1001/1001
f 995/985/985 996/1001/1001 1000/986/986
f 1000/986/986 996/1001/1001 999/1002/1002
f 1000/986/986 999/1002/1002 950/987/987
f 950/987/987 999/1002/1002 951/1003/1003
f 950/987/987 951/1003/1003 955/988/988
f 955/988/988 951/1003/1003 954/1004/1004
f 955/988/988 954/1004/1004 906/989/989
f 906/989/989 954/1004/1004 907/1005/1005
f 906/989/989 907/1005/1005 911/990/990
f 911/990/990 907/1005/1005 910/1006/1006
f 911/990/990 910/1006/1006 861/991/991
f 861/991/991 910/1006/1006 862/1007/1007
f 861/991/991 862/1007/1007 866/992/992
f 866/992/992 862/1007/1007 865/1008/1008
f 866/992/992 865/1008/1008 816/993/993
f 816/993/993 865/1008/1008 817/1009/1009
f 816/993/993 817/1009/1009 820/994/994
f 820/994/994 817/1009/1009 819/1010/1010
f 820/994/994 819/1010/1010 1150/995/995
f 1150/995/995 819/1010/1010 1151/1011/1011
f 1150/995/995 1151/1011/1011 1042/996/996
f 1042/996/996 1151/1011/1011 1043/1012/1012
f 1042/996/996 1043/1012/1012 773/997/997
f 773/997/997 1043/1012/1012 37/1013/1013
f 773/997/997 37/1013/1013 628/998/998
f 628/998/998 37/1013/1013 36/983/983
f 628/998/998 36/983/983 1130/999/999
f 3/1000/1000 2/1014/1014 996/1001/1001
f 996/1001/1001 2/1014/1014 997/1015/1015
f 996/1001/1001 997/1015/1015 999/1002/1002
f 999/1002/1002 997/1015/1015 998/1016/1016
f 999/1002/1002 998/1016/1016 951/1003/1003
f 951/1003/1003 998/1016/1016 952/1017/1017
f 951/1003/1003 952/1017/1017 954/1004/1004
f 954/1004/1004 952/1017/1017 953/1018/1018
f 954/1004/1004 953/1018/1018 907/1005/1005
f 907/1005/1005 953/1018/1018 908/1019/1019
f 907/1005/1005 908/1019/1019 910/1006/1006
f 910/1006/1006 908/1019/1019 909/1020/1020
f 910/1006/1006 909/1020/1020 862/1007/1007
f 862/1007/1007 909/1020/1020 863/1021/1021
f 862/1007/1007 863/1021/1021 865/1008/1008
f 865/1008/1008 863/1021/1021 864/1022/1022
f 865/1008/1008 864/1022/1022 817/1009/1009
f 817/1009/1009 864/1022/1022 818/1023/1023
f 817/1009/1009 818/1023/1023 819/1010/1010
f 819/1010/1010 818/1023/1023 630/1024/1024
f 819/1010/1010 630/1024/1024 1151/1011/1011
f 1151/1011/1011 630/1024/1024 1152/1025/1025
f 1151/1011/1011 1152/1025/1025 1043/1012/1012
f 1043/1012/1012 1152/1025/1025 37/1013/1013
f 2/1014/1014 1/1026/1026 997/1015/1015
f 997/1015/1015 1/1026/1026 41/1027/1027
f 997/1015/1015 41/1027/1027 998/1016/1016
f 998/1016/1016 41/1027/1027 952/1017/1017
f 41/1027/1027 40/1028/1028 952/1017/1017
f 952/1017/1017 40/1028/1028 953/1018/1018
f 953/1018/1018 40/1028/1028 908/1019/1019
f 908/1019/1019 40/1028/1028 39/1029/1029
f 908/1019/1019 39/1029/1029 909/1020/1020
f 909/1020/1020 39/1029/1029 863/1021/1021
f 39/1029/1029 38/1030/1030 863/1021/1021
f 863/1021/1021 38/1030/1030 864/1022/1022
f 37/1013/1013 630/1024/1024 38/1030/1030
f 38/1030/1030 630/1024/1024 818/1023/1023
f 38/1030/1030 818/1023/1023 864/1022/1022
f 627/732/732 65/734/734 750/854/854
f 64/851/851 795/858/858 629/852/852
f 629/852/852 795/858/858 794/860/860
f 629/852/852 794/860/860 1109/726/726
f 1109/726/726 794/860/860 793/724/724
f 630/1024/1024 37/1013/1013 1152/1025/1025
f 752/859/859 751/857/857 1021/856/856
f 63/855/855 840/865/865 631/1031/1031
f 631/1031/1031 840/865/865 839/867/867
f 631/1031/1031 839/867/867 1131/1032/1032
f 1131/1032/1032 839/867/867 838/869/869
f 1131/1032/1032 838/869/869 1132/1033/1033
f 1132/1033/1033 838/869/869 837/871/871
f 1132/1033/1033 837/871/871 1133/718/718
f 1133/718/718 837/871/871 836/716/716
f 638/744/744 637/742/742 1045/1034/1034
f 1045/1034/1034 637/742/742 1044/740/740
f 1045/1034/1034 1044/740/740 702/1035/1035
f 702/1035/1035 1044/740/740 703/738/738
f 702/1035/1035 703/738/738 660/1036/1036
f 660/1036/1036 703/738/738 659/736/736
f 660/1036/1036 659/736/736 1065/733/733
f 639/746/746 638/744/744 1046/1037/1037
f 1046/1037/1037 638/744/744 1045/1034/1034
f 1046/1037/1037 1045/1034/1034 701/1038/1038
f 701/1038/1038 1045/1034/1034 702/1035/1035
f 701/1038/1038 702/1035/1035 661/1039/1039
f 661/1039/1039 702/1035/1035 660/1036/1036
f 661/1039/1039 660/1036/1036 1066/1040/1040
f 1066/1040/1040 660/1036/1036 1065/733/733
f 1066/1040/1040 1065/733/733 1088/731/731
f 1049/847/847 641/846/846 1048/749/749
f 1048/749/749 641/846/846 640/747/747
f 1051/840/840 643/845/845 1050/848/848
f 1050/848/848 643/845/845 642/844/844
f 1055/818/818 648/817/817 647/825/825
f 647/825/825 646/827/827 1054/1041/1041
f 1054/1041/1041 646/827/827 1053/829/829
f 1054/1041/1041 1053/829/829 693/1042/1042
f 693/1042/1042 1053/829/829 694/831/831
f 693/1042/1042 694/831/831 669/1043/1043
f 669/1043/1043 694/831/831 668/833/833
f 669/1043/1043 668/833/833 1074/1044/1044
f 1074/1044/1044 668/833/833 1073/835/835
f 1074/1044/1044 1073/835/835 1096/1045/1045
f 1096/1045/1045 1073/835/835 1095/837/837
f 1096/1045/1045 1095/837/837 741/1046/1046
f 741/1046/1046 1095/837/837 742/759/759
f 741/1046/1046 742/759/759 713/761/761
f 651/795/795 650/797/797 1058/1047/1047
f 1058/1047/1047 650/797/797 1057/799/799
f 1058/1047/1047 1057/799/799 689/1048/1048
f 689/1048/1048 1057/799/799 690/801/801
f 689/1048/1048 690/801/801 673/1049/1049
f 673/1049/1049 690/801/801 672/803/803
f 673/1049/1049 672/803/803 1078/1050/1050
f 1078/1050/1050 672/803/803 1077/805/805
f 1078/1050/1050 1077/805/805 1100/1051/1051
f 1100/1051/1051 1077/805/805 1099/807/807
f 1100/1051/1051 1099/807/807 737/1052/1052
f 737/1052/1052 1099/807/807 738/809/809
f 737/1052/1052 738/809/809 717/1053/1053
f 717/1053/1053 738/809/809 716/811/811
f 717/1053/1053 716/811/811 1119/1054/1054
f 1119/1054/1054 716/811/811 1118/813/813
f 1119/1054/1054 1118/813/813 784/1055/1055
f 784/1055/1055 1118/813/813 785/815/815
f 784/1055/1055 785/815/815 762/1056/1056
f 762/1056/1056 785/815/815 761/767/767
f 762/1056/1056 761/767/767 1031/769/769
f 652/793/793 651/795/795 1059/1057/1057
f 1059/1057/1057 651/795/795 1058/1047/1047
f 1059/1057/1057 1058/1047/1047 688/1058/1058
f 688/1058/1058 1058/1047/1047 689/1048/1048
f 688/1058/1058 689/1048/1048 674/1059/1059
f 674/1059/1059 689/1048/1048 673/1049/1049
f 674/1059/1059 673/1049/1049 1079/1060/1060
f 1079/1060/1060 673/1049/1049 1078/1050/1050
f 1079/1060/1060 1078/1050/1050 1101/1061/1061
f 1101/1061/1061 1078/1050/1050 1100/1051/1051
f 1101/1061/1061 1100/1051/1051 736/1062/1062
f 736/1062/1062 1100/1051/1051 737/1052/1052
f 736/1062/1062 737/1052/1052 718/1063/1063
f 718/1063/1063 737/1052/1052 717/1053/1053
f 718/1063/1063 717/1053/1053 1120/1064/1064
f 1120/1064/1064 717/1053/1053 1119/1054/1054
f 1120/1064/1064 1119/1054/1054 783/1065/1065
f 783/1065/1065 1119/1054/1054 784/1055/1055
f 783/1065/1065 784/1055/1055 763/1066/1066
f 763/1066/1066 784/1055/1055 762/1056/1056
f 763/1066/1066 762/1056/1056 1032/1067/1067
f 1032/1067/1067 762/1056/1056 1031/769/769
f 1032/1067/1067 1031/769/769 1140/771/771
f 653/791/791 652/793/793 1060/1068/1068
f 1060/1068/1068 652/793/793 1059/1057/1057
f 1060/1068/1068 1059/1057/1057 687/1069/1069
f 687/1069/1069 1059/1057/1057 688/1058/1058
f 687/1069/1069 688/1058/1058 675/1070/1070
f 675/1070/1070 688/1058/1058 674/1059/1059
f 675/1070/1070 674/1059/1059 1080/1071/1071
f 1080/1071/1071 674/1059/1059 1079/1060/1060
f 1080/1071/1071 1079/1060/1060 1102/1072/1072
f 1102/1072/1072 1079/1060/1060 1101/1061/1061
f 1102/1072/1072 1101/1061/1061 735/1073/1073
f 735/1073/1073 1101/1061/1061 736/1062/1062
f 735/1073/1073 736/1062/1062 719/1074/1074
f 719/1074/1074 736/1062/1062 718/1063/1063
f 719/1074/1074 718/1063/1063 1121/1075/1075
f 1121/1075/1075 718/1063/1063 1120/1064/1064
f 1121/1075/1075 1120/1064/1064 782/1076/1076
f 782/1076/1076 1120/1064/1064 783/1065/1065
f 782/1076/1076 783/1065/1065 764/1077/1077
f 764/1077/1077 783/1065/1065 763/1066/1066
f 764/1077/1077 763/1066/1066 1033/1078/1078
f 1033/1078/1078 763/1066/1066 1032/1067/1067
f 1033/1078/1078 1032/1067/1067 1141/1079/1079
f 1141/1079/1079 1032/1067/1067 1140/771/771
f 1141/1079/1079 1140/771/771 829/773/773
f 654/789/789 653/791/791 1061/1080/1080
f 1061/1080/1080 653/791/791 1060/1068/1068
f 1061/1080/1080 1060/1068/1068 686/1081/1081
f 686/1081/1081 1060/1068/1068 687/1069/1069
f 686/1081/1081 687/1069/1069 676/1082/1082
f 676/1082/1082 687/1069/1069 675/1070/1070
f 676/1082/1082 675/1070/1070 1081/1083/1083
f 1081/1083/1083 675/1070/1070 1080/1071/1071
f 1081/1083/1083 1080/1071/1071 1103/1084/1084
f 1103/1084/1084 1080/1071/1071 1102/1072/1072
f 1103/1084/1084 1102/1072/1072 734/1085/1085
f 734/1085/1085 1102/1072/1072 735/1073/1073
f 734/1085/1085 735/1073/1073 720/1086/1086
f 720/1086/1086 735/1073/1073 719/1074/1074
f 720/1086/1086 719/1074/1074 1122/1087/1087
f 1122/1087/1087 719/1074/1074 1121/1075/1075
f 1122/1087/1087 1121/1075/1075 781/1088/1088
f 781/1088/1088 1121/1075/1075 782/1076/1076
f 781/1088/1088 782/1076/1076 765/1089/1089
f 765/1089/1089 782/1076/1076 764/1077/1077
f 765/1089/1089 764/1077/1077 1034/1090/1090
f 1034/1090/1090 764/1077/1077 1033/1078/1078
f 1034/1090/1090 1033/1078/1078 1142/1091/1091
f 1142/1091/1091 1033/1078/1078 1141/1079/1079
f 1142/1091/1091 1141/1079/1079 828/1092/1092
f 828/1092/1092 1141/1079/1079 829/773/773
f 828/1092/1092 829/773/773 808/775/775
f 655/787/787 654/789/789 1062/1093/1093
f 1062/1093/1093 654/789/789 1061/1080/1080
f 1062/1093/1093 1061/1080/1080 685/1094/1094
f 685/1094/1094 1061/1080/1080 686/1081/1081
f 685/1094/1094 686/1081/1081 677/1095/1095
f 677/1095/1095 686/1081/1081 676/1082/1082
f 677/1095/1095 676/1082/1082 1082/1096/1096
f 1082/1096/1096 676/1082/1082 1081/1083/1083
f 1082/1096/1096 1081/1083/1083 1104/1097/1097
f 1104/1097/1097 1081/1083/1083 1103/1084/1084
f 1104/1097/1097 1103/1084/1084 733/1098/1098
f 733/1098/1098 1103/1084/1084 734/1085/1085
f 733/1098/1098 734/1085/1085 721/1099/1099
f 721/1099/1099 734/1085/1085 720/1086/1086
f 721/1099/1099 720/1086/1086 1123/1100/1100
f 1123/1100/1100 720/1086/1086 1122/1087/1087
f 1123/1100/1100 1122/1087/1087 780/1101/1101
f 780/1101/1101 1122/1087/1087 781/1088/1088
f 780/1101/1101 781/1088/1088 766/1102/1102
f 766/1102/1102 781/1088/1088 765/1089/1089
f 766/1102/1102 765/1089/1089 1035/1103/1103
f 1035/1103/1103 765/1089/1089 1034/1090/1090
f 1035/1103/1103 1034/1090/1090 1143/1104/1104
f 1143/1104/1104 1034/1090/1090 1142/1091/1091
f 1143/1104/1104 1142/1091/1091 827/1105/1105
f 827/1105/1105 1142/1091/1091 828/1092/1092
f 827/1105/1105 828/1092/1092 809/1106/1106
f 809/1106/1106 828/1092/1092 808/775/775
f 809/1106/1106 808/775/775 873/777/777
f 656/785/785 655/787/787 1063/1107/1107
f 1063/1107/1107 655/787/787 1062/1093/1093
f 1063/1107/1107 1062/1093/1093 684/1108/1108
f 684/1108/1108 1062/1093/1093 685/1094/1094
f 684/1108/1108 685/1094/1094 678/1109/1109
f 678/1109/1109 685/1094/1094 677/1095/1095
f 678/1109/1109 677/1095/1095 1083/1110/1110
f 1083/1110/1110 677/1095/1095 1082/1096/1096
f 1083/1110/1110 1082/1096/1096 1105/1111/1111
f 1105/1111/1111 1082/1096/1096 1104/1097/1097
f 1105/1111/1111 1104/1097/1097 732/1112/1112
f 732/1112/1112 1104/1097/1097 733/1098/1098
f 732/1112/1112 733/1098/1098 722/1113/1113
f 722/1113/1113 733/1098/1098 721/1099/1099
f 722/1113/1113 721/1099/1099 1124/1114/1114
f 1124/1114/1114 721/1099/1099 1123/1100/1100
f 1124/1114/1114 1123/1100/1100 779/1115/1115
f 779/1115/1115 1123/1100/1100 780/1101/1101
f 779/1115/1115 780/1101/1101 767/1116/1116
f 767/1116/1116 780/1101/1101 766/1102/1102
f 767/1116/1116 766/1102/1102 1036/1117/1117
f 1036/1117/1117 766/1102/1102 1035/1103/1103
f 1036/1117/1117 1035/1103/1103 1144/1118/1118
f 1144/1118/1118 1035/1103/1103 1143/1104/1104
f 1144/1118/1118 1143/1104/1104 826/1119/1119
f 826/1119/1119 1143/1104/1104 827/1105/1105
f 826/1119/1119 827/1105/1105 810/1120/1120
f 810/1120/1120 827/1105/1105 809/1106/1106
f 810/1120/1120 809/1106/1106 872/1121/1121
f 872/1121/1121 809/1106/1106 873/777/777
f 872/1121/1121 873/777/777 855/779/779
f 624/650/650 658/648/648 657/783/783
f 657/783/783 656/785/785 1064/1122/1122
f 1064/1122/1122 656/785/785 1063/1107/1107
f 1064/1122/1122 1063/1107/1107 683/1123/1123
f 683/1123/1123 1063/1107/1107 684/1108/1108
f 683/1123/1123 684/1108/1108 679/1124/1124
f 679/1124/1124 684/1108/1108 678/1109/1109
f 679/1124/1124 678/1109/1109 1084/1125/1125
f 1084/1125/1125 678/1109/1109 1083/1110/1110
f 1084/1125/1125 1083/1110/1110 1106/1126/1126
f 1106/1126/1126 1083/1110/1110 1105/1111/1111
f 1106/1126/1126 1105/1111/1111 731/1127/1127
f 731/1127/1127 1105/1111/1111 732/1112/1112
f 731/1127/1127 732/1112/1112 723/1128/1128
f 723/1128/1128 732/1112/1112 722/1113/1113
f 723/1128/1128 722/1113/1113 1125/1129/1129
f 1125/1129/1129 722/1113/1113 1124/1114/1114
f 1125/1129/1129 1124/1114/1114 778/1130/1130
f 778/1130/1130 1124/1114/1114 779/1115/1115
f 778/1130/1130 779/1115/1115 768/1131/1131
f 768/1131/1131 779/1115/1115 767/1116/1116
f 768/1131/1131 767/1116/1116 1037/1132/1132
f 1037/1132/1132 767/1116/1116 1036/1117/1117
f 1037/1132/1132 1036/1117/1117 1145/1133/1133
f 1145/1133/1133 1036/1117/1117 1144/1118/1118
f 1145/1133/1133 1144/1118/1118 825/1134/1134
f 825/1134/1134 1144/1118/1118 826/1119/1119
f 825/1134/1134 826/1119/1119 811/1135/1135
f 811/1135/1135 826/1119/1119 810/1120/1120
f 811/1135/1135 810/1120/1120 871/1136/1136
f 871/1136/1136 810/1120/1120 872/1121/1121
f 871/1136/1136 872/1121/1121 856/1137/1137
f 856/1137/1137 872/1121/1121 855/779/779
f 856/1137/1137 855/779/779 916/781/781
f 661/1039/1039 662/1138/1138 701/1038/1038
f 701/1038/1038 662/1138/1138 700/1139/1139
f 701/1038/1038 700/1139/1139 1046/1037/1037
f 1046/1037/1037 700/1139/1139 1047/748/748
f 1046/1037/1037 1047/748/748 639/746/746
f 662/1138/1138 663/1140/1140 700/1139/1139
f 700/1139/1139 663/1140/1140 699/750/750
f 700/1139/1139 699/750/750 1047/748/748
f 662/1138/1138 661/1039/1039 1067/1141/1141
f 1067/1141/1141 661/1039/1039 1066/1040/1040
f 1067/1141/1141 1066/1040/1040 1089/1142/1142
f 1089/1142/1142 1066/1040/1040 1088/731/731
f 1089/1142/1142 1088/731/731 748/729/729
f 699/750/750 663/1140/1140 664/752/752
f 664/752/752 663/1140/1140 1069/1143/1143
f 664/752/752 1069/1143/1143 1070/754/754
f 1070/754/754 1069/1143/1143 1092/1144/1144
f 1070/754/754 1092/1144/1144 1093/756/756
f 1093/756/756 1092/1144/1144 744/1145/1145
f 1093/756/756 744/1145/1145 743/758/758
f 743/758/758 744/1145/1145 711/1146/1146
f 743/758/758 711/1146/1146 712/760/760
f 712/760/760 711/1146/1146 1114/1147/1147
f 712/760/760 1114/1147/1147 1115/762/762
f 1115/762/762 1114/1147/1147 788/1148/1148
f 1115/762/762 788/1148/1148 787/764/764
f 787/764/764 788/1148/1148 759/1149/1149
f 787/764/764 759/1149/1149 760/766/766
f 760/766/766 759/1149/1149 1029/1150/1150
f 760/766/766 1029/1150/1150 1030/768/768
f 1030/768/768 1029/1150/1150 1138/1151/1151
f 1030/768/768 1138/1151/1151 1139/770/770
f 1139/770/770 1138/1151/1151 831/1152/1152
f 1139/770/770 831/1152/1152 830/772/772
f 830/772/772 831/1152/1152 806/1153/1153
f 830/772/772 806/1153/1153 807/774/774
f 807/774/774 806/1153/1153 875/1154/1154
f 807/774/774 875/1154/1154 874/776/776
f 874/776/776 875/1154/1154 853/1155/1155
f 874/776/776 853/1155/1155 854/778/778
f 854/778/778 853/1155/1155 918/1156/1156
f 854/778/778 918/1156/1156 917/780/780
f 917/780/780 918/1156/1156 900/1157/1157
f 917/780/780 900/1157/1157 901/782/782
f 901/782/782 900/1157/1157 960/1158/1158
f 901/782/782 960/1158/1158 959/686/686
f 959/686/686 960/1158/1158 946/688/688
f 663/1140/1140 662/1138/1138 1068/1159/1159
f 1068/1159/1159 662/1138/1138 1067/1141/1141
f 1068/1159/1159 1067/1141/1141 1090/1160/1160
f 1090/1160/1160 1067/1141/1141 1089/1142/1142
f 1090/1160/1160 1089/1142/1142 747/1161/1161
f 747/1161/1161 1089/1142/1142 748/729/729
f 747/1161/1161 748/729/729 707/727/727
f 698/751/751 665/753/753 697/849/849
f 697/849/849 665/753/753 666/842/842
f 666/842/842 665/753/753 1071/755/755
f 669/1043/1043 670/820/820 693/1042/1042
f 693/1042/1042 670/820/820 692/819/819
f 693/1042/1042 692/819/819 1054/1041/1041
f 1054/1041/1041 692/819/819 1055/818/818
f 1054/1041/1041 1055/818/818 647/825/825
f 670/820/820 669/1043/1043 1075/821/821
f 1075/821/821 669/1043/1043 1074/1044/1044
f 1075/821/821 1074/1044/1044 1097/822/822
f 1097/822/822 1074/1044/1044 1096/1045/1045
f 1097/822/822 1096/1045/1045 740/823/823
f 740/823/823 1096/1045/1045 741/1046/1046
f 740/823/823 741/1046/1046 714/824/824
f 714/824/824 741/1046/1046 713/761/761
f 714/824/824 713/761/761 1116/763/763
f 679/1124/1124 680/654/654 683/1123/1123
f 683/1123/1123 680/654/654 682/652/652
f 683/1123/1123 682/652/652 1064/1122/1122
f 1064/1122/1122 682/652/652 624/650/650
f 1064/1122/1122 624/650/650 657/783/783
f 680/654/654 679/1124/1124 1085/656/656
f 1085/656/656 679/1124/1124 1084/1125/1125
f 1085/656/656 1084/1125/1125 1107/658/658
f 1107/658/658 1084/1125/1125 1106/1126/1126
f 1107/658/658 1106/1126/1126 730/660/660
f 730/660/660 1106/1126/1126 731/1127/1127
f 730/660/660 731/1127/1127 724/662/662
f 724/662/662 731/1127/1127 723/1128/1128
f 724/662/662 723/1128/1128 1126/664/664
f 1126/664/664 723/1128/1128 1125/1129/1129
f 1126/664/664 1125/1129/1129 777/666/666
f 777/666/666 1125/1129/1129 778/1130/1130
f 777/666/666 778/1130/1130 769/668/668
f 769/668/668 778/1130/1130 768/1131/1131
f 769/668/668 768/1131/1131 1038/670/670
f 1038/670/670 768/1131/1131 1037/1132/1132
f 1038/670/670 1037/1132/1132 1146/672/672
f 1146/672/672 1037/1132/1132 1145/1133/1133
f 1146/672/672 1145/1133/1133 824/674/674
f 824/674/674 1145/1133/1133 825/1134/1134
f 824/674/674 825/1134/1134 812/676/676
f 812/676/676 825/1134/1134 811/1135/1135
f 812/676/676 811/1135/1135 870/678/678
f 870/678/678 811/1135/1135 871/1136/1136
f 870/678/678 871/1136/1136 857/680/680
f 857/680/680 871/1136/1136 856/1137/1137
f 857/680/680 856/1137/1137 915/682/682
f 915/682/682 856/1137/1137 916/781/781
f 915/682/682 916/781/781 902/684/684
f 1050/848/848 696/841/841 1051/840/840
f 1048/749/749 698/751/751 1049/847/847
f 1049/847/847 698/751/751 697/849/849
f 749/730/730 705/853/853 706/728/728
f 706/728/728 705/853/853 629/852/852
f 706/728/728 629/852/852 1109/726/726
f 707/727/727 708/1162/1162 747/1161/1161
f 747/1161/1161 708/1162/1162 746/1163/1163
f 747/1161/1161 746/1163/1163 1090/1160/1160
f 1090/1160/1160 746/1163/1163 1091/1164/1164
f 1090/1160/1160 1091/1164/1164 1068/1159/1159
f 1068/1159/1159 1091/1164/1164 1069/1143/1143
f 1068/1159/1159 1069/1143/1143 663/1140/1140
f 708/1162/1162 709/1165/1165 746/1163/1163
f 746/1163/1163 709/1165/1165 745/1166/1166
f 746/1163/1163 745/1166/1166 1091/1164/1164
f 1091/1164/1164 745/1166/1166 1092/1144/1144
f 1091/1164/1164 1092/1144/1144 1069/1143/1143
f 707/727/727 1110/725/725 708/1162/1162
f 708/1162/1162 1110/725/725 1111/1167/1167
f 708/1162/1162 1111/1167/1167 709/1165/1165
f 709/1165/1165 1111/1167/1167 1112/1168/1168
f 709/1165/1165 1112/1168/1168 710/1169/1169
f 710/1169/1169 1112/1168/1168 1113/1170/1170
f 710/1169/1169 1113/1170/1170 711/1146/1146
f 711/1146/1146 1113/1170/1170 1114/1147/1147
f 709/1165/1165 710/1169/1169 745/1166/1166
f 745/1166/1166 710/1169/1169 744/1145/1145
f 745/1166/1166 744/1145/1145 1092/1144/1144
f 710/1169/1169 711/1146/1146 744/1145/1145
f 753/861/861 752/859/859 1022/1171/1171
f 1022/1171/1171 752/859/859 1021/856/856
f 1022/1171/1171 1021/856/856 631/1031/1031
f 631/1031/1031 1021/856/856 63/855/855
f 754/722/722 753/861/861 1023/1172/1172
f 1023/1172/1172 753/861/861 1022/1171/1171
f 1023/1172/1172 1022/1171/1171 1131/1032/1032
f 1131/1032/1032 1022/1171/1171 631/1031/1031
f 755/721/721 756/1173/1173 791/1174/1174
f 791/1174/1174 756/1173/1173 790/1175/1175
f 791/1174/1174 790/1175/1175 1112/1168/1168
f 1112/1168/1168 790/1175/1175 1113/1170/1170
f 756/1173/1173 757/1176/1176 790/1175/1175
f 790/1175/1175 757/1176/1176 789/1177/1177
f 790/1175/1175 789/1177/1177 1113/1170/1170
f 1113/1170/1170 789/1177/1177 1114/1147/1147
f 755/721/721 1025/719/719 756/1173/1173
f 756/1173/1173 1025/719/719 1026/1178/1178
f 756/1173/1173 1026/1178/1178 757/1176/1176
f 757/1176/1176 1026/1178/1178 1027/1179/1179
f 757/1176/1176 1027/1179/1179 758/1180/1180
f 758/1180/1180 1027/1179/1179 1028/1181/1181
f 758/1180/1180 1028/1181/1181 759/1149/1149
f 759/1149/1149 1028/1181/1181 1029/1150/1150
f 757/1176/1176 758/1180/1180 789/1177/1177
f 789/1177/1177 758/1180/1180 788/1148/1148
f 789/1177/1177 788/1148/1148 1114/1147/1147
f 758/1180/1180 759/1149/1149 788/1148/1148
f 755/721/721 791/1174/1174 792/723/723
f 792/723/723 791/1174/1174 1111/1167/1167
f 792/723/723 1111/1167/1167 1110/725/725
f 1111/1167/1167 791/1174/1174 1112/1168/1168
f 632/863/863 885/877/877 796/864/864
f 796/864/864 885/877/877 797/866/866
f 885/877/877 884/879/879 797/866/866
f 797/866/866 884/879/879 798/868/868
f 884/879/879 883/881/881 798/868/868
f 798/868/868 883/881/881 799/870/870
f 883/881/881 882/883/883 799/870/870
f 799/870/870 882/883/883 800/872/872
f 882/883/883 881/885/885 800/872/872
f 800/872/872 881/885/885 801/714/714
f 802/713/713 803/1182/1182 834/1183/1183
f 834/1183/1183 803/1182/1182 833/1184/1184
f 834/1183/1183 833/1184/1184 1136/1185/1185
f 1136/1185/1185 833/1184/1184 1137/1186/1186
f 1136/1185/1185 1137/1186/1186 1028/1181/1181
f 1028/1181/1181 1137/1186/1186 1029/1150/1150
f 881/885/885 880/712/712 801/714/714
f 803/1182/1182 804/1187/1187 833/1184/1184
f 833/1184/1184 804/1187/1187 832/1188/1188
f 833/1184/1184 832/1188/1188 1137/1186/1186
f 1137/1186/1186 832/1188/1188 1138/1151/1151
f 1137/1186/1186 1138/1151/1151 1029/1150/1150
f 802/713/713 879/711/711 803/1182/1182
f 803/1182/1182 879/711/711 878/1189/1189
f 803/1182/1182 878/1189/1189 804/1187/1187
f 804/1187/1187 878/1189/1189 877/1190/1190
f 804/1187/1187 877/1190/1190 805/1191/1191
f 805/1191/1191 877/1190/1190 876/1192/1192
f 805/1191/1191 876/1192/1192 806/1153/1153
f 806/1153/1153 876/1192/1192 875/1154/1154
f 804/1187/1187 805/1191/1191 832/1188/1188
f 832/1188/1188 805/1191/1191 831/1152/1152
f 832/1188/1188 831/1152/1152 1138/1151/1151
f 805/1191/1191 806/1153/1153 831/1152/1152
f 802/713/713 834/1183/1183 835/715/715
f 835/715/715 834/1183/1183 1135/1193/1193
f 835/715/715 1135/1193/1193 1134/717/717
f 1134/717/717 1135/1193/1193 1026/1178/1178
f 1134/717/717 1026/1178/1178 1025/719/719
f 1135/1193/1193 834/1183/1183 1136/1185/1185
f 633/874/874 930/891/891 841/875/875
f 841/875/875 930/891/891 842/876/876
f 930/891/891 929/893/893 842/876/876
f 842/876/876 929/893/893 843/878/878
f 929/893/893 928/895/895 843/878/878
f 843/878/878 928/895/895 844/880/880
f 928/895/895 927/897/897 844/880/880
f 844/880/880 927/897/897 845/882/882
f 927/897/897 926/899/899 845/882/882
f 845/882/882 926/899/899 846/884/884
f 926/899/899 925/901/901 846/884/884
f 846/884/884 925/901/901 847/886/886
f 878/1189/1189 879/711/711 849/709/709
f 925/901/901 924/903/903 847/886/886
f 847/886/886 924/903/903 848/710/710
f 877/1190/1190 878/1189/1189 850/1194/1194
f 850/1194/1194 878/1189/1189 849/709/709
f 850/1194/1194 849/709/709 922/707/707
f 924/903/903 923/708/708 848/710/710
f 876/1192/1192 877/1190/1190 851/1195/1195
f 851/1195/1195 877/1190/1190 850/1194/1194
f 851/1195/1195 850/1194/1194 921/1196/1196
f 921/1196/1196 850/1194/1194 922/707/707
f 921/1196/1196 922/707/707 896/705/705
f 875/1154/1154 876/1192/1192 852/1197/1197
f 852/1197/1197 876/1192/1192 851/1195/1195
f 852/1197/1197 851/1195/1195 920/1198/1198
f 920/1198/1198 851/1195/1195 921/1196/1196
f 920/1198/1198 921/1196/1196 897/1199/1199
f 897/1199/1199 921/1196/1196 896/705/705
f 897/1199/1199 896/705/705 964/703/703
f 875/1154/1154 852/1197/1197 853/1155/1155
f 853/1155/1155 852/1197/1197 919/1200/1200
f 853/1155/1155 919/1200/1200 918/1156/1156
f 918/1156/1156 919/1200/1200 899/1201/1201
f 918/1156/1156 899/1201/1201 900/1157/1157
f 900/1157/1157 899/1201/1201 961/1202/1202
f 900/1157/1157 961/1202/1202 960/1158/1158
f 960/1158/1158 961/1202/1202 945/1203/1203
f 960/1158/1158 945/1203/1203 946/688/688
f 946/688/688 945/1203/1203 1004/690/690
f 919/1200/1200 852/1197/1197 920/1198/1198
f 887/890/890 886/889/889 974/1204/1204
f 974/1204/1204 886/889/889 634/888/888
f 974/1204/1204 634/888/888 931/1205/1205
f 931/1205/1205 634/888/888 635/905/905
f 931/1205/1205 635/905/905 1019/1206/1206
f 1019/1206/1206 635/905/905 1020/907/907
f 1019/1206/1206 1020/907/907 976/909/909
f 972/919/919 889/894/894 888/892/892
f 888/892/892 887/890/890 973/1207/1207
f 973/1207/1207 887/890/890 974/1204/1204
f 973/1207/1207 974/1204/1204 932/1208/1208
f 932/1208/1208 974/1204/1204 931/1205/1205
f 932/1208/1208 931/1205/1205 1018/1209/1209
f 1018/1209/1209 931/1205/1205 1019/1206/1206
f 1018/1209/1209 1019/1206/1206 977/911/911
f 977/911/911 1019/1206/1206 976/909/909
f 968/935/935 893/902/902 892/900/900
f 892/900/900 891/898/898 969/1210/1210
f 969/1210/1210 891/898/898 970/926/926
f 969/1210/1210 970/926/926 936/1211/1211
f 936/1211/1211 970/926/926 935/925/925
f 936/1211/1211 935/925/925 1014/1212/1212
f 1014/1212/1212 935/925/925 1015/924/924
f 1014/1212/1212 1015/924/924 981/927/927
f 981/927/927 1015/924/924 980/923/923
f 895/706/706 894/904/904 966/1213/1213
f 966/1213/1213 894/904/904 967/936/936
f 966/1213/1213 967/936/936 939/1214/1214
f 939/1214/1214 967/936/936 938/934/934
f 939/1214/1214 938/934/934 1011/1215/1215
f 1011/1215/1215 938/934/934 1012/932/932
f 1011/1215/1215 1012/932/932 984/937/937
f 984/937/937 1012/932/932 983/930/930
f 919/1200/1200 920/1198/1198 898/1216/1216
f 898/1216/1216 920/1198/1198 897/1199/1199
f 898/1216/1216 897/1199/1199 963/1217/1217
f 963/1217/1217 897/1199/1199 964/703/703
f 963/1217/1217 964/703/703 942/701/701
f 919/1200/1200 898/1216/1216 899/1201/1201
f 899/1201/1201 898/1216/1216 962/1218/1218
f 899/1201/1201 962/1218/1218 961/1202/1202
f 961/1202/1202 962/1218/1218 944/1219/1219
f 961/1202/1202 944/1219/1219 945/1203/1203
f 945/1203/1203 944/1219/1219 1005/1220/1220
f 945/1203/1203 1005/1220/1220 1004/690/690
f 1004/690/690 1005/1220/1220 991/692/692
f 962/1218/1218 898/1216/1216 963/1217/1217
f 932/1208/1208 933/917/917 973/1207/1207
f 973/1207/1207 933/917/917 972/919/919
f 973/1207/1207 972/919/919 888/892/892
f 933/917/917 932/1208/1208 1017/915/915
f 1017/915/915 932/1208/1208 1018/1209/1209
f 1017/915/915 1018/1209/1209 978/913/913
f 978/913/913 1018/1209/1209 977/911/911
f 936/1211/1211 937/933/933 969/1210/1210
f 969/1210/1210 937/933/933 968/935/935
f 969/1210/1210 968/935/935 892/900/900
f 937/933/933 936/1211/1211 1013/931/931
f 1013/931/931 936/1211/1211 1014/1212/1212
f 1013/931/931 1014/1212/1212 982/929/929
f 982/929/929 1014/1212/1212 981/927/927
f 939/1214/1214 940/943/943 966/1213/1213
f 966/1213/1213 940/943/943 965/704/704
f 966/1213/1213 965/704/704 895/706/706
f 940/943/943 939/1214/1214 1010/941/941
f 1010/941/941 939/1214/1214 1011/1215/1215
f 1010/941/941 1011/1215/1215 985/939/939
f 985/939/939 1011/1215/1215 984/937/937
f 962/1218/1218 963/1217/1217 943/1221/1221
f 943/1221/1221 963/1217/1217 942/701/701
f 943/1221/1221 942/701/701 1007/699/699
f 962/1218/1218 943/1221/1221 944/1219/1219
f 944/1219/1219 943/1221/1221 1006/1222/1222
f 944/1219/1219 1006/1222/1222 1005/1220/1220
f 1005/1220/1220 1006/1222/1222 990/695/695
f 1005/1220/1220 990/695/695 991/692/692
f 1006/1222/1222 943/1221/1221 1007/699/699
f 987/945/945 988/698/698 1008/700/700
f 1006/1222/1222 1007/699/699 989/697/697
f 989/697/697 990/695/695 1006/1222/1222
f 754/722/722 1023/1172/1172 1024/720/720
f 1024/720/720 1023/1172/1172 1132/1033/1033
f 1024/720/720 1132/1033/1033 1133/718/718
f 1132/1033/1033 1023/1172/1172 1131/1032/1032
f 1136/1185/1185 1028/1181/1181 1027/1179/1179
f 1136/1185/1185 1027/1179/1179 1135/1193/1193
f 1135/1193/1193 1027/1179/1179 1026/1178/1178
f 34/1223/1223 33/1224/1224 610/1225/1225
f 610/1225/1225 33/1224/1224 80/1226/1226
f 610/1225/1225 80/1226/1226 611/1227/1227
f 611/1227/1227 80/1226/1226 79/1228/1228
f 611/1227/1227 79/1228/1228 612/1229/1229
f 612/1229/1229 79/1228/1228 78/1230/1230
f 612/1229/1229 78/1230/1230 613/1231/1231
f 613/1231/1231 78/1230/1230 77/1232/1232
f 613/1231/1231 77/1232/1232 614/1233/1233
f 614/1233/1233 77/1232/1232 76/1234/1234
f 614/1233/1233 76/1234/1234 615/1235/1235
f 615/1235/1235 76/1234/1234 75/1236/1236
f 615/1235/1235 75/1236/1236 616/1237/1237
f 616/1237/1237 75/1236/1236 74/1238/1238
f 616/1237/1237 74/1238/1238 617/1239/1239
f 617/1239/1239 74/1238/1238 73/1240/1240
f 617/1239/1239 73/1240/1240 618/1241/1241
f 618/1241/1241 73/1240/1240 72/1242/1242
f 618/1241/1241 72/1242/1242 619/1243/1243
f 619/1243/1243 72/1242/1242 71/1244/1244
f 619/1243/1243 71/1244/1244 620/1245/1245
f 620/1245/1245 71/1244/1244 70/1246/1246
f 620/1245/1245 70/1246/1246 621/1247/1247
f 621/1247/1247 70/1246/1246 69/1248/1248
f 621/1247/1247 69/1248/1248 622/1249/1249
f 622/1249/1249 69/1248/1248 68/1250/1250
f 622/1249/1249 68/1250/1250 623/1251/1251
f 623/1251/1251 68/1250/1250 67/1252/1252
f 623/1251/1251 67/1252/1252 49/1253/1253
f 49/1253/1253 67/1252/1252 50/1254/1254
# 1152 vertices
# 1254 texture params
# 1254 normals
# 2300 facets

# 1 groups
