# WaveFront *.obj file (generated by Autodesk ATF)

mtllib P4.mtl

g Body1

v -5.517843 10.550000 20.958236
v -5.564247 9.977796 21.134490
v -5.607358 9.400970 21.298239
v -5.647152 8.819864 21.449384
v -5.683604 8.234821 21.587839
v -5.716692 7.646187 21.713519
v -5.746399 7.054310 21.826351
v -5.772705 6.459542 21.926269
v -5.795595 5.862234 22.013212
v -5.815056 5.262739 22.087130
v -5.831076 4.661411 22.147979
v -5.843646 4.058608 22.195722
v -5.852758 3.454685 22.230333
v -5.858407 2.850000 22.251789
v -5.898838 2.850000 22.405356
v -5.893224 3.454520 22.384033
v -5.884169 4.058288 22.349640
v -5.871678 4.660951 22.302197
v -5.855759 5.262158 22.241731
v -5.836421 5.861557 22.168279
v -5.813674 6.458799 22.081882
v -5.787534 7.053535 21.982592
v -5.758013 7.645417 21.870467
v -5.725131 8.234100 21.745571
v -5.688906 8.819241 21.607978
v -5.649359 9.400497 21.457768
v -5.606513 9.977529 21.295029
v -5.560394 10.550000 21.119855
v 3.378806 10.550000 21.576606
v 3.352950 10.550000 21.411492
v 2.799519 10.550000 21.490858
v 2.244225 10.550000 21.555921
v 1.687437 10.550000 21.606638
v 1.129526 10.550000 21.642977
v 0.570863 10.550000 21.664911
v 0.011820 10.550000 21.672428
v -0.547230 10.550000 21.665521
v -1.105916 10.550000 21.644196
v -1.663866 10.550000 21.608466
v -2.220709 10.550000 21.558356
v -2.776074 10.550000 21.493899
v -3.329592 10.550000 21.415137
v -3.880894 10.550000 21.322123
v -4.429612 10.550000 21.214919
v -4.975383 10.550000 21.093597
v -5.013751 10.550000 21.256260
v -4.463771 10.550000 21.378518
v -3.910821 10.550000 21.486548
v -3.355268 10.550000 21.580279
v -2.797482 10.550000 21.659648
v -2.237834 10.550000 21.724603
v -1.676697 10.550000 21.775100
v -1.114444 10.550000 21.811105
v -0.551450 10.550000 21.832594
v 0.011912 10.550000 21.839554
v 0.575265 10.550000 21.831980
v 1.138236 10.550000 21.809876
v 1.700449 10.550000 21.773258
v 2.261531 10.550000 21.722149
v 2.821107 10.550000 21.656584
v 3.559896 2.850000 22.733020
v 3.584464 2.850000 22.889908
v 2.992819 2.850000 22.974754
v 2.399183 2.850000 23.044310
v 1.803950 2.850000 23.098529
v 1.207517 2.850000 23.137376
v 0.610280 2.850000 23.160826
v 0.012637 2.850000 23.168861
v -0.585015 2.850000 23.161478
v -1.182277 2.850000 23.138680
v -1.778753 2.850000 23.100483
v -2.374044 2.850000 23.046913
v -2.967756 2.850000 22.978005
v -3.559493 2.850000 22.893805
v -4.148861 2.850000 22.794369
v -4.735467 2.850000 22.679763
v -5.318923 2.850000 22.550063
v -5.282466 2.850000 22.395504
v -4.703010 2.850000 22.524314
v -4.120424 2.850000 22.638135
v -3.535096 2.850000 22.736889
v -2.947415 2.850000 22.820512
v -2.357773 2.850000 22.888948
v -1.766561 2.850000 22.942151
v -1.174174 2.850000 22.980086
v -0.581005 2.850000 23.002727
v 0.012550 2.850000 23.010060
v 0.606097 2.850000 23.002080
v 1.199241 2.850000 22.978792
v 1.791586 2.850000 22.940211
v 2.382739 2.850000 22.886363
v 2.972307 2.850000 22.817284
v 3.581053 3.454520 22.868124
v 3.575550 4.058288 22.832987
v 3.567960 4.660951 22.784517
v 3.558287 5.262158 22.722744
v 3.546536 5.861557 22.647703
v 3.532714 6.458799 22.559438
v 3.516829 7.053535 22.458001
v 3.498891 7.645417 22.343451
v 3.478910 8.234100 22.215854
v 3.456897 8.819241 22.075285
v 3.432866 9.400497 21.921827
v 3.406831 9.977529 21.755568
v 2.700026 3.095715 23.003621
v 2.563066 10.088653 21.836750
v 2.107211 3.095715 23.065481
v 2.000321 10.088653 21.895471
v 1.511908 3.095715 23.112137
v 1.435215 10.088653 21.939761
v 0.914703 3.095715 23.143467
v 0.868304 10.088653 21.969502
v -5.317240 3.095715 22.542930
v -5.315043 3.341518 22.533616
v -5.312331 3.587374 22.522117
v -5.309103 3.833246 22.508432
v -5.305359 4.079100 22.492558
v -5.301098 4.324900 22.474493
v -5.296320 4.570608 22.454238
v -5.291026 4.816190 22.431792
v -5.285215 5.061609 22.407155
v -5.278887 5.306830 22.380329
v -5.272044 5.551815 22.351316
v -5.264685 5.796530 22.320118
v -5.256812 6.040937 22.286739
v -5.248425 6.285002 22.251181
v -5.239525 6.528689 22.213450
v -5.230114 6.771960 22.173551
v -5.209933 7.253270 22.087990
v -5.187756 7.732532 21.993969
v -5.163597 8.209472 21.891547
v -5.137475 8.683819 21.780797
v -5.109406 9.155306 21.661799
v -5.079414 9.623670 21.534643
v -5.047520 10.088653 21.399427
v -4.739423 3.095715 22.671449
v -4.737465 3.341518 22.662082
v -4.735047 3.587374 22.650518
v -4.732170 3.833246 22.636755
v -4.728833 4.079100 22.620790
v -4.725035 4.324900 22.602622
v -4.720776 4.570608 22.582252
v -4.716057 4.816190 22.559677
v -4.710878 5.061609 22.534900
v -4.705238 5.306830 22.507921
v -4.699138 5.551815 22.478743
v -4.692579 5.796530 22.447367
v -4.685561 6.040937 22.413797
v -4.678086 6.285002 22.378037
v -4.670153 6.528689 22.340091
v -4.661765 6.771960 22.299964
v -4.643776 7.253270 22.213916
v -4.624009 7.732532 22.119358
v -4.602476 8.209472 22.016353
v -4.579192 8.683819 21.904971
v -4.554174 9.155306 21.785295
v -4.527441 9.623670 21.657414
v -4.499013 10.088653 21.521427
v -4.153917 3.095715 22.785998
v -4.152201 3.341518 22.776584
v -4.150082 3.587374 22.764961
v -4.147560 3.833246 22.751128
v -4.144635 4.079100 22.735083
v -4.141307 4.324900 22.716824
v -4.137574 4.570608 22.696350
v -4.133438 4.816190 22.673662
v -4.128898 5.061609 22.648759
v -4.123955 5.306830 22.621644
v -4.118609 5.551815 22.592318
v -4.112860 5.796530 22.560784
v -4.106710 6.040937 22.527044
v -4.100157 6.285002 22.491103
v -4.093205 6.528689 22.452966
v -4.085853 6.771960 22.412636
v -4.070087 7.253270 22.326153
v -4.052762 7.732532 22.231118
v -4.033889 8.209472 22.127592
v -4.013481 8.683819 22.015648
v -3.991554 9.155306 21.895367
v -3.968123 9.623670 21.766839
v -3.943207 10.088653 21.630166
v -3.564671 3.095715 22.885582
v -3.563198 3.341518 22.876126
v -3.561380 3.587374 22.864453
v -3.559216 3.833246 22.850560
v -3.556706 4.079100 22.834444
v -3.553849 4.324900 22.816105
v -3.550646 4.570608 22.795542
v -3.547097 4.816190 22.772754
v -3.543201 5.061609 22.747743
v -3.538959 5.306830 22.720510
v -3.534371 5.551815 22.691055
v -3.529438 5.796530 22.659383
v -3.524160 6.040937 22.625496
v -3.518537 6.285002 22.589398
v -3.512571 6.528689 22.551094
v -3.506262 6.771960 22.510588
v -3.492732 7.253270 22.423727
v -3.477865 7.732532 22.328276
v -3.461669 8.209472 22.224298
v -3.444156 8.683819 22.111865
v -3.425339 9.155306 21.991058
v -3.405232 9.623670 21.861969
v -3.383851 10.088653 21.724698
v -2.972259 3.095715 22.970033
v -2.971031 3.341518 22.960542
v -2.969515 3.587374 22.948826
v -2.967710 3.833246 22.934881
v -2.965617 4.079100 22.918706
v -2.963235 4.324900 22.900300
v -2.960565 4.570608 22.879661
v -2.957605 4.816190 22.856789
v -2.954357 5.061609 22.831686
v -2.950820 5.306830 22.804352
v -2.946995 5.551815 22.774789
v -2.942881 5.796530 22.743000
v -2.938480 6.040937 22.708988
v -2.933792 6.285002 22.672756
v -2.928817 6.528689 22.634311
v -2.923556 6.771960 22.593655
v -2.912275 7.253270 22.506474
v -2.899879 7.732532 22.410671
v -2.886375 8.209472 22.306309
v -2.871772 8.683819 22.193461
v -2.856083 9.155306 22.072208
v -2.839317 9.623670 21.942643
v -2.821489 10.088653 21.804865
v -2.373293 3.095715 23.039623
v -2.372313 3.341518 23.030103
v -2.371102 3.587374 23.018352
v -2.369662 3.833246 23.004365
v -2.367990 4.079100 22.988141
v -2.366089 4.324900 22.969678
v -2.363956 4.570608 22.948977
v -2.361593 4.816190 22.926036
v -2.358999 5.061609 22.900856
v -2.356175 5.306830 22.873439
v -2.353121 5.551815 22.843787
v -2.349836 5.796530 22.811902
v -2.346322 6.040937 22.777787
v -2.342578 6.285002 22.741446
v -2.338606 6.528689 22.702883
v -2.334406 6.771960 22.662105
v -2.325398 7.253270 22.574659
v -2.315499 7.732532 22.478566
v -2.304717 8.209472 22.373888
v -2.293057 8.683819 22.260698
v -2.280529 9.155306 22.139078
v -2.267142 9.623670 22.009120
v -2.252907 10.088653 21.870925
v -1.778190 3.095715 23.093176
v -1.777455 3.341518 23.083634
v -1.776548 3.587374 23.071855
v -1.775469 3.833246 23.057836
v -1.774217 4.079100 23.041574
v -1.772792 4.324900 23.023069
v -1.771194 4.570608 23.002319
v -1.769423 4.816190 22.979325
v -1.767480 5.061609 22.954087
v -1.765364 5.306830 22.926606
v -1.763076 5.551815 22.896885
v -1.760615 5.796530 22.864926
v -1.757982 6.040937 22.830731
v -1.755177 6.285002 22.794306
v -1.752201 6.528689 22.755654
v -1.749053 6.771960 22.714781
v -1.742304 7.253270 22.627132
v -1.734888 7.732532 22.530815
v -1.726809 8.209472 22.425894
v -1.718073 8.683819 22.312440
v -1.708686 9.155306 22.190538
v -1.698656 9.623670 22.060278
v -1.687990 10.088653 21.921762
v -1.181903 3.095715 23.131361
v -1.181415 3.341518 23.121803
v -1.180812 3.587374 23.110005
v -1.180095 3.833246 23.095962
v -1.179262 4.079100 23.079674
v -1.178315 4.324900 23.061138
v -1.177253 4.570608 23.040354
v -1.176076 4.816190 23.017321
v -1.174785 5.061609 22.992042
v -1.173378 5.306830 22.964516
v -1.171857 5.551815 22.934745
v -1.170221 5.796530 22.902733
v -1.168471 6.040937 22.868482
v -1.166607 6.285002 22.831996
v -1.164629 6.528689 22.793280
v -1.162537 6.771960 22.752340
v -1.158051 7.253270 22.664546
v -1.153122 7.732532 22.568070
v -1.147752 8.209472 22.462975
v -1.141945 8.683819 22.349334
v -1.135706 9.155306 22.227230
v -1.129040 9.623670 22.096755
v -1.121951 10.088653 21.958009
v -0.882380 3.095715 23.144722
v -0.882015 3.341518 23.135159
v -0.881565 3.587374 23.123354
v -0.881030 3.833246 23.109303
v -0.880408 4.079100 23.093005
v -0.879701 4.324900 23.074458
v -0.878908 4.570608 23.053662
v -0.878030 4.816190 23.030617
v -0.877065 5.061609 23.005322
v -0.876015 5.306830 22.977780
v -0.874880 5.551815 22.947993
v -0.873659 5.796530 22.915962
v -0.872352 6.040937 22.881691
v -0.870960 6.285002 22.845184
v -0.869483 6.528689 22.806446
v -0.867922 6.771960 22.765482
v -0.864573 7.253270 22.677637
v -0.860892 7.732532 22.581106
v -0.856883 8.209472 22.475950
v -0.852548 8.683819 22.362243
v -0.847891 9.155306 22.240069
v -0.842913 9.623670 22.109518
v -0.837621 10.088653 21.970693
v -0.283041 3.095715 23.159806
v -0.282924 3.341518 23.150237
v -0.282779 3.587374 23.138424
v -0.282607 3.833246 23.124364
v -0.282408 4.079100 23.108056
v -0.282181 4.324900 23.089497
v -0.281927 4.570608 23.068687
v -0.281645 4.816190 23.045627
v -0.281336 5.061609 23.020316
v -0.280999 5.306830 22.992756
v -0.280635 5.551815 22.962949
v -0.280243 5.796530 22.930897
v -0.279824 6.040937 22.896604
v -0.279378 6.285002 22.860074
v -0.278904 6.528689 22.821310
v -0.278403 6.771960 22.780319
v -0.277329 7.253270 22.692417
v -0.276148 7.732532 22.595823
v -0.274862 8.209472 22.490599
v -0.273472 8.683819 22.376818
v -0.271977 9.155306 22.254564
v -0.270381 9.623670 22.123928
v -0.268683 10.088653 21.985012
v -0.555164 10.088653 21.979644
v -0.558672 9.623670 22.118526
v -0.561971 9.155306 22.249130
v -0.565058 8.683819 22.371354
v -0.567931 8.209472 22.485107
v -0.570588 7.732532 22.590305
v -0.573027 7.253270 22.686876
v -0.575247 6.771960 22.774757
v -0.576282 6.528689 22.815738
v -0.577261 6.285002 22.854492
v -0.578184 6.040937 22.891013
v -0.579050 5.796530 22.925298
v -0.579859 5.551815 22.957342
v -0.580612 5.306830 22.987142
v -0.581308 5.061609 23.014695
v -0.581947 4.816190 23.040000
v -0.582529 4.570608 23.063054
v -0.583054 4.324900 23.083859
v -0.583523 4.079100 23.102413
v -0.583935 3.833246 23.118718
v -0.584290 3.587374 23.132774
v -0.584588 3.341518 23.144584
v -0.584830 3.095715 23.154151
v 0.316187 3.095715 23.159377
v 0.316057 3.341518 23.149809
v 0.315895 3.587374 23.137996
v 0.315703 3.833246 23.123936
v 0.315481 4.079100 23.107628
v 0.315227 4.324900 23.089069
v 0.314943 4.570608 23.068260
v 0.314628 4.816190 23.045200
v 0.314283 5.061609 23.019890
v 0.313907 5.306830 22.992330
v 0.313500 5.551815 22.962524
v 0.313062 5.796530 22.930473
v 0.312594 6.040937 22.896180
v 0.312095 6.285002 22.859650
v 0.311566 6.528689 22.820888
v 0.311006 6.771960 22.779897
v 0.309806 7.253270 22.691997
v 0.308487 7.732532 22.595404
v 0.307051 8.209472 22.490182
v 0.305498 8.683819 22.376404
v 0.303828 9.155306 22.254152
v 0.302045 9.623670 22.123518
v 0.300148 10.088653 21.984605
v 0.011992 10.088653 21.986651
v 0.012068 9.623670 22.125577
v 0.012139 9.155306 22.256222
v 0.012206 8.683819 22.378486
v 0.012268 8.209472 22.492275
v 0.012325 7.732532 22.597507
v 0.012378 7.253270 22.694109
v 0.012426 6.771960 22.782017
v 0.012448 6.528689 22.823011
v 0.012469 6.285002 22.861777
v 0.012489 6.040937 22.898311
v 0.012508 5.796530 22.932606
v 0.012525 5.551815 22.964660
v 0.012542 5.306830 22.994470
v 0.012557 5.061609 23.022032
v 0.012570 4.816190 23.047344
v 0.012583 4.570608 23.070407
v 0.012594 4.324900 23.091218
v 0.012604 4.079100 23.109778
v 0.012613 3.833246 23.126088
v 0.012621 3.587374 23.140149
v 0.012627 3.341518 23.151963
v 0.012633 3.095715 23.161532
v 0.615571 3.095715 23.153354
v 0.615317 3.341518 23.143788
v 0.615003 3.587374 23.131978
v 0.614629 3.833246 23.117922
v 0.614196 4.079100 23.101618
v 0.613703 4.324900 23.083064
v 0.613150 4.570608 23.062261
v 0.612537 4.816190 23.039207
v 0.611864 5.061609 23.013903
v 0.611131 5.306830 22.986350
v 0.610339 5.551815 22.956552
v 0.609487 5.796530 22.924509
v 0.608576 6.040937 22.890225
v 0.607605 6.285002 22.853705
v 0.606574 6.528689 22.814952
v 0.605485 6.771960 22.773973
v 0.603149 7.253270 22.686095
v 0.600581 7.732532 22.589528
v 0.597784 8.209472 22.484333
v 0.594760 8.683819 22.370584
v 0.591511 9.155306 22.248364
v 0.588038 9.623670 22.117764
v 0.584346 10.088653 21.978887
v 1.213506 3.095715 23.129724
v 1.213005 3.341518 23.120168
v 1.212386 3.587374 23.108370
v 1.211649 3.833246 23.094328
v 1.210794 4.079100 23.078041
v 1.209822 4.324900 23.059506
v 1.208732 4.570608 23.038724
v 1.207523 4.816190 23.015693
v 1.206197 5.061609 22.990415
v 1.204753 5.306830 22.962891
v 1.203191 5.551815 22.933123
v 1.201512 5.796530 22.901112
v 1.199715 6.040937 22.866864
v 1.197801 6.285002 22.830381
v 1.195770 6.528689 22.791668
v 1.193622 6.771960 22.750730
v 1.189016 7.253270 22.662942
v 1.183955 7.732532 22.566473
v 1.178442 8.209472 22.461386
v 1.172480 8.683819 22.347753
v 1.166074 9.155306 22.225658
v 1.159229 9.623670 22.095191
v 1.151950 10.088653 21.956456
v 0.873790 9.623670 22.108319
v 0.878950 9.155306 22.238863
v 0.883778 8.683819 22.361031
v 0.888272 8.209472 22.474731
v 0.892428 7.732532 22.579881
v 0.896243 7.253270 22.676408
v 0.899715 6.771960 22.764247
v 0.901334 6.528689 22.805210
v 0.902865 6.285002 22.843946
v 0.904307 6.040937 22.880450
v 0.905662 5.796530 22.914719
v 0.906928 5.551815 22.946748
v 0.908105 5.306830 22.976534
v 0.909193 5.061609 23.004075
v 0.910193 4.816190 23.029368
v 0.911104 4.570608 23.052412
v 0.911926 4.324900 23.073207
v 0.912659 4.079100 23.091753
v 0.913303 3.833246 23.108050
v 0.913858 3.587374 23.122100
v 0.914325 3.341518 23.133905
v 1.809834 3.095715 23.090718
v 1.809086 3.341518 23.081177
v 1.808163 3.587374 23.069399
v 1.807064 3.833246 23.055381
v 1.805790 4.079100 23.039121
v 1.804339 4.324900 23.020618
v 1.802713 4.570608 22.999871
v 1.800911 4.816190 22.976879
v 1.798933 5.061609 22.951643
v 1.796779 5.306830 22.924166
v 1.794450 5.551815 22.894448
v 1.791946 5.796530 22.862491
v 1.789266 6.040937 22.828301
v 1.786411 6.285002 22.791879
v 1.783382 6.528689 22.753231
v 1.780179 6.771960 22.712363
v 1.773309 7.253270 22.624723
v 1.765761 7.732532 22.528417
v 1.757538 8.209472 22.423506
v 1.748647 8.683819 22.310065
v 1.739093 9.155306 22.188176
v 1.728885 9.623670 22.057929
v 1.718029 10.088653 21.919428
v 1.444284 9.623670 22.078391
v 1.452812 9.155306 22.208758
v 1.460793 8.683819 22.330760
v 1.468221 8.209472 22.444307
v 1.475090 7.732532 22.549314
v 1.481396 7.253270 22.645710
v 1.487134 6.771960 22.733431
v 1.489810 6.528689 22.774338
v 1.492341 6.285002 22.813021
v 1.494726 6.040937 22.849477
v 1.496964 5.796530 22.883699
v 1.499057 5.551815 22.915685
v 1.501002 5.306830 22.945431
v 1.502802 5.061609 22.972934
v 1.504454 4.816190 22.998192
v 1.505959 4.570608 23.021206
v 1.507318 4.324900 23.041972
v 1.508529 4.079100 23.060493
v 1.509594 3.833246 23.076768
v 1.510512 3.587374 23.090799
v 1.511283 3.341518 23.102588
v 2.403966 3.095715 23.036443
v 2.402972 3.341518 23.026925
v 2.401746 3.587374 23.015174
v 2.400287 3.833246 23.001189
v 2.398594 4.079100 22.984968
v 2.396667 4.324900 22.966508
v 2.394507 4.570608 22.945809
v 2.392114 4.816190 22.922871
v 2.389487 5.061609 22.897695
v 2.386626 5.306830 22.870282
v 2.383532 5.551815 22.840634
v 2.380205 5.796530 22.808753
v 2.376645 6.040937 22.774643
v 2.372854 6.285002 22.738307
v 2.368830 6.528689 22.699750
v 2.364575 6.771960 22.658977
v 2.355451 7.253270 22.571543
v 2.345425 7.732532 22.475463
v 2.334502 8.209472 22.370800
v 2.322692 8.683819 22.257625
v 2.310002 9.155306 22.136022
v 2.296442 9.623670 22.006082
v 2.282023 10.088653 21.867906
v 2.012961 9.623670 22.033821
v 2.024846 9.155306 22.163925
v 2.035970 8.683819 22.285681
v 2.046322 8.209472 22.398999
v 2.055896 7.732532 22.503794
v 2.064685 7.253270 22.599995
v 2.072683 6.771960 22.687539
v 2.076412 6.528689 22.728363
v 2.079939 6.285002 22.766969
v 2.083263 6.040937 22.803351
v 2.086383 5.796530 22.837504
v 2.089299 5.551815 22.869425
v 2.092011 5.306830 22.899111
v 2.094519 5.061609 22.926559
v 2.096822 4.816190 22.951766
v 2.098920 4.570608 22.974733
v 2.100813 4.324900 22.995458
v 2.102502 4.079100 23.013941
v 2.103986 3.833246 23.030183
v 2.105265 3.587374 23.044186
v 2.106340 3.341518 23.055951
v 3.289779 3.095715 22.926711
v 3.288420 3.341518 22.917239
v 3.286742 3.587374 22.905544
v 3.284745 3.833246 22.891626
v 3.282428 4.079100 22.875482
v 3.279792 4.324900 22.857110
v 3.276836 4.570608 22.836509
v 3.273560 4.816190 22.813681
v 3.269965 5.061609 22.788625
v 3.266050 5.306830 22.761342
v 3.261816 5.551815 22.731835
v 3.257263 5.796530 22.700106
v 3.252392 6.040937 22.666158
v 3.247203 6.285002 22.629995
v 3.241697 6.528689 22.591622
v 3.235874 6.771960 22.551044
v 3.223388 7.253270 22.464026
v 3.209667 7.732532 22.368404
v 3.194720 8.209472 22.264239
v 3.178558 8.683819 22.151604
v 3.161192 9.155306 22.030580
v 3.142636 9.623670 21.901259
v 3.122903 10.088653 21.763741
v 2.840108 10.088653 21.802448
v 2.858054 9.623670 21.940210
v 2.874930 9.155306 22.069761
v 2.890723 8.683819 22.191000
v 2.905422 8.209472 22.303836
v 2.919015 7.732532 22.408186
v 2.931494 7.253270 22.503979
v 2.942849 6.771960 22.591151
v 2.948145 6.528689 22.631801
v 2.953152 6.285002 22.670243
v 2.957871 6.040937 22.706470
v 2.962301 5.796530 22.740478
v 2.966442 5.551815 22.772264
v 2.970293 5.306830 22.801823
v 2.973853 5.061609 22.829154
v 2.977123 4.816190 22.854255
v 2.980102 4.570608 22.877124
v 2.982790 4.324900 22.897761
v 2.985187 4.079100 22.916166
v 2.987294 3.833246 22.932339
v 2.989111 3.587374 22.946282
v 2.990637 3.341518 22.957997
v 2.991873 3.095715 22.967486
v 2.579261 9.623670 21.974729
v 2.594491 9.155306 22.104484
v 2.608744 8.683819 22.225913
v 2.622008 8.209472 22.338927
v 2.634276 7.732532 22.443441
v 2.645537 7.253270 22.539384
v 2.655785 6.771960 22.626693
v 2.660564 6.528689 22.667408
v 2.665083 6.285002 22.705910
v 2.669342 6.040937 22.742194
v 2.673339 5.796530 22.776256
v 2.677076 5.551815 22.808092
v 2.680551 5.306830 22.837698
v 2.683764 5.061609 22.865072
v 2.686715 4.816190 22.890212
v 2.689403 4.570608 22.913117
v 2.691829 4.324900 22.933786
v 2.693993 4.079100 22.952220
v 2.695894 3.833246 22.968418
v 2.697533 3.587374 22.982383
v 2.698911 3.341518 22.994117
v 3.381148 9.977796 21.591558
v 3.407345 9.400970 21.758847
v 3.431525 8.819864 21.913262
v 3.453675 8.234821 22.054710
v 3.473782 7.646187 22.183109
v 3.491833 7.054310 22.298381
v 3.507818 6.459542 22.400460
v 3.521728 5.862234 22.489283
v 3.533553 5.262739 22.564800
v 3.543288 4.661411 22.626965
v 3.550926 4.058608 22.675741
v 3.556463 3.454685 22.711099
v 2.543687 10.088930 21.671646
v 2.681509 3.095789 22.845858
v 1.985197 10.088930 21.729923
v 2.092759 3.095789 22.907293
v 1.424364 10.088930 21.773878
v 1.501539 3.095789 22.953629
v 0.861739 10.088930 21.803394
v 0.908429 3.095789 22.984744
v 3.267217 3.095789 22.769475
v 3.265849 3.341668 22.759943
v 3.264161 3.587601 22.748175
v 3.262151 3.833551 22.734168
v 3.259819 4.079482 22.717920
v 3.257166 4.325357 22.699430
v 3.254191 4.571140 22.678697
v 3.250894 4.816795 22.655721
v 3.247276 5.062285 22.630503
v 3.243336 5.307573 22.603043
v 3.239074 5.552623 22.573345
v 3.234492 5.797399 22.541410
v 3.229589 6.041863 22.507241
v 3.224366 6.285980 22.470844
v 3.218824 6.529713 22.432221
v 3.212964 6.773026 22.391379
v 3.200399 7.254323 22.303812
v 3.186591 7.733545 22.207588
v 3.171551 8.210414 22.102770
v 3.155288 8.684656 21.989434
v 3.137815 9.155999 21.867661
v 3.119144 9.624178 21.737545
v 3.099292 10.088930 21.599189
v 2.680386 3.341668 22.836294
v 2.679000 3.587601 22.824486
v 2.677351 3.833551 22.810432
v 2.675437 4.079482 22.794129
v 2.673260 4.325357 22.775577
v 2.670818 4.571140 22.754775
v 2.668112 4.816795 22.731722
v 2.665142 5.062285 22.706419
v 2.661909 5.307573 22.678867
v 2.658411 5.552623 22.649069
v 2.654650 5.797399 22.617027
v 2.650626 6.041863 22.582744
v 2.646340 6.285980 22.546224
v 2.641791 6.529713 22.507472
v 2.636981 6.773026 22.466493
v 2.626669 7.254323 22.378632
v 2.615337 7.733545 22.282086
v 2.602993 8.210414 22.176917
v 2.589645 8.684656 22.063200
v 2.575304 9.155999 21.941018
v 2.559981 9.624178 21.810466
v 2.818635 10.088930 21.637603
v 2.836690 9.624178 21.776206
v 2.853670 9.155999 21.906553
v 2.869561 8.684656 22.028542
v 2.884351 8.210414 22.142080
v 2.898029 7.733545 22.247084
v 2.910586 7.254323 22.343479
v 2.922013 6.773026 22.431202
v 2.927343 6.529713 22.472117
v 2.932383 6.285980 22.510808
v 2.937133 6.041863 22.547270
v 2.941592 5.797399 22.581500
v 2.945759 5.552623 22.613491
v 2.949635 5.307573 22.643243
v 2.953218 5.062285 22.670751
v 2.956509 4.816795 22.696014
v 2.959508 4.571140 22.719031
v 2.962213 4.325357 22.739801
v 2.964626 4.079482 22.758324
v 2.966746 3.833551 22.774600
v 2.968574 3.587601 22.788632
v 2.970110 3.341668 22.800422
v 2.971354 3.095789 22.809971
v 2.091883 3.341668 22.897703
v 2.090801 3.587601 22.885864
v 2.089514 3.833551 22.871772
v 2.088020 4.079482 22.855425
v 2.086321 4.325357 22.836823
v 2.084415 4.571140 22.815965
v 2.082304 4.816795 22.792850
v 2.079986 5.062285 22.767479
v 2.077462 5.307573 22.739854
v 2.074732 5.552623 22.709975
v 2.071797 5.797399 22.677847
v 2.068657 6.041863 22.643472
v 2.065311 6.285980 22.606854
v 2.061762 6.529713 22.567997
v 2.058008 6.773026 22.526908
v 2.049959 7.254323 22.438811
v 2.041115 7.733545 22.342005
v 2.031482 8.210414 22.236553
v 2.021065 8.684656 22.122530
v 2.009873 9.155999 22.000020
v 1.997913 9.624178 21.869117
v 2.264769 10.088930 21.702567
v 2.279276 9.624178 21.841585
v 2.292919 9.155999 21.972323
v 2.305688 8.684656 22.094679
v 2.317572 8.210414 22.208558
v 2.328562 7.733545 22.313877
v 2.338652 7.254323 22.410562
v 2.347834 6.773026 22.498548
v 2.352116 6.529713 22.539586
v 2.356166 6.285980 22.578393
v 2.359982 6.041863 22.614965
v 2.363565 5.797399 22.649297
v 2.366914 5.552623 22.681385
v 2.370028 5.307573 22.711225
v 2.372907 5.062285 22.738816
v 2.375551 4.816795 22.764155
v 2.377960 4.571140 22.787241
v 2.380134 4.325357 22.808073
v 2.382073 4.079482 22.826652
v 2.383776 3.833551 22.842977
v 2.385245 3.587601 22.857051
v 2.386479 3.341668 22.868876
v 2.387479 3.095789 22.878454
v 1.500910 3.341668 22.944020
v 1.500134 3.587601 22.932156
v 1.499210 3.833551 22.918036
v 1.498139 4.079482 22.901657
v 1.496920 4.325357 22.883017
v 1.495552 4.571140 22.862116
v 1.494037 4.816795 22.838955
v 1.492374 5.062285 22.813532
v 1.490563 5.307573 22.785851
v 1.488605 5.552623 22.755912
v 1.486499 5.797399 22.723719
v 1.484246 6.041863 22.689274
v 1.481845 6.285980 22.652582
v 1.479298 6.529713 22.613647
v 1.476605 6.773026 22.572475
v 1.470830 7.254323 22.484200
v 1.464485 7.733545 22.387197
v 1.457573 8.210414 22.281532
v 1.450099 8.684656 22.167279
v 1.442068 9.155999 22.044521
v 1.433488 9.624178 21.913353
v 1.705039 10.088930 21.753699
v 1.715961 9.624178 21.893045
v 1.726232 9.155999 22.024091
v 1.735845 8.684656 22.146735
v 1.744792 8.210414 22.260883
v 1.753066 7.733545 22.366450
v 1.760662 7.254323 22.463362
v 1.767575 6.773026 22.551556
v 1.770799 6.529713 22.592690
v 1.773848 6.285980 22.631589
v 1.776721 6.041863 22.668247
v 1.779418 5.797399 22.702660
v 1.781939 5.552623 22.734823
v 1.784283 5.307573 22.764734
v 1.786451 5.062285 22.792390
v 1.788442 4.816795 22.817789
v 1.790255 4.571140 22.840929
v 1.791892 4.325357 22.861810
v 1.793352 4.079482 22.880432
v 1.794634 3.833551 22.896797
v 1.795740 3.587601 22.910904
v 1.796669 3.341668 22.922756
v 1.797422 3.095789 22.932357
v 0.908049 3.341668 22.975122
v 0.907580 3.587601 22.963242
v 0.907021 3.833551 22.949103
v 0.906372 4.079482 22.932701
v 0.905635 4.325357 22.914036
v 0.904808 4.571140 22.893107
v 0.903891 4.816795 22.869914
v 0.902885 5.062285 22.844458
v 0.901789 5.307573 22.816739
v 0.900604 5.552623 22.786759
v 0.899330 5.797399 22.754522
v 0.897967 6.041863 22.720031
v 0.896515 6.285980 22.683289
v 0.894974 6.529713 22.644302
v 0.893345 6.773026 22.603073
v 0.889851 7.254323 22.514678
v 0.886012 7.733545 22.417545
v 0.881830 8.210414 22.311736
v 0.877308 8.684656 22.197328
v 0.872450 9.155999 22.074404
v 0.867259 9.624178 21.943058
v 1.143241 10.088930 21.790447
v 1.150564 9.624178 21.930028
v 1.157451 9.155999 22.061296
v 1.163896 8.684656 22.184147
v 1.169895 8.210414 22.298487
v 1.175443 7.733545 22.404233
v 1.180536 7.254323 22.501309
v 1.185171 6.773026 22.589652
v 1.187333 6.529713 22.630855
v 1.189377 6.285980 22.669820
v 1.191304 6.041863 22.706540
v 1.193112 5.797399 22.741011
v 1.194802 5.552623 22.773229
v 1.196374 5.307573 22.803190
v 1.197828 5.062285 22.830893
v 1.199163 4.816795 22.856334
v 1.200379 4.571140 22.879513
v 1.201476 4.325357 22.900430
v 1.202455 4.079482 22.919084
v 1.203315 3.833551 22.935476
v 1.204056 3.587601 22.949607
v 1.204679 3.341668 22.961479
v 1.205184 3.095789 22.971096
v 0.314019 3.095789 23.000546
v 0.313887 3.341668 22.990917
v 0.313725 3.587601 22.979029
v 0.313532 3.833551 22.964880
v 0.313308 4.079482 22.948467
v 0.313053 4.325357 22.929789
v 0.312767 4.571140 22.908846
v 0.312450 4.816795 22.885637
v 0.312102 5.062285 22.860163
v 0.311723 5.307573 22.832425
v 0.311314 5.552623 22.802425
v 0.310873 5.797399 22.770166
v 0.310402 6.041863 22.735651
v 0.309900 6.285980 22.698883
v 0.309368 6.529713 22.659869
v 0.308804 6.773026 22.618613
v 0.307597 7.254323 22.530157
v 0.306270 7.733545 22.432956
v 0.304824 8.210414 22.327075
v 0.303261 8.684656 22.212588
v 0.301582 9.155999 22.089580
v 0.299787 9.624178 21.958143
v 0.297879 10.088930 21.818383
v 0.579928 10.088930 21.812709
v 0.583643 9.624178 21.952433
v 0.587136 9.155999 22.083835
v 0.590406 8.684656 22.206811
v 0.593449 8.210414 22.321268
v 0.596263 7.733545 22.427122
v 0.598847 7.254323 22.524297
v 0.601198 6.773026 22.612730
v 0.602295 6.529713 22.653976
v 0.603332 6.285980 22.692980
v 0.604309 6.041863 22.729737
v 0.605226 5.797399 22.764244
v 0.606084 5.552623 22.796494
v 0.606881 5.307573 22.826486
v 0.607618 5.062285 22.854217
v 0.608295 4.816795 22.879685
v 0.608912 4.571140 22.902888
v 0.609469 4.325357 22.923826
v 0.609965 4.079482 22.942499
v 0.610402 3.833551 22.958907
v 0.610778 3.587601 22.973053
v 0.611094 3.341668 22.984937
v 0.611350 3.095789 22.994564
v -0.281099 3.095789 23.000972
v -0.280982 3.341668 22.991343
v -0.280837 3.587601 22.979454
v -0.280664 3.833551 22.965305
v -0.280463 4.079482 22.948892
v -0.280235 4.325357 22.930214
v -0.279979 4.571140 22.909270
v -0.279695 4.816795 22.886061
v -0.279384 5.062285 22.860586
v -0.279045 5.307573 22.832847
v -0.278678 5.552623 22.802847
v -0.278284 5.797399 22.770587
v -0.277862 6.041863 22.736071
v -0.277413 6.285980 22.699304
v -0.276936 6.529713 22.660289
v -0.276432 6.773026 22.619031
v -0.275351 7.254323 22.530574
v -0.274163 7.733545 22.433372
v -0.272869 8.210414 22.327488
v -0.271470 8.684656 22.212999
v -0.269966 9.155999 22.089989
v -0.268360 9.624178 21.958550
v -0.266652 10.088930 21.818787
v 0.011901 10.088930 21.820413
v 0.011977 9.624178 21.960187
v 0.012049 9.155999 22.091635
v 0.012116 8.684656 22.214655
v 0.012179 8.210414 22.329152
v 0.012236 7.733545 22.435043
v 0.012289 7.254323 22.532253
v 0.012338 6.773026 22.620717
v 0.012360 6.529713 22.661977
v 0.012381 6.285980 22.700995
v 0.012402 6.041863 22.737766
v 0.012420 5.797399 22.772284
v 0.012438 5.552623 22.804546
v 0.012454 5.307573 22.834549
v 0.012469 5.062285 22.862290
v 0.012483 4.816795 22.887766
v 0.012496 4.571140 22.910977
v 0.012507 4.325357 22.931923
v 0.012518 4.079482 22.950602
v 0.012527 3.833551 22.967017
v 0.012534 3.587601 22.981167
v 0.012541 3.341668 22.993056
v 0.012546 3.095789 23.002686
v -0.876328 3.095789 22.985991
v -0.875962 3.341668 22.976368
v -0.875509 3.587601 22.964487
v -0.874970 3.833551 22.950347
v -0.874344 4.079482 22.933945
v -0.873633 4.325357 22.915279
v -0.872835 4.571140 22.894349
v -0.871950 4.816795 22.871154
v -0.870980 5.062285 22.845696
v -0.869923 5.307573 22.817976
v -0.868780 5.552623 22.787995
v -0.867551 5.797399 22.755756
v -0.866236 6.041863 22.721263
v -0.864835 6.285980 22.684519
v -0.863349 6.529713 22.645529
v -0.861777 6.773026 22.604299
v -0.858407 7.254323 22.515899
v -0.854703 7.733545 22.418760
v -0.850669 8.210414 22.312946
v -0.846307 8.684656 22.198532
v -0.841620 9.155999 22.075601
v -0.836613 9.624178 21.944248
v -0.831288 10.088930 21.804576
v -0.550967 10.088930 21.813459
v -0.554496 9.624178 21.953188
v -0.557815 9.155999 22.084595
v -0.560921 8.684656 22.207575
v -0.563812 8.210414 22.322037
v -0.566486 7.733545 22.427894
v -0.568941 7.254323 22.525072
v -0.571174 6.773026 22.613508
v -0.572216 6.529713 22.654755
v -0.573201 6.285980 22.693761
v -0.574130 6.041863 22.730520
v -0.575001 5.797399 22.765027
v -0.575816 5.552623 22.797279
v -0.576574 5.307573 22.827272
v -0.577274 5.062285 22.855004
v -0.577917 4.816795 22.880472
v -0.578503 4.571140 22.903676
v -0.579032 4.325357 22.924615
v -0.579504 4.079482 22.943288
v -0.579918 3.833551 22.959697
v -0.580276 3.587601 22.973843
v -0.580576 3.341668 22.985728
v -0.580819 3.095789 22.995355
v -1.765995 3.095789 22.934799
v -1.765256 3.341668 22.925197
v -1.764343 3.587601 22.913343
v -1.763256 3.833551 22.899234
v -1.761996 4.079482 22.882868
v -1.760562 4.325357 22.864244
v -1.758954 4.571140 22.843361
v -1.757172 4.816795 22.820218
v -1.755216 5.062285 22.794817
v -1.753086 5.307573 22.767158
v -1.750783 5.552623 22.737244
v -1.748306 5.797399 22.705077
v -1.745656 6.041863 22.670660
v -1.742833 6.285980 22.633998
v -1.739838 6.529713 22.595095
v -1.736670 6.773026 22.553957
v -1.729878 7.254323 22.465754
v -1.722415 7.733545 22.368831
v -1.714285 8.210414 22.263253
v -1.705495 8.684656 22.149093
v -1.696050 9.155999 22.026436
v -1.685959 9.624178 21.895376
v -1.675228 10.088930 21.756015
v -1.113468 10.088930 21.791989
v -1.120600 9.624178 21.931580
v -1.127308 9.155999 22.062857
v -1.133585 8.684656 22.185717
v -1.139428 8.210414 22.300065
v -1.144831 7.733545 22.405818
v -1.149792 7.254323 22.502901
v -1.154306 6.773026 22.591250
v -1.156412 6.529713 22.632456
v -1.158403 6.285980 22.671424
v -1.160279 6.041863 22.708146
v -1.162040 5.797399 22.742620
v -1.163687 5.552623 22.774840
v -1.165218 5.307573 22.804803
v -1.166633 5.062285 22.832508
v -1.167933 4.816795 22.857951
v -1.169118 4.571140 22.881132
v -1.170187 4.325357 22.902050
v -1.171140 4.079482 22.920705
v -1.171977 3.833551 22.937098
v -1.172699 3.587601 22.951230
v -1.173306 3.341668 22.963104
v -1.173798 3.095789 22.972721
v -2.357017 3.095789 22.881613
v -2.356030 3.341668 22.872033
v -2.354812 3.587601 22.860207
v -2.353362 3.833551 22.846131
v -2.351680 4.079482 22.829803
v -2.349766 4.325357 22.811222
v -2.347620 4.571140 22.790387
v -2.345241 4.816795 22.767298
v -2.342631 5.062285 22.741955
v -2.339788 5.307573 22.714361
v -2.336714 5.552623 22.684516
v -2.333408 5.797399 22.652423
v -2.329871 6.041863 22.618087
v -2.326104 6.285980 22.581510
v -2.322106 6.529713 22.542697
v -2.317878 6.773026 22.501654
v -2.308813 7.254323 22.413656
v -2.298852 7.733545 22.316958
v -2.288002 8.210414 22.211624
v -2.276270 8.684656 22.097729
v -2.263664 9.155999 21.975357
v -2.250195 9.624178 21.844600
v -2.235873 10.088930 21.705563
v -2.951874 3.095789 22.812500
v -2.950639 3.341668 22.802950
v -2.949113 3.587601 22.791159
v -2.947297 3.833551 22.777125
v -2.945191 4.079482 22.760847
v -2.942793 4.325357 22.742322
v -2.940106 4.571140 22.721550
v -2.937127 4.816795 22.698530
v -2.933858 5.062285 22.673265
v -2.930298 5.307573 22.645753
v -2.926448 5.552623 22.615999
v -2.922307 5.797399 22.584003
v -2.917878 6.041863 22.549770
v -2.913159 6.285980 22.513304
v -2.908152 6.529713 22.474608
v -2.902857 6.773026 22.433689
v -2.891505 7.254323 22.345957
v -2.879030 7.733545 22.249551
v -2.865442 8.210414 22.144535
v -2.850748 8.684656 22.030984
v -2.834962 9.155999 21.908981
v -2.818093 9.624178 21.778620
v -2.800156 10.088930 21.640002
v -3.540224 3.095789 22.728628
v -3.538742 3.341668 22.719113
v -3.536912 3.587601 22.707366
v -3.534734 3.833551 22.693384
v -3.532208 4.079482 22.677165
v -3.529333 4.325357 22.658708
v -3.526109 4.571140 22.638012
v -3.522537 4.816795 22.615078
v -3.518616 5.062285 22.589905
v -3.514347 5.307573 22.562494
v -3.509729 5.552623 22.532849
v -3.504764 5.797399 22.500971
v -3.499451 6.041863 22.466864
v -3.493792 6.285980 22.430532
v -3.487787 6.529713 22.391979
v -3.481437 6.773026 22.351210
v -3.467822 7.254323 22.263800
v -3.452861 7.733545 22.167749
v -3.436564 8.210414 22.063119
v -3.418942 8.684656 21.949986
v -3.400009 9.155999 21.828431
v -3.379778 9.624178 21.698549
v -3.358266 10.088930 21.560441
v -4.125429 3.095789 22.629727
v -4.123702 3.341668 22.620253
v -4.121569 3.587601 22.608557
v -4.119032 3.833551 22.594636
v -4.116088 4.079482 22.578488
v -4.112738 4.325357 22.560111
v -4.108981 4.571140 22.539506
v -4.104818 4.816795 22.516671
v -4.100249 5.062285 22.491607
v -4.095274 5.307573 22.464316
v -4.089893 5.552623 22.434800
v -4.084107 5.797399 22.403061
v -4.077917 6.041863 22.369103
v -4.071322 6.285980 22.332928
v -4.064324 6.529713 22.294543
v -4.056924 6.773026 22.253952
v -4.041059 7.254323 22.166922
v -4.023625 7.733545 22.071288
v -4.004634 8.210414 21.967114
v -3.984099 8.684656 21.854473
v -3.962036 9.155999 21.733448
v -3.938461 9.624178 21.604131
v -3.913393 10.088930 21.466624
v -4.706919 3.095789 22.515964
v -4.704948 3.341668 22.506538
v -4.702516 3.587601 22.494900
v -4.699620 3.833551 22.481049
v -4.696261 4.079482 22.464982
v -4.692439 4.325357 22.446698
v -4.688153 4.571140 22.426196
v -4.683404 4.816795 22.403476
v -4.678190 5.062285 22.378538
v -4.672514 5.307573 22.351385
v -4.666375 5.552623 22.322017
v -4.659773 5.797399 22.290437
v -4.652710 6.041863 22.256649
v -4.645186 6.285980 22.220657
v -4.637202 6.529713 22.182465
v -4.628759 6.773026 22.142077
v -4.610657 7.254323 22.055485
v -4.590765 7.733545 21.960332
v -4.569097 8.210414 21.856682
v -4.545668 8.684656 21.744607
v -4.520495 9.155999 21.624190
v -4.493598 9.624178 21.495523
v -4.464997 10.088930 21.358707
v -5.009357 10.088930 21.237630
v -5.041445 9.624178 21.373670
v -5.071622 9.155999 21.501608
v -5.099864 8.684656 21.621342
v -5.126149 8.210414 21.732782
v -5.150459 7.733545 21.835844
v -5.172775 7.254323 21.930458
v -5.193084 6.773026 22.016559
v -5.202556 6.529713 22.056717
v -5.211514 6.285980 22.094693
v -5.219955 6.041863 22.130482
v -5.227880 5.797399 22.164078
v -5.235286 5.552623 22.195479
v -5.242174 5.307573 22.224680
v -5.248542 5.062285 22.251680
v -5.254391 4.816795 22.276476
v -5.259720 4.571140 22.299067
v -5.264528 4.325357 22.319453
v -5.268816 4.079482 22.337634
v -5.272585 3.833551 22.353609
v -5.275833 3.587601 22.367382
v -5.278563 3.341668 22.378953
v -5.280773 3.095789 22.388326
vt 34.421340 7.700000 0.000000
vt 34.603600 7.127796 0.000000
vt 34.588467 7.700000 0.000000
vt 34.769610 7.127529 0.000000
vt 34.772929 6.550970 0.000000
vt 34.937894 6.550497 0.000000
vt 34.929225 5.969864 0.000000
vt 35.093223 5.969241 0.000000
vt 35.072398 5.384821 0.000000
vt 35.235505 5.384100 0.000000
vt 35.202361 4.796187 0.000000
vt 35.364657 4.795417 0.000000
vt 35.319038 4.204310 0.000000
vt 35.480603 4.203535 0.000000
vt 35.422360 3.609542 0.000000
vt 35.583277 3.608799 0.000000
vt 35.512266 3.012234 0.000000
vt 35.672617 3.011557 0.000000
vt 35.588703 2.412739 0.000000
vt 35.748573 2.412158 0.000000
vt 35.651626 1.811411 0.000000
vt 35.811099 1.810951 0.000000
vt 35.700996 1.208608 0.000000
vt 35.860159 1.208288 0.000000
vt 35.736786 0.604685 0.000000
vt 35.895724 0.604520 0.000000
vt 35.758973 -0.000000 0.000000
vt 35.917774 -0.000000 0.000000
vt 30.939652 -10.530452 0.000000
vt 31.019017 -11.083884 0.000000
vt 31.104766 -10.504596 0.000000
vt 31.084080 -11.639178 0.000000
vt 31.184744 -11.062295 0.000000
vt 31.134798 -12.195966 0.000000
vt 31.250309 -11.621872 0.000000
vt 31.171136 -12.753877 0.000000
vt 31.301417 -12.182953 0.000000
vt 31.193071 -13.312539 0.000000
vt 31.338036 -12.745167 0.000000
vt 31.360139 -13.308137 0.000000
vt 31.200587 -13.871582 0.000000
vt 31.367714 -13.871491 0.000000
vt 31.360754 -14.434852 0.000000
vt 31.193681 -14.430632 0.000000
vt 31.339264 -14.997847 0.000000
vt 31.303259 -15.560100 0.000000
vt 31.172356 -14.989319 0.000000
vt 31.252763 -16.121237 0.000000
vt 31.136626 -15.547269 0.000000
vt 31.187808 -16.680884 0.000000
vt 31.086516 -16.104112 0.000000
vt 31.108439 -17.238670 0.000000
vt 31.022058 -16.659477 0.000000
vt 31.014708 -17.794223 0.000000
vt 30.943296 -17.212994 0.000000
vt 30.906677 -18.347174 0.000000
vt 30.850283 -17.764296 0.000000
vt 30.784419 -18.897153 0.000000
vt 30.743079 -18.313015 0.000000
vt 30.648015 -19.443796 0.000000
vt 30.621756 -18.858786 0.000000
vt 30.486396 -19.401246 0.000000
vt 0.313999 35.061801 0.000000
vt 0.338567 35.218689 0.000000
vt -0.273591 35.146065 0.000000
vt -0.863158 35.215144 0.000000
vt -0.253078 35.303535 0.000000
vt -1.454311 35.268992 0.000000
vt -0.846714 35.373091 0.000000
vt -2.046657 35.307573 0.000000
vt -1.441947 35.427310 0.000000
vt -2.639800 35.330861 0.000000
vt -2.038380 35.466157 0.000000
vt -2.635617 35.489607 0.000000
vt -3.233347 35.338842 0.000000
vt -3.233261 35.497642 0.000000
vt -3.830912 35.490259 0.000000
vt -3.826902 35.331509 0.000000
vt -4.428174 35.467461 0.000000
vt -5.024650 35.429264 0.000000
vt -4.420071 35.308867 0.000000
vt -5.619942 35.375694 0.000000
vt -5.012458 35.270932 0.000000
vt -6.213653 35.306786 0.000000
vt -5.603670 35.217729 0.000000
vt -6.805390 35.222586 0.000000
vt -6.193312 35.149293 0.000000
vt -7.394758 35.123150 0.000000
vt -6.780993 35.065670 0.000000
vt -7.981365 35.008544 0.000000
vt -7.366321 34.966916 0.000000
vt -8.564820 34.878844 0.000000
vt -7.948907 34.853095 0.000000
vt -8.528364 34.724285 0.000000
vt -9.144735 34.734137 0.000000
vt -9.104304 34.580570 0.000000
vt -7.255559 9.438372 0.000000
vt -7.862298 9.438372 0.000000
vt -7.615620 8.845025 0.000000
vt -7.862298 8.845025 0.000000
vt -7.615620 8.258576 0.000000
vt -7.862298 8.253062 0.000000
vt -7.615620 7.668678 0.000000
vt -7.862298 7.662283 0.000000
vt -7.615620 7.078779 0.000000
vt -7.862298 7.072486 0.000000
vt -7.615620 6.488881 0.000000
vt -7.862298 6.483476 0.000000
vt -7.615620 5.895053 0.000000
vt -7.862298 5.895053 0.000000
vt -7.615620 5.307022 0.000000
vt -7.862298 5.307022 0.000000
vt -7.615620 4.719186 0.000000
vt -7.862298 4.719186 0.000000
vt -7.615620 4.424237 0.000000
vt -7.862298 4.131351 0.000000
vt -7.615620 4.131351 0.000000
vt -7.615620 3.834339 0.000000
vt -7.368943 3.834339 0.000000
vt -7.368943 3.543320 0.000000
vt -7.122266 3.543320 0.000000
vt -7.122266 3.244440 0.000000
vt -6.875588 3.244440 0.000000
vt -6.875588 2.949491 0.000000
vt -6.628911 2.949491 0.000000
vt -6.628911 2.654542 0.000000
vt -6.382234 2.654542 0.000000
vt -6.382234 2.359593 0.000000
vt -6.135557 2.359593 0.000000
vt -6.135557 2.064644 0.000000
vt -5.888879 2.064644 0.000000
vt -5.888879 1.769695 0.000000
vt -5.642202 1.769695 0.000000
vt -5.642202 1.474746 0.000000
vt -5.395525 1.474746 0.000000
vt -5.395525 1.179797 0.000000
vt -5.148847 1.179797 0.000000
vt -5.148847 0.884847 0.000000
vt -4.902170 0.884847 0.000000
vt -4.902170 0.593347 0.000000
vt -4.655493 0.593347 0.000000
vt -4.655493 0.294949 0.000000
vt -4.408815 0.294949 0.000000
vt -4.232927 0.000000 0.000000
vt -4.162138 0.294949 0.000000
vt -3.915461 0.294949 0.000000
vt -4.162138 0.593347 0.000000
vt -3.915461 0.593347 0.000000
vt -4.162138 0.884847 0.000000
vt -3.915461 0.884847 0.000000
vt -4.162138 1.179797 0.000000
vt -3.915461 1.179797 0.000000
vt -4.162138 1.474746 0.000000
vt -3.915461 1.474746 0.000000
vt -4.162138 1.769695 0.000000
vt -3.915461 1.769695 0.000000
vt -4.162138 2.064644 0.000000
vt -3.915461 2.064644 0.000000
vt -4.162138 2.359593 0.000000
vt -3.915461 2.359593 0.000000
vt -4.162138 2.654542 0.000000
vt -3.915461 2.654542 0.000000
vt -4.162138 2.949491 0.000000
vt -3.915461 2.949491 0.000000
vt -4.162138 3.244440 0.000000
vt -3.915461 3.244440 0.000000
vt -4.162138 3.543320 0.000000
vt -3.915461 3.543320 0.000000
vt -4.162138 3.834339 0.000000
vt -3.915461 3.834339 0.000000
vt -4.162138 4.131351 0.000000
vt -3.915461 4.131351 0.000000
vt -4.162138 4.424237 0.000000
vt -3.915461 4.424237 0.000000
vt -4.162138 4.719186 0.000000
vt -3.915461 4.719186 0.000000
vt -4.162138 5.307022 0.000000
vt -3.915461 5.307022 0.000000
vt -4.162138 5.895053 0.000000
vt -3.915461 5.895053 0.000000
vt -4.162138 6.488881 0.000000
vt -3.915461 6.488881 0.000000
vt -4.162138 7.078779 0.000000
vt -3.915461 7.078779 0.000000
vt -4.162138 7.668678 0.000000
vt -3.915461 7.668678 0.000000
vt -4.162138 8.258576 0.000000
vt -3.915461 8.258576 0.000000
vt -4.162138 8.845025 0.000000
vt -3.915461 8.845025 0.000000
vt -4.232927 9.438372 0.000000
vt -3.629371 9.438372 0.000000
vt -3.426028 8.845025 0.000000
vt -3.025727 9.438372 0.000000
vt -2.936596 8.845025 0.000000
vt -2.421819 9.438372 0.000000
vt -2.447163 8.845025 0.000000
vt -1.957730 8.845025 0.000000
vt -1.957730 8.258576 0.000000
vt -1.468298 8.258576 0.000000
vt -1.468298 7.668678 0.000000
vt -0.978865 7.668678 0.000000
vt -0.978865 7.078779 0.000000
vt -0.489433 7.078779 0.000000
vt -0.489433 6.488881 0.000000
vt -0.000000 7.072486 0.000000
vt -0.000000 6.483476 0.000000
vt -0.489433 5.895053 0.000000
vt -0.000000 5.895053 0.000000
vt -0.000000 5.307022 0.000000
vt -0.489433 5.307022 0.000000
vt -0.000000 4.719186 0.000000
vt -0.489433 4.719186 0.000000
vt -0.489433 4.424237 0.000000
vt -0.978865 4.719186 0.000000
vt -0.978865 4.424237 0.000000
vt -1.468298 4.719186 0.000000
vt -1.468298 4.424237 0.000000
vt -1.957730 4.719186 0.000000
vt -1.957730 4.424237 0.000000
vt -2.447163 4.719186 0.000000
vt -2.447163 4.424237 0.000000
vt -2.936596 4.719186 0.000000
vt -2.936596 4.424237 0.000000
vt -3.426028 4.719186 0.000000
vt -3.426028 4.424237 0.000000
vt -7.862298 3.543320 0.000000
vt -7.615620 3.543320 0.000000
vt -7.368943 3.244440 0.000000
vt -7.122266 2.949491 0.000000
vt -6.875588 2.654542 0.000000
vt -6.628911 2.359593 0.000000
vt -6.382234 2.064644 0.000000
vt -6.135557 1.769695 0.000000
vt -5.888879 1.474746 0.000000
vt -5.642202 1.179797 0.000000
vt -5.395525 0.884847 0.000000
vt -5.148847 0.593347 0.000000
vt -4.902170 0.294949 0.000000
vt -4.836570 0.000000 0.000000
vt -7.615620 3.244440 0.000000
vt -7.862298 2.954897 0.000000
vt -7.615620 2.949491 0.000000
vt -7.615620 2.654542 0.000000
vt -7.368943 2.654542 0.000000
vt -7.368943 2.359593 0.000000
vt -7.122266 2.359593 0.000000
vt -7.122266 2.064644 0.000000
vt -6.875588 2.064644 0.000000
vt -6.875588 1.769695 0.000000
vt -6.628911 1.769695 0.000000
vt -6.628911 1.474746 0.000000
vt -6.382234 1.474746 0.000000
vt -6.382234 1.179797 0.000000
vt -6.135557 1.179797 0.000000
vt -6.135557 0.884847 0.000000
vt -5.888879 0.884847 0.000000
vt -5.888879 0.593347 0.000000
vt -5.642202 0.593347 0.000000
vt -5.642202 0.294949 0.000000
vt -5.395525 0.294949 0.000000
vt -5.440478 0.000000 0.000000
vt -5.148847 0.294949 0.000000
vt -7.862298 2.365886 0.000000
vt -7.615620 2.359593 0.000000
vt -7.368943 2.064644 0.000000
vt -7.122266 1.769695 0.000000
vt -6.875588 1.474746 0.000000
vt -6.628911 1.179797 0.000000
vt -6.382234 0.884847 0.000000
vt -6.135557 0.593347 0.000000
vt -5.888879 0.294949 0.000000
vt -6.044828 0.000000 0.000000
vt -7.615620 2.064644 0.000000
vt -7.862298 1.776090 0.000000
vt -7.615620 1.769695 0.000000
vt -7.615620 1.474746 0.000000
vt -7.368943 1.474746 0.000000
vt -7.368943 1.179797 0.000000
vt -7.122266 1.179797 0.000000
vt -7.122266 0.884847 0.000000
vt -6.875588 0.884847 0.000000
vt -6.875588 0.593347 0.000000
vt -6.628911 0.593347 0.000000
vt -6.628911 0.294949 0.000000
vt -6.382234 0.294949 0.000000
vt -6.649795 0.000000 0.000000
vt -7.862298 1.185310 0.000000
vt -7.615620 1.179797 0.000000
vt -7.368943 0.884847 0.000000
vt -7.122266 0.593347 0.000000
vt -6.875588 0.294949 0.000000
vt -7.615620 0.884847 0.000000
vt -7.862298 0.593347 0.000000
vt -7.615620 0.593347 0.000000
vt -7.615620 0.294949 0.000000
vt -7.368943 0.294949 0.000000
vt -7.255559 0.000000 0.000000
vt -7.122266 0.294949 0.000000
vt -7.862298 0.000000 0.000000
vt -3.629371 0.000000 0.000000
vt -3.426028 0.294949 0.000000
vt -3.426028 0.593347 0.000000
vt -3.426028 0.884847 0.000000
vt -3.426028 1.179797 0.000000
vt -3.426028 1.474746 0.000000
vt -3.426028 1.769695 0.000000
vt -3.426028 2.064644 0.000000
vt -3.426028 2.359593 0.000000
vt -3.426028 2.654542 0.000000
vt -3.426028 2.949491 0.000000
vt -3.426028 3.244440 0.000000
vt -3.426028 3.543320 0.000000
vt -3.426028 3.834339 0.000000
vt -3.426028 4.131351 0.000000
vt -3.025727 0.000000 0.000000
vt -2.936596 0.294949 0.000000
vt -2.936596 0.593347 0.000000
vt -2.936596 0.884847 0.000000
vt -2.936596 1.179797 0.000000
vt -2.936596 1.474746 0.000000
vt -2.936596 1.769695 0.000000
vt -2.936596 2.064644 0.000000
vt -2.936596 2.359593 0.000000
vt -2.936596 2.654542 0.000000
vt -2.936596 2.949491 0.000000
vt -2.936596 3.244440 0.000000
vt -2.936596 3.543320 0.000000
vt -2.936596 3.834339 0.000000
vt -2.936596 4.131351 0.000000
vt -2.421819 0.000000 0.000000
vt -2.447163 0.294949 0.000000
vt -2.447163 0.593347 0.000000
vt -2.447163 0.884847 0.000000
vt -2.447163 1.179797 0.000000
vt -2.447163 1.474746 0.000000
vt -2.447163 1.769695 0.000000
vt -2.447163 2.064644 0.000000
vt -2.447163 2.359593 0.000000
vt -2.447163 2.654542 0.000000
vt -2.447163 2.949491 0.000000
vt -2.447163 3.244440 0.000000
vt -2.447163 3.543320 0.000000
vt -2.447163 3.834339 0.000000
vt -2.447163 4.131351 0.000000
vt -1.957730 0.294949 0.000000
vt -1.817470 0.000000 0.000000
vt -1.468298 0.294949 0.000000
vt -1.212502 0.000000 0.000000
vt -0.978865 0.294949 0.000000
vt -0.606739 0.000000 0.000000
vt -0.489433 0.294949 0.000000
vt -0.000000 0.000000 0.000000
vt -0.000000 0.593347 0.000000
vt -0.000000 1.185310 0.000000
vt -0.489433 0.884847 0.000000
vt -0.489433 0.593347 0.000000
vt -0.978865 0.593347 0.000000
vt -1.468298 0.593347 0.000000
vt -1.957730 0.593347 0.000000
vt -0.000000 1.776090 0.000000
vt -0.489433 1.474746 0.000000
vt -0.489433 1.179797 0.000000
vt -0.978865 1.179797 0.000000
vt -0.978865 0.884847 0.000000
vt -1.468298 1.179797 0.000000
vt -1.468298 0.884847 0.000000
vt -1.957730 1.179797 0.000000
vt -1.957730 0.884847 0.000000
vt -0.000000 2.365886 0.000000
vt -0.489433 2.064644 0.000000
vt -0.489433 1.769695 0.000000
vt -0.978865 1.769695 0.000000
vt -0.978865 1.474746 0.000000
vt -1.468298 1.769695 0.000000
vt -1.468298 1.474746 0.000000
vt -1.957730 1.769695 0.000000
vt -1.957730 1.474746 0.000000
vt -0.000000 2.954897 0.000000
vt -0.489433 2.654542 0.000000
vt -0.489433 2.359593 0.000000
vt -0.978865 2.359593 0.000000
vt -0.978865 2.064644 0.000000
vt -1.468298 2.359593 0.000000
vt -1.468298 2.064644 0.000000
vt -1.957730 2.359593 0.000000
vt -1.957730 2.064644 0.000000
vt -0.000000 3.543320 0.000000
vt -0.489433 3.244440 0.000000
vt -0.489433 2.949491 0.000000
vt -0.978865 2.949491 0.000000
vt -0.978865 2.654542 0.000000
vt -1.468298 2.949491 0.000000
vt -1.468298 2.654542 0.000000
vt -1.957730 2.949491 0.000000
vt -1.957730 2.654542 0.000000
vt -0.000000 4.131351 0.000000
vt -0.489433 3.834339 0.000000
vt -0.489433 3.543320 0.000000
vt -0.978865 3.543320 0.000000
vt -0.978865 3.244440 0.000000
vt -1.468298 3.543320 0.000000
vt -1.468298 3.244440 0.000000
vt -1.957730 3.543320 0.000000
vt -1.957730 3.244440 0.000000
vt -0.489433 4.131351 0.000000
vt -0.978865 4.131351 0.000000
vt -0.978865 3.834339 0.000000
vt -1.468298 4.131351 0.000000
vt -1.468298 3.834339 0.000000
vt -1.957730 4.131351 0.000000
vt -1.957730 3.834339 0.000000
vt -0.000000 7.662283 0.000000
vt -0.489433 7.668678 0.000000
vt -0.978865 8.258576 0.000000
vt -1.468298 8.845025 0.000000
vt -1.817470 9.438372 0.000000
vt -0.000000 8.253062 0.000000
vt -0.489433 8.258576 0.000000
vt -0.978865 8.845025 0.000000
vt -1.212502 9.438372 0.000000
vt -0.000000 8.845025 0.000000
vt -0.489433 8.845025 0.000000
vt -0.606739 9.438372 0.000000
vt -0.000000 9.438372 0.000000
vt -4.836570 9.438372 0.000000
vt -4.655493 8.845025 0.000000
vt -4.408815 8.845025 0.000000
vt -5.440478 9.438372 0.000000
vt -5.148847 8.845025 0.000000
vt -4.902170 8.845025 0.000000
vt -4.655493 8.258576 0.000000
vt -4.408815 8.258576 0.000000
vt -4.408815 7.668678 0.000000
vt -6.044828 9.438372 0.000000
vt -5.642202 8.845025 0.000000
vt -5.395525 8.845025 0.000000
vt -5.148847 8.258576 0.000000
vt -4.902170 8.258576 0.000000
vt -4.902170 7.668678 0.000000
vt -4.655493 7.668678 0.000000
vt -4.655493 7.078779 0.000000
vt -4.408815 7.078779 0.000000
vt -4.408815 6.488881 0.000000
vt -6.649795 9.438372 0.000000
vt -6.382234 8.845025 0.000000
vt -6.135557 8.845025 0.000000
vt -5.888879 8.845025 0.000000
vt -5.888879 8.258576 0.000000
vt -5.642202 8.258576 0.000000
vt -5.642202 7.668678 0.000000
vt -5.395525 7.668678 0.000000
vt -5.395525 7.078779 0.000000
vt -5.148847 7.078779 0.000000
vt -5.148847 6.488881 0.000000
vt -4.902170 6.488881 0.000000
vt -4.902170 5.895053 0.000000
vt -4.655493 5.895053 0.000000
vt -4.655493 5.307022 0.000000
vt -4.408815 5.307022 0.000000
vt -4.408815 4.719186 0.000000
vt -6.875588 8.845025 0.000000
vt -6.628911 8.845025 0.000000
vt -6.382234 8.258576 0.000000
vt -6.135557 8.258576 0.000000
vt -6.135557 7.668678 0.000000
vt -5.888879 7.668678 0.000000
vt -5.888879 7.078779 0.000000
vt -5.642202 7.078779 0.000000
vt -5.642202 6.488881 0.000000
vt -5.395525 6.488881 0.000000
vt -5.395525 5.895053 0.000000
vt -5.148847 5.895053 0.000000
vt -5.148847 5.307022 0.000000
vt -4.902170 5.307022 0.000000
vt -4.902170 4.719186 0.000000
vt -4.655493 4.719186 0.000000
vt -4.655493 4.424237 0.000000
vt -4.408815 4.424237 0.000000
vt -4.408815 4.131351 0.000000
vt -7.368943 8.845025 0.000000
vt -7.122266 8.845025 0.000000
vt -6.875588 8.258576 0.000000
vt -6.628911 8.258576 0.000000
vt -6.628911 7.668678 0.000000
vt -6.382234 7.668678 0.000000
vt -6.382234 7.078779 0.000000
vt -6.135557 7.078779 0.000000
vt -6.135557 6.488881 0.000000
vt -5.888879 6.488881 0.000000
vt -5.888879 5.895053 0.000000
vt -5.642202 5.895053 0.000000
vt -5.642202 5.307022 0.000000
vt -5.395525 5.307022 0.000000
vt -5.395525 4.719186 0.000000
vt -5.148847 4.719186 0.000000
vt -5.148847 4.424237 0.000000
vt -4.902170 4.424237 0.000000
vt -4.902170 4.131351 0.000000
vt -4.655493 4.131351 0.000000
vt -4.655493 3.834339 0.000000
vt -4.408815 3.834339 0.000000
vt -4.408815 3.543320 0.000000
vt -7.368943 8.258576 0.000000
vt -7.368943 7.668678 0.000000
vt -7.368943 7.078779 0.000000
vt -7.368943 6.488881 0.000000
vt -7.368943 5.895053 0.000000
vt -7.368943 5.307022 0.000000
vt -7.368943 4.719186 0.000000
vt -7.368943 4.424237 0.000000
vt -7.368943 4.131351 0.000000
vt -7.122266 8.258576 0.000000
vt -7.122266 7.668678 0.000000
vt -7.122266 7.078779 0.000000
vt -7.122266 6.488881 0.000000
vt -7.122266 5.895053 0.000000
vt -7.122266 5.307022 0.000000
vt -7.122266 4.719186 0.000000
vt -7.122266 4.424237 0.000000
vt -7.122266 4.131351 0.000000
vt -7.122266 3.834339 0.000000
vt -5.395525 8.258576 0.000000
vt -3.426028 8.258576 0.000000
vt -3.426028 7.668678 0.000000
vt -3.426028 7.078779 0.000000
vt -3.426028 6.488881 0.000000
vt -3.426028 5.895053 0.000000
vt -3.426028 5.307022 0.000000
vt -2.936596 8.258576 0.000000
vt -2.936596 7.668678 0.000000
vt -2.936596 7.078779 0.000000
vt -2.936596 6.488881 0.000000
vt -2.936596 5.895053 0.000000
vt -2.936596 5.307022 0.000000
vt -2.447163 8.258576 0.000000
vt -2.447163 7.668678 0.000000
vt -2.447163 7.078779 0.000000
vt -2.447163 6.488881 0.000000
vt -2.447163 5.895053 0.000000
vt -2.447163 5.307022 0.000000
vt -6.875588 7.668678 0.000000
vt -6.628911 7.078779 0.000000
vt -6.382234 6.488881 0.000000
vt -6.135557 5.895053 0.000000
vt -5.888879 5.307022 0.000000
vt -5.642202 4.719186 0.000000
vt -5.395525 4.424237 0.000000
vt -5.148847 4.131351 0.000000
vt -4.902170 3.834339 0.000000
vt -4.655493 3.543320 0.000000
vt -4.408815 3.244440 0.000000
vt -5.148847 7.668678 0.000000
vt -1.957730 7.668678 0.000000
vt -1.468298 7.078779 0.000000
vt -0.978865 6.488881 0.000000
vt -6.875588 7.078779 0.000000
vt -6.875588 6.488881 0.000000
vt -6.875588 5.895053 0.000000
vt -6.875588 5.307022 0.000000
vt -6.875588 4.719186 0.000000
vt -6.875588 4.424237 0.000000
vt -6.875588 4.131351 0.000000
vt -6.875588 3.834339 0.000000
vt -6.875588 3.543320 0.000000
vt -4.902170 7.078779 0.000000
vt -1.957730 7.078779 0.000000
vt -1.957730 6.488881 0.000000
vt -1.957730 5.895053 0.000000
vt -1.957730 5.307022 0.000000
vt -6.628911 6.488881 0.000000
vt -6.382234 5.895053 0.000000
vt -6.135557 5.307022 0.000000
vt -5.888879 4.719186 0.000000
vt -5.642202 4.424237 0.000000
vt -5.395525 4.131351 0.000000
vt -5.148847 3.834339 0.000000
vt -4.902170 3.543320 0.000000
vt -4.655493 3.244440 0.000000
vt -4.408815 2.949491 0.000000
vt -4.655493 6.488881 0.000000
vt -1.468298 6.488881 0.000000
vt -0.978865 5.895053 0.000000
vt -6.628911 5.895053 0.000000
vt -6.628911 5.307022 0.000000
vt -6.628911 4.719186 0.000000
vt -6.628911 4.424237 0.000000
vt -6.628911 4.131351 0.000000
vt -6.628911 3.834339 0.000000
vt -6.628911 3.543320 0.000000
vt -6.628911 3.244440 0.000000
vt -4.408815 5.895053 0.000000
vt -1.468298 5.895053 0.000000
vt -1.468298 5.307022 0.000000
vt -6.382234 5.307022 0.000000
vt -6.135557 4.719186 0.000000
vt -5.888879 4.424237 0.000000
vt -5.642202 4.131351 0.000000
vt -5.395525 3.834339 0.000000
vt -5.148847 3.543320 0.000000
vt -4.902170 3.244440 0.000000
vt -4.655493 2.949491 0.000000
vt -4.408815 2.654542 0.000000
vt -0.978865 5.307022 0.000000
vt -6.382234 4.719186 0.000000
vt -6.382234 4.424237 0.000000
vt -6.382234 4.131351 0.000000
vt -6.382234 3.834339 0.000000
vt -6.382234 3.543320 0.000000
vt -6.382234 3.244440 0.000000
vt -6.382234 2.949491 0.000000
vt -6.135557 4.424237 0.000000
vt -5.888879 4.131351 0.000000
vt -5.642202 3.834339 0.000000
vt -5.395525 3.543320 0.000000
vt -5.148847 3.244440 0.000000
vt -4.902170 2.949491 0.000000
vt -4.655493 2.654542 0.000000
vt -4.408815 2.359593 0.000000
vt -6.135557 4.131351 0.000000
vt -6.135557 3.834339 0.000000
vt -6.135557 3.543320 0.000000
vt -6.135557 3.244440 0.000000
vt -6.135557 2.949491 0.000000
vt -6.135557 2.654542 0.000000
vt -5.888879 3.834339 0.000000
vt -5.642202 3.543320 0.000000
vt -5.395525 3.244440 0.000000
vt -5.148847 2.949491 0.000000
vt -4.902170 2.654542 0.000000
vt -4.655493 2.359593 0.000000
vt -4.408815 2.064644 0.000000
vt -5.888879 3.543320 0.000000
vt -5.888879 3.244440 0.000000
vt -5.888879 2.949491 0.000000
vt -5.888879 2.654542 0.000000
vt -5.888879 2.359593 0.000000
vt -7.368943 2.949491 0.000000
vt -7.122266 2.654542 0.000000
vt -6.875588 2.359593 0.000000
vt -6.628911 2.064644 0.000000
vt -6.382234 1.769695 0.000000
vt -6.135557 1.474746 0.000000
vt -5.888879 1.179797 0.000000
vt -5.642202 0.884847 0.000000
vt -5.395525 0.593347 0.000000
vt -5.642202 3.244440 0.000000
vt -5.395525 2.949491 0.000000
vt -5.148847 2.654542 0.000000
vt -4.902170 2.359593 0.000000
vt -4.655493 2.064644 0.000000
vt -4.408815 1.769695 0.000000
vt -5.642202 2.949491 0.000000
vt -5.642202 2.654542 0.000000
vt -5.642202 2.359593 0.000000
vt -5.642202 2.064644 0.000000
vt -5.395525 2.654542 0.000000
vt -5.148847 2.359593 0.000000
vt -4.902170 2.064644 0.000000
vt -4.655493 1.769695 0.000000
vt -4.408815 1.474746 0.000000
vt -5.395525 2.359593 0.000000
vt -5.395525 2.064644 0.000000
vt -5.395525 1.769695 0.000000
vt -5.148847 2.064644 0.000000
vt -4.902170 1.769695 0.000000
vt -4.655493 1.474746 0.000000
vt -4.408815 1.179797 0.000000
vt -7.368943 1.769695 0.000000
vt -7.122266 1.474746 0.000000
vt -6.875588 1.179797 0.000000
vt -6.628911 0.884847 0.000000
vt -6.382234 0.593347 0.000000
vt -6.135557 0.294949 0.000000
vt -5.148847 1.769695 0.000000
vt -5.148847 1.474746 0.000000
vt -4.902170 1.474746 0.000000
vt -4.655493 1.179797 0.000000
vt -4.408815 0.884847 0.000000
vt -4.902170 1.179797 0.000000
vt -4.655493 0.884847 0.000000
vt -4.408815 0.593347 0.000000
vt -7.368943 0.593347 0.000000
vt 0.000000 0.589149 0.000000
vt 0.000000 0.000000 0.000000
vt 0.489524 0.292862 0.000000
vt 0.606925 0.000000 0.000000
vt 0.979048 0.292862 0.000000
vt 1.212862 0.000000 0.000000
vt 1.468572 0.292862 0.000000
vt 1.817992 0.000000 0.000000
vt 1.958096 0.292862 0.000000
vt 2.422495 0.000000 0.000000
vt 2.447620 0.292862 0.000000
vt 2.937144 0.292862 0.000000
vt 2.447620 0.589149 0.000000
vt 2.937144 0.589149 0.000000
vt 2.447620 0.878586 0.000000
vt 2.937144 0.878586 0.000000
vt 2.447620 1.171448 0.000000
vt 2.937144 1.171448 0.000000
vt 2.447620 1.464310 0.000000
vt 2.937144 1.464310 0.000000
vt 2.447620 1.757172 0.000000
vt 2.937144 1.757172 0.000000
vt 2.447620 2.050034 0.000000
vt 2.937144 2.050034 0.000000
vt 2.447620 2.342896 0.000000
vt 2.937144 2.342896 0.000000
vt 2.447620 2.635758 0.000000
vt 2.937144 2.635758 0.000000
vt 2.447620 2.928620 0.000000
vt 2.937144 2.928620 0.000000
vt 2.447620 3.221482 0.000000
vt 2.937144 3.221482 0.000000
vt 2.447620 3.518246 0.000000
vt 2.937144 3.518246 0.000000
vt 2.447620 3.807206 0.000000
vt 2.937144 3.807206 0.000000
vt 2.447620 4.102116 0.000000
vt 2.937144 4.102116 0.000000
vt 2.447620 4.392930 0.000000
vt 2.937144 4.392930 0.000000
vt 2.447620 4.685792 0.000000
vt 2.937144 4.685792 0.000000
vt 2.447620 5.269468 0.000000
vt 2.937144 5.269468 0.000000
vt 2.447620 5.853338 0.000000
vt 2.937144 5.853338 0.000000
vt 2.447620 6.442964 0.000000
vt 2.937144 6.442964 0.000000
vt 2.447620 7.028688 0.000000
vt 2.937144 7.028688 0.000000
vt 2.447620 7.614412 0.000000
vt 2.937144 7.614412 0.000000
vt 2.447620 8.200136 0.000000
vt 2.937144 8.200136 0.000000
vt 2.447620 8.782435 0.000000
vt 2.937144 8.782435 0.000000
vt 2.422495 9.371584 0.000000
vt 3.026551 9.371584 0.000000
vt 3.426668 8.782435 0.000000
vt 3.630339 9.371584 0.000000
vt 3.916192 8.782435 0.000000
vt 4.234038 9.371584 0.000000
vt 4.162953 8.782435 0.000000
vt 4.409715 8.782435 0.000000
vt 4.409715 8.200136 0.000000
vt 4.656476 8.200136 0.000000
vt 4.656476 7.614412 0.000000
vt 4.903238 7.614412 0.000000
vt 4.903238 7.028688 0.000000
vt 5.150000 7.028688 0.000000
vt 5.150000 6.442964 0.000000
vt 5.396761 6.442964 0.000000
vt 5.396761 5.853338 0.000000
vt 5.643523 5.853338 0.000000
vt 5.643523 5.269468 0.000000
vt 5.890285 5.269468 0.000000
vt 5.890285 4.685792 0.000000
vt 6.137046 4.685792 0.000000
vt 6.137046 4.392930 0.000000
vt 6.383808 4.392930 0.000000
vt 6.383808 4.102116 0.000000
vt 6.630569 4.102116 0.000000
vt 6.630569 3.807206 0.000000
vt 6.877331 3.807206 0.000000
vt 6.877331 3.518246 0.000000
vt 7.124093 3.518246 0.000000
vt 7.124093 3.221482 0.000000
vt 7.370854 3.221482 0.000000
vt 7.370854 2.928620 0.000000
vt 7.617616 2.928620 0.000000
vt 7.617616 2.635758 0.000000
vt 7.864377 2.933987 0.000000
vt 7.864377 2.349144 0.000000
vt 7.617616 2.342896 0.000000
vt 7.617616 2.050034 0.000000
vt 7.370854 2.342896 0.000000
vt 7.370854 2.050034 0.000000
vt 7.124093 2.342896 0.000000
vt 7.124093 2.050034 0.000000
vt 6.877331 2.342896 0.000000
vt 6.877331 2.050034 0.000000
vt 6.630569 2.342896 0.000000
vt 6.630569 2.050034 0.000000
vt 6.383808 2.342896 0.000000
vt 6.383808 2.050034 0.000000
vt 6.137046 2.342896 0.000000
vt 6.137046 2.050034 0.000000
vt 5.890285 2.342896 0.000000
vt 5.890285 2.050034 0.000000
vt 5.643523 2.342896 0.000000
vt 5.643523 2.050034 0.000000
vt 5.396761 2.342896 0.000000
vt 5.396761 2.050034 0.000000
vt 5.150000 2.342896 0.000000
vt 5.150000 2.050034 0.000000
vt 4.903238 2.342896 0.000000
vt 4.903238 2.050034 0.000000
vt 4.656476 2.342896 0.000000
vt 4.656476 2.050034 0.000000
vt 4.409715 2.342896 0.000000
vt 4.409715 2.050034 0.000000
vt 4.162953 2.342896 0.000000
vt 4.162953 2.050034 0.000000
vt 3.916192 2.342896 0.000000
vt 3.916192 2.050034 0.000000
vt 3.426668 2.342896 0.000000
vt 3.426668 2.050034 0.000000
vt 3.026551 0.000000 0.000000
vt 3.426668 0.292862 0.000000
vt 3.426668 0.589149 0.000000
vt 3.426668 0.878586 0.000000
vt 3.426668 1.171448 0.000000
vt 3.426668 1.464310 0.000000
vt 3.426668 1.757172 0.000000
vt 3.630339 0.000000 0.000000
vt 3.916192 0.292862 0.000000
vt 3.916192 0.589149 0.000000
vt 3.916192 0.878586 0.000000
vt 3.916192 1.171448 0.000000
vt 3.916192 1.464310 0.000000
vt 3.916192 1.757172 0.000000
vt 4.234038 0.000000 0.000000
vt 4.162953 0.292862 0.000000
vt 4.162953 0.589149 0.000000
vt 4.162953 0.878586 0.000000
vt 4.162953 1.171448 0.000000
vt 4.162953 1.464310 0.000000
vt 4.162953 1.757172 0.000000
vt 4.837826 0.000000 0.000000
vt 4.656476 0.292862 0.000000
vt 4.409715 0.292862 0.000000
vt 5.441882 0.000000 0.000000
vt 5.150000 0.292862 0.000000
vt 4.903238 0.292862 0.000000
vt 4.656476 0.589149 0.000000
vt 4.409715 0.589149 0.000000
vt 4.409715 0.878586 0.000000
vt 6.046385 0.000000 0.000000
vt 5.643523 0.292862 0.000000
vt 5.396761 0.292862 0.000000
vt 5.150000 0.589149 0.000000
vt 4.903238 0.589149 0.000000
vt 4.903238 0.878586 0.000000
vt 4.656476 0.878586 0.000000
vt 4.656476 1.171448 0.000000
vt 4.409715 1.171448 0.000000
vt 4.409715 1.464310 0.000000
vt 6.651515 0.000000 0.000000
vt 6.383808 0.292862 0.000000
vt 6.137046 0.292862 0.000000
vt 5.890285 0.292862 0.000000
vt 5.890285 0.589149 0.000000
vt 5.643523 0.589149 0.000000
vt 5.643523 0.878586 0.000000
vt 5.396761 0.878586 0.000000
vt 5.396761 1.171448 0.000000
vt 5.150000 1.171448 0.000000
vt 5.150000 1.464310 0.000000
vt 4.903238 1.464310 0.000000
vt 4.903238 1.757172 0.000000
vt 4.656476 1.757172 0.000000
vt 7.257452 0.000000 0.000000
vt 6.877331 0.292862 0.000000
vt 6.630569 0.292862 0.000000
vt 6.383808 0.589149 0.000000
vt 6.137046 0.589149 0.000000
vt 6.137046 0.878586 0.000000
vt 5.890285 0.878586 0.000000
vt 5.890285 1.171448 0.000000
vt 5.643523 1.171448 0.000000
vt 5.643523 1.464310 0.000000
vt 5.396761 1.464310 0.000000
vt 5.396761 1.757172 0.000000
vt 5.150000 1.757172 0.000000
vt 7.864377 0.000000 0.000000
vt 7.617616 0.292862 0.000000
vt 7.370854 0.292862 0.000000
vt 7.124093 0.292862 0.000000
vt 7.124093 0.589149 0.000000
vt 6.877331 0.589149 0.000000
vt 6.877331 0.878586 0.000000
vt 6.630569 0.878586 0.000000
vt 6.630569 1.171448 0.000000
vt 6.383808 1.171448 0.000000
vt 6.383808 1.464310 0.000000
vt 6.137046 1.464310 0.000000
vt 6.137046 1.757172 0.000000
vt 5.890285 1.757172 0.000000
vt 7.864377 0.589149 0.000000
vt 7.617616 0.589149 0.000000
vt 7.370854 0.589149 0.000000
vt 7.370854 0.878586 0.000000
vt 7.124093 0.878586 0.000000
vt 7.124093 1.171448 0.000000
vt 6.877331 1.171448 0.000000
vt 6.877331 1.464310 0.000000
vt 6.630569 1.464310 0.000000
vt 6.630569 1.757172 0.000000
vt 6.383808 1.757172 0.000000
vt 7.617616 0.878586 0.000000
vt 7.864377 1.176923 0.000000
vt 7.617616 1.171448 0.000000
vt 7.617616 1.464310 0.000000
vt 7.370854 1.464310 0.000000
vt 7.370854 1.757172 0.000000
vt 7.124093 1.757172 0.000000
vt 7.864377 1.763522 0.000000
vt 7.617616 1.757172 0.000000
vt 7.617616 3.221482 0.000000
vt 7.864377 3.518246 0.000000
vt 7.617616 3.518246 0.000000
vt 7.617616 3.807206 0.000000
vt 7.370854 3.807206 0.000000
vt 7.370854 4.102116 0.000000
vt 7.124093 4.102116 0.000000
vt 7.124093 4.392930 0.000000
vt 6.877331 4.392930 0.000000
vt 6.877331 4.685792 0.000000
vt 6.630569 4.685792 0.000000
vt 6.630569 5.269468 0.000000
vt 6.383808 5.269468 0.000000
vt 6.383808 5.853338 0.000000
vt 6.137046 5.853338 0.000000
vt 6.137046 6.442964 0.000000
vt 5.890285 6.442964 0.000000
vt 5.890285 7.028688 0.000000
vt 5.643523 7.028688 0.000000
vt 5.643523 7.614412 0.000000
vt 5.396761 7.614412 0.000000
vt 5.396761 8.200136 0.000000
vt 5.150000 8.200136 0.000000
vt 5.150000 8.782435 0.000000
vt 4.903238 8.782435 0.000000
vt 4.837826 9.371584 0.000000
vt 4.656476 8.782435 0.000000
vt 7.864377 4.102116 0.000000
vt 7.617616 4.102116 0.000000
vt 7.370854 4.392930 0.000000
vt 7.124093 4.685792 0.000000
vt 6.877331 5.269468 0.000000
vt 6.630569 5.853338 0.000000
vt 6.383808 6.442964 0.000000
vt 6.137046 7.028688 0.000000
vt 5.890285 7.614412 0.000000
vt 5.643523 8.200136 0.000000
vt 5.396761 8.782435 0.000000
vt 5.441882 9.371584 0.000000
vt 7.617616 4.392930 0.000000
vt 7.864377 4.685792 0.000000
vt 7.617616 4.685792 0.000000
vt 7.617616 5.269468 0.000000
vt 7.370854 5.269468 0.000000
vt 7.370854 5.853338 0.000000
vt 7.124093 5.853338 0.000000
vt 7.124093 6.442964 0.000000
vt 6.877331 6.442964 0.000000
vt 6.877331 7.028688 0.000000
vt 6.630569 7.028688 0.000000
vt 6.630569 7.614412 0.000000
vt 6.383808 7.614412 0.000000
vt 6.383808 8.200136 0.000000
vt 6.137046 8.200136 0.000000
vt 6.137046 8.782435 0.000000
vt 5.890285 8.782435 0.000000
vt 6.046385 9.371584 0.000000
vt 5.643523 8.782435 0.000000
vt 7.864377 5.269468 0.000000
vt 7.617616 5.853338 0.000000
vt 7.370854 6.442964 0.000000
vt 7.124093 7.028688 0.000000
vt 6.877331 7.614412 0.000000
vt 6.630569 8.200136 0.000000
vt 6.383808 8.782435 0.000000
vt 7.864377 5.853338 0.000000
vt 7.864377 6.437597 0.000000
vt 7.617616 6.442964 0.000000
vt 7.864377 7.022440 0.000000
vt 7.617616 7.028688 0.000000
vt 7.864377 7.608062 0.000000
vt 7.617616 7.614412 0.000000
vt 7.864377 8.194661 0.000000
vt 7.617616 8.200136 0.000000
vt 7.864377 8.782435 0.000000
vt 7.617616 8.782435 0.000000
vt 7.864377 9.371584 0.000000
vt 7.257452 9.371584 0.000000
vt 6.651515 9.371584 0.000000
vt 6.877331 8.782435 0.000000
vt 7.124093 8.782435 0.000000
vt 7.370854 8.782435 0.000000
vt 7.370854 8.200136 0.000000
vt 6.630569 8.782435 0.000000
vt 6.877331 8.200136 0.000000
vt 7.124093 8.200136 0.000000
vt 7.124093 7.614412 0.000000
vt 7.370854 7.614412 0.000000
vt 7.370854 7.028688 0.000000
vt 1.958096 8.782435 0.000000
vt 1.817992 9.371584 0.000000
vt 1.468572 8.782435 0.000000
vt 1.212862 9.371584 0.000000
vt 0.979048 8.782435 0.000000
vt 0.606925 9.371584 0.000000
vt 0.489524 8.782435 0.000000
vt 0.000000 9.371584 0.000000
vt 0.000000 8.782435 0.000000
vt 0.489524 8.200136 0.000000
vt 0.000000 8.194661 0.000000
vt 0.489524 7.614412 0.000000
vt 0.000000 7.608062 0.000000
vt 0.489524 7.028688 0.000000
vt 0.000000 7.022440 0.000000
vt 0.489524 6.442964 0.000000
vt 0.000000 6.437597 0.000000
vt 0.489524 5.853338 0.000000
vt 0.000000 5.853338 0.000000
vt 0.489524 5.269468 0.000000
vt 0.000000 5.269468 0.000000
vt 0.489524 4.685792 0.000000
vt 0.000000 4.685792 0.000000
vt 0.489524 4.392930 0.000000
vt 0.000000 4.102116 0.000000
vt 0.489524 4.102116 0.000000
vt 0.489524 3.807206 0.000000
vt 0.979048 3.807206 0.000000
vt 0.979048 3.518246 0.000000
vt 1.468572 3.518246 0.000000
vt 1.468572 3.221482 0.000000
vt 1.958096 3.221482 0.000000
vt 1.958096 2.928620 0.000000
vt 0.000000 3.518246 0.000000
vt 0.489524 3.518246 0.000000
vt 0.979048 3.221482 0.000000
vt 1.468572 2.928620 0.000000
vt 1.958096 2.635758 0.000000
vt 0.489524 3.221482 0.000000
vt 0.000000 2.933987 0.000000
vt 0.489524 2.928620 0.000000
vt 0.489524 2.635758 0.000000
vt 0.979048 2.635758 0.000000
vt 0.979048 2.342896 0.000000
vt 1.468572 2.342896 0.000000
vt 1.468572 2.050034 0.000000
vt 1.958096 2.050034 0.000000
vt 1.958096 1.757172 0.000000
vt 0.000000 2.349144 0.000000
vt 0.489524 2.342896 0.000000
vt 0.979048 2.050034 0.000000
vt 1.468572 1.757172 0.000000
vt 1.958096 1.464310 0.000000
vt 0.489524 2.050034 0.000000
vt 0.000000 1.763522 0.000000
vt 0.489524 1.757172 0.000000
vt 0.489524 1.464310 0.000000
vt 0.979048 1.464310 0.000000
vt 0.979048 1.171448 0.000000
vt 1.468572 1.171448 0.000000
vt 1.468572 0.878586 0.000000
vt 1.958096 0.878586 0.000000
vt 1.958096 0.589149 0.000000
vt 0.000000 1.176923 0.000000
vt 0.489524 1.171448 0.000000
vt 0.979048 0.878586 0.000000
vt 1.468572 0.589149 0.000000
vt 0.489524 0.878586 0.000000
vt 0.489524 0.589149 0.000000
vt 6.630569 0.589149 0.000000
vt 5.396761 0.589149 0.000000
vt 0.979048 0.589149 0.000000
vt 7.370854 1.171448 0.000000
vt 7.124093 1.464310 0.000000
vt 6.877331 1.757172 0.000000
vt 6.383808 0.878586 0.000000
vt 6.137046 1.171448 0.000000
vt 5.890285 1.464310 0.000000
vt 5.643523 1.757172 0.000000
vt 5.150000 0.878586 0.000000
vt 4.903238 1.171448 0.000000
vt 4.656476 1.464310 0.000000
vt 4.409715 1.757172 0.000000
vt 1.958096 1.171448 0.000000
vt 1.468572 1.464310 0.000000
vt 0.979048 1.757172 0.000000
vt 1.958096 2.342896 0.000000
vt 1.468572 2.635758 0.000000
vt 0.979048 2.928620 0.000000
vt 7.370854 2.635758 0.000000
vt 7.124093 2.635758 0.000000
vt 7.124093 2.928620 0.000000
vt 6.877331 2.635758 0.000000
vt 6.877331 2.928620 0.000000
vt 6.877331 3.221482 0.000000
vt 6.630569 2.635758 0.000000
vt 6.630569 2.928620 0.000000
vt 6.630569 3.221482 0.000000
vt 6.630569 3.518246 0.000000
vt 6.383808 2.635758 0.000000
vt 6.383808 2.928620 0.000000
vt 6.383808 3.221482 0.000000
vt 6.383808 3.518246 0.000000
vt 6.383808 3.807206 0.000000
vt 6.137046 2.635758 0.000000
vt 6.137046 2.928620 0.000000
vt 6.137046 3.221482 0.000000
vt 6.137046 3.518246 0.000000
vt 6.137046 3.807206 0.000000
vt 6.137046 4.102116 0.000000
vt 5.890285 2.635758 0.000000
vt 5.890285 2.928620 0.000000
vt 5.890285 3.221482 0.000000
vt 5.890285 3.518246 0.000000
vt 5.890285 3.807206 0.000000
vt 5.890285 4.102116 0.000000
vt 5.890285 4.392930 0.000000
vt 5.643523 2.635758 0.000000
vt 5.643523 2.928620 0.000000
vt 5.643523 3.221482 0.000000
vt 5.643523 3.518246 0.000000
vt 5.643523 3.807206 0.000000
vt 5.643523 4.102116 0.000000
vt 5.643523 4.392930 0.000000
vt 5.643523 4.685792 0.000000
vt 5.396761 2.635758 0.000000
vt 5.396761 2.928620 0.000000
vt 5.396761 3.221482 0.000000
vt 5.396761 3.518246 0.000000
vt 5.396761 3.807206 0.000000
vt 5.396761 4.102116 0.000000
vt 5.396761 4.392930 0.000000
vt 5.396761 4.685792 0.000000
vt 5.396761 5.269468 0.000000
vt 5.150000 2.635758 0.000000
vt 5.150000 2.928620 0.000000
vt 5.150000 3.221482 0.000000
vt 5.150000 3.518246 0.000000
vt 5.150000 3.807206 0.000000
vt 5.150000 4.102116 0.000000
vt 5.150000 4.392930 0.000000
vt 5.150000 4.685792 0.000000
vt 5.150000 5.269468 0.000000
vt 5.150000 5.853338 0.000000
vt 4.903238 2.635758 0.000000
vt 4.903238 2.928620 0.000000
vt 4.903238 3.221482 0.000000
vt 4.903238 3.518246 0.000000
vt 4.903238 3.807206 0.000000
vt 4.903238 4.102116 0.000000
vt 4.903238 4.392930 0.000000
vt 4.903238 4.685792 0.000000
vt 4.903238 5.269468 0.000000
vt 4.903238 5.853338 0.000000
vt 4.903238 6.442964 0.000000
vt 4.656476 2.635758 0.000000
vt 4.656476 2.928620 0.000000
vt 4.656476 3.221482 0.000000
vt 4.656476 3.518246 0.000000
vt 4.656476 3.807206 0.000000
vt 4.656476 4.102116 0.000000
vt 4.656476 4.392930 0.000000
vt 4.656476 4.685792 0.000000
vt 4.656476 5.269468 0.000000
vt 4.656476 5.853338 0.000000
vt 4.656476 6.442964 0.000000
vt 4.656476 7.028688 0.000000
vt 4.409715 2.635758 0.000000
vt 4.409715 2.928620 0.000000
vt 4.409715 3.221482 0.000000
vt 4.409715 3.518246 0.000000
vt 4.409715 3.807206 0.000000
vt 4.409715 4.102116 0.000000
vt 4.409715 4.392930 0.000000
vt 4.409715 4.685792 0.000000
vt 4.409715 5.269468 0.000000
vt 4.409715 5.853338 0.000000
vt 4.409715 6.442964 0.000000
vt 4.409715 7.028688 0.000000
vt 4.409715 7.614412 0.000000
vt 4.162953 2.635758 0.000000
vt 4.162953 2.928620 0.000000
vt 4.162953 3.221482 0.000000
vt 4.162953 3.518246 0.000000
vt 4.162953 3.807206 0.000000
vt 4.162953 4.102116 0.000000
vt 4.162953 4.392930 0.000000
vt 4.162953 4.685792 0.000000
vt 4.162953 5.269468 0.000000
vt 4.162953 5.853338 0.000000
vt 4.162953 6.442964 0.000000
vt 4.162953 7.028688 0.000000
vt 4.162953 7.614412 0.000000
vt 4.162953 8.200136 0.000000
vt 3.916192 2.635758 0.000000
vt 3.916192 2.928620 0.000000
vt 3.916192 3.221482 0.000000
vt 3.916192 3.518246 0.000000
vt 3.916192 3.807206 0.000000
vt 3.916192 4.102116 0.000000
vt 3.916192 4.392930 0.000000
vt 3.916192 4.685792 0.000000
vt 3.916192 5.269468 0.000000
vt 3.916192 5.853338 0.000000
vt 3.916192 6.442964 0.000000
vt 3.916192 7.028688 0.000000
vt 3.916192 7.614412 0.000000
vt 3.916192 8.200136 0.000000
vt 3.426668 2.635758 0.000000
vt 3.426668 2.928620 0.000000
vt 3.426668 3.221482 0.000000
vt 3.426668 3.518246 0.000000
vt 3.426668 3.807206 0.000000
vt 3.426668 4.102116 0.000000
vt 3.426668 4.392930 0.000000
vt 3.426668 4.685792 0.000000
vt 3.426668 5.269468 0.000000
vt 3.426668 5.853338 0.000000
vt 3.426668 6.442964 0.000000
vt 3.426668 7.028688 0.000000
vt 3.426668 7.614412 0.000000
vt 3.426668 8.200136 0.000000
vt 7.370854 3.518246 0.000000
vt 7.124093 3.807206 0.000000
vt 6.877331 4.102116 0.000000
vt 6.630569 4.392930 0.000000
vt 6.383808 4.685792 0.000000
vt 6.137046 5.269468 0.000000
vt 5.890285 5.853338 0.000000
vt 5.643523 6.442964 0.000000
vt 5.396761 7.028688 0.000000
vt 5.150000 7.614412 0.000000
vt 4.903238 8.200136 0.000000
vt 1.958096 3.518246 0.000000
vt 1.468572 3.807206 0.000000
vt 0.979048 4.102116 0.000000
vt 1.958096 3.807206 0.000000
vt 1.958096 4.102116 0.000000
vt 1.958096 4.392930 0.000000
vt 1.958096 4.685792 0.000000
vt 1.958096 5.269468 0.000000
vt 1.958096 5.853338 0.000000
vt 1.958096 6.442964 0.000000
vt 1.958096 7.028688 0.000000
vt 1.958096 7.614412 0.000000
vt 1.958096 8.200136 0.000000
vt 1.468572 4.102116 0.000000
vt 0.979048 4.392930 0.000000
vt 7.370854 4.685792 0.000000
vt 7.124093 5.269468 0.000000
vt 6.877331 5.853338 0.000000
vt 6.630569 6.442964 0.000000
vt 6.383808 7.028688 0.000000
vt 6.137046 7.614412 0.000000
vt 5.890285 8.200136 0.000000
vt 1.468572 4.392930 0.000000
vt 1.468572 4.685792 0.000000
vt 1.468572 5.269468 0.000000
vt 1.468572 5.853338 0.000000
vt 1.468572 6.442964 0.000000
vt 1.468572 7.028688 0.000000
vt 1.468572 7.614412 0.000000
vt 1.468572 8.200136 0.000000
vt 0.979048 4.685792 0.000000
vt 0.979048 5.269468 0.000000
vt 0.979048 5.853338 0.000000
vt 0.979048 6.442964 0.000000
vt 0.979048 7.028688 0.000000
vt 0.979048 7.614412 0.000000
vt 0.979048 8.200136 0.000000
vt -3.337310 0.000000 0.000000
vt -3.504437 0.000000 0.000000
vt -3.519570 -0.572204 0.000000
vt -3.685579 -0.572471 0.000000
vt -3.688898 -1.149030 0.000000
vt -3.853864 -1.149503 0.000000
vt -3.845195 -1.730136 0.000000
vt -4.009193 -1.730759 0.000000
vt -3.988367 -2.315179 0.000000
vt -4.151474 -2.315900 0.000000
vt -4.118330 -2.903813 0.000000
vt -4.280626 -2.904583 0.000000
vt -4.235008 -3.495690 0.000000
vt -4.396573 -3.496465 0.000000
vt -4.338330 -4.090458 0.000000
vt -4.499246 -4.091201 0.000000
vt -4.428236 -4.687766 0.000000
vt -4.588587 -4.688443 0.000000
vt -4.504673 -5.287261 0.000000
vt -4.664542 -5.287842 0.000000
vt -4.567595 -5.888589 0.000000
vt -4.727068 -5.889049 0.000000
vt -4.616966 -6.491392 0.000000
vt -4.776128 -6.491712 0.000000
vt -4.652755 -7.095315 0.000000
vt -4.811694 -7.095480 0.000000
vt -4.674943 -7.700000 0.000000
vt -4.833744 -7.700000 0.000000
vn -0.967046 0.000000 -0.254602
vn -0.967046 0.000000 -0.254602
vn -0.967046 0.000000 -0.254602
vn -0.967046 0.000000 -0.254602
vn -0.967046 0.000000 -0.254602
vn -0.967046 0.000000 -0.254602
vn -0.967046 0.000000 -0.254602
vn -0.967046 0.000000 -0.254602
vn -0.967046 0.000000 -0.254602
vn -0.967046 0.000000 -0.254602
vn -0.967046 0.000000 -0.254602
vn -0.967046 0.000000 -0.254602
vn -0.967046 0.000000 -0.254602
vn -0.967046 0.000000 -0.254602
vn -0.967046 0.000000 -0.254602
vn -0.967046 0.000000 -0.254602
vn -0.967046 0.000000 -0.254602
vn -0.967046 0.000000 -0.254602
vn -0.967046 0.000000 -0.254602
vn -0.967046 0.000000 -0.254602
vn -0.967046 0.000000 -0.254602
vn -0.967046 0.000000 -0.254602
vn -0.967046 0.000000 -0.254602
vn -0.967046 0.000000 -0.254602
vn -0.967046 0.000000 -0.254602
vn -0.967046 0.000000 -0.254602
vn -0.967046 0.000000 -0.254602
vn -0.967046 0.000000 -0.254602
vn 0.000000 1.000000 0.000000
vn 0.000000 1.000000 0.000000
vn 0.000000 1.000000 0.000000
vn 0.000000 1.000000 0.000000
vn 0.000000 1.000000 0.000000
vn 0.000000 1.000000 0.000000
vn 0.000000 1.000000 0.000000
vn 0.000000 1.000000 0.000000
vn 0.000000 1.000000 0.000000
vn 0.000000 1.000000 0.000000
vn 0.000000 1.000000 0.000000
vn 0.000000 1.000000 0.000000
vn 0.000000 1.000000 0.000000
vn 0.000000 1.000000 0.000000
vn 0.000000 1.000000 0.000000
vn 0.000000 1.000000 0.000000
vn 0.000000 1.000000 0.000000
vn 0.000000 1.000000 0.000000
vn 0.000000 1.000000 0.000000
vn 0.000000 1.000000 0.000000
vn 0.000000 1.000000 0.000000
vn 0.000000 1.000000 0.000000
vn 0.000000 1.000000 0.000000
vn 0.000000 1.000000 0.000000
vn 0.000000 1.000000 0.000000
vn 0.000000 1.000000 0.000000
vn 0.000000 1.000000 0.000000
vn 0.000000 1.000000 0.000000
vn 0.000000 1.000000 0.000000
vn 0.000000 1.000000 0.000000
vn 0.000000 1.000000 0.000000
vn 0.000000 1.000000 0.000000
vn 0.000000 1.000000 0.000000
vn 0.000000 1.000000 0.000000
vn -0.000000 -1.000000 -0.000000
vn -0.000000 -1.000000 -0.000000
vn -0.000000 -1.000000 -0.000000
vn -0.000000 -1.000000 -0.000000
vn -0.000000 -1.000000 -0.000000
vn -0.000000 -1.000000 -0.000000
vn -0.000000 -1.000000 -0.000000
vn -0.000000 -1.000000 -0.000000
vn -0.000000 -1.000000 -0.000000
vn -0.000000 -1.000000 -0.000000
vn -0.000000 -1.000000 -0.000000
vn -0.000000 -1.000000 -0.000000
vn -0.000000 -1.000000 -0.000000
vn -0.000000 -1.000000 -0.000000
vn -0.000000 -1.000000 -0.000000
vn -0.000000 -1.000000 -0.000000
vn -0.000000 -1.000000 -0.000000
vn -0.000000 -1.000000 -0.000000
vn -0.000000 -1.000000 -0.000000
vn -0.000000 -1.000000 -0.000000
vn -0.000000 -1.000000 -0.000000
vn -0.000000 -1.000000 -0.000000
vn -0.000000 -1.000000 -0.000000
vn -0.000000 -1.000000 -0.000000
vn -0.000000 -1.000000 -0.000000
vn -0.000000 -1.000000 -0.000000
vn -0.000000 -1.000000 -0.000000
vn -0.000000 -1.000000 -0.000000
vn -0.000000 -1.000000 -0.000000
vn -0.000000 -1.000000 -0.000000
vn -0.000000 -1.000000 -0.000000
vn -0.000000 -1.000000 -0.000000
vn -0.000000 -1.000000 -0.000000
vn -0.000000 -1.000000 -0.000000
vn -0.254313 0.047629 0.965948
vn -0.254521 0.025269 0.966737
vn -0.229436 0.034357 0.972717
vn -0.229499 0.025269 0.972981
vn -0.204504 0.034357 0.978263
vn -0.204324 0.025269 0.978577
vn -0.179240 0.034357 0.983205
vn -0.179013 0.025269 0.983522
vn -0.153814 0.034357 0.987502
vn -0.153584 0.025269 0.987813
vn -0.128252 0.034357 0.991146
vn -0.128052 0.025269 0.991446
vn -0.102407 0.034357 0.994149
vn -0.102434 0.025269 0.994419
vn -0.076728 0.034357 0.996460
vn -0.076749 0.025269 0.996730
vn -0.050999 0.034357 0.998108
vn -0.051012 0.025269 0.998378
vn -0.038074 0.034357 0.998684
vn -0.025242 0.025269 0.999362
vn -0.025235 0.034357 0.999091
vn -0.012213 0.034357 0.999335
vn -0.012209 0.043449 0.998981
vn 0.000545 0.043449 0.999056
vn 0.000545 0.052545 0.998618
vn 0.013633 0.052545 0.998526
vn 0.013625 0.061643 0.998005
vn 0.026527 0.061643 0.997746
vn 0.026511 0.070744 0.997142
vn 0.039393 0.070744 0.996716
vn 0.039366 0.079845 0.996030
vn 0.052226 0.079845 0.995438
vn 0.052185 0.088946 0.994668
vn 0.065018 0.088946 0.993912
vn 0.064962 0.098047 0.993059
vn 0.077763 0.098047 0.992139
vn 0.077690 0.107145 0.991203
vn 0.090455 0.107145 0.990120
vn 0.090362 0.116240 0.989102
vn 0.103088 0.116240 0.987857
vn 0.102973 0.125332 0.986757
vn 0.115655 0.125332 0.985351
vn 0.115516 0.134419 0.984169
vn 0.128002 0.134419 0.982623
vn 0.127837 0.143499 0.981359
vn 0.140566 0.143499 0.979617
vn 0.140373 0.152573 0.978272
vn 0.152741 0.159038 0.975386
vn 0.140169 0.161639 0.976845
vn 0.139952 0.170697 0.975334
vn 0.127476 0.161639 0.978582
vn 0.127278 0.170697 0.977069
vn 0.115041 0.161639 0.980122
vn 0.114863 0.170697 0.978606
vn 0.102426 0.161639 0.981520
vn 0.102268 0.170697 0.980002
vn 0.089783 0.161639 0.982757
vn 0.089644 0.170697 0.981237
vn 0.077112 0.161639 0.983833
vn 0.076993 0.170697 0.982311
vn 0.064418 0.161639 0.984745
vn 0.064319 0.170697 0.983222
vn 0.051704 0.161639 0.985495
vn 0.051624 0.170697 0.983970
vn 0.038973 0.161639 0.986080
vn 0.038913 0.170697 0.984555
vn 0.026228 0.161639 0.986501
vn 0.026187 0.170697 0.984976
vn 0.013472 0.161639 0.986758
vn 0.013451 0.170697 0.985232
vn 0.000538 0.161639 0.986850
vn 0.000537 0.170697 0.985324
vn -0.012060 0.161639 0.986776
vn -0.012041 0.170697 0.985250
vn -0.024918 0.161639 0.986535
vn -0.024879 0.170697 0.985009
vn -0.037596 0.161639 0.986134
vn -0.037538 0.170697 0.984608
vn -0.050358 0.161639 0.985564
vn -0.050280 0.170697 0.984040
vn -0.075764 0.161639 0.983937
vn -0.075647 0.170697 0.982416
vn -0.101120 0.161639 0.981656
vn -0.100963 0.170697 0.980137
vn -0.126640 0.161639 0.978691
vn -0.126444 0.170697 0.977177
vn -0.151881 0.161639 0.975092
vn -0.151646 0.170697 0.973584
vn -0.176987 0.161639 0.970849
vn -0.176713 0.170697 0.969348
vn -0.201934 0.161639 0.965969
vn -0.201622 0.170697 0.964475
vn -0.226553 0.161639 0.960493
vn -0.226203 0.170697 0.959007
vn -0.251361 0.159038 0.954738
vn -0.250388 0.181189 0.951040
vn -0.225450 0.188637 0.955818
vn -0.249286 0.203276 0.946855
vn -0.224622 0.206531 0.952307
vn -0.248056 0.225294 0.942184
vn -0.223719 0.224372 0.948476
vn -0.222740 0.242150 0.944325
vn -0.198535 0.242150 0.949709
vn -0.197595 0.259859 0.945214
vn -0.173184 0.259859 0.949990
vn -0.172302 0.277491 0.945151
vn -0.147861 0.277491 0.949282
vn -0.147054 0.295038 0.944102
vn -0.122615 0.295038 0.947585
vn -0.145939 0.312492 0.938643
vn -0.121678 0.312492 0.942095
vn -0.097906 0.295038 0.950456
vn -0.097336 0.312492 0.944920
vn -0.072929 0.312492 0.947117
vn -0.073356 0.295038 0.952665
vn -0.048473 0.312492 0.948683
vn -0.048757 0.295038 0.954241
vn -0.036401 0.295038 0.954792
vn -0.049025 0.277491 0.959477
vn -0.036601 0.277491 0.960031
vn -0.049276 0.259859 0.964388
vn -0.036788 0.259859 0.964945
vn -0.049510 0.242150 0.968975
vn -0.036963 0.242150 0.969534
vn -0.049728 0.224372 0.973234
vn -0.037125 0.224372 0.973796
vn -0.049929 0.206531 0.977165
vn -0.037275 0.206531 0.977730
vn -0.050113 0.188637 0.980767
vn -0.037413 0.188637 0.981334
vn 0.000545 0.025269 0.999681
vn 0.000545 0.034357 0.999409
vn 0.013639 0.043449 0.998963
vn 0.026541 0.052545 0.998266
vn 0.039417 0.061643 0.997320
vn 0.052262 0.070744 0.996125
vn 0.065068 0.079845 0.994681
vn 0.077830 0.088946 0.992991
vn 0.090541 0.098047 0.991055
vn 0.103194 0.107145 0.988874
vn 0.115783 0.116240 0.986449
vn 0.128156 0.125332 0.983803
vn 0.140747 0.134419 0.980878
vn 0.153255 0.136834 0.978667
vn 0.013643 0.034357 0.999317
vn 0.026332 0.025269 0.999334
vn 0.026562 0.034357 0.999057
vn 0.039469 0.034357 0.998630
vn 0.039455 0.043449 0.998276
vn 0.052344 0.043449 0.997683
vn 0.052321 0.052545 0.997247
vn 0.065186 0.052545 0.996489
vn 0.065153 0.061643 0.995970
vn 0.077991 0.061643 0.995046
vn 0.077944 0.070744 0.994445
vn 0.090751 0.070744 0.993358
vn 0.090688 0.079845 0.992673
vn 0.103460 0.079845 0.991424
vn 0.103380 0.088946 0.990657
vn 0.116112 0.088946 0.989245
vn 0.116012 0.098047 0.988397
vn 0.128552 0.098047 0.986844
vn 0.128431 0.107145 0.985914
vn 0.141219 0.107145 0.984163
vn 0.141073 0.116240 0.983151
vn 0.153691 0.114583 0.981453
vn 0.140916 0.125332 0.982056
vn 0.052101 0.025269 0.998322
vn 0.052362 0.034357 0.998037
vn 0.065215 0.043449 0.996925
vn 0.078032 0.052545 0.995565
vn 0.090806 0.061643 0.993959
vn 0.103531 0.070744 0.992107
vn 0.116202 0.079845 0.990011
vn 0.128662 0.088946 0.987692
vn 0.141352 0.098047 0.985092
vn 0.154050 0.092294 0.983743
vn 0.065238 0.034357 0.997278
vn 0.077836 0.025269 0.996646
vn 0.078093 0.034357 0.996354
vn 0.090925 0.034357 0.995265
vn 0.090893 0.043449 0.994912
vn 0.103693 0.043449 0.993660
vn 0.103648 0.052545 0.993225
vn 0.116413 0.052545 0.991810
vn 0.116352 0.061643 0.991293
vn 0.128929 0.061643 0.989736
vn 0.128851 0.070744 0.989137
vn 0.141680 0.070744 0.987381
vn 0.141583 0.079845 0.986701
vn 0.154331 0.069973 0.985538
vn 0.103519 0.025269 0.994306
vn 0.103730 0.034357 0.994012
vn 0.116464 0.043449 0.992244
vn 0.128996 0.052545 0.990252
vn 0.141766 0.061643 0.987979
vn 0.116505 0.034357 0.992596
vn 0.129133 0.025269 0.991305
vn 0.129098 0.034357 0.991036
vn 0.141952 0.034357 0.989277
vn 0.141902 0.043449 0.988927
vn 0.154535 0.047629 0.986839
vn 0.141840 0.052545 0.988494
vn 0.154661 0.025269 0.987644
vn 0.152150 0.181189 0.971608
vn 0.139486 0.188637 0.972090
vn 0.126855 0.188637 0.973819
vn 0.114481 0.188637 0.975351
vn 0.101928 0.188637 0.976743
vn 0.089346 0.188637 0.977974
vn 0.076737 0.188637 0.979044
vn 0.064105 0.188637 0.979952
vn 0.051453 0.188637 0.980698
vn 0.038783 0.188637 0.981281
vn 0.026100 0.188637 0.981700
vn 0.013406 0.188637 0.981955
vn 0.000536 0.188637 0.982047
vn -0.012001 0.188637 0.981974
vn -0.024797 0.188637 0.981734
vn 0.151480 0.203276 0.967333
vn 0.138974 0.206531 0.968520
vn 0.126389 0.206531 0.970243
vn 0.114060 0.206531 0.971769
vn 0.101554 0.206531 0.973156
vn 0.089017 0.206531 0.974382
vn 0.076455 0.206531 0.975448
vn 0.063869 0.206531 0.976353
vn 0.051264 0.206531 0.977096
vn 0.038641 0.206531 0.977677
vn 0.026004 0.206531 0.978094
vn 0.013357 0.206531 0.978349
vn 0.000534 0.206531 0.978440
vn -0.011957 0.206531 0.978367
vn -0.024706 0.206531 0.978128
vn 0.150733 0.225294 0.962560
vn 0.138415 0.224372 0.964624
vn 0.125881 0.224372 0.966339
vn 0.113602 0.224372 0.967860
vn 0.101145 0.224372 0.969240
vn 0.088659 0.224372 0.970462
vn 0.076147 0.224372 0.971524
vn 0.063612 0.224372 0.972425
vn 0.051057 0.224372 0.973165
vn 0.038485 0.224372 0.973743
vn 0.025900 0.224372 0.974159
vn 0.013303 0.224372 0.974413
vn 0.000532 0.224372 0.974503
vn -0.011909 0.224372 0.974431
vn -0.024606 0.224372 0.974193
vn 0.137809 0.242150 0.960402
vn 0.149908 0.247233 0.957290
vn 0.137157 0.259859 0.955856
vn 0.149004 0.269085 0.951521
vn 0.136458 0.277491 0.950988
vn 0.148022 0.290841 0.945252
vn 0.135714 0.295038 0.945798
vn 0.146963 0.312492 0.938483
vn 0.122705 0.312492 0.941962
vn 0.098366 0.312492 0.944814
vn 0.111384 0.295038 0.948971
vn 0.123424 0.295038 0.947480
vn 0.124101 0.277491 0.952679
vn 0.124737 0.259859 0.957556
vn 0.125330 0.242150 0.962110
vn 0.073962 0.312492 0.947037
vn 0.086929 0.295038 0.951523
vn 0.099171 0.295038 0.950325
vn 0.099715 0.277491 0.955539
vn 0.111996 0.277491 0.954178
vn 0.100226 0.259859 0.960431
vn 0.112569 0.259859 0.959063
vn 0.100702 0.242150 0.964999
vn 0.113104 0.242150 0.963624
vn 0.049508 0.312492 0.948629
vn 0.062371 0.295038 0.953448
vn 0.074661 0.295038 0.952564
vn 0.075071 0.277491 0.957791
vn 0.087406 0.277491 0.956744
vn 0.075455 0.259859 0.962694
vn 0.087853 0.259859 0.961642
vn 0.075814 0.242150 0.967272
vn 0.088271 0.242150 0.966215
vn 0.025021 0.312492 0.949591
vn 0.037734 0.295038 0.954740
vn 0.050061 0.295038 0.954173
vn 0.050336 0.277491 0.959409
vn 0.062713 0.277491 0.958679
vn 0.050593 0.259859 0.964320
vn 0.063034 0.259859 0.963587
vn 0.050834 0.242150 0.968906
vn 0.063334 0.242150 0.968169
vn 0.000518 0.312492 0.949920
vn 0.013044 0.295038 0.955397
vn 0.025394 0.295038 0.955148
vn 0.025534 0.277491 0.960389
vn 0.037941 0.277491 0.959979
vn 0.025664 0.259859 0.965305
vn 0.038136 0.259859 0.964893
vn 0.025786 0.242150 0.969896
vn 0.038317 0.242150 0.969482
vn -0.023986 0.312492 0.949618
vn -0.011676 0.295038 0.955414
vn 0.000521 0.295038 0.955485
vn 0.000524 0.277491 0.960728
vn 0.013115 0.277491 0.960639
vn 0.000527 0.259859 0.965646
vn 0.013182 0.259859 0.965556
vn 0.000529 0.242150 0.970239
vn 0.013245 0.242150 0.970148
vn -0.024126 0.295038 0.955181
vn -0.024258 0.277491 0.960422
vn -0.011740 0.277491 0.960656
vn -0.024383 0.259859 0.965339
vn -0.011800 0.259859 0.965574
vn -0.024499 0.242150 0.969929
vn -0.011857 0.242150 0.970166
vn -0.170103 0.312492 0.934566
vn -0.171362 0.295038 0.939993
vn -0.196589 0.277491 0.940400
vn -0.221685 0.259859 0.939856
vn -0.246698 0.247233 0.937025
vn -0.194154 0.312492 0.929867
vn -0.195516 0.295038 0.935268
vn -0.220556 0.277491 0.935069
vn -0.245211 0.269085 0.931378
vn -0.218075 0.312492 0.924550
vn -0.219353 0.295038 0.929966
vn -0.243596 0.290841 0.925242
vn -0.241852 0.312492 0.918617
vn -0.252207 0.136834 0.957950
vn -0.227196 0.143499 0.963219
vn -0.226884 0.152573 0.961897
vn -0.252925 0.114583 0.960677
vn -0.227762 0.125332 0.965617
vn -0.227489 0.134419 0.964459
vn -0.202507 0.143499 0.968710
vn -0.202229 0.152573 0.967380
vn -0.177246 0.152573 0.972268
vn -0.253515 0.092294 0.962918
vn -0.228250 0.107145 0.967689
vn -0.228016 0.116240 0.966694
vn -0.203011 0.125332 0.971122
vn -0.202768 0.134419 0.969957
vn -0.177718 0.134419 0.974858
vn -0.177489 0.143499 0.973604
vn -0.152312 0.143499 0.977859
vn -0.152103 0.152573 0.976517
vn -0.126825 0.152573 0.980121
vn -0.253978 0.069973 0.964676
vn -0.228839 0.079845 0.970184
vn -0.228662 0.088946 0.969434
vn -0.228466 0.098047 0.968602
vn -0.203639 0.098047 0.974124
vn -0.203447 0.107145 0.973206
vn -0.178313 0.107145 0.978123
vn -0.178130 0.116240 0.977117
vn -0.152861 0.116240 0.981388
vn -0.152691 0.125332 0.980294
vn -0.127315 0.125332 0.983912
vn -0.127163 0.134419 0.982732
vn -0.101537 0.134419 0.985709
vn -0.101407 0.143499 0.984441
vn -0.075979 0.143499 0.986730
vn -0.075875 0.152573 0.985375
vn -0.050431 0.152573 0.987005
vn -0.229135 0.061643 0.971441
vn -0.228997 0.070744 0.970853
vn -0.203971 0.079845 0.975715
vn -0.203814 0.088946 0.974961
vn -0.178635 0.088946 0.979887
vn -0.178481 0.098047 0.979046
vn -0.153163 0.098047 0.983325
vn -0.153019 0.107145 0.982398
vn -0.127589 0.107145 0.986023
vn -0.127457 0.116240 0.985009
vn -0.101772 0.116240 0.987993
vn -0.101659 0.125332 0.986893
vn -0.076168 0.125332 0.989187
vn -0.076077 0.134419 0.988000
vn -0.050566 0.134419 0.989634
vn -0.050501 0.143499 0.988361
vn -0.037702 0.143499 0.988932
vn -0.037651 0.152573 0.987575
vn -0.024954 0.152573 0.987977
vn -0.229355 0.043449 0.972373
vn -0.229255 0.052545 0.971947
vn -0.204236 0.061643 0.976979
vn -0.204112 0.070744 0.976388
vn -0.178896 0.070744 0.981321
vn -0.178773 0.079845 0.980645
vn -0.153413 0.079845 0.984931
vn -0.153295 0.088946 0.984169
vn -0.127819 0.088946 0.987801
vn -0.127709 0.098047 0.986954
vn -0.101973 0.098047 0.989944
vn -0.101877 0.107145 0.989010
vn -0.076331 0.107145 0.991309
vn -0.076253 0.116240 0.990290
vn -0.050683 0.116240 0.991927
vn -0.050626 0.125332 0.990822
vn -0.037796 0.125332 0.991395
vn -0.037751 0.134419 0.990205
vn -0.025021 0.134419 0.990609
vn -0.024989 0.143499 0.989335
vn -0.012094 0.143499 0.989577
vn -0.012077 0.152573 0.988218
vn 0.000539 0.152573 0.988292
vn -0.204431 0.043449 0.977916
vn -0.179176 0.043449 0.982857
vn -0.153759 0.043449 0.987153
vn -0.128206 0.043449 0.990795
vn -0.102370 0.043449 0.993797
vn -0.076701 0.043449 0.996107
vn -0.050981 0.043449 0.997754
vn -0.038061 0.043449 0.998330
vn -0.025226 0.043449 0.998737
vn -0.204342 0.052545 0.977488
vn -0.179098 0.052545 0.982427
vn -0.153692 0.052545 0.986721
vn -0.128150 0.052545 0.990362
vn -0.102325 0.052545 0.993362
vn -0.076667 0.052545 0.995671
vn -0.050958 0.052545 0.997318
vn -0.038044 0.052545 0.997894
vn -0.025215 0.052545 0.998300
vn -0.012203 0.052545 0.998544
vn -0.203238 0.116240 0.972205
vn -0.200951 0.188637 0.961267
vn -0.176126 0.188637 0.966124
vn -0.151142 0.188637 0.970346
vn -0.126023 0.188637 0.973927
vn -0.100627 0.188637 0.976878
vn -0.075395 0.188637 0.979148
vn -0.200213 0.206531 0.957737
vn -0.175479 0.206531 0.962576
vn -0.150587 0.206531 0.966783
vn -0.125561 0.206531 0.970350
vn -0.100258 0.206531 0.973290
vn -0.075118 0.206531 0.975552
vn -0.199408 0.224372 0.953884
vn -0.174773 0.224372 0.958703
vn -0.149981 0.224372 0.962893
vn -0.125055 0.224372 0.966446
vn -0.099854 0.224372 0.969374
vn -0.074816 0.224372 0.971627
vn -0.179004 0.061643 0.981915
vn -0.153519 0.070744 0.985610
vn -0.127918 0.079845 0.988566
vn -0.102061 0.088946 0.990794
vn -0.076404 0.098047 0.992245
vn -0.050735 0.107145 0.992948
vn -0.037839 0.116240 0.992500
vn -0.025051 0.125332 0.991799
vn -0.012109 0.134419 0.990851
vn 0.000540 0.143499 0.989650
vn 0.013492 0.152573 0.988200
vn -0.177931 0.125332 0.976029
vn -0.174008 0.242150 0.954507
vn -0.148618 0.259859 0.954141
vn -0.123288 0.277491 0.952785
vn -0.153612 0.061643 0.986207
vn -0.128083 0.061643 0.989846
vn -0.102272 0.061643 0.992845
vn -0.076627 0.061643 0.995152
vn -0.050932 0.061643 0.996798
vn -0.038024 0.061643 0.997374
vn -0.025202 0.061643 0.997780
vn -0.012197 0.061643 0.998024
vn 0.000544 0.061643 0.998098
vn -0.152508 0.134419 0.979118
vn -0.149324 0.242150 0.958679
vn -0.124508 0.242150 0.962217
vn -0.099417 0.242150 0.965132
vn -0.074489 0.242150 0.967375
vn -0.128006 0.070744 0.989247
vn -0.102140 0.079845 0.991560
vn -0.076469 0.088946 0.993097
vn -0.050783 0.098047 0.993885
vn -0.037877 0.107145 0.993522
vn -0.025079 0.116240 0.992904
vn -0.012124 0.125332 0.992041
vn 0.000540 0.134419 0.990924
vn 0.013510 0.143499 0.989558
vn 0.026266 0.152573 0.987943
vn -0.126999 0.143499 0.981468
vn -0.123919 0.259859 0.957662
vn -0.098443 0.277491 0.955671
vn -0.102210 0.070744 0.992244
vn -0.076581 0.070744 0.994550
vn -0.050901 0.070744 0.996195
vn -0.038001 0.070744 0.996770
vn -0.025187 0.070744 0.997176
vn -0.012190 0.070744 0.997420
vn 0.000544 0.070744 0.997494
vn 0.013617 0.070744 0.997402
vn -0.101267 0.152573 0.983090
vn -0.098947 0.259859 0.960564
vn -0.074136 0.259859 0.962796
vn -0.076528 0.079845 0.993865
vn -0.050826 0.088946 0.994739
vn -0.037913 0.098047 0.994459
vn -0.025105 0.107145 0.993926
vn -0.012137 0.116240 0.993147
vn 0.000541 0.125332 0.992115
vn 0.013528 0.134419 0.990832
vn 0.026302 0.143499 0.989301
vn 0.039030 0.152573 0.987521
vn -0.073758 0.277491 0.957893
vn -0.050866 0.079845 0.995509
vn -0.037975 0.079845 0.996084
vn -0.025169 0.079845 0.996489
vn -0.012181 0.079845 0.996733
vn 0.000544 0.079845 0.996807
vn 0.013608 0.079845 0.996714
vn 0.026492 0.079845 0.996455
vn -0.037946 0.088946 0.995313
vn -0.025128 0.098047 0.994865
vn -0.012150 0.107145 0.994169
vn 0.000542 0.116240 0.993221
vn 0.013544 0.125332 0.992022
vn 0.026336 0.134419 0.990575
vn 0.039084 0.143499 0.988878
vn 0.051780 0.152573 0.986935
vn -0.025150 0.088946 0.995719
vn -0.012172 0.088946 0.995962
vn 0.000543 0.088946 0.996036
vn 0.013597 0.088946 0.995944
vn 0.026472 0.088946 0.995685
vn 0.039336 0.088946 0.995259
vn -0.012161 0.098047 0.995108
vn 0.000542 0.107145 0.994243
vn 0.013559 0.116240 0.993129
vn 0.026368 0.125332 0.991764
vn 0.039134 0.134419 0.990152
vn 0.051851 0.143499 0.988291
vn 0.064512 0.152573 0.986184
vn 0.000543 0.098047 0.995182
vn 0.013586 0.098047 0.995089
vn 0.026449 0.098047 0.994830
vn 0.039302 0.098047 0.994405
vn 0.052141 0.098047 0.993815
vn 0.026552 0.043449 0.998703
vn 0.039438 0.052545 0.997840
vn 0.052294 0.061643 0.996727
vn 0.065113 0.070744 0.995367
vn 0.077890 0.079845 0.993759
vn 0.090618 0.088946 0.991906
vn 0.103291 0.098047 0.989807
vn 0.115903 0.107145 0.987465
vn 0.128299 0.116240 0.984900
vn 0.013573 0.107145 0.994151
vn 0.026397 0.116240 0.992870
vn 0.039181 0.125332 0.991341
vn 0.051918 0.134419 0.989564
vn 0.064601 0.143499 0.987540
vn 0.077225 0.152573 0.985270
vn 0.026424 0.107145 0.993892
vn 0.039265 0.107145 0.993468
vn 0.052092 0.107145 0.992878
vn 0.064901 0.107145 0.992123
vn 0.039225 0.116240 0.992446
vn 0.051980 0.125332 0.990752
vn 0.064684 0.134419 0.988811
vn 0.077331 0.143499 0.986624
vn 0.089914 0.152573 0.984194
vn 0.052038 0.116240 0.991857
vn 0.064834 0.116240 0.991103
vn 0.077610 0.116240 0.990184
vn 0.064762 0.125332 0.989999
vn 0.077430 0.134419 0.987895
vn 0.090037 0.143499 0.985546
vn 0.102576 0.152573 0.982955
vn 0.078066 0.043449 0.996001
vn 0.090853 0.052545 0.994477
vn 0.103594 0.061643 0.992708
vn 0.116282 0.070744 0.990694
vn 0.128762 0.079845 0.988456
vn 0.141473 0.088946 0.985938
vn 0.077523 0.125332 0.989081
vn 0.090261 0.125332 0.988000
vn 0.090153 0.134419 0.986815
vn 0.102717 0.143499 0.984305
vn 0.115209 0.152573 0.981554
vn 0.102849 0.134419 0.985573
vn 0.115367 0.143499 0.982903
vn 0.127662 0.152573 0.980012
vn 0.129052 0.043449 0.990685
vn -0.122625 -0.314374 -0.941346
vn -0.146866 -0.314374 -0.937870
vn -0.135635 -0.296820 -0.945252
vn -0.147940 -0.292596 -0.944723
vn -0.136389 -0.279172 -0.950506
vn -0.148934 -0.270712 -0.951070
vn -0.137096 -0.261438 -0.955434
vn -0.149848 -0.248731 -0.956911
vn -0.137757 -0.243625 -0.960036
vn -0.150684 -0.226661 -0.962247
vn -0.138370 -0.225741 -0.964310
vn -0.138936 -0.207795 -0.968255
vn -0.125840 -0.225741 -0.966025
vn -0.126355 -0.207795 -0.969977
vn -0.113565 -0.225741 -0.967545
vn -0.114029 -0.207795 -0.971503
vn -0.101112 -0.225741 -0.968926
vn -0.101526 -0.207795 -0.972889
vn -0.088630 -0.225741 -0.970147
vn -0.088993 -0.207795 -0.974116
vn -0.076123 -0.225741 -0.971209
vn -0.076434 -0.207795 -0.975182
vn -0.063592 -0.225741 -0.972110
vn -0.063852 -0.207795 -0.976086
vn -0.051041 -0.225741 -0.972849
vn -0.051250 -0.207795 -0.976829
vn -0.038473 -0.225741 -0.973427
vn -0.038630 -0.207795 -0.977409
vn -0.025891 -0.225741 -0.973843
vn -0.025997 -0.207795 -0.977827
vn -0.013299 -0.225741 -0.974096
vn -0.013353 -0.207795 -0.978081
vn -0.000531 -0.225741 -0.974187
vn -0.000534 -0.207795 -0.978172
vn 0.011905 -0.225741 -0.974115
vn 0.011954 -0.207795 -0.978099
vn 0.024598 -0.225741 -0.973877
vn 0.024699 -0.207795 -0.977861
vn 0.037113 -0.225741 -0.973480
vn 0.037265 -0.207795 -0.977462
vn 0.049712 -0.225741 -0.972918
vn 0.049915 -0.207795 -0.976898
vn 0.074792 -0.225741 -0.971312
vn 0.075098 -0.207795 -0.975285
vn 0.099822 -0.225741 -0.969060
vn 0.100230 -0.207795 -0.973024
vn 0.125015 -0.225741 -0.966133
vn 0.125526 -0.207795 -0.970085
vn 0.149932 -0.225741 -0.962580
vn 0.150545 -0.207795 -0.966518
vn 0.174716 -0.225741 -0.958392
vn 0.175431 -0.207795 -0.962312
vn 0.199343 -0.225741 -0.953574
vn 0.200158 -0.207795 -0.957475
vn 0.223646 -0.225741 -0.948168
vn 0.224561 -0.207795 -0.952047
vn 0.247976 -0.226661 -0.941877
vn 0.249221 -0.204511 -0.946607
vn 0.225399 -0.189794 -0.955601
vn 0.250336 -0.182290 -0.950843
vn 0.226161 -0.171746 -0.958830
vn 0.251322 -0.160006 -0.954587
vn 0.226516 -0.162633 -0.960334
vn 0.226851 -0.153510 -0.961755
vn 0.202199 -0.153510 -0.967238
vn 0.202481 -0.144380 -0.968584
vn 0.177466 -0.144380 -0.973478
vn 0.177698 -0.135243 -0.974748
vn 0.152491 -0.135243 -0.979008
vn 0.152676 -0.126100 -0.980198
vn 0.127303 -0.126100 -0.983815
vn 0.127447 -0.116953 -0.984926
vn 0.101764 -0.116953 -0.987910
vn 0.101870 -0.107801 -0.988940
vn 0.076326 -0.107801 -0.991238
vn 0.076399 -0.098646 -0.992186
vn 0.050780 -0.098646 -0.993826
vn 0.050824 -0.089489 -0.994690
vn 0.037944 -0.089489 -0.995265
vn 0.037974 -0.080331 -0.996045
vn 0.025168 -0.080331 -0.996450
vn 0.025186 -0.071173 -0.997146
vn 0.012189 -0.071173 -0.997389
vn 0.012197 -0.062017 -0.998001
vn -0.000544 -0.062017 -0.998075
vn -0.000545 -0.052862 -0.998602
vn -0.013632 -0.052862 -0.998509
vn -0.013638 -0.043709 -0.998951
vn -0.026552 -0.043709 -0.998691
vn -0.026561 -0.034561 -0.999050
vn -0.039469 -0.034561 -0.998623
vn -0.026332 -0.025418 -0.999330
vn -0.052101 -0.025418 -0.998318
vn -0.052362 -0.034561 -0.998030
vn -0.065238 -0.034561 -0.997271
vn -0.052343 -0.043709 -0.997672
vn -0.065214 -0.043709 -0.996914
vn -0.052320 -0.052862 -0.997230
vn -0.065185 -0.052862 -0.996472
vn -0.052292 -0.062017 -0.996704
vn -0.065151 -0.062017 -0.995946
vn -0.052260 -0.071173 -0.996094
vn -0.065111 -0.071173 -0.995337
vn -0.052224 -0.080331 -0.995399
vn -0.065066 -0.080331 -0.994642
vn -0.052183 -0.089489 -0.994620
vn -0.065015 -0.089489 -0.993864
vn -0.052138 -0.098646 -0.993756
vn -0.064958 -0.098646 -0.993000
vn -0.052088 -0.107801 -0.992807
vn -0.064896 -0.107801 -0.992052
vn -0.052034 -0.116953 -0.991773
vn -0.064829 -0.116953 -0.991019
vn -0.051975 -0.126100 -0.990655
vn -0.064756 -0.126100 -0.989902
vn -0.051912 -0.135243 -0.989452
vn -0.064677 -0.135243 -0.988699
vn -0.051844 -0.144380 -0.988163
vn -0.064593 -0.144380 -0.987412
vn -0.051772 -0.153510 -0.986790
vn -0.064503 -0.153510 -0.986040
vn -0.051696 -0.162633 -0.985332
vn -0.064408 -0.162633 -0.984582
vn -0.051615 -0.171746 -0.983788
vn -0.064307 -0.171746 -0.983040
vn -0.051441 -0.189794 -0.980475
vn -0.064090 -0.189794 -0.979730
vn -0.151440 -0.204511 -0.967079
vn -0.139455 -0.189794 -0.971870
vn -0.126826 -0.189794 -0.973598
vn -0.114455 -0.189794 -0.975130
vn -0.101905 -0.189794 -0.976521
vn -0.089325 -0.189794 -0.977752
vn -0.076719 -0.189794 -0.978822
vn -0.152118 -0.182290 -0.971406
vn -0.139926 -0.171746 -0.975153
vn -0.127255 -0.171746 -0.976888
vn -0.114842 -0.171746 -0.978425
vn -0.102249 -0.171746 -0.979821
vn -0.089627 -0.171746 -0.981056
vn -0.076979 -0.171746 -0.982129
vn -0.152717 -0.160006 -0.975231
vn -0.140145 -0.162633 -0.976683
vn -0.127454 -0.162633 -0.978420
vn -0.115022 -0.162633 -0.979960
vn -0.102409 -0.162633 -0.981358
vn -0.089768 -0.162633 -0.982595
vn -0.077099 -0.162633 -0.983670
vn -0.153237 -0.137666 -0.978553
vn -0.140548 -0.144380 -0.979490
vn -0.140353 -0.153510 -0.978129
vn -0.153679 -0.115279 -0.981373
vn -0.140903 -0.126100 -0.981960
vn -0.140731 -0.135243 -0.980767
vn -0.127821 -0.144380 -0.981232
vn -0.127643 -0.153510 -0.979868
vn -0.115192 -0.153510 -0.981410
vn -0.154042 -0.092854 -0.983692
vn -0.141209 -0.107801 -0.984093
vn -0.141062 -0.116953 -0.983069
vn -0.128143 -0.126100 -0.983706
vn -0.127987 -0.135243 -0.982511
vn -0.115503 -0.135243 -0.984057
vn -0.115352 -0.144380 -0.982776
vn -0.102704 -0.144380 -0.984178
vn -0.102561 -0.153510 -0.982810
vn -0.089901 -0.153510 -0.984049
vn -0.154327 -0.070396 -0.985509
vn -0.141577 -0.080331 -0.986662
vn -0.141466 -0.089489 -0.985890
vn -0.141344 -0.098646 -0.985033
vn -0.128544 -0.098646 -0.986785
vn -0.128421 -0.107801 -0.985843
vn -0.115894 -0.107801 -0.987394
vn -0.115774 -0.116953 -0.986366
vn -0.103079 -0.116953 -0.987774
vn -0.102963 -0.126100 -0.986660
vn -0.090253 -0.126100 -0.987903
vn -0.090143 -0.135243 -0.986703
vn -0.077422 -0.135243 -0.987783
vn -0.077321 -0.144380 -0.986497
vn -0.154533 -0.047915 -0.986825
vn -0.141763 -0.062017 -0.987956
vn -0.141676 -0.071173 -0.987351
vn -0.128757 -0.080331 -0.988417
vn -0.128656 -0.089489 -0.987643
vn -0.116106 -0.089489 -0.989197
vn -0.116005 -0.098646 -0.988338
vn -0.103285 -0.098646 -0.989748
vn -0.103186 -0.107801 -0.988803
vn -0.090449 -0.107801 -0.990050
vn -0.090355 -0.116953 -0.989019
vn -0.077603 -0.116953 -0.990101
vn -0.077516 -0.126100 -0.988984
vn -0.154660 -0.025418 -0.987641
vn -0.141951 -0.034561 -0.989270
vn -0.141901 -0.043709 -0.988915
vn -0.141838 -0.052862 -0.988477
vn -0.128994 -0.052862 -0.990235
vn -0.128926 -0.062017 -0.989713
vn -0.116349 -0.062017 -0.991270
vn -0.116278 -0.071173 -0.990663
vn -0.103528 -0.071173 -0.992077
vn -0.103456 -0.080331 -0.991385
vn -0.090685 -0.080331 -0.992634
vn -0.090614 -0.089489 -0.991857
vn -0.077826 -0.089489 -0.992942
vn -0.077759 -0.098646 -0.992080
vn -0.129132 -0.025418 -0.991302
vn -0.129097 -0.034561 -0.991030
vn -0.129051 -0.043709 -0.990674
vn -0.116462 -0.043709 -0.992233
vn -0.116411 -0.052862 -0.991793
vn -0.103646 -0.052862 -0.993209
vn -0.103591 -0.062017 -0.992685
vn -0.090804 -0.062017 -0.993936
vn -0.090748 -0.071173 -0.993327
vn -0.077941 -0.071173 -0.994414
vn -0.077887 -0.080331 -0.993721
vn -0.116504 -0.034561 -0.992589
vn -0.103519 -0.025418 -0.994303
vn -0.103729 -0.034561 -0.994005
vn -0.090925 -0.034561 -0.995258
vn -0.090892 -0.043709 -0.994901
vn -0.078065 -0.043709 -0.995990
vn -0.078030 -0.052862 -0.995549
vn -0.077836 -0.025418 -0.996642
vn -0.078093 -0.034561 -0.996347
vn -0.013643 -0.034561 -0.999309
vn -0.000545 -0.025418 -0.999677
vn -0.000545 -0.034561 -0.999402
vn 0.012213 -0.034561 -0.999328
vn 0.012209 -0.043709 -0.998970
vn 0.025226 -0.043709 -0.998726
vn 0.025215 -0.052862 -0.998283
vn 0.038044 -0.052862 -0.997877
vn 0.038023 -0.062017 -0.997351
vn 0.050930 -0.062017 -0.996775
vn 0.050899 -0.071173 -0.996164
vn 0.076579 -0.071173 -0.994520
vn 0.076525 -0.080331 -0.993826
vn 0.102136 -0.080331 -0.991522
vn 0.102056 -0.089489 -0.990745
vn 0.127812 -0.089489 -0.987753
vn 0.127701 -0.098646 -0.986895
vn 0.153154 -0.098646 -0.983266
vn 0.153008 -0.107801 -0.982328
vn 0.178300 -0.107801 -0.978053
vn 0.178115 -0.116953 -0.977035
vn 0.203220 -0.116953 -0.972123
vn 0.202991 -0.126100 -0.971027
vn 0.227739 -0.126100 -0.965522
vn 0.227463 -0.135243 -0.964349
vn 0.252178 -0.137666 -0.957838
vn 0.227167 -0.144380 -0.963094
vn 0.025242 -0.025418 -0.999358
vn 0.025235 -0.034561 -0.999084
vn 0.038060 -0.043709 -0.998319
vn 0.050957 -0.052862 -0.997301
vn 0.076626 -0.062017 -0.995129
vn 0.102207 -0.071173 -0.992214
vn 0.127913 -0.080331 -0.988527
vn 0.153287 -0.089489 -0.984121
vn 0.178471 -0.098646 -0.978988
vn 0.203432 -0.107801 -0.973136
vn 0.227997 -0.116953 -0.966612
vn 0.252905 -0.115279 -0.960599
vn 0.038074 -0.034561 -0.998677
vn 0.051012 -0.025418 -0.998375
vn 0.050998 -0.034561 -0.998101
vn 0.076728 -0.034561 -0.996453
vn 0.076700 -0.043709 -0.996096
vn 0.102369 -0.043709 -0.993786
vn 0.102324 -0.052862 -0.993346
vn 0.128148 -0.052862 -0.990345
vn 0.128080 -0.062017 -0.989823
vn 0.153609 -0.062017 -0.986184
vn 0.153514 -0.071173 -0.985580
vn 0.178891 -0.071173 -0.981291
vn 0.178766 -0.080331 -0.980607
vn 0.203963 -0.080331 -0.975677
vn 0.203804 -0.089489 -0.974913
vn 0.228651 -0.089489 -0.969387
vn 0.228452 -0.098646 -0.968545
vn 0.253502 -0.092854 -0.962868
vn 0.228234 -0.107801 -0.967620
vn 0.076749 -0.025418 -0.996726
vn 0.102406 -0.034561 -0.994142
vn 0.128205 -0.043709 -0.990784
vn 0.153690 -0.052862 -0.986704
vn 0.179000 -0.062017 -0.981892
vn 0.204106 -0.071173 -0.976358
vn 0.228830 -0.080331 -0.970146
vn 0.102434 -0.025418 -0.994415
vn 0.128051 -0.025418 -0.991442
vn 0.128251 -0.034561 -0.991139
vn 0.153583 -0.025418 -0.987809
vn 0.153813 -0.034561 -0.987495
vn 0.179013 -0.025418 -0.983518
vn 0.179238 -0.034561 -0.983198
vn 0.204323 -0.025418 -0.978573
vn 0.204502 -0.034561 -0.978256
vn 0.229498 -0.025418 -0.972977
vn 0.229435 -0.034561 -0.972710
vn 0.254520 -0.025418 -0.966734
vn 0.254310 -0.047915 -0.965935
vn 0.253970 -0.070396 -0.964647
vn 0.229130 -0.062017 -0.971418
vn 0.229251 -0.052862 -0.971931
vn 0.229353 -0.043709 -0.972361
vn 0.204429 -0.043709 -0.977905
vn 0.228990 -0.071173 -0.970823
vn 0.204231 -0.062017 -0.976956
vn 0.204339 -0.052862 -0.977472
vn 0.179095 -0.052862 -0.982411
vn 0.179174 -0.043709 -0.982846
vn 0.153758 -0.043709 -0.987141
vn 0.222655 -0.243625 -0.943966
vn 0.246600 -0.248731 -0.936654
vn 0.221588 -0.261438 -0.939441
vn 0.245095 -0.270712 -0.930937
vn 0.220444 -0.279172 -0.934595
vn 0.243460 -0.292596 -0.924724
vn 0.219226 -0.296820 -0.929429
vn 0.241693 -0.314374 -0.918016
vn 0.217933 -0.314374 -0.923945
vn 0.195403 -0.296820 -0.934727
vn 0.194027 -0.314374 -0.929259
vn 0.171263 -0.296820 -0.939450
vn 0.169992 -0.314374 -0.933955
vn 0.146969 -0.296820 -0.943556
vn 0.145843 -0.314374 -0.938029
vn 0.122544 -0.296820 -0.947038
vn 0.121598 -0.314374 -0.941479
vn 0.097849 -0.296820 -0.949907
vn 0.097272 -0.314374 -0.944303
vn 0.073313 -0.296820 -0.952115
vn 0.072881 -0.314374 -0.946498
vn 0.048729 -0.296820 -0.953689
vn 0.048442 -0.314374 -0.948063
vn 0.036380 -0.296820 -0.954240
vn 0.023970 -0.314374 -0.948997
vn 0.024112 -0.296820 -0.954629
vn 0.011670 -0.296820 -0.954862
vn 0.011734 -0.279172 -0.960169
vn -0.000524 -0.279172 -0.960241
vn -0.000526 -0.261438 -0.965220
vn -0.013177 -0.261438 -0.965130
vn -0.013240 -0.243625 -0.969779
vn -0.025777 -0.243625 -0.969527
vn -0.000518 -0.314374 -0.949299
vn -0.000521 -0.296820 -0.954933
vn -0.013109 -0.279172 -0.960152
vn -0.025653 -0.261438 -0.964879
vn -0.038302 -0.243625 -0.969113
vn -0.013036 -0.296820 -0.954844
vn -0.025005 -0.314374 -0.948970
vn -0.025380 -0.296820 -0.954596
vn -0.037713 -0.296820 -0.954188
vn -0.037922 -0.279172 -0.959492
vn -0.050310 -0.279172 -0.958922
vn -0.050571 -0.261438 -0.963895
vn -0.063006 -0.261438 -0.963162
vn -0.063310 -0.243625 -0.967801
vn -0.075785 -0.243625 -0.966904
vn -0.049476 -0.314374 -0.948009
vn -0.050032 -0.296820 -0.953622
vn -0.062681 -0.279172 -0.958193
vn -0.075422 -0.261438 -0.962269
vn -0.088238 -0.243625 -0.965847
vn -0.062335 -0.296820 -0.952897
vn -0.073913 -0.314374 -0.946417
vn -0.074618 -0.296820 -0.952014
vn -0.086879 -0.296820 -0.950973
vn -0.087362 -0.279172 -0.956259
vn -0.099665 -0.279172 -0.955055
vn -0.100181 -0.261438 -0.960007
vn -0.112519 -0.261438 -0.958639
vn -0.113061 -0.243625 -0.963257
vn -0.125282 -0.243625 -0.961744
vn -0.098302 -0.314374 -0.944196
vn -0.099114 -0.296820 -0.949776
vn -0.111939 -0.279172 -0.953694
vn -0.124682 -0.261438 -0.957134
vn -0.111320 -0.296820 -0.948423
vn -0.123353 -0.296820 -0.946933
vn -0.128847 -0.071173 -0.989107
vn -0.128288 -0.116953 -0.984817
vn -0.124038 -0.279172 -0.952196
vn -0.103692 -0.043709 -0.993649
vn -0.090852 -0.052862 -0.994460
vn -0.077989 -0.062017 -0.995023
vn -0.116197 -0.080331 -0.989972
vn -0.103375 -0.089489 -0.990609
vn -0.090535 -0.098646 -0.990996
vn -0.077684 -0.107801 -0.991133
vn -0.115643 -0.126100 -0.985254
vn -0.102838 -0.135243 -0.985461
vn -0.090026 -0.144380 -0.985419
vn -0.077213 -0.153510 -0.985126
vn -0.100664 -0.243625 -0.964631
vn -0.087815 -0.261438 -0.961217
vn -0.075033 -0.279172 -0.957305
vn -0.050815 -0.243625 -0.968537
vn -0.038119 -0.261438 -0.964467
vn -0.025521 -0.279172 -0.959902
vn -0.039455 -0.043709 -0.998265
vn -0.039437 -0.052862 -0.997823
vn -0.026540 -0.052862 -0.998249
vn -0.039416 -0.062017 -0.997296
vn -0.026526 -0.062017 -0.997723
vn -0.013625 -0.062017 -0.997982
vn -0.039392 -0.071173 -0.996686
vn -0.026510 -0.071173 -0.997112
vn -0.013617 -0.071173 -0.997371
vn -0.000544 -0.071173 -0.997464
vn -0.039365 -0.080331 -0.995991
vn -0.026491 -0.080331 -0.996416
vn -0.013607 -0.080331 -0.996675
vn -0.000544 -0.080331 -0.996768
vn 0.012181 -0.080331 -0.996694
vn -0.039334 -0.089489 -0.995211
vn -0.026471 -0.089489 -0.995636
vn -0.013597 -0.089489 -0.995895
vn -0.000543 -0.089489 -0.995988
vn 0.012171 -0.089489 -0.995913
vn 0.025149 -0.089489 -0.995670
vn -0.039300 -0.098646 -0.994346
vn -0.026448 -0.098646 -0.994771
vn -0.013585 -0.098646 -0.995030
vn -0.000543 -0.098646 -0.995122
vn 0.012161 -0.098646 -0.995048
vn 0.025127 -0.098646 -0.994805
vn 0.037911 -0.098646 -0.994400
vn -0.039262 -0.107801 -0.993397
vn -0.026422 -0.107801 -0.993821
vn -0.013572 -0.107801 -0.994080
vn -0.000542 -0.107801 -0.994172
vn 0.012149 -0.107801 -0.994098
vn 0.025103 -0.107801 -0.993856
vn 0.037875 -0.107801 -0.993451
vn 0.050731 -0.107801 -0.992877
vn -0.039221 -0.116953 -0.992363
vn -0.026395 -0.116953 -0.992787
vn -0.013558 -0.116953 -0.993045
vn -0.000542 -0.116953 -0.993137
vn 0.012136 -0.116953 -0.993063
vn 0.025077 -0.116953 -0.992821
vn 0.037835 -0.116953 -0.992417
vn 0.050679 -0.116953 -0.991844
vn 0.076247 -0.116953 -0.990206
vn -0.039177 -0.126100 -0.991244
vn -0.026365 -0.126100 -0.991667
vn -0.013542 -0.126100 -0.991925
vn -0.000541 -0.126100 -0.992017
vn 0.012123 -0.126100 -0.991943
vn 0.025048 -0.126100 -0.991701
vn 0.037793 -0.126100 -0.991297
vn 0.050621 -0.126100 -0.990725
vn 0.076161 -0.126100 -0.989090
vn 0.101649 -0.126100 -0.986796
vn -0.039129 -0.135243 -0.990039
vn -0.026333 -0.135243 -0.990462
vn -0.013526 -0.135243 -0.990720
vn -0.000540 -0.135243 -0.990812
vn 0.012108 -0.135243 -0.990738
vn 0.025018 -0.135243 -0.990497
vn 0.037747 -0.135243 -0.990093
vn 0.050560 -0.135243 -0.989522
vn 0.076068 -0.135243 -0.987888
vn 0.101526 -0.135243 -0.985597
vn 0.127148 -0.135243 -0.982620
vn -0.039079 -0.144380 -0.988750
vn -0.026299 -0.144380 -0.989173
vn -0.013508 -0.144380 -0.989430
vn -0.000540 -0.144380 -0.989522
vn 0.012092 -0.144380 -0.989448
vn 0.024985 -0.144380 -0.989207
vn 0.037698 -0.144380 -0.988804
vn 0.050494 -0.144380 -0.988233
vn 0.075969 -0.144380 -0.986602
vn 0.101393 -0.144380 -0.984314
vn 0.126983 -0.144380 -0.981341
vn 0.152292 -0.144380 -0.977733
vn -0.039024 -0.153510 -0.987376
vn -0.026262 -0.153510 -0.987798
vn -0.013490 -0.153510 -0.988055
vn -0.000539 -0.153510 -0.988147
vn 0.012075 -0.153510 -0.988073
vn 0.024951 -0.153510 -0.987832
vn 0.037645 -0.153510 -0.987430
vn 0.050424 -0.153510 -0.986860
vn 0.075863 -0.153510 -0.985231
vn 0.101252 -0.153510 -0.982946
vn 0.126806 -0.153510 -0.979977
vn 0.152081 -0.153510 -0.976374
vn 0.177220 -0.153510 -0.972125
vn -0.038967 -0.162633 -0.985917
vn -0.026223 -0.162633 -0.986338
vn -0.013470 -0.162633 -0.986595
vn -0.000538 -0.162633 -0.986687
vn 0.012058 -0.162633 -0.986613
vn 0.024914 -0.162633 -0.986372
vn 0.037590 -0.162633 -0.985970
vn 0.050349 -0.162633 -0.985401
vn 0.075751 -0.162633 -0.983775
vn 0.101103 -0.162633 -0.981493
vn 0.126619 -0.162633 -0.978529
vn 0.151856 -0.162633 -0.974931
vn 0.176958 -0.162633 -0.970689
vn 0.201900 -0.162633 -0.965809
vn -0.038906 -0.171746 -0.984373
vn -0.026182 -0.171746 -0.984793
vn -0.013449 -0.171746 -0.985050
vn -0.000537 -0.171746 -0.985141
vn 0.012039 -0.171746 -0.985068
vn 0.024875 -0.171746 -0.984827
vn 0.037531 -0.171746 -0.984426
vn 0.050270 -0.171746 -0.983858
vn 0.075633 -0.171746 -0.982234
vn 0.100944 -0.171746 -0.979956
vn 0.126421 -0.171746 -0.976996
vn 0.151618 -0.171746 -0.973404
vn 0.176681 -0.171746 -0.969168
vn 0.201584 -0.171746 -0.964296
vn -0.038774 -0.189794 -0.981058
vn -0.026094 -0.189794 -0.981477
vn -0.013403 -0.189794 -0.981732
vn -0.000536 -0.189794 -0.981824
vn 0.011998 -0.189794 -0.981751
vn 0.024791 -0.189794 -0.981511
vn 0.037404 -0.189794 -0.981111
vn 0.050101 -0.189794 -0.980545
vn 0.075378 -0.189794 -0.978926
vn 0.100605 -0.189794 -0.976656
vn 0.125995 -0.189794 -0.973706
vn 0.151107 -0.189794 -0.970126
vn 0.176086 -0.189794 -0.965905
vn 0.200905 -0.189794 -0.961049
vn -0.000545 -0.043709 -0.999044
vn 0.012203 -0.052862 -0.998527
vn 0.025201 -0.062017 -0.997757
vn 0.038000 -0.071173 -0.996740
vn 0.050864 -0.080331 -0.995470
vn 0.076465 -0.089489 -0.993048
vn 0.101967 -0.098646 -0.989885
vn 0.127580 -0.107801 -0.985953
vn 0.152849 -0.116953 -0.981305
vn 0.177914 -0.126100 -0.975933
vn 0.202745 -0.135243 -0.969847
vn -0.000529 -0.243625 -0.969869
vn 0.011795 -0.261438 -0.965148
vn 0.024246 -0.279172 -0.959935
vn 0.011852 -0.243625 -0.969797
vn 0.024489 -0.243625 -0.969560
vn 0.036949 -0.243625 -0.969165
vn 0.049491 -0.243625 -0.968606
vn 0.074460 -0.243625 -0.967007
vn 0.099380 -0.243625 -0.964764
vn 0.124461 -0.243625 -0.961850
vn 0.149268 -0.243625 -0.958314
vn 0.173942 -0.243625 -0.954144
vn 0.198459 -0.243625 -0.949348
vn 0.024372 -0.261438 -0.964913
vn 0.036582 -0.279172 -0.959544
vn 0.050980 -0.043709 -0.997743
vn 0.076666 -0.052862 -0.995655
vn 0.102270 -0.062017 -0.992822
vn 0.128002 -0.071173 -0.989217
vn 0.153407 -0.080331 -0.984892
vn 0.178626 -0.089489 -0.979839
vn 0.203627 -0.098646 -0.974066
vn 0.036772 -0.261438 -0.964520
vn 0.049254 -0.261438 -0.963963
vn 0.074103 -0.261438 -0.962372
vn 0.098903 -0.261438 -0.960140
vn 0.123864 -0.261438 -0.957240
vn 0.148552 -0.261438 -0.953720
vn 0.173108 -0.261438 -0.949570
vn 0.197508 -0.261438 -0.944797
vn 0.049000 -0.279172 -0.958990
vn 0.073721 -0.279172 -0.957407
vn 0.098393 -0.279172 -0.955187
vn 0.123225 -0.279172 -0.952302
vn 0.147786 -0.279172 -0.948800
vn 0.172215 -0.279172 -0.944672
vn 0.196489 -0.279172 -0.939923
vn 0.987960 -0.000000 -0.154710
vn 0.987960 -0.000000 -0.154710
vn 0.987960 -0.000000 -0.154710
vn 0.987960 -0.000000 -0.154710
vn 0.987960 -0.000000 -0.154710
vn 0.987960 -0.000000 -0.154710
vn 0.987960 -0.000000 -0.154710
vn 0.987960 -0.000000 -0.154710
vn 0.987960 -0.000000 -0.154710
vn 0.987960 -0.000000 -0.154710
vn 0.987960 -0.000000 -0.154710
vn 0.987960 -0.000000 -0.154710
vn 0.987960 -0.000000 -0.154710
vn 0.987960 -0.000000 -0.154710
vn 0.987960 -0.000000 -0.154710
vn 0.987960 -0.000000 -0.154710
vn 0.987960 -0.000000 -0.154710
vn 0.987960 -0.000000 -0.154710
vn 0.987960 -0.000000 -0.154710
vn 0.987960 -0.000000 -0.154710
vn 0.987960 -0.000000 -0.154710
vn 0.987960 -0.000000 -0.154710
vn 0.987960 -0.000000 -0.154710
vn 0.987960 -0.000000 -0.154710
vn 0.987960 -0.000000 -0.154710
vn 0.987960 -0.000000 -0.154710
vn 0.987960 -0.000000 -0.154710
vn 0.987960 -0.000000 -0.154710
usemtl Aluminum_-_Anodized_Glossy_(Blue)
f 1/1/1 2/2/2 28/3/3
f 28/3/3 2/2/2 27/4/4
f 27/4/4 2/2/2 3/5/5
f 27/4/4 3/5/5 26/6/6
f 26/6/6 3/5/5 4/7/7
f 26/6/6 4/7/7 25/8/8
f 25/8/8 4/7/7 5/9/9
f 25/8/8 5/9/9 24/10/10
f 24/10/10 5/9/9 6/11/11
f 24/10/10 6/11/11 23/12/12
f 23/12/12 6/11/11 7/13/13
f 23/12/12 7/13/13 22/14/14
f 22/14/14 7/13/13 8/15/15
f 22/14/14 8/15/15 21/16/16
f 21/16/16 8/15/15 9/17/17
f 21/16/16 9/17/17 20/18/18
f 20/18/18 9/17/17 10/19/19
f 20/18/18 10/19/19 19/20/20
f 19/20/20 10/19/19 11/21/21
f 19/20/20 11/21/21 18/22/22
f 18/22/22 11/21/21 12/23/23
f 18/22/22 12/23/23 17/24/24
f 17/24/24 12/23/23 13/25/25
f 17/24/24 13/25/25 16/26/26
f 16/26/26 13/25/25 14/27/27
f 16/26/26 14/27/27 15/28/28
f 30/29/29 31/30/30 29/31/31
f 29/31/31 31/30/30 32/32/32
f 29/31/31 32/32/32 60/33/33
f 60/33/33 32/32/32 33/34/34
f 60/33/33 33/34/34 59/35/35
f 59/35/35 33/34/34 34/36/36
f 59/35/35 34/36/36 58/37/37
f 58/37/37 34/36/36 35/38/38
f 58/37/37 35/38/38 57/39/39
f 57/39/39 35/38/38 56/40/40
f 56/40/40 35/38/38 36/41/41
f 56/40/40 36/41/41 55/42/42
f 55/42/42 36/41/41 54/43/43
f 54/43/43 36/41/41 37/44/44
f 54/43/43 37/44/44 53/45/45
f 53/45/45 37/44/44 52/46/46
f 52/46/46 37/44/44 38/47/47
f 52/46/46 38/47/47 51/48/48
f 51/48/48 38/47/47 39/49/49
f 51/48/48 39/49/49 50/50/50
f 50/50/50 39/49/49 40/51/51
f 50/50/50 40/51/51 49/52/52
f 49/52/52 40/51/51 41/53/53
f 49/52/52 41/53/53 48/54/54
f 48/54/54 41/53/53 42/55/55
f 48/54/54 42/55/55 47/56/56
f 47/56/56 42/55/55 43/57/57
f 47/56/56 43/57/57 46/58/58
f 46/58/58 43/57/57 44/59/59
f 46/58/58 44/59/59 28/60/60
f 28/60/60 44/59/59 45/61/61
f 28/60/60 45/61/61 1/62/62
f 61/63/63 62/64/64 92/65/65
f 92/65/65 62/64/64 91/66/66
f 91/66/66 62/64/64 63/67/67
f 91/66/66 63/67/67 90/68/68
f 90/68/68 63/67/67 64/69/69
f 90/68/68 64/69/69 89/70/70
f 89/70/70 64/69/69 65/71/71
f 89/70/70 65/71/71 88/72/72
f 88/72/72 65/71/71 66/73/73
f 88/72/72 66/73/73 67/74/74
f 88/72/72 67/74/74 87/75/75
f 87/75/75 67/74/74 68/76/76
f 87/75/75 68/76/76 69/77/77
f 87/75/75 69/77/77 86/78/78
f 86/78/78 69/77/77 70/79/79
f 86/78/78 70/79/79 71/80/80
f 86/78/78 71/80/80 85/81/81
f 85/81/81 71/80/80 72/82/82
f 85/81/81 72/82/82 84/83/83
f 84/83/83 72/82/82 73/84/84
f 84/83/83 73/84/84 83/85/85
f 83/85/85 73/84/84 74/86/86
f 83/85/85 74/86/86 82/87/87
f 82/87/87 74/86/86 75/88/88
f 82/87/87 75/88/88 81/89/89
f 81/89/89 75/88/88 76/90/90
f 81/89/89 76/90/90 80/91/91
f 80/91/91 76/90/90 77/92/92
f 80/91/91 77/92/92 79/93/93
f 79/93/93 77/92/92 78/94/94
f 78/94/94 77/92/92 15/95/95
f 78/94/94 15/95/95 14/96/96
f 16/97/97 15/98/98 113/99/99
f 113/99/99 15/98/98 77/100/100
f 113/99/99 77/100/100 136/101/101
f 136/101/101 77/100/100 76/102/102
f 136/101/101 76/102/102 159/103/103
f 159/103/103 76/102/102 75/104/104
f 159/103/103 75/104/104 182/105/105
f 182/105/105 75/104/104 74/106/106
f 182/105/105 74/106/106 205/107/107
f 205/107/107 74/106/106 73/108/108
f 205/107/107 73/108/108 228/109/109
f 228/109/109 73/108/108 72/110/110
f 228/109/109 72/110/110 251/111/111
f 251/111/111 72/110/110 71/112/112
f 251/111/111 71/112/112 274/113/113
f 274/113/113 71/112/112 70/114/114
f 274/113/113 70/114/114 297/115/115
f 297/115/115 70/114/114 69/116/116
f 297/115/115 69/116/116 365/117/117
f 365/117/117 69/116/116 320/118/118
f 365/117/117 320/118/118 321/119/119
f 321/119/119 320/118/118 410/120/120
f 321/119/119 410/120/120 409/121/121
f 409/121/121 410/120/120 368/122/122
f 409/121/121 368/122/122 369/123/123
f 369/123/123 368/122/122 415/124/124
f 369/123/123 415/124/124 416/125/125
f 416/125/125 415/124/124 475/126/126
f 416/125/125 475/126/126 474/127/127
f 474/127/127 475/126/126 440/128/128
f 474/127/127 440/128/128 441/129/129
f 441/129/129 440/128/128 517/130/130
f 441/129/129 517/130/130 516/131/131
f 516/131/131 517/130/130 486/132/132
f 516/131/131 486/132/132 487/133/133
f 487/133/133 486/132/132 559/134/134
f 487/133/133 559/134/134 558/135/135
f 558/135/135 559/134/134 532/136/136
f 558/135/135 532/136/136 533/137/137
f 533/137/137 532/136/136 624/138/138
f 533/137/137 624/138/138 623/139/139
f 623/139/139 624/138/138 601/140/140
f 623/139/139 601/140/140 600/141/141
f 600/141/141 601/140/140 579/142/142
f 600/141/141 579/142/142 580/143/143
f 580/143/143 579/142/142 98/144/144
f 580/143/143 98/144/144 581/145/145
f 581/145/145 98/144/144 582/146/146
f 581/145/145 582/146/146 598/147/147
f 598/147/147 582/146/146 597/148/148
f 598/147/147 597/148/148 620/149/149
f 620/149/149 597/148/148 619/150/150
f 620/149/149 619/150/150 537/151/151
f 537/151/151 619/150/150 538/152/152
f 537/151/151 538/152/152 553/153/153
f 553/153/153 538/152/152 552/154/154
f 553/153/153 552/154/154 493/155/155
f 493/155/155 552/154/154 494/156/156
f 493/155/155 494/156/156 509/157/157
f 509/157/157 494/156/156 508/158/158
f 509/157/157 508/158/158 449/159/159
f 449/159/159 508/158/158 450/160/160
f 449/159/159 450/160/160 465/161/161
f 465/161/161 450/160/160 464/162/162
f 465/161/161 464/162/162 426/163/163
f 426/163/163 464/162/162 427/164/164
f 426/163/163 427/164/164 380/165/165
f 380/165/165 427/164/164 381/166/166
f 380/165/165 381/166/166 397/167/167
f 397/167/167 381/166/166 396/168/168
f 397/167/167 396/168/168 334/169/169
f 334/169/169 396/168/168 335/170/170
f 334/169/169 335/170/170 351/171/171
f 351/171/171 335/170/170 350/172/172
f 351/171/171 350/172/172 311/173/173
f 311/173/173 350/172/172 312/174/174
f 311/173/173 312/174/174 288/175/175
f 288/175/175 312/174/174 289/176/176
f 288/175/175 289/176/176 265/177/177
f 265/177/177 289/176/176 266/178/178
f 265/177/177 266/178/178 242/179/179
f 242/179/179 266/178/178 243/180/180
f 242/179/179 243/180/180 219/181/181
f 219/181/181 243/180/180 220/182/182
f 219/181/181 220/182/182 196/183/183
f 196/183/183 220/182/182 197/184/184
f 196/183/183 197/184/184 173/185/185
f 173/185/185 197/184/184 174/186/186
f 173/185/185 174/186/186 150/187/187
f 150/187/187 174/186/186 151/188/188
f 150/187/187 151/188/188 127/189/189
f 127/189/189 151/188/188 128/190/190
f 127/189/189 128/190/190 21/191/191
f 21/191/191 128/190/190 22/192/192
f 22/192/192 128/190/190 129/193/193
f 22/192/192 129/193/193 23/194/194
f 23/194/194 129/193/193 130/195/195
f 23/194/194 130/195/195 24/196/196
f 24/196/196 130/195/195 131/197/197
f 24/196/196 131/197/197 132/198/198
f 132/198/198 131/197/197 155/199/199
f 132/198/198 155/199/199 156/200/200
f 156/200/200 155/199/199 179/201/201
f 156/200/200 179/201/201 180/202/202
f 180/202/202 179/201/201 203/203/203
f 180/202/202 203/203/203 204/204/204
f 204/204/204 203/203/203 227/205/205
f 204/204/204 227/205/205 49/206/206
f 49/206/206 227/205/205 50/207/207
f 50/207/207 227/205/205 250/208/208
f 50/207/207 250/208/208 51/209/209
f 51/209/209 250/208/208 52/210/210
f 52/210/210 250/208/208 273/211/211
f 52/210/210 273/211/211 53/212/212
f 53/212/212 273/211/211 296/213/213
f 53/212/212 296/213/213 319/214/214
f 319/214/214 296/213/213 295/215/215
f 319/214/214 295/215/215 318/216/216
f 318/216/216 295/215/215 294/217/217
f 318/216/216 294/217/217 317/218/218
f 317/218/218 294/217/217 293/219/219
f 317/218/218 293/219/219 316/220/220
f 316/220/220 293/219/219 292/221/221
f 316/220/220 292/221/221 315/222/222
f 315/222/222 292/221/221 291/223/223
f 315/222/222 291/223/223 314/224/224
f 314/224/224 291/223/223 290/225/225
f 314/224/224 290/225/225 313/226/226
f 313/226/226 290/225/225 289/176/176
f 313/226/226 289/176/176 312/174/174
f 69/116/116 68/227/227 320/118/118
f 320/118/118 68/227/227 411/228/228
f 320/118/118 411/228/228 410/120/120
f 410/120/120 411/228/228 367/229/229
f 410/120/120 367/229/229 368/122/122
f 368/122/122 367/229/229 414/230/230
f 368/122/122 414/230/230 415/124/124
f 415/124/124 414/230/230 476/231/231
f 415/124/124 476/231/231 475/126/126
f 475/126/126 476/231/231 439/232/232
f 475/126/126 439/232/232 440/128/128
f 440/128/128 439/232/232 518/233/233
f 440/128/128 518/233/233 517/130/130
f 517/130/130 518/233/233 485/234/234
f 517/130/130 485/234/234 486/132/132
f 486/132/132 485/234/234 560/235/235
f 486/132/132 560/235/235 559/134/134
f 559/134/134 560/235/235 531/236/236
f 559/134/134 531/236/236 532/136/136
f 532/136/136 531/236/236 625/237/237
f 532/136/136 625/237/237 624/138/138
f 624/138/138 625/237/237 602/238/238
f 624/138/138 602/238/238 601/140/140
f 601/140/140 602/238/238 578/239/239
f 601/140/140 578/239/239 579/142/142
f 579/142/142 578/239/239 97/240/240
f 579/142/142 97/240/240 98/144/144
f 411/228/228 68/227/227 366/241/241
f 366/241/241 68/227/227 67/242/242
f 366/241/241 67/242/242 412/243/243
f 412/243/243 67/242/242 111/244/244
f 412/243/243 111/244/244 478/245/245
f 478/245/245 111/244/244 436/246/246
f 478/245/245 436/246/246 437/247/247
f 437/247/247 436/246/246 521/248/248
f 437/247/247 521/248/248 520/249/249
f 520/249/249 521/248/248 482/250/250
f 520/249/249 482/250/250 483/251/251
f 483/251/251 482/250/250 563/252/252
f 483/251/251 563/252/252 562/253/253
f 562/253/253 563/252/252 528/254/254
f 562/253/253 528/254/254 529/255/255
f 529/255/255 528/254/254 628/256/256
f 529/255/255 628/256/256 627/257/257
f 627/257/257 628/256/256 605/258/258
f 627/257/257 605/258/258 604/259/259
f 604/259/259 605/258/258 575/260/260
f 604/259/259 575/260/260 576/261/261
f 576/261/261 575/260/260 96/262/262
f 576/261/261 96/262/262 577/263/263
f 577/263/263 96/262/262 97/240/240
f 577/263/263 97/240/240 578/239/239
f 67/242/242 66/264/264 111/244/244
f 111/244/244 66/264/264 435/265/265
f 111/244/244 435/265/265 436/246/246
f 436/246/246 435/265/265 522/266/266
f 436/246/246 522/266/266 521/248/248
f 521/248/248 522/266/266 481/267/267
f 521/248/248 481/267/267 482/250/250
f 482/250/250 481/267/267 564/268/268
f 482/250/250 564/268/268 563/252/252
f 563/252/252 564/268/268 527/269/269
f 563/252/252 527/269/269 528/254/254
f 528/254/254 527/269/269 629/270/270
f 528/254/254 629/270/270 628/256/256
f 628/256/256 629/270/270 606/271/271
f 628/256/256 606/271/271 605/258/258
f 605/258/258 606/271/271 574/272/272
f 605/258/258 574/272/272 575/260/260
f 575/260/260 574/272/272 95/273/273
f 575/260/260 95/273/273 96/262/262
f 435/265/265 66/264/264 109/274/274
f 109/274/274 66/264/264 65/275/275
f 109/274/274 65/275/275 479/276/276
f 479/276/276 65/275/275 107/277/277
f 479/276/276 107/277/277 566/278/278
f 566/278/278 107/277/277 524/279/279
f 566/278/278 524/279/279 525/280/280
f 525/280/280 524/279/279 632/281/281
f 525/280/280 632/281/281 631/282/282
f 631/282/282 632/281/281 609/283/283
f 631/282/282 609/283/283 608/284/284
f 608/284/284 609/283/283 571/285/285
f 608/284/284 571/285/285 572/286/286
f 572/286/286 571/285/285 94/287/287
f 572/286/286 94/287/287 95/273/273
f 65/275/275 64/288/288 107/277/277
f 107/277/277 64/288/288 523/289/289
f 107/277/277 523/289/289 524/279/279
f 524/279/279 523/289/289 633/290/290
f 524/279/279 633/290/290 632/281/281
f 632/281/281 633/290/290 610/291/291
f 632/281/281 610/291/291 609/283/283
f 609/283/283 610/291/291 570/292/292
f 609/283/283 570/292/292 571/285/285
f 571/285/285 570/292/292 94/287/287
f 523/289/289 64/288/288 105/293/293
f 105/293/293 64/288/288 63/294/294
f 105/293/293 63/294/294 612/295/295
f 612/295/295 63/294/294 567/296/296
f 612/295/295 567/296/296 568/297/297
f 568/297/297 567/296/296 93/298/298
f 568/297/297 93/298/298 569/299/299
f 569/299/299 93/298/298 570/292/292
f 569/299/299 570/292/292 610/291/291
f 63/294/294 62/300/300 567/296/296
f 567/296/296 62/300/300 93/298/298
f 93/298/298 94/287/287 570/292/292
f 98/144/144 99/301/301 582/146/146
f 582/146/146 99/301/301 583/302/302
f 582/146/146 583/302/302 597/148/148
f 597/148/148 583/302/302 596/303/303
f 597/148/148 596/303/303 619/150/150
f 619/150/150 596/303/303 618/304/304
f 619/150/150 618/304/304 538/152/152
f 538/152/152 618/304/304 539/305/305
f 538/152/152 539/305/305 552/154/154
f 552/154/154 539/305/305 551/306/306
f 552/154/154 551/306/306 494/156/156
f 494/156/156 551/306/306 495/307/307
f 494/156/156 495/307/307 508/158/158
f 508/158/158 495/307/307 507/308/308
f 508/158/158 507/308/308 450/160/160
f 450/160/160 507/308/308 451/309/309
f 450/160/160 451/309/309 464/162/162
f 464/162/162 451/309/309 463/310/310
f 464/162/162 463/310/310 427/164/164
f 427/164/164 463/310/310 428/311/311
f 427/164/164 428/311/311 381/166/166
f 381/166/166 428/311/311 382/312/312
f 381/166/166 382/312/312 396/168/168
f 396/168/168 382/312/312 395/313/313
f 396/168/168 395/313/313 335/170/170
f 335/170/170 395/313/313 336/314/314
f 335/170/170 336/314/314 350/172/172
f 350/172/172 336/314/314 349/315/315
f 350/172/172 349/315/315 312/174/174
f 312/174/174 349/315/315 313/226/226
f 99/301/301 100/316/316 583/302/302
f 583/302/302 100/316/316 584/317/317
f 583/302/302 584/317/317 596/303/303
f 596/303/303 584/317/317 595/318/318
f 596/303/303 595/318/318 618/304/304
f 618/304/304 595/318/318 617/319/319
f 618/304/304 617/319/319 539/305/305
f 539/305/305 617/319/319 540/320/320
f 539/305/305 540/320/320 551/306/306
f 551/306/306 540/320/320 550/321/321
f 551/306/306 550/321/321 495/307/307
f 495/307/307 550/321/321 496/322/322
f 495/307/307 496/322/322 507/308/308
f 507/308/308 496/322/322 506/323/323
f 507/308/308 506/323/323 451/309/309
f 451/309/309 506/323/323 452/324/324
f 451/309/309 452/324/324 463/310/310
f 463/310/310 452/324/324 462/325/325
f 463/310/310 462/325/325 428/311/311
f 428/311/311 462/325/325 429/326/326
f 428/311/311 429/326/326 382/312/312
f 382/312/312 429/326/326 383/327/327
f 382/312/312 383/327/327 395/313/313
f 395/313/313 383/327/327 394/328/328
f 395/313/313 394/328/328 336/314/314
f 336/314/314 394/328/328 337/329/329
f 336/314/314 337/329/329 349/315/315
f 349/315/315 337/329/329 348/330/330
f 349/315/315 348/330/330 313/226/226
f 313/226/226 348/330/330 314/224/224
f 100/316/316 101/331/331 584/317/317
f 584/317/317 101/331/331 585/332/332
f 584/317/317 585/332/332 595/318/318
f 595/318/318 585/332/332 594/333/333
f 595/318/318 594/333/333 617/319/319
f 617/319/319 594/333/333 616/334/334
f 617/319/319 616/334/334 540/320/320
f 540/320/320 616/334/334 541/335/335
f 540/320/320 541/335/335 550/321/321
f 550/321/321 541/335/335 549/336/336
f 550/321/321 549/336/336 496/322/322
f 496/322/322 549/336/336 497/337/337
f 496/322/322 497/337/337 506/323/323
f 506/323/323 497/337/337 505/338/338
f 506/323/323 505/338/338 452/324/324
f 452/324/324 505/338/338 453/339/339
f 452/324/324 453/339/339 462/325/325
f 462/325/325 453/339/339 461/340/340
f 462/325/325 461/340/340 429/326/326
f 429/326/326 461/340/340 430/341/341
f 429/326/326 430/341/341 383/327/327
f 383/327/327 430/341/341 384/342/342
f 383/327/327 384/342/342 394/328/328
f 394/328/328 384/342/342 393/343/343
f 394/328/328 393/343/343 337/329/329
f 337/329/329 393/343/343 338/344/344
f 337/329/329 338/344/344 348/330/330
f 348/330/330 338/344/344 347/345/345
f 348/330/330 347/345/345 314/224/224
f 314/224/224 347/345/345 315/222/222
f 585/332/332 101/331/331 586/346/346
f 586/346/346 101/331/331 102/347/347
f 586/346/346 102/347/347 587/348/348
f 587/348/348 102/347/347 103/349/349
f 587/348/348 103/349/349 588/350/350
f 588/350/350 103/349/349 104/351/351
f 588/350/350 104/351/351 589/352/352
f 589/352/352 104/351/351 29/353/353
f 589/352/352 29/353/353 60/354/354
f 59/355/355 106/356/356 60/354/354
f 60/354/354 106/356/356 590/357/357
f 60/354/354 590/357/357 589/352/352
f 589/352/352 590/357/357 591/358/358
f 589/352/352 591/358/358 588/350/350
f 588/350/350 591/358/358 592/359/359
f 588/350/350 592/359/359 587/348/348
f 587/348/348 592/359/359 593/360/360
f 587/348/348 593/360/360 586/346/346
f 586/346/346 593/360/360 594/333/333
f 586/346/346 594/333/333 585/332/332
f 58/361/361 108/362/362 59/355/355
f 59/355/355 108/362/362 545/363/363
f 59/355/355 545/363/363 106/356/356
f 106/356/356 545/363/363 544/364/364
f 106/356/356 544/364/364 613/365/365
f 613/365/365 544/364/364 543/366/366
f 613/365/365 543/366/366 614/367/367
f 614/367/367 543/366/366 542/368/368
f 614/367/367 542/368/368 615/369/369
f 615/369/369 542/368/368 541/335/335
f 615/369/369 541/335/335 616/334/334
f 57/370/370 110/371/371 58/361/361
f 58/361/361 110/371/371 501/372/372
f 58/361/361 501/372/372 108/362/362
f 108/362/362 501/372/372 500/373/373
f 108/362/362 500/373/373 546/374/374
f 546/374/374 500/373/373 499/375/375
f 546/374/374 499/375/375 547/376/376
f 547/376/376 499/375/375 498/377/377
f 547/376/376 498/377/377 548/378/378
f 548/378/378 498/377/377 497/337/337
f 548/378/378 497/337/337 549/336/336
f 56/379/379 112/380/380 57/370/370
f 57/370/370 112/380/380 457/381/381
f 57/370/370 457/381/381 110/371/371
f 110/371/371 457/381/381 456/382/382
f 110/371/371 456/382/382 502/383/383
f 502/383/383 456/382/382 455/384/384
f 502/383/383 455/384/384 503/385/385
f 503/385/385 455/384/384 454/386/386
f 503/385/385 454/386/386 504/387/387
f 504/387/387 454/386/386 453/339/339
f 504/387/387 453/339/339 505/338/338
f 55/388/388 388/389/389 56/379/379
f 56/379/379 388/389/389 434/390/390
f 56/379/379 434/390/390 112/380/380
f 112/380/380 434/390/390 433/391/391
f 112/380/380 433/391/391 458/392/392
f 458/392/392 433/391/391 432/393/393
f 458/392/392 432/393/393 459/394/394
f 459/394/394 432/393/393 431/395/395
f 459/394/394 431/395/395 460/396/396
f 460/396/396 431/395/395 430/341/341
f 460/396/396 430/341/341 461/340/340
f 54/397/397 342/398/398 55/388/388
f 55/388/388 342/398/398 389/399/399
f 55/388/388 389/399/399 388/389/389
f 388/389/389 389/399/399 390/400/400
f 388/389/389 390/400/400 387/401/401
f 387/401/401 390/400/400 391/402/402
f 387/401/401 391/402/402 386/403/403
f 386/403/403 391/402/402 392/404/404
f 386/403/403 392/404/404 385/405/405
f 385/405/405 392/404/404 393/343/343
f 385/405/405 393/343/343 384/342/342
f 53/212/212 319/214/214 54/397/397
f 54/397/397 319/214/214 343/406/406
f 54/397/397 343/406/406 342/398/398
f 342/398/398 343/406/406 344/407/407
f 342/398/398 344/407/407 341/408/408
f 341/408/408 344/407/407 345/409/409
f 341/408/408 345/409/409 340/410/410
f 340/410/410 345/409/409 346/411/411
f 340/410/410 346/411/411 339/412/412
f 339/412/412 346/411/411 347/345/345
f 339/412/412 347/345/345 338/344/344
f 49/206/206 48/413/413 204/204/204
f 204/204/204 48/413/413 181/414/414
f 204/204/204 181/414/414 180/202/202
f 180/202/202 181/414/414 157/415/415
f 180/202/202 157/415/415 156/200/200
f 156/200/200 157/415/415 133/416/416
f 156/200/200 133/416/416 132/198/198
f 132/198/198 133/416/416 25/417/417
f 132/198/198 25/417/417 24/196/196
f 48/413/413 47/418/418 181/414/414
f 181/414/414 47/418/418 158/419/419
f 181/414/414 158/419/419 157/415/415
f 157/415/415 158/419/419 134/420/420
f 157/415/415 134/420/420 133/416/416
f 133/416/416 134/420/420 26/421/421
f 133/416/416 26/421/421 25/417/417
f 47/418/418 46/422/422 158/419/419
f 158/419/419 46/422/422 135/423/423
f 158/419/419 135/423/423 134/420/420
f 134/420/420 135/423/423 27/424/424
f 134/420/420 27/424/424 26/421/421
f 46/422/422 28/425/425 135/423/423
f 135/423/423 28/425/425 27/424/424
f 20/426/426 125/427/427 21/191/191
f 21/191/191 125/427/427 126/428/428
f 21/191/191 126/428/428 127/189/189
f 127/189/189 126/428/428 150/187/187
f 19/429/429 123/430/430 20/426/426
f 20/426/426 123/430/430 124/431/431
f 20/426/426 124/431/431 125/427/427
f 125/427/427 124/431/431 148/432/432
f 125/427/427 148/432/432 149/433/433
f 149/433/433 148/432/432 172/434/434
f 149/433/433 172/434/434 173/185/185
f 173/185/185 172/434/434 196/183/183
f 18/435/435 121/436/436 19/429/429
f 19/429/429 121/436/436 122/437/437
f 19/429/429 122/437/437 123/430/430
f 123/430/430 122/437/437 146/438/438
f 123/430/430 146/438/438 147/439/439
f 147/439/439 146/438/438 170/440/440
f 147/439/439 170/440/440 171/441/441
f 171/441/441 170/440/440 194/442/442
f 171/441/441 194/442/442 195/443/443
f 195/443/443 194/442/442 218/444/444
f 195/443/443 218/444/444 219/181/181
f 219/181/181 218/444/444 242/179/179
f 17/445/445 118/446/446 18/435/435
f 18/435/435 118/446/446 119/447/447
f 18/435/435 119/447/447 120/448/448
f 120/448/448 119/447/447 143/449/449
f 120/448/448 143/449/449 144/450/450
f 144/450/450 143/449/449 167/451/451
f 144/450/450 167/451/451 168/452/452
f 168/452/452 167/451/451 191/453/453
f 168/452/452 191/453/453 192/454/454
f 192/454/454 191/453/453 215/455/455
f 192/454/454 215/455/455 216/456/456
f 216/456/456 215/455/455 239/457/457
f 216/456/456 239/457/457 240/458/458
f 240/458/458 239/457/457 263/459/459
f 240/458/458 263/459/459 264/460/460
f 264/460/460 263/459/459 287/461/461
f 264/460/460 287/461/461 288/175/175
f 288/175/175 287/461/461 311/173/173
f 16/97/97 116/462/462 17/445/445
f 17/445/445 116/462/462 117/463/463
f 17/445/445 117/463/463 118/446/446
f 118/446/446 117/463/463 141/464/464
f 118/446/446 141/464/464 142/465/465
f 142/465/465 141/464/464 165/466/466
f 142/465/465 165/466/466 166/467/467
f 166/467/467 165/466/466 189/468/468
f 166/467/467 189/468/468 190/469/469
f 190/469/469 189/468/468 213/470/470
f 190/469/469 213/470/470 214/471/471
f 214/471/471 213/470/470 237/472/472
f 214/471/471 237/472/472 238/473/473
f 238/473/473 237/472/472 261/474/474
f 238/473/473 261/474/474 262/475/475
f 262/475/475 261/474/474 285/476/476
f 262/475/475 285/476/476 286/477/477
f 286/477/477 285/476/476 309/478/478
f 286/477/477 309/478/478 310/479/479
f 310/479/479 309/478/478 352/480/480
f 310/479/479 352/480/480 351/171/171
f 351/171/171 352/480/480 334/169/169
f 113/99/99 114/481/481 16/97/97
f 16/97/97 114/481/481 115/482/482
f 16/97/97 115/482/482 116/462/462
f 116/462/462 115/482/482 139/483/483
f 116/462/462 139/483/483 140/484/484
f 140/484/484 139/483/483 163/485/485
f 140/484/484 163/485/485 164/486/486
f 164/486/486 163/485/485 187/487/487
f 164/486/486 187/487/487 188/488/488
f 188/488/488 187/487/487 211/489/489
f 188/488/488 211/489/489 212/490/490
f 212/490/490 211/489/489 235/491/491
f 212/490/490 235/491/491 236/492/492
f 236/492/492 235/491/491 259/493/493
f 236/492/492 259/493/493 260/494/494
f 260/494/494 259/493/493 283/495/495
f 260/494/494 283/495/495 284/496/496
f 284/496/496 283/495/495 307/497/497
f 284/496/496 307/497/497 308/498/498
f 308/498/498 307/497/497 354/499/499
f 308/498/498 354/499/499 353/500/500
f 353/500/500 354/499/499 332/501/501
f 353/500/500 332/501/501 333/502/502
f 333/502/502 332/501/501 398/503/503
f 333/502/502 398/503/503 397/167/167
f 397/167/167 398/503/503 380/165/165
f 114/481/481 113/99/99 137/504/504
f 137/504/504 113/99/99 136/101/101
f 137/504/504 136/101/101 160/505/505
f 160/505/505 136/101/101 159/103/103
f 160/505/505 159/103/103 183/506/506
f 183/506/506 159/103/103 182/105/105
f 183/506/506 182/105/105 206/507/507
f 206/507/507 182/105/105 205/107/107
f 206/507/507 205/107/107 229/508/508
f 229/508/508 205/107/107 228/109/109
f 229/508/508 228/109/109 252/509/509
f 252/509/509 228/109/109 251/111/111
f 252/509/509 251/111/111 275/510/510
f 275/510/510 251/111/111 274/113/113
f 275/510/510 274/113/113 298/511/511
f 298/511/511 274/113/113 297/115/115
f 298/511/511 297/115/115 364/512/512
f 364/512/512 297/115/115 365/117/117
f 364/512/512 365/117/117 321/119/119
f 115/482/482 114/481/481 138/513/513
f 138/513/513 114/481/481 137/504/504
f 138/513/513 137/504/504 161/514/514
f 161/514/514 137/504/504 160/505/505
f 161/514/514 160/505/505 184/515/515
f 184/515/515 160/505/505 183/506/506
f 184/515/515 183/506/506 207/516/516
f 207/516/516 183/506/506 206/507/507
f 207/516/516 206/507/507 230/517/517
f 230/517/517 206/507/507 229/508/508
f 230/517/517 229/508/508 253/518/518
f 253/518/518 229/508/508 252/509/509
f 253/518/518 252/509/509 276/519/519
f 276/519/519 252/509/509 275/510/510
f 276/519/519 275/510/510 299/520/520
f 299/520/520 275/510/510 298/511/511
f 299/520/520 298/511/511 363/521/521
f 363/521/521 298/511/511 364/512/512
f 363/521/521 364/512/512 322/522/522
f 322/522/522 364/512/512 321/119/119
f 322/522/522 321/119/119 409/121/121
f 141/464/464 117/463/463 140/484/484
f 140/484/484 117/463/463 116/462/462
f 121/436/436 18/435/435 120/448/448
f 143/449/449 119/447/447 142/465/465
f 142/465/465 119/447/447 118/446/446
f 120/448/448 144/450/450 121/436/436
f 121/436/436 144/450/450 145/523/523
f 121/436/436 145/523/523 122/437/437
f 122/437/437 145/523/523 146/438/438
f 148/432/432 124/431/431 147/439/439
f 147/439/439 124/431/431 123/430/430
f 150/187/187 126/428/428 149/433/433
f 149/433/433 126/428/428 125/427/427
f 129/193/193 128/190/190 152/524/524
f 152/524/524 128/190/190 151/188/188
f 152/524/524 151/188/188 175/525/525
f 175/525/525 151/188/188 174/186/186
f 175/525/525 174/186/186 198/526/526
f 198/526/526 174/186/186 197/184/184
f 198/526/526 197/184/184 221/527/527
f 221/527/527 197/184/184 220/182/182
f 221/527/527 220/182/182 244/528/528
f 244/528/528 220/182/182 243/180/180
f 244/528/528 243/180/180 267/529/529
f 267/529/529 243/180/180 266/178/178
f 267/529/529 266/178/178 290/225/225
f 290/225/225 266/178/178 289/176/176
f 130/195/195 129/193/193 153/530/530
f 153/530/530 129/193/193 152/524/524
f 153/530/530 152/524/524 176/531/531
f 176/531/531 152/524/524 175/525/525
f 176/531/531 175/525/525 199/532/532
f 199/532/532 175/525/525 198/526/526
f 199/532/532 198/526/526 222/533/533
f 222/533/533 198/526/526 221/527/527
f 222/533/533 221/527/527 245/534/534
f 245/534/534 221/527/527 244/528/528
f 245/534/534 244/528/528 268/535/535
f 268/535/535 244/528/528 267/529/529
f 268/535/535 267/529/529 291/223/223
f 291/223/223 267/529/529 290/225/225
f 131/197/197 130/195/195 154/536/536
f 154/536/536 130/195/195 153/530/530
f 154/536/536 153/530/530 177/537/537
f 177/537/537 153/530/530 176/531/531
f 177/537/537 176/531/531 200/538/538
f 200/538/538 176/531/531 199/532/532
f 200/538/538 199/532/532 223/539/539
f 223/539/539 199/532/532 222/533/533
f 223/539/539 222/533/533 246/540/540
f 246/540/540 222/533/533 245/534/534
f 246/540/540 245/534/534 269/541/541
f 269/541/541 245/534/534 268/535/535
f 269/541/541 268/535/535 292/221/221
f 292/221/221 268/535/535 291/223/223
f 115/482/482 138/513/513 139/483/483
f 139/483/483 138/513/513 162/542/542
f 139/483/483 162/542/542 163/485/485
f 163/485/485 162/542/542 186/543/543
f 163/485/485 186/543/543 187/487/487
f 187/487/487 186/543/543 210/544/544
f 187/487/487 210/544/544 211/489/489
f 211/489/489 210/544/544 234/545/545
f 211/489/489 234/545/545 235/491/491
f 235/491/491 234/545/545 258/546/546
f 235/491/491 258/546/546 259/493/493
f 259/493/493 258/546/546 282/547/547
f 259/493/493 282/547/547 283/495/495
f 283/495/495 282/547/547 306/548/548
f 283/495/495 306/548/548 307/497/497
f 307/497/497 306/548/548 355/549/549
f 307/497/497 355/549/549 354/499/499
f 354/499/499 355/549/549 331/550/550
f 354/499/499 331/550/550 332/501/501
f 332/501/501 331/550/550 399/551/551
f 332/501/501 399/551/551 398/503/503
f 398/503/503 399/551/551 379/552/552
f 398/503/503 379/552/552 380/165/165
f 380/165/165 379/552/552 426/163/163
f 162/542/542 138/513/513 161/514/514
f 165/466/466 141/464/464 164/486/486
f 164/486/486 141/464/464 140/484/484
f 167/451/451 143/449/449 166/467/467
f 166/467/467 143/449/449 142/465/465
f 144/450/450 168/452/452 145/523/523
f 145/523/523 168/452/452 169/553/553
f 145/523/523 169/553/553 146/438/438
f 146/438/438 169/553/553 170/440/440
f 172/434/434 148/432/432 171/441/441
f 171/441/441 148/432/432 147/439/439
f 173/185/185 150/187/187 149/433/433
f 131/197/197 154/536/536 155/199/199
f 155/199/199 154/536/536 178/554/554
f 155/199/199 178/554/554 179/201/201
f 179/201/201 178/554/554 202/555/555
f 179/201/201 202/555/555 203/203/203
f 203/203/203 202/555/555 226/556/556
f 203/203/203 226/556/556 227/205/205
f 227/205/205 226/556/556 250/208/208
f 178/554/554 154/536/536 177/537/537
f 162/542/542 161/514/514 185/557/557
f 185/557/557 161/514/514 184/515/515
f 185/557/557 184/515/515 208/558/558
f 208/558/558 184/515/515 207/516/516
f 208/558/558 207/516/516 231/559/559
f 231/559/559 207/516/516 230/517/517
f 231/559/559 230/517/517 254/560/560
f 254/560/560 230/517/517 253/518/518
f 254/560/560 253/518/518 277/561/561
f 277/561/561 253/518/518 276/519/519
f 277/561/561 276/519/519 300/562/562
f 300/562/562 276/519/519 299/520/520
f 300/562/562 299/520/520 362/563/563
f 362/563/563 299/520/520 363/521/521
f 362/563/563 363/521/521 323/564/564
f 323/564/564 363/521/521 322/522/522
f 323/564/564 322/522/522 408/565/565
f 408/565/565 322/522/522 409/121/121
f 408/565/565 409/121/121 369/123/123
f 189/468/468 165/466/466 188/488/488
f 188/488/488 165/466/466 164/486/486
f 191/453/453 167/451/451 190/469/469
f 190/469/469 167/451/451 166/467/467
f 168/452/452 192/454/454 169/553/553
f 169/553/553 192/454/454 193/566/566
f 169/553/553 193/566/566 170/440/440
f 170/440/440 193/566/566 194/442/442
f 196/183/183 172/434/434 195/443/443
f 195/443/443 172/434/434 171/441/441
f 178/554/554 177/537/537 201/567/567
f 201/567/567 177/537/537 200/538/538
f 201/567/567 200/538/538 224/568/568
f 224/568/568 200/538/538 223/539/539
f 224/568/568 223/539/539 247/569/569
f 247/569/569 223/539/539 246/540/540
f 247/569/569 246/540/540 270/570/570
f 270/570/570 246/540/540 269/541/541
f 270/570/570 269/541/541 293/219/219
f 293/219/219 269/541/541 292/221/221
f 162/542/542 185/557/557 186/543/543
f 186/543/543 185/557/557 209/571/571
f 186/543/543 209/571/571 210/544/544
f 210/544/544 209/571/571 233/572/572
f 210/544/544 233/572/572 234/545/545
f 234/545/545 233/572/572 257/573/573
f 234/545/545 257/573/573 258/546/546
f 258/546/546 257/573/573 281/574/574
f 258/546/546 281/574/574 282/547/547
f 282/547/547 281/574/574 305/575/575
f 282/547/547 305/575/575 306/548/548
f 306/548/548 305/575/575 356/576/576
f 306/548/548 356/576/576 355/549/549
f 355/549/549 356/576/576 330/577/577
f 355/549/549 330/577/577 331/550/550
f 331/550/550 330/577/577 400/578/578
f 331/550/550 400/578/578 399/551/551
f 399/551/551 400/578/578 378/579/579
f 399/551/551 378/579/579 379/552/552
f 379/552/552 378/579/579 425/580/580
f 379/552/552 425/580/580 426/163/163
f 426/163/163 425/580/580 465/161/161
f 209/571/571 185/557/557 208/558/558
f 213/470/470 189/468/468 212/490/490
f 212/490/490 189/468/468 188/488/488
f 215/455/455 191/453/453 214/471/471
f 214/471/471 191/453/453 190/469/469
f 192/454/454 216/456/456 193/566/566
f 193/566/566 216/456/456 217/581/581
f 193/566/566 217/581/581 194/442/442
f 194/442/442 217/581/581 218/444/444
f 219/181/181 196/183/183 195/443/443
f 178/554/554 201/567/567 202/555/555
f 202/555/555 201/567/567 225/582/582
f 202/555/555 225/582/582 226/556/556
f 226/556/556 225/582/582 249/583/583
f 226/556/556 249/583/583 250/208/208
f 250/208/208 249/583/583 273/211/211
f 225/582/582 201/567/567 224/568/568
f 209/571/571 208/558/558 232/584/584
f 232/584/584 208/558/558 231/559/559
f 232/584/584 231/559/559 255/585/585
f 255/585/585 231/559/559 254/560/560
f 255/585/585 254/560/560 278/586/586
f 278/586/586 254/560/560 277/561/561
f 278/586/586 277/561/561 301/587/587
f 301/587/587 277/561/561 300/562/562
f 301/587/587 300/562/562 361/588/588
f 361/588/588 300/562/562 362/563/563
f 361/588/588 362/563/563 324/589/589
f 324/589/589 362/563/563 323/564/564
f 324/589/589 323/564/564 407/590/590
f 407/590/590 323/564/564 408/565/565
f 407/590/590 408/565/565 370/591/591
f 370/591/591 408/565/565 369/123/123
f 370/591/591 369/123/123 416/125/125
f 237/472/472 213/470/470 236/492/492
f 236/492/492 213/470/470 212/490/490
f 239/457/457 215/455/455 238/473/473
f 238/473/473 215/455/455 214/471/471
f 216/456/456 240/458/458 217/581/581
f 217/581/581 240/458/458 241/592/592
f 217/581/581 241/592/592 218/444/444
f 218/444/444 241/592/592 242/179/179
f 225/582/582 224/568/568 248/593/593
f 248/593/593 224/568/568 247/569/569
f 248/593/593 247/569/569 271/594/594
f 271/594/594 247/569/569 270/570/570
f 271/594/594 270/570/570 294/217/217
f 294/217/217 270/570/570 293/219/219
f 209/571/571 232/584/584 233/572/572
f 233/572/572 232/584/584 256/595/595
f 233/572/572 256/595/595 257/573/573
f 257/573/573 256/595/595 280/596/596
f 257/573/573 280/596/596 281/574/574
f 281/574/574 280/596/596 304/597/597
f 281/574/574 304/597/597 305/575/575
f 305/575/575 304/597/597 357/598/598
f 305/575/575 357/598/598 356/576/576
f 356/576/576 357/598/598 329/599/599
f 356/576/576 329/599/599 330/577/577
f 330/577/577 329/599/599 401/600/600
f 330/577/577 401/600/600 400/578/578
f 400/578/578 401/600/600 377/601/601
f 400/578/578 377/601/601 378/579/579
f 378/579/579 377/601/601 424/602/602
f 378/579/579 424/602/602 425/580/580
f 425/580/580 424/602/602 466/603/603
f 425/580/580 466/603/603 465/161/161
f 465/161/161 466/603/603 449/159/159
f 256/595/595 232/584/584 255/585/585
f 261/474/474 237/472/472 260/494/494
f 260/494/494 237/472/472 236/492/492
f 263/459/459 239/457/457 262/475/475
f 262/475/475 239/457/457 238/473/473
f 265/177/177 242/179/179 241/592/592
f 265/177/177 241/592/592 264/460/460
f 264/460/460 241/592/592 240/458/458
f 225/582/582 248/593/593 249/583/583
f 249/583/583 248/593/593 272/604/604
f 249/583/583 272/604/604 273/211/211
f 273/211/211 272/604/604 296/213/213
f 272/604/604 248/593/593 271/594/594
f 256/595/595 255/585/585 279/605/605
f 279/605/605 255/585/585 278/586/586
f 279/605/605 278/586/586 302/606/606
f 302/606/606 278/586/586 301/587/587
f 302/606/606 301/587/587 360/607/607
f 360/607/607 301/587/587 361/588/588
f 360/607/607 361/588/588 325/608/608
f 325/608/608 361/588/588 324/589/589
f 325/608/608 324/589/589 406/609/609
f 406/609/609 324/589/589 407/590/590
f 406/609/609 407/590/590 371/610/610
f 371/610/610 407/590/590 370/591/591
f 371/610/610 370/591/591 417/611/611
f 417/611/611 370/591/591 416/125/125
f 417/611/611 416/125/125 474/127/127
f 285/476/476 261/474/474 284/496/496
f 284/496/496 261/474/474 260/494/494
f 287/461/461 263/459/459 286/477/477
f 286/477/477 263/459/459 262/475/475
f 288/175/175 265/177/177 264/460/460
f 294/217/217 295/215/215 271/594/594
f 271/594/594 295/215/215 272/604/604
f 295/215/215 296/213/213 272/604/604
f 256/595/595 279/605/605 280/596/596
f 280/596/596 279/605/605 303/612/612
f 280/596/596 303/612/612 304/597/597
f 304/597/597 303/612/612 358/613/613
f 304/597/597 358/613/613 357/598/598
f 357/598/598 358/613/613 328/614/614
f 357/598/598 328/614/614 329/599/599
f 329/599/599 328/614/614 402/615/615
f 329/599/599 402/615/615 401/600/600
f 401/600/600 402/615/615 376/616/616
f 401/600/600 376/616/616 377/601/601
f 377/601/601 376/616/616 423/617/617
f 377/601/601 423/617/617 424/602/602
f 424/602/602 423/617/617 467/618/618
f 424/602/602 467/618/618 466/603/603
f 466/603/603 467/618/618 448/619/619
f 466/603/603 448/619/619 449/159/159
f 449/159/159 448/619/619 509/157/157
f 303/612/612 279/605/605 302/606/606
f 309/478/478 285/476/476 308/498/498
f 308/498/498 285/476/476 284/496/496
f 311/173/173 287/461/461 310/479/479
f 310/479/479 287/461/461 286/477/477
f 303/612/612 302/606/606 359/620/620
f 359/620/620 302/606/606 360/607/607
f 359/620/620 360/607/607 326/621/621
f 326/621/621 360/607/607 325/608/608
f 326/621/621 325/608/608 405/622/622
f 405/622/622 325/608/608 406/609/609
f 405/622/622 406/609/609 372/623/623
f 372/623/623 406/609/609 371/610/610
f 372/623/623 371/610/610 418/624/624
f 418/624/624 371/610/610 417/611/611
f 418/624/624 417/611/611 473/625/625
f 473/625/625 417/611/611 474/127/127
f 473/625/625 474/127/127 441/129/129
f 352/480/480 309/478/478 353/500/500
f 353/500/500 309/478/478 308/498/498
f 351/171/171 311/173/173 310/479/479
f 347/345/345 346/411/411 315/222/222
f 315/222/222 346/411/411 316/220/220
f 346/411/411 345/409/409 316/220/220
f 316/220/220 345/409/409 317/218/218
f 343/406/406 319/214/214 318/216/216
f 345/409/409 344/407/407 317/218/218
f 317/218/218 344/407/407 318/216/216
f 344/407/407 343/406/406 318/216/216
f 326/621/621 327/626/626 359/620/620
f 359/620/620 327/626/626 358/613/613
f 359/620/620 358/613/613 303/612/612
f 358/613/613 327/626/626 328/614/614
f 328/614/614 327/626/626 403/627/627
f 328/614/614 403/627/627 402/615/615
f 402/615/615 403/627/627 375/628/628
f 402/615/615 375/628/628 376/616/616
f 376/616/616 375/628/628 422/629/629
f 376/616/616 422/629/629 423/617/617
f 423/617/617 422/629/629 468/630/630
f 423/617/617 468/630/630 467/618/618
f 467/618/618 468/630/630 447/631/631
f 467/618/618 447/631/631 448/619/619
f 448/619/619 447/631/631 510/632/632
f 448/619/619 510/632/632 509/157/157
f 509/157/157 510/632/632 493/155/155
f 327/626/626 326/621/621 404/633/633
f 404/633/633 326/621/621 405/622/622
f 404/633/633 405/622/622 373/634/634
f 373/634/634 405/622/622 372/623/623
f 373/634/634 372/623/623 419/635/635
f 419/635/635 372/623/623 418/624/624
f 419/635/635 418/624/624 472/636/636
f 472/636/636 418/624/624 473/625/625
f 472/636/636 473/625/625 442/637/637
f 442/637/637 473/625/625 441/129/129
f 442/637/637 441/129/129 516/131/131
f 352/480/480 353/500/500 333/502/502
f 397/167/167 334/169/169 333/502/502
f 333/502/502 334/169/169 352/480/480
f 393/343/343 392/404/404 338/344/344
f 338/344/344 392/404/404 339/412/412
f 392/404/404 391/402/402 339/412/412
f 339/412/412 391/402/402 340/410/410
f 389/399/399 342/398/398 341/408/408
f 391/402/402 390/400/400 340/410/410
f 340/410/410 390/400/400 341/408/408
f 390/400/400 389/399/399 341/408/408
f 411/228/228 366/241/241 367/229/229
f 367/229/229 366/241/241 413/638/638
f 367/229/229 413/638/638 414/230/230
f 414/230/230 413/638/638 477/639/639
f 414/230/230 477/639/639 476/231/231
f 476/231/231 477/639/639 438/640/640
f 476/231/231 438/640/640 439/232/232
f 439/232/232 438/640/640 519/641/641
f 439/232/232 519/641/641 518/233/233
f 518/233/233 519/641/641 484/642/642
f 518/233/233 484/642/642 485/234/234
f 485/234/234 484/642/642 561/643/643
f 485/234/234 561/643/643 560/235/235
f 560/235/235 561/643/643 530/644/644
f 560/235/235 530/644/644 531/236/236
f 531/236/236 530/644/644 626/645/645
f 531/236/236 626/645/645 625/237/237
f 625/237/237 626/645/645 603/646/646
f 625/237/237 603/646/646 602/238/238
f 602/238/238 603/646/646 577/263/263
f 602/238/238 577/263/263 578/239/239
f 373/634/634 374/647/647 404/633/633
f 404/633/633 374/647/647 403/627/627
f 404/633/633 403/627/627 327/626/626
f 403/627/627 374/647/647 375/628/628
f 375/628/628 374/647/647 421/648/648
f 375/628/628 421/648/648 422/629/629
f 422/629/629 421/648/648 469/649/649
f 422/629/629 469/649/649 468/630/630
f 468/630/630 469/649/649 446/650/650
f 468/630/630 446/650/650 447/631/631
f 447/631/631 446/650/650 511/651/651
f 447/631/631 511/651/651 510/632/632
f 510/632/632 511/651/651 492/652/652
f 510/632/632 492/652/652 493/155/155
f 493/155/155 492/652/652 553/153/153
f 374/647/647 373/634/634 420/653/653
f 420/653/653 373/634/634 419/635/635
f 420/653/653 419/635/635 471/654/654
f 471/654/654 419/635/635 472/636/636
f 471/654/654 472/636/636 443/655/655
f 443/655/655 472/636/636 442/637/637
f 443/655/655 442/637/637 515/656/656
f 515/656/656 442/637/637 516/131/131
f 515/656/656 516/131/131 487/133/133
f 430/341/341 431/395/395 384/342/342
f 384/342/342 431/395/395 385/405/405
f 431/395/395 432/393/393 385/405/405
f 385/405/405 432/393/393 386/403/403
f 434/390/390 388/389/389 387/401/401
f 432/393/393 433/391/391 386/403/403
f 386/403/403 433/391/391 387/401/401
f 433/391/391 434/390/390 387/401/401
f 366/241/241 412/243/243 413/638/638
f 413/638/638 412/243/243 478/245/245
f 413/638/638 478/245/245 477/639/639
f 477/639/639 478/245/245 437/247/247
f 477/639/639 437/247/247 438/640/640
f 438/640/640 437/247/247 520/249/249
f 438/640/640 520/249/249 519/641/641
f 519/641/641 520/249/249 483/251/251
f 519/641/641 483/251/251 484/642/642
f 484/642/642 483/251/251 562/253/253
f 484/642/642 562/253/253 561/643/643
f 561/643/643 562/253/253 529/255/255
f 561/643/643 529/255/255 530/644/644
f 530/644/644 529/255/255 627/257/257
f 530/644/644 627/257/257 626/645/645
f 626/645/645 627/257/257 604/259/259
f 626/645/645 604/259/259 603/646/646
f 603/646/646 604/259/259 576/261/261
f 603/646/646 576/261/261 577/263/263
f 374/647/647 420/653/653 421/648/648
f 421/648/648 420/653/653 470/657/657
f 421/648/648 470/657/657 469/649/649
f 469/649/649 470/657/657 445/658/658
f 469/649/649 445/658/658 446/650/650
f 446/650/650 445/658/658 512/659/659
f 446/650/650 512/659/659 511/651/651
f 511/651/651 512/659/659 491/660/660
f 511/651/651 491/660/660 492/652/652
f 492/652/652 491/660/660 554/661/661
f 492/652/652 554/661/661 553/153/153
f 553/153/153 554/661/661 537/151/151
f 470/657/657 420/653/653 471/654/654
f 470/657/657 471/654/654 444/662/662
f 444/662/662 471/654/654 443/655/655
f 444/662/662 443/655/655 514/663/663
f 514/663/663 443/655/655 515/656/656
f 514/663/663 515/656/656 488/664/664
f 488/664/664 515/656/656 487/133/133
f 488/664/664 487/133/133 558/135/135
f 470/657/657 444/662/662 445/658/658
f 445/658/658 444/662/662 513/665/665
f 445/658/658 513/665/665 512/659/659
f 512/659/659 513/665/665 490/666/666
f 512/659/659 490/666/666 491/660/660
f 491/660/660 490/666/666 555/667/667
f 491/660/660 555/667/667 554/661/661
f 554/661/661 555/667/667 536/668/668
f 554/661/661 536/668/668 537/151/151
f 537/151/151 536/668/668 620/149/149
f 513/665/665 444/662/662 514/663/663
f 460/396/396 461/340/340 454/386/386
f 454/386/386 461/340/340 453/339/339
f 459/394/394 460/396/396 455/384/384
f 455/384/384 460/396/396 454/386/386
f 458/392/392 459/394/394 456/382/382
f 456/382/382 459/394/394 455/384/384
f 112/380/380 458/392/392 457/381/381
f 457/381/381 458/392/392 456/382/382
f 479/276/276 480/669/669 109/274/274
f 109/274/274 480/669/669 522/266/266
f 109/274/274 522/266/266 435/265/265
f 522/266/266 480/669/669 481/267/267
f 481/267/267 480/669/669 565/670/670
f 481/267/267 565/670/670 564/268/268
f 564/268/268 565/670/670 526/671/671
f 564/268/268 526/671/671 527/269/269
f 527/269/269 526/671/671 630/672/672
f 527/269/269 630/672/672 629/270/270
f 629/270/270 630/672/672 607/673/673
f 629/270/270 607/673/673 606/271/271
f 606/271/271 607/673/673 573/674/674
f 606/271/271 573/674/674 574/272/272
f 574/272/272 573/674/674 95/273/273
f 565/670/670 480/669/669 566/278/278
f 566/278/278 480/669/669 479/276/276
f 513/665/665 514/663/663 489/675/675
f 489/675/675 514/663/663 488/664/664
f 489/675/675 488/664/664 557/676/676
f 557/676/676 488/664/664 558/135/135
f 557/676/676 558/135/135 533/137/137
f 513/665/665 489/675/675 490/666/666
f 490/666/666 489/675/675 556/677/677
f 490/666/666 556/677/677 555/667/667
f 555/667/667 556/677/677 535/678/678
f 555/667/667 535/678/678 536/668/668
f 536/668/668 535/678/678 621/679/679
f 536/668/668 621/679/679 620/149/149
f 620/149/149 621/679/679 598/147/147
f 556/677/677 489/675/675 557/676/676
f 504/387/387 505/338/338 498/377/377
f 498/377/377 505/338/338 497/337/337
f 503/385/385 504/387/387 499/375/375
f 499/375/375 504/387/387 498/377/377
f 502/383/383 503/385/385 500/373/373
f 500/373/373 503/385/385 499/375/375
f 110/371/371 502/383/383 501/372/372
f 501/372/372 502/383/383 500/373/373
f 565/670/670 566/278/278 525/280/280
f 565/670/670 525/280/280 526/671/671
f 526/671/671 525/280/280 631/282/282
f 526/671/671 631/282/282 630/672/672
f 630/672/672 631/282/282 608/284/284
f 630/672/672 608/284/284 607/673/673
f 607/673/673 608/284/284 572/286/286
f 607/673/673 572/286/286 573/674/674
f 573/674/674 572/286/286 95/273/273
f 556/677/677 557/676/676 534/680/680
f 534/680/680 557/676/676 533/137/137
f 534/680/680 533/137/137 623/139/139
f 556/677/677 534/680/680 535/678/678
f 535/678/678 534/680/680 622/681/681
f 535/678/678 622/681/681 621/679/679
f 621/679/679 622/681/681 599/682/682
f 621/679/679 599/682/682 598/147/147
f 598/147/147 599/682/682 581/145/145
f 622/681/681 534/680/680 623/139/139
f 548/378/378 549/336/336 542/368/368
f 542/368/368 549/336/336 541/335/335
f 547/376/376 548/378/378 543/366/366
f 543/366/366 548/378/378 542/368/368
f 546/374/374 547/376/376 544/364/364
f 544/364/364 547/376/376 543/366/366
f 108/362/362 546/374/374 545/363/363
f 545/363/363 546/374/374 544/364/364
f 568/297/297 569/299/299 611/683/683
f 611/683/683 569/299/299 610/291/291
f 611/683/683 610/291/291 633/290/290
f 600/141/141 580/143/143 599/682/682
f 599/682/682 580/143/143 581/145/145
f 106/356/356 613/365/365 590/357/357
f 590/357/357 613/365/365 591/358/358
f 613/365/365 614/367/367 591/358/358
f 591/358/358 614/367/367 592/359/359
f 616/334/334 594/333/333 593/360/360
f 614/367/367 615/369/369 592/359/359
f 592/359/359 615/369/369 593/360/360
f 615/369/369 616/334/334 593/360/360
f 623/139/139 600/141/141 622/681/681
f 622/681/681 600/141/141 599/682/682
f 105/293/293 612/295/295 611/683/683
f 611/683/683 612/295/295 568/297/297
f 105/293/293 611/683/683 633/290/290
f 523/289/289 105/293/293 633/290/290
f 31/684/684 30/685/685 676/686/686
f 676/686/686 30/685/685 634/687/687
f 676/686/686 634/687/687 675/688/688
f 675/688/688 634/687/687 635/689/689
f 675/688/688 635/689/689 674/690/690
f 674/690/690 635/689/689 636/691/691
f 674/690/690 636/691/691 673/692/692
f 673/692/692 636/691/691 637/693/693
f 673/692/692 637/693/693 672/694/694
f 672/694/694 637/693/693 671/695/695
f 672/694/694 671/695/695 702/696/696
f 702/696/696 671/695/695 703/697/697
f 702/696/696 703/697/697 694/698/698
f 694/698/698 703/697/697 693/699/699
f 694/698/698 693/699/699 746/700/700
f 746/700/700 693/699/699 747/701/701
f 746/700/700 747/701/701 738/702/702
f 738/702/702 747/701/701 737/703/703
f 738/702/702 737/703/703 790/704/704
f 790/704/704 737/703/703 791/705/705
f 790/704/704 791/705/705 782/706/706
f 782/706/706 791/705/705 781/707/707
f 782/706/706 781/707/707 834/708/708
f 834/708/708 781/707/707 835/709/709
f 834/708/708 835/709/709 826/710/710
f 826/710/710 835/709/709 825/711/711
f 826/710/710 825/711/711 880/712/712
f 880/712/712 825/711/711 881/713/713
f 880/712/712 881/713/713 871/714/714
f 871/714/714 881/713/713 870/715/715
f 871/714/714 870/715/715 926/716/716
f 926/716/716 870/715/715 927/717/717
f 926/716/716 927/717/717 917/718/718
f 917/718/718 927/717/717 916/719/719
f 917/718/718 916/719/719 972/720/720
f 972/720/720 916/719/719 973/721/721
f 972/720/720 973/721/721 963/722/722
f 963/722/722 973/721/721 962/723/723
f 963/722/722 962/723/723 1018/724/724
f 1018/724/724 962/723/723 1019/725/725
f 1018/724/724 1019/725/725 1009/726/726
f 1009/726/726 1019/725/725 1008/727/727
f 1009/726/726 1008/727/727 1055/728/728
f 1055/728/728 1008/727/727 1054/729/729
f 1055/728/728 1054/729/729 1078/730/730
f 1078/730/730 1054/729/729 1077/731/731
f 1078/730/730 1077/731/731 1101/732/732
f 1101/732/732 1077/731/731 1100/733/733
f 1101/732/732 1100/733/733 1124/734/734
f 1124/734/734 1100/733/733 1123/735/735
f 1124/734/734 1123/735/735 1147/736/736
f 1147/736/736 1123/735/735 1146/737/737
f 1147/736/736 1146/737/737 1156/738/738
f 1156/738/738 1146/737/737 1157/739/739
f 1156/738/738 1157/739/739 5/740/740
f 5/740/740 1157/739/739 6/741/741
f 6/741/741 1157/739/739 1158/742/742
f 6/741/741 1158/742/742 7/743/743
f 7/743/743 1158/742/742 1159/744/744
f 7/743/743 1159/744/744 8/745/745
f 8/745/745 1159/744/744 1160/746/746
f 8/745/745 1160/746/746 1161/747/747
f 1161/747/747 1160/746/746 1142/748/748
f 1161/747/747 1142/748/748 1141/749/749
f 1141/749/749 1142/748/748 1118/750/750
f 1141/749/749 1118/750/750 1117/751/751
f 1117/751/751 1118/750/750 1094/752/752
f 1117/751/751 1094/752/752 1093/753/753
f 1093/753/753 1094/752/752 1070/754/754
f 1093/753/753 1070/754/754 1069/755/755
f 1069/755/755 1070/754/754 1046/756/756
f 1069/755/755 1046/756/756 1045/757/757
f 1045/757/757 1046/756/756 999/758/758
f 1045/757/757 999/758/758 998/759/759
f 998/759/759 999/758/758 1029/760/760
f 998/759/759 1029/760/760 1030/761/761
f 1030/761/761 1029/760/760 951/762/762
f 1030/761/761 951/762/762 950/763/763
f 950/763/763 951/762/762 985/764/764
f 950/763/763 985/764/764 986/765/765
f 986/765/765 985/764/764 903/766/766
f 986/765/765 903/766/766 902/767/767
f 902/767/767 903/766/766 941/768/768
f 902/767/767 941/768/768 942/769/769
f 942/769/769 941/768/768 855/770/770
f 942/769/769 855/770/770 854/771/771
f 854/771/771 855/770/770 897/772/772
f 854/771/771 897/772/772 898/773/773
f 898/773/773 897/772/772 653/774/774
f 898/773/773 653/774/774 88/775/775
f 88/775/775 653/774/774 89/776/776
f 89/776/776 653/774/774 852/777/777
f 89/776/776 852/777/777 651/778/778
f 651/778/778 852/777/777 851/779/779
f 651/778/778 851/779/779 765/780/780
f 765/780/780 851/779/779 850/781/781
f 765/780/780 850/781/781 766/782/782
f 766/782/782 850/781/781 849/783/783
f 766/782/782 849/783/783 767/784/784
f 767/784/784 849/783/783 848/785/785
f 767/784/784 848/785/785 768/786/786
f 768/786/786 848/785/785 847/787/787
f 768/786/786 847/787/787 769/788/788
f 769/788/788 847/787/787 846/789/789
f 769/788/788 846/789/789 770/790/790
f 770/790/790 846/789/789 845/791/791
f 770/790/790 845/791/791 771/792/792
f 771/792/792 845/791/791 844/793/793
f 771/792/792 844/793/793 772/794/794
f 772/794/794 844/793/793 843/795/795
f 772/794/794 843/795/795 773/796/796
f 773/796/796 843/795/795 842/797/797
f 773/796/796 842/797/797 774/798/798
f 774/798/798 842/797/797 841/799/799
f 774/798/798 841/799/799 775/800/800
f 775/800/800 841/799/799 840/801/801
f 775/800/800 840/801/801 776/802/802
f 776/802/802 840/801/801 839/803/803
f 776/802/802 839/803/803 777/804/804
f 777/804/804 839/803/803 838/805/805
f 777/804/804 838/805/805 778/806/806
f 778/806/806 838/805/805 837/807/807
f 778/806/806 837/807/807 779/808/808
f 779/808/808 837/807/807 836/809/809
f 779/808/808 836/809/809 780/810/810
f 780/810/810 836/809/809 835/709/709
f 780/810/810 835/709/709 781/707/707
f 637/693/693 638/811/811 671/695/695
f 671/695/695 638/811/811 670/812/812
f 671/695/695 670/812/812 703/697/697
f 703/697/697 670/812/812 704/813/813
f 703/697/697 704/813/813 693/699/699
f 693/699/699 704/813/813 692/814/814
f 693/699/699 692/814/814 747/701/701
f 747/701/701 692/814/814 748/815/815
f 747/701/701 748/815/815 737/703/703
f 737/703/703 748/815/815 736/816/816
f 737/703/703 736/816/816 791/705/705
f 791/705/705 736/816/816 792/817/817
f 791/705/705 792/817/817 781/707/707
f 781/707/707 792/817/817 780/810/810
f 638/811/811 639/818/818 670/812/812
f 670/812/812 639/818/818 669/819/819
f 670/812/812 669/819/819 704/813/813
f 704/813/813 669/819/819 705/820/820
f 704/813/813 705/820/820 692/814/814
f 692/814/814 705/820/820 691/821/821
f 692/814/814 691/821/821 748/815/815
f 748/815/815 691/821/821 749/822/822
f 748/815/815 749/822/822 736/816/816
f 736/816/816 749/822/822 735/823/823
f 736/816/816 735/823/823 792/817/817
f 792/817/817 735/823/823 793/824/824
f 792/817/817 793/824/824 780/810/810
f 780/810/810 793/824/824 779/808/808
f 639/818/818 640/825/825 669/819/819
f 669/819/819 640/825/825 668/826/826
f 669/819/819 668/826/826 705/820/820
f 705/820/820 668/826/826 706/827/827
f 705/820/820 706/827/827 691/821/821
f 691/821/821 706/827/827 690/828/828
f 691/821/821 690/828/828 749/822/822
f 749/822/822 690/828/828 750/829/829
f 749/822/822 750/829/829 735/823/823
f 735/823/823 750/829/829 734/830/830
f 735/823/823 734/830/830 793/824/824
f 793/824/824 734/830/830 794/831/831
f 793/824/824 794/831/831 779/808/808
f 779/808/808 794/831/831 778/806/806
f 641/832/832 666/833/833 640/825/825
f 640/825/825 666/833/833 667/834/834
f 640/825/825 667/834/834 668/826/826
f 668/826/826 667/834/834 706/827/827
f 642/835/835 664/836/836 641/832/832
f 641/832/832 664/836/836 665/837/837
f 641/832/832 665/837/837 666/833/833
f 666/833/833 665/837/837 708/838/838
f 666/833/833 708/838/838 707/839/839
f 707/839/839 708/838/838 689/840/840
f 707/839/839 689/840/840 690/828/828
f 690/828/828 689/840/840 750/829/829
f 643/841/841 662/842/842 642/835/835
f 642/835/835 662/842/842 663/843/843
f 642/835/835 663/843/843 664/836/836
f 664/836/836 663/843/843 710/844/844
f 664/836/836 710/844/844 709/845/845
f 709/845/845 710/844/844 687/846/846
f 709/845/845 687/846/846 688/847/847
f 688/847/847 687/846/846 752/848/848
f 688/847/847 752/848/848 751/849/849
f 751/849/849 752/848/848 733/850/850
f 751/849/849 733/850/850 734/830/830
f 734/830/830 733/850/850 794/831/831
f 644/851/851 659/852/852 643/841/841
f 643/841/841 659/852/852 660/853/853
f 643/841/841 660/853/853 661/854/854
f 661/854/854 660/853/853 713/855/855
f 661/854/854 713/855/855 712/856/856
f 712/856/856 713/855/855 684/857/857
f 712/856/856 684/857/857 685/858/858
f 685/858/858 684/857/857 755/859/859
f 685/858/858 755/859/859 754/860/860
f 754/860/860 755/859/859 730/861/861
f 754/860/860 730/861/861 731/862/862
f 731/862/862 730/861/861 797/863/863
f 731/862/862 797/863/863 796/864/864
f 796/864/864 797/863/863 776/802/802
f 796/864/864 776/802/802 777/804/804
f 645/865/865 657/866/866 644/851/851
f 644/851/851 657/866/866 658/867/867
f 644/851/851 658/867/867 659/852/852
f 659/852/852 658/867/867 715/868/868
f 659/852/852 715/868/868 714/869/869
f 714/869/869 715/868/868 682/870/870
f 714/869/869 682/870/870 683/871/871
f 683/871/871 682/870/870 757/872/872
f 683/871/871 757/872/872 756/873/873
f 756/873/873 757/872/872 728/874/874
f 756/873/873 728/874/874 729/875/875
f 729/875/875 728/874/874 799/876/876
f 729/875/875 799/876/876 798/877/877
f 798/877/877 799/876/876 774/798/798
f 798/877/877 774/798/798 775/800/800
f 61/878/878 654/879/879 645/865/865
f 645/865/865 654/879/879 655/880/880
f 645/865/865 655/880/880 656/881/881
f 656/881/881 655/880/880 718/882/882
f 656/881/881 718/882/882 717/883/883
f 717/883/883 718/882/882 679/884/884
f 717/883/883 679/884/884 680/885/885
f 680/885/885 679/884/884 760/886/886
f 680/885/885 760/886/886 759/887/887
f 759/887/887 760/886/886 725/888/888
f 759/887/887 725/888/888 726/889/889
f 726/889/889 725/888/888 802/890/890
f 726/889/889 802/890/890 801/891/891
f 801/891/891 802/890/890 771/792/792
f 801/891/891 771/792/792 772/794/794
f 61/878/878 92/892/892 654/879/879
f 654/879/879 92/892/892 720/893/893
f 654/879/879 720/893/893 719/894/894
f 719/894/894 720/893/893 677/895/895
f 719/894/894 677/895/895 678/896/896
f 678/896/896 677/895/895 762/897/897
f 678/896/896 762/897/897 761/898/898
f 761/898/898 762/897/897 723/899/899
f 761/898/898 723/899/899 724/900/900
f 724/900/900 723/899/899 804/901/901
f 724/900/900 804/901/901 803/902/902
f 803/902/902 804/901/901 769/788/788
f 803/902/902 769/788/788 770/790/790
f 720/893/893 92/892/892 647/903/903
f 647/903/903 92/892/892 91/904/904
f 647/903/903 91/904/904 764/905/905
f 764/905/905 91/904/904 649/906/906
f 764/905/905 649/906/906 721/907/907
f 721/907/907 649/906/906 807/908/908
f 721/907/907 807/908/908 806/909/909
f 806/909/909 807/908/908 766/782/782
f 806/909/909 766/782/782 767/784/784
f 91/904/904 90/910/910 649/906/906
f 649/906/906 90/910/910 808/911/911
f 649/906/906 808/911/911 807/908/908
f 807/908/908 808/911/911 765/780/780
f 807/908/908 765/780/780 766/782/782
f 808/911/911 90/910/910 651/778/778
f 651/778/778 90/910/910 89/776/776
f 898/773/773 88/775/775 853/912/912
f 853/912/912 88/775/775 87/913/913
f 853/912/912 87/913/913 944/914/914
f 944/914/914 87/913/913 899/915/915
f 944/914/914 899/915/915 900/916/916
f 900/916/916 899/915/915 989/917/917
f 900/916/916 989/917/917 988/918/918
f 988/918/918 989/917/917 947/919/919
f 988/918/918 947/919/919 948/920/920
f 948/920/920 947/919/919 1033/921/921
f 948/920/920 1033/921/921 1032/922/922
f 1032/922/922 1033/921/921 995/923/923
f 1032/922/922 995/923/923 996/924/924
f 996/924/924 995/923/923 1042/925/925
f 996/924/924 1042/925/925 1043/926/926
f 1043/926/926 1042/925/925 1066/927/927
f 1043/926/926 1066/927/927 1067/928/928
f 1067/928/928 1066/927/927 1090/929/929
f 1067/928/928 1090/929/929 1091/930/930
f 1091/930/930 1090/929/929 1114/931/931
f 1091/930/930 1114/931/931 1115/932/932
f 1115/932/932 1114/931/931 1138/933/933
f 1115/932/932 1138/933/933 1139/934/934
f 1139/934/934 1138/933/933 1164/935/935
f 1139/934/934 1164/935/935 1163/936/936
f 1163/936/936 1164/935/935 9/937/937
f 1163/936/936 9/937/937 1162/938/938
f 1162/938/938 9/937/937 8/745/745
f 1162/938/938 8/745/745 1161/747/747
f 87/913/913 86/939/939 899/915/915
f 899/915/915 86/939/939 990/940/940
f 899/915/915 990/940/940 989/917/917
f 989/917/917 990/940/940 946/941/941
f 989/917/917 946/941/941 947/919/919
f 947/919/919 946/941/941 1034/942/942
f 947/919/919 1034/942/942 1033/921/921
f 1033/921/921 1034/942/942 994/943/943
f 1033/921/921 994/943/943 995/923/923
f 995/923/923 994/943/943 1041/944/944
f 995/923/923 1041/944/944 1042/925/925
f 1042/925/925 1041/944/944 1065/945/945
f 1042/925/925 1065/945/945 1066/927/927
f 1066/927/927 1065/945/945 1089/946/946
f 1066/927/927 1089/946/946 1090/929/929
f 1090/929/929 1089/946/946 1113/947/947
f 1090/929/929 1113/947/947 1114/931/931
f 1114/931/931 1113/947/947 1137/948/948
f 1114/931/931 1137/948/948 1138/933/933
f 1138/933/933 1137/948/948 1165/949/949
f 1138/933/933 1165/949/949 1164/935/935
f 1164/935/935 1165/949/949 10/950/950
f 1164/935/935 10/950/950 9/937/937
f 990/940/940 86/939/939 945/951/951
f 945/951/951 86/939/939 85/952/952
f 945/951/951 85/952/952 1036/953/953
f 1036/953/953 85/952/952 991/954/954
f 1036/953/953 991/954/954 992/955/955
f 992/955/955 991/954/954 1038/956/956
f 992/955/955 1038/956/956 1039/957/957
f 1039/957/957 1038/956/956 1062/958/958
f 1039/957/957 1062/958/958 1063/959/959
f 1063/959/959 1062/958/958 1086/960/960
f 1063/959/959 1086/960/960 1087/961/961
f 1087/961/961 1086/960/960 1110/962/962
f 1087/961/961 1110/962/962 1111/963/963
f 1111/963/963 1110/962/962 1134/964/964
f 1111/963/963 1134/964/964 1135/965/965
f 1135/965/965 1134/964/964 1168/966/966
f 1135/965/965 1168/966/966 1167/967/967
f 1167/967/967 1168/966/966 11/968/968
f 1167/967/967 11/968/968 1166/969/969
f 1166/969/969 11/968/968 10/950/950
f 1166/969/969 10/950/950 1165/949/949
f 85/952/952 84/970/970 991/954/954
f 991/954/954 84/970/970 1037/971/971
f 991/954/954 1037/971/971 1038/956/956
f 1038/956/956 1037/971/971 1061/972/972
f 1038/956/956 1061/972/972 1062/958/958
f 1062/958/958 1061/972/972 1085/973/973
f 1062/958/958 1085/973/973 1086/960/960
f 1086/960/960 1085/973/973 1109/974/974
f 1086/960/960 1109/974/974 1110/962/962
f 1110/962/962 1109/974/974 1133/975/975
f 1110/962/962 1133/975/975 1134/964/964
f 1134/964/964 1133/975/975 1169/976/976
f 1134/964/964 1169/976/976 1168/966/966
f 1168/966/966 1169/976/976 11/968/968
f 84/970/970 83/977/977 1037/971/971
f 1037/971/971 83/977/977 82/978/978
f 1037/971/971 82/978/978 1060/979/979
f 1060/979/979 82/978/978 81/980/980
f 1060/979/979 81/980/980 1083/981/981
f 1083/981/981 81/980/980 80/982/982
f 1083/981/981 80/982/982 1106/983/983
f 1106/983/983 80/982/982 79/984/984
f 1106/983/983 79/984/984 1129/985/985
f 1129/985/985 79/984/984 78/986/986
f 1129/985/985 78/986/986 1174/987/987
f 1174/987/987 78/986/986 14/988/988
f 1174/987/987 14/988/988 13/989/989
f 12/990/990 1171/991/991 13/989/989
f 13/989/989 1171/991/991 1172/992/992
f 13/989/989 1172/992/992 1173/993/993
f 1173/993/993 1172/992/992 1130/994/994
f 1173/993/993 1130/994/994 1129/985/985
f 1129/985/985 1130/994/994 1106/983/983
f 11/968/968 1169/976/976 12/990/990
f 12/990/990 1169/976/976 1170/995/995
f 12/990/990 1170/995/995 1171/991/991
f 1171/991/991 1170/995/995 1132/996/996
f 1171/991/991 1132/996/996 1131/997/997
f 1131/997/997 1132/996/996 1108/998/998
f 1131/997/997 1108/998/998 1107/999/999
f 1107/999/999 1108/998/998 1084/1000/1000
f 1107/999/999 1084/1000/1000 1083/981/981
f 1083/981/981 1084/1000/1000 1060/979/979
f 1156/738/738 5/740/740 1155/1001/1001
f 1155/1001/1001 5/740/740 4/1002/1002
f 1155/1001/1001 4/1002/1002 1154/1003/1003
f 1154/1003/1003 4/1002/1002 3/1004/1004
f 1154/1003/1003 3/1004/1004 1153/1005/1005
f 1153/1005/1005 3/1004/1004 2/1006/1006
f 1153/1005/1005 2/1006/1006 1152/1007/1007
f 1152/1007/1007 2/1006/1006 1/1008/1008
f 1152/1007/1007 1/1008/1008 45/1009/1009
f 1152/1007/1007 45/1009/1009 1151/1010/1010
f 1151/1010/1010 45/1009/1009 44/1011/1011
f 1151/1010/1010 44/1011/1011 1128/1012/1012
f 1128/1012/1012 44/1011/1011 43/1013/1013
f 1128/1012/1012 43/1013/1013 1105/1014/1014
f 1105/1014/1014 43/1013/1013 42/1015/1015
f 1105/1014/1014 42/1015/1015 1082/1016/1016
f 1082/1016/1016 42/1015/1015 41/1017/1017
f 1082/1016/1016 41/1017/1017 1059/1018/1018
f 1059/1018/1018 41/1017/1017 40/1019/1019
f 1059/1018/1018 40/1019/1019 1013/1020/1020
f 1013/1020/1020 40/1019/1019 39/1021/1021
f 1013/1020/1020 39/1021/1021 1014/1022/1022
f 1014/1022/1022 39/1021/1021 38/1023/1023
f 1014/1022/1022 38/1023/1023 967/1024/1024
f 967/1024/1024 38/1023/1023 37/1025/1025
f 967/1024/1024 37/1025/1025 968/1026/1026
f 968/1026/1026 37/1025/1025 921/1027/1027
f 968/1026/1026 921/1027/1027 920/1028/1028
f 920/1028/1028 921/1027/1027 923/1029/1029
f 920/1028/1028 923/1029/1029 924/1030/1030
f 924/1030/1030 923/1029/1029 873/1031/1031
f 924/1030/1030 873/1031/1031 872/1032/1032
f 872/1032/1032 873/1031/1031 879/1033/1033
f 872/1032/1032 879/1033/1033 880/712/712
f 880/712/712 879/1033/1033 826/710/710
f 37/1025/1025 36/1034/1034 921/1027/1027
f 921/1027/1027 36/1034/1034 922/1035/1035
f 921/1027/1027 922/1035/1035 923/1029/1029
f 923/1029/1029 922/1035/1035 874/1036/1036
f 923/1029/1029 874/1036/1036 873/1031/1031
f 873/1031/1031 874/1036/1036 878/1037/1037
f 873/1031/1031 878/1037/1037 879/1033/1033
f 879/1033/1033 878/1037/1037 827/1038/1038
f 879/1033/1033 827/1038/1038 826/710/710
f 826/710/710 827/1038/1038 834/708/708
f 922/1035/1035 36/1034/1034 875/1039/1039
f 875/1039/1039 36/1034/1034 35/1040/1040
f 875/1039/1039 35/1040/1040 876/1041/1041
f 876/1041/1041 35/1040/1040 652/1042/1042
f 876/1041/1041 652/1042/1042 829/1043/1043
f 829/1043/1043 652/1042/1042 831/1044/1044
f 829/1043/1043 831/1044/1044 832/1045/1045
f 832/1045/1045 831/1044/1044 784/1046/1046
f 832/1045/1045 784/1046/1046 783/1047/1047
f 783/1047/1047 784/1046/1046 789/1048/1048
f 783/1047/1047 789/1048/1048 790/704/704
f 790/704/704 789/1048/1048 738/702/702
f 35/1040/1040 34/1049/1049 652/1042/1042
f 652/1042/1042 34/1049/1049 830/1050/1050
f 652/1042/1042 830/1050/1050 831/1044/1044
f 831/1044/1044 830/1050/1050 785/1051/1051
f 831/1044/1044 785/1051/1051 784/1046/1046
f 784/1046/1046 785/1051/1051 788/1052/1052
f 784/1046/1046 788/1052/1052 789/1048/1048
f 789/1048/1048 788/1052/1052 739/1053/1053
f 789/1048/1048 739/1053/1053 738/702/702
f 738/702/702 739/1053/1053 746/700/700
f 830/1050/1050 34/1049/1049 650/1054/1054
f 650/1054/1054 34/1049/1049 33/1055/1055
f 650/1054/1054 33/1055/1055 786/1056/1056
f 786/1056/1056 33/1055/1055 648/1057/1057
f 786/1056/1056 648/1057/1057 741/1058/1058
f 741/1058/1058 648/1057/1057 743/1059/1059
f 741/1058/1058 743/1059/1059 744/1060/1060
f 744/1060/1060 743/1059/1059 696/1061/1061
f 744/1060/1060 696/1061/1061 695/1062/1062
f 695/1062/1062 696/1061/1061 701/1063/1063
f 695/1062/1062 701/1063/1063 702/696/696
f 702/696/696 701/1063/1063 672/694/694
f 33/1055/1055 32/1064/1064 648/1057/1057
f 648/1057/1057 32/1064/1064 742/1065/1065
f 648/1057/1057 742/1065/1065 743/1059/1059
f 743/1059/1059 742/1065/1065 697/1066/1066
f 743/1059/1059 697/1066/1066 696/1061/1061
f 696/1061/1061 697/1066/1066 700/1067/1067
f 696/1061/1061 700/1067/1067 701/1063/1063
f 701/1063/1063 700/1067/1067 673/692/692
f 701/1063/1063 673/692/692 672/694/694
f 742/1065/1065 32/1064/1064 646/1068/1068
f 646/1068/1068 32/1064/1064 31/684/684
f 646/1068/1068 31/684/684 698/1069/1069
f 698/1069/1069 31/684/684 676/686/686
f 698/1069/1069 676/686/686 675/688/688
f 1173/993/993 1129/985/985 1174/987/987
f 657/866/866 645/865/865 656/881/881
f 718/882/882 655/880/880 719/894/894
f 719/894/894 655/880/880 654/879/879
f 656/881/881 717/883/883 657/866/866
f 657/866/866 717/883/883 716/1070/1070
f 657/866/866 716/1070/1070 658/867/867
f 658/867/867 716/1070/1070 715/868/868
f 662/842/842 643/841/841 661/854/854
f 713/855/855 660/853/853 714/869/869
f 714/869/869 660/853/853 659/852/852
f 661/854/854 712/856/856 662/842/842
f 662/842/842 712/856/856 711/1071/1071
f 662/842/842 711/1071/1071 663/843/843
f 663/843/843 711/1071/1071 710/844/844
f 708/838/838 665/837/837 709/845/845
f 709/845/845 665/837/837 664/836/836
f 706/827/827 667/834/834 707/839/839
f 707/839/839 667/834/834 666/833/833
f 673/692/692 700/1067/1067 674/690/690
f 674/690/690 700/1067/1067 699/1072/1072
f 674/690/690 699/1072/1072 675/688/688
f 675/688/688 699/1072/1072 698/1069/1069
f 720/893/893 647/903/903 677/895/895
f 677/895/895 647/903/903 763/1073/1073
f 677/895/895 763/1073/1073 762/897/897
f 762/897/897 763/1073/1073 722/1074/1074
f 762/897/897 722/1074/1074 723/899/899
f 723/899/899 722/1074/1074 805/1075/1075
f 723/899/899 805/1075/1075 804/901/901
f 804/901/901 805/1075/1075 768/786/786
f 804/901/901 768/786/786 769/788/788
f 718/882/882 719/894/894 678/896/896
f 718/882/882 678/896/896 679/884/884
f 679/884/884 678/896/896 761/898/898
f 679/884/884 761/898/898 760/886/886
f 760/886/886 761/898/898 724/900/900
f 760/886/886 724/900/900 725/888/888
f 725/888/888 724/900/900 803/902/902
f 725/888/888 803/902/902 802/890/890
f 802/890/890 803/902/902 770/790/790
f 802/890/890 770/790/790 771/792/792
f 716/1070/1070 717/883/883 680/885/885
f 715/868/868 716/1070/1070 681/1076/1076
f 681/1076/1076 716/1070/1070 680/885/885
f 681/1076/1076 680/885/885 759/887/887
f 715/868/868 681/1076/1076 682/870/870
f 682/870/870 681/1076/1076 758/1077/1077
f 682/870/870 758/1077/1077 757/872/872
f 757/872/872 758/1077/1077 727/1078/1078
f 757/872/872 727/1078/1078 728/874/874
f 728/874/874 727/1078/1078 800/1079/1079
f 728/874/874 800/1079/1079 799/876/876
f 799/876/876 800/1079/1079 773/796/796
f 799/876/876 773/796/796 774/798/798
f 758/1077/1077 681/1076/1076 759/887/887
f 713/855/855 714/869/869 683/871/871
f 713/855/855 683/871/871 684/857/857
f 684/857/857 683/871/871 756/873/873
f 684/857/857 756/873/873 755/859/859
f 755/859/859 756/873/873 729/875/875
f 755/859/859 729/875/875 730/861/861
f 730/861/861 729/875/875 798/877/877
f 730/861/861 798/877/877 797/863/863
f 797/863/863 798/877/877 775/800/800
f 797/863/863 775/800/800 776/802/802
f 711/1071/1071 712/856/856 685/858/858
f 710/844/844 711/1071/1071 686/1080/1080
f 686/1080/1080 711/1071/1071 685/858/858
f 686/1080/1080 685/858/858 754/860/860
f 710/844/844 686/1080/1080 687/846/846
f 687/846/846 686/1080/1080 753/1081/1081
f 687/846/846 753/1081/1081 752/848/848
f 752/848/848 753/1081/1081 732/1082/1082
f 752/848/848 732/1082/1082 733/850/850
f 733/850/850 732/1082/1082 795/1083/1083
f 733/850/850 795/1083/1083 794/831/831
f 794/831/831 795/1083/1083 778/806/806
f 753/1081/1081 686/1080/1080 754/860/860
f 708/838/838 709/845/845 688/847/847
f 708/838/838 688/847/847 689/840/840
f 689/840/840 688/847/847 751/849/849
f 689/840/840 751/849/849 750/829/829
f 750/829/829 751/849/849 734/830/830
f 706/827/827 707/839/839 690/828/828
f 702/696/696 694/698/698 695/1062/1062
f 695/1062/1062 694/698/698 745/1084/1084
f 695/1062/1062 745/1084/1084 744/1060/1060
f 744/1060/1060 745/1084/1084 740/1085/1085
f 744/1060/1060 740/1085/1085 741/1058/1058
f 741/1058/1058 740/1085/1085 787/1086/1086
f 741/1058/1058 787/1086/1086 786/1056/1056
f 786/1056/1056 787/1086/1086 650/1054/1054
f 745/1084/1084 694/698/698 746/700/700
f 699/1072/1072 700/1067/1067 697/1066/1066
f 698/1069/1069 699/1072/1072 646/1068/1068
f 646/1068/1068 699/1072/1072 697/1066/1066
f 646/1068/1068 697/1066/1066 742/1065/1065
f 764/905/905 721/907/907 763/1073/1073
f 763/1073/1073 721/907/907 722/1074/1074
f 805/1075/1075 722/1074/1074 806/909/909
f 806/909/909 722/1074/1074 721/907/907
f 758/1077/1077 759/887/887 726/889/889
f 758/1077/1077 726/889/889 727/1078/1078
f 727/1078/1078 726/889/889 801/891/891
f 727/1078/1078 801/891/891 800/1079/1079
f 800/1079/1079 801/891/891 772/794/794
f 800/1079/1079 772/794/794 773/796/796
f 753/1081/1081 754/860/860 731/862/862
f 753/1081/1081 731/862/862 732/1082/1082
f 732/1082/1082 731/862/862 796/864/864
f 732/1082/1082 796/864/864 795/1083/1083
f 795/1083/1083 796/864/864 777/804/804
f 795/1083/1083 777/804/804 778/806/806
f 745/1084/1084 746/700/700 739/1053/1053
f 745/1084/1084 739/1053/1053 740/1085/1085
f 740/1085/1085 739/1053/1053 788/1052/1052
f 740/1085/1085 788/1052/1052 787/1086/1086
f 787/1086/1086 788/1052/1052 785/1051/1051
f 787/1086/1086 785/1051/1051 650/1054/1054
f 650/1054/1054 785/1051/1051 830/1050/1050
f 647/903/903 764/905/905 763/1073/1073
f 651/778/778 765/780/780 808/911/911
f 805/1075/1075 806/909/909 767/784/784
f 767/784/784 768/786/786 805/1075/1075
f 790/704/704 782/706/706 783/1047/1047
f 783/1047/1047 782/706/706 833/1087/1087
f 783/1047/1047 833/1087/1087 832/1045/1045
f 832/1045/1045 833/1087/1087 828/1088/1088
f 832/1045/1045 828/1088/1088 829/1043/1043
f 829/1043/1043 828/1088/1088 877/1089/1089
f 829/1043/1043 877/1089/1089 876/1041/1041
f 876/1041/1041 877/1089/1089 875/1039/1039
f 833/1087/1087 782/706/706 834/708/708
f 851/779/779 852/777/777 809/1090/1090
f 809/1090/1090 852/777/777 653/774/774
f 809/1090/1090 653/774/774 897/772/772
f 850/781/781 851/779/779 810/1091/1091
f 810/1091/1091 851/779/779 809/1090/1090
f 810/1091/1091 809/1090/1090 896/1092/1092
f 896/1092/1092 809/1090/1090 897/772/772
f 896/1092/1092 897/772/772 855/770/770
f 849/783/783 850/781/781 811/1093/1093
f 811/1093/1093 850/781/781 810/1091/1091
f 811/1093/1093 810/1091/1091 895/1094/1094
f 895/1094/1094 810/1091/1091 896/1092/1092
f 895/1094/1094 896/1092/1092 856/1095/1095
f 856/1095/1095 896/1092/1092 855/770/770
f 856/1095/1095 855/770/770 941/768/768
f 848/785/785 849/783/783 812/1096/1096
f 812/1096/1096 849/783/783 811/1093/1093
f 812/1096/1096 811/1093/1093 894/1097/1097
f 894/1097/1097 811/1093/1093 895/1094/1094
f 894/1097/1097 895/1094/1094 857/1098/1098
f 857/1098/1098 895/1094/1094 856/1095/1095
f 857/1098/1098 856/1095/1095 940/1099/1099
f 940/1099/1099 856/1095/1095 941/768/768
f 940/1099/1099 941/768/768 903/766/766
f 847/787/787 848/785/785 813/1100/1100
f 813/1100/1100 848/785/785 812/1096/1096
f 813/1100/1100 812/1096/1096 893/1101/1101
f 893/1101/1101 812/1096/1096 894/1097/1097
f 893/1101/1101 894/1097/1097 858/1102/1102
f 858/1102/1102 894/1097/1097 857/1098/1098
f 858/1102/1102 857/1098/1098 939/1103/1103
f 939/1103/1103 857/1098/1098 940/1099/1099
f 939/1103/1103 940/1099/1099 904/1104/1104
f 904/1104/1104 940/1099/1099 903/766/766
f 904/1104/1104 903/766/766 985/764/764
f 846/789/789 847/787/787 814/1105/1105
f 814/1105/1105 847/787/787 813/1100/1100
f 814/1105/1105 813/1100/1100 892/1106/1106
f 892/1106/1106 813/1100/1100 893/1101/1101
f 892/1106/1106 893/1101/1101 859/1107/1107
f 859/1107/1107 893/1101/1101 858/1102/1102
f 859/1107/1107 858/1102/1102 938/1108/1108
f 938/1108/1108 858/1102/1102 939/1103/1103
f 938/1108/1108 939/1103/1103 905/1109/1109
f 905/1109/1109 939/1103/1103 904/1104/1104
f 905/1109/1109 904/1104/1104 984/1110/1110
f 984/1110/1110 904/1104/1104 985/764/764
f 984/1110/1110 985/764/764 951/762/762
f 845/791/791 846/789/789 815/1111/1111
f 815/1111/1111 846/789/789 814/1105/1105
f 815/1111/1111 814/1105/1105 891/1112/1112
f 891/1112/1112 814/1105/1105 892/1106/1106
f 891/1112/1112 892/1106/1106 860/1113/1113
f 860/1113/1113 892/1106/1106 859/1107/1107
f 860/1113/1113 859/1107/1107 937/1114/1114
f 937/1114/1114 859/1107/1107 938/1108/1108
f 937/1114/1114 938/1108/1108 906/1115/1115
f 906/1115/1115 938/1108/1108 905/1109/1109
f 906/1115/1115 905/1109/1109 983/1116/1116
f 983/1116/1116 905/1109/1109 984/1110/1110
f 983/1116/1116 984/1110/1110 952/1117/1117
f 952/1117/1117 984/1110/1110 951/762/762
f 952/1117/1117 951/762/762 1029/760/760
f 844/793/793 845/791/791 816/1118/1118
f 816/1118/1118 845/791/791 815/1111/1111
f 816/1118/1118 815/1111/1111 890/1119/1119
f 890/1119/1119 815/1111/1111 891/1112/1112
f 890/1119/1119 891/1112/1112 861/1120/1120
f 861/1120/1120 891/1112/1112 860/1113/1113
f 861/1120/1120 860/1113/1113 936/1121/1121
f 936/1121/1121 860/1113/1113 937/1114/1114
f 936/1121/1121 937/1114/1114 907/1122/1122
f 907/1122/1122 937/1114/1114 906/1115/1115
f 907/1122/1122 906/1115/1115 982/1123/1123
f 982/1123/1123 906/1115/1115 983/1116/1116
f 982/1123/1123 983/1116/1116 953/1124/1124
f 953/1124/1124 983/1116/1116 952/1117/1117
f 953/1124/1124 952/1117/1117 1028/1125/1125
f 1028/1125/1125 952/1117/1117 1029/760/760
f 1028/1125/1125 1029/760/760 999/758/758
f 843/795/795 844/793/793 817/1126/1126
f 817/1126/1126 844/793/793 816/1118/1118
f 817/1126/1126 816/1118/1118 889/1127/1127
f 889/1127/1127 816/1118/1118 890/1119/1119
f 889/1127/1127 890/1119/1119 862/1128/1128
f 862/1128/1128 890/1119/1119 861/1120/1120
f 862/1128/1128 861/1120/1120 935/1129/1129
f 935/1129/1129 861/1120/1120 936/1121/1121
f 935/1129/1129 936/1121/1121 908/1130/1130
f 908/1130/1130 936/1121/1121 907/1122/1122
f 908/1130/1130 907/1122/1122 981/1131/1131
f 981/1131/1131 907/1122/1122 982/1123/1123
f 981/1131/1131 982/1123/1123 954/1132/1132
f 954/1132/1132 982/1123/1123 953/1124/1124
f 954/1132/1132 953/1124/1124 1027/1133/1133
f 1027/1133/1133 953/1124/1124 1028/1125/1125
f 1027/1133/1133 1028/1125/1125 1000/1134/1134
f 1000/1134/1134 1028/1125/1125 999/758/758
f 1000/1134/1134 999/758/758 1046/756/756
f 842/797/797 843/795/795 818/1135/1135
f 818/1135/1135 843/795/795 817/1126/1126
f 818/1135/1135 817/1126/1126 888/1136/1136
f 888/1136/1136 817/1126/1126 889/1127/1127
f 888/1136/1136 889/1127/1127 863/1137/1137
f 863/1137/1137 889/1127/1127 862/1128/1128
f 863/1137/1137 862/1128/1128 934/1138/1138
f 934/1138/1138 862/1128/1128 935/1129/1129
f 934/1138/1138 935/1129/1129 909/1139/1139
f 909/1139/1139 935/1129/1129 908/1130/1130
f 909/1139/1139 908/1130/1130 980/1140/1140
f 980/1140/1140 908/1130/1130 981/1131/1131
f 980/1140/1140 981/1131/1131 955/1141/1141
f 955/1141/1141 981/1131/1131 954/1132/1132
f 955/1141/1141 954/1132/1132 1026/1142/1142
f 1026/1142/1142 954/1132/1132 1027/1133/1133
f 1026/1142/1142 1027/1133/1133 1001/1143/1143
f 1001/1143/1143 1027/1133/1133 1000/1134/1134
f 1001/1143/1143 1000/1134/1134 1047/1144/1144
f 1047/1144/1144 1000/1134/1134 1046/756/756
f 1047/1144/1144 1046/756/756 1070/754/754
f 841/799/799 842/797/797 819/1145/1145
f 819/1145/1145 842/797/797 818/1135/1135
f 819/1145/1145 818/1135/1135 887/1146/1146
f 887/1146/1146 818/1135/1135 888/1136/1136
f 887/1146/1146 888/1136/1136 864/1147/1147
f 864/1147/1147 888/1136/1136 863/1137/1137
f 864/1147/1147 863/1137/1137 933/1148/1148
f 933/1148/1148 863/1137/1137 934/1138/1138
f 933/1148/1148 934/1138/1138 910/1149/1149
f 910/1149/1149 934/1138/1138 909/1139/1139
f 910/1149/1149 909/1139/1139 979/1150/1150
f 979/1150/1150 909/1139/1139 980/1140/1140
f 979/1150/1150 980/1140/1140 956/1151/1151
f 956/1151/1151 980/1140/1140 955/1141/1141
f 956/1151/1151 955/1141/1141 1025/1152/1152
f 1025/1152/1152 955/1141/1141 1026/1142/1142
f 1025/1152/1152 1026/1142/1142 1002/1153/1153
f 1002/1153/1153 1026/1142/1142 1001/1143/1143
f 1002/1153/1153 1001/1143/1143 1048/1154/1154
f 1048/1154/1154 1001/1143/1143 1047/1144/1144
f 1048/1154/1154 1047/1144/1144 1071/1155/1155
f 1071/1155/1155 1047/1144/1144 1070/754/754
f 1071/1155/1155 1070/754/754 1094/752/752
f 840/801/801 841/799/799 820/1156/1156
f 820/1156/1156 841/799/799 819/1145/1145
f 820/1156/1156 819/1145/1145 886/1157/1157
f 886/1157/1157 819/1145/1145 887/1146/1146
f 886/1157/1157 887/1146/1146 865/1158/1158
f 865/1158/1158 887/1146/1146 864/1147/1147
f 865/1158/1158 864/1147/1147 932/1159/1159
f 932/1159/1159 864/1147/1147 933/1148/1148
f 932/1159/1159 933/1148/1148 911/1160/1160
f 911/1160/1160 933/1148/1148 910/1149/1149
f 911/1160/1160 910/1149/1149 978/1161/1161
f 978/1161/1161 910/1149/1149 979/1150/1150
f 978/1161/1161 979/1150/1150 957/1162/1162
f 957/1162/1162 979/1150/1150 956/1151/1151
f 957/1162/1162 956/1151/1151 1024/1163/1163
f 1024/1163/1163 956/1151/1151 1025/1152/1152
f 1024/1163/1163 1025/1152/1152 1003/1164/1164
f 1003/1164/1164 1025/1152/1152 1002/1153/1153
f 1003/1164/1164 1002/1153/1153 1049/1165/1165
f 1049/1165/1165 1002/1153/1153 1048/1154/1154
f 1049/1165/1165 1048/1154/1154 1072/1166/1166
f 1072/1166/1166 1048/1154/1154 1071/1155/1155
f 1072/1166/1166 1071/1155/1155 1095/1167/1167
f 1095/1167/1167 1071/1155/1155 1094/752/752
f 1095/1167/1167 1094/752/752 1118/750/750
f 839/803/803 840/801/801 821/1168/1168
f 821/1168/1168 840/801/801 820/1156/1156
f 821/1168/1168 820/1156/1156 885/1169/1169
f 885/1169/1169 820/1156/1156 886/1157/1157
f 885/1169/1169 886/1157/1157 866/1170/1170
f 866/1170/1170 886/1157/1157 865/1158/1158
f 866/1170/1170 865/1158/1158 931/1171/1171
f 931/1171/1171 865/1158/1158 932/1159/1159
f 931/1171/1171 932/1159/1159 912/1172/1172
f 912/1172/1172 932/1159/1159 911/1160/1160
f 912/1172/1172 911/1160/1160 977/1173/1173
f 977/1173/1173 911/1160/1160 978/1161/1161
f 977/1173/1173 978/1161/1161 958/1174/1174
f 958/1174/1174 978/1161/1161 957/1162/1162
f 958/1174/1174 957/1162/1162 1023/1175/1175
f 1023/1175/1175 957/1162/1162 1024/1163/1163
f 1023/1175/1175 1024/1163/1163 1004/1176/1176
f 1004/1176/1176 1024/1163/1163 1003/1164/1164
f 1004/1176/1176 1003/1164/1164 1050/1177/1177
f 1050/1177/1177 1003/1164/1164 1049/1165/1165
f 1050/1177/1177 1049/1165/1165 1073/1178/1178
f 1073/1178/1178 1049/1165/1165 1072/1166/1166
f 1073/1178/1178 1072/1166/1166 1096/1179/1179
f 1096/1179/1179 1072/1166/1166 1095/1167/1167
f 1096/1179/1179 1095/1167/1167 1119/1180/1180
f 1119/1180/1180 1095/1167/1167 1118/750/750
f 1119/1180/1180 1118/750/750 1142/748/748
f 838/805/805 839/803/803 822/1181/1181
f 822/1181/1181 839/803/803 821/1168/1168
f 822/1181/1181 821/1168/1168 884/1182/1182
f 884/1182/1182 821/1168/1168 885/1169/1169
f 884/1182/1182 885/1169/1169 867/1183/1183
f 867/1183/1183 885/1169/1169 866/1170/1170
f 867/1183/1183 866/1170/1170 930/1184/1184
f 930/1184/1184 866/1170/1170 931/1171/1171
f 930/1184/1184 931/1171/1171 913/1185/1185
f 913/1185/1185 931/1171/1171 912/1172/1172
f 913/1185/1185 912/1172/1172 976/1186/1186
f 976/1186/1186 912/1172/1172 977/1173/1173
f 976/1186/1186 977/1173/1173 959/1187/1187
f 959/1187/1187 977/1173/1173 958/1174/1174
f 959/1187/1187 958/1174/1174 1022/1188/1188
f 1022/1188/1188 958/1174/1174 1023/1175/1175
f 1022/1188/1188 1023/1175/1175 1005/1189/1189
f 1005/1189/1189 1023/1175/1175 1004/1176/1176
f 1005/1189/1189 1004/1176/1176 1051/1190/1190
f 1051/1190/1190 1004/1176/1176 1050/1177/1177
f 1051/1190/1190 1050/1177/1177 1074/1191/1191
f 1074/1191/1191 1050/1177/1177 1073/1178/1178
f 1074/1191/1191 1073/1178/1178 1097/1192/1192
f 1097/1192/1192 1073/1178/1178 1096/1179/1179
f 1097/1192/1192 1096/1179/1179 1120/1193/1193
f 1120/1193/1193 1096/1179/1179 1119/1180/1180
f 1120/1193/1193 1119/1180/1180 1143/1194/1194
f 1143/1194/1194 1119/1180/1180 1142/748/748
f 1143/1194/1194 1142/748/748 1160/746/746
f 837/807/807 838/805/805 823/1195/1195
f 823/1195/1195 838/805/805 822/1181/1181
f 823/1195/1195 822/1181/1181 883/1196/1196
f 883/1196/1196 822/1181/1181 884/1182/1182
f 883/1196/1196 884/1182/1182 868/1197/1197
f 868/1197/1197 884/1182/1182 867/1183/1183
f 868/1197/1197 867/1183/1183 929/1198/1198
f 929/1198/1198 867/1183/1183 930/1184/1184
f 929/1198/1198 930/1184/1184 914/1199/1199
f 914/1199/1199 930/1184/1184 913/1185/1185
f 914/1199/1199 913/1185/1185 975/1200/1200
f 975/1200/1200 913/1185/1185 976/1186/1186
f 975/1200/1200 976/1186/1186 960/1201/1201
f 960/1201/1201 976/1186/1186 959/1187/1187
f 960/1201/1201 959/1187/1187 1021/1202/1202
f 1021/1202/1202 959/1187/1187 1022/1188/1188
f 1021/1202/1202 1022/1188/1188 1006/1203/1203
f 1006/1203/1203 1022/1188/1188 1005/1189/1189
f 1006/1203/1203 1005/1189/1189 1052/1204/1204
f 1052/1204/1204 1005/1189/1189 1051/1190/1190
f 1052/1204/1204 1051/1190/1190 1075/1205/1205
f 1075/1205/1205 1051/1190/1190 1074/1191/1191
f 1075/1205/1205 1074/1191/1191 1098/1206/1206
f 1098/1206/1206 1074/1191/1191 1097/1192/1192
f 1098/1206/1206 1097/1192/1192 1121/1207/1207
f 1121/1207/1207 1097/1192/1192 1120/1193/1193
f 1121/1207/1207 1120/1193/1193 1144/1208/1208
f 1144/1208/1208 1120/1193/1193 1143/1194/1194
f 1144/1208/1208 1143/1194/1194 1159/744/744
f 1159/744/744 1143/1194/1194 1160/746/746
f 836/809/809 837/807/807 824/1209/1209
f 824/1209/1209 837/807/807 823/1195/1195
f 824/1209/1209 823/1195/1195 882/1210/1210
f 882/1210/1210 823/1195/1195 883/1196/1196
f 882/1210/1210 883/1196/1196 869/1211/1211
f 869/1211/1211 883/1196/1196 868/1197/1197
f 869/1211/1211 868/1197/1197 928/1212/1212
f 928/1212/1212 868/1197/1197 929/1198/1198
f 928/1212/1212 929/1198/1198 915/1213/1213
f 915/1213/1213 929/1198/1198 914/1199/1199
f 915/1213/1213 914/1199/1199 974/1214/1214
f 974/1214/1214 914/1199/1199 975/1200/1200
f 974/1214/1214 975/1200/1200 961/1215/1215
f 961/1215/1215 975/1200/1200 960/1201/1201
f 961/1215/1215 960/1201/1201 1020/1216/1216
f 1020/1216/1216 960/1201/1201 1021/1202/1202
f 1020/1216/1216 1021/1202/1202 1007/1217/1217
f 1007/1217/1217 1021/1202/1202 1006/1203/1203
f 1007/1217/1217 1006/1203/1203 1053/1218/1218
f 1053/1218/1218 1006/1203/1203 1052/1204/1204
f 1053/1218/1218 1052/1204/1204 1076/1219/1219
f 1076/1219/1219 1052/1204/1204 1075/1205/1205
f 1076/1219/1219 1075/1205/1205 1099/1220/1220
f 1099/1220/1220 1075/1205/1205 1098/1206/1206
f 1099/1220/1220 1098/1206/1206 1122/1221/1221
f 1122/1221/1221 1098/1206/1206 1121/1207/1207
f 1122/1221/1221 1121/1207/1207 1145/1222/1222
f 1145/1222/1222 1121/1207/1207 1144/1208/1208
f 1145/1222/1222 1144/1208/1208 1158/742/742
f 1158/742/742 1144/1208/1208 1159/744/744
f 835/709/709 836/809/809 825/711/711
f 825/711/711 836/809/809 824/1209/1209
f 825/711/711 824/1209/1209 881/713/713
f 881/713/713 824/1209/1209 882/1210/1210
f 881/713/713 882/1210/1210 870/715/715
f 870/715/715 882/1210/1210 869/1211/1211
f 870/715/715 869/1211/1211 927/717/717
f 927/717/717 869/1211/1211 928/1212/1212
f 927/717/717 928/1212/1212 916/719/719
f 916/719/719 928/1212/1212 915/1213/1213
f 916/719/719 915/1213/1213 973/721/721
f 973/721/721 915/1213/1213 974/1214/1214
f 973/721/721 974/1214/1214 962/723/723
f 962/723/723 974/1214/1214 961/1215/1215
f 962/723/723 961/1215/1215 1019/725/725
f 1019/725/725 961/1215/1215 1020/1216/1216
f 1019/725/725 1020/1216/1216 1008/727/727
f 1008/727/727 1020/1216/1216 1007/1217/1217
f 1008/727/727 1007/1217/1217 1054/729/729
f 1054/729/729 1007/1217/1217 1053/1218/1218
f 1054/729/729 1053/1218/1218 1077/731/731
f 1077/731/731 1053/1218/1218 1076/1219/1219
f 1077/731/731 1076/1219/1219 1100/733/733
f 1100/733/733 1076/1219/1219 1099/1220/1220
f 1100/733/733 1099/1220/1220 1123/735/735
f 1123/735/735 1099/1220/1220 1122/1221/1221
f 1123/735/735 1122/1221/1221 1146/737/737
f 1146/737/737 1122/1221/1221 1145/1222/1222
f 1146/737/737 1145/1222/1222 1157/739/739
f 1157/739/739 1145/1222/1222 1158/742/742
f 833/1087/1087 834/708/708 827/1038/1038
f 833/1087/1087 827/1038/1038 828/1088/1088
f 828/1088/1088 827/1038/1038 878/1037/1037
f 828/1088/1088 878/1037/1037 877/1089/1089
f 877/1089/1089 878/1037/1037 874/1036/1036
f 877/1089/1089 874/1036/1036 875/1039/1039
f 875/1039/1039 874/1036/1036 922/1035/1035
f 898/773/773 853/912/912 854/771/771
f 854/771/771 853/912/912 943/1223/1223
f 854/771/771 943/1223/1223 942/769/769
f 942/769/769 943/1223/1223 901/1224/1224
f 942/769/769 901/1224/1224 902/767/767
f 902/767/767 901/1224/1224 987/1225/1225
f 902/767/767 987/1225/1225 986/765/765
f 986/765/765 987/1225/1225 949/1226/1226
f 986/765/765 949/1226/1226 950/763/763
f 950/763/763 949/1226/1226 1031/1227/1227
f 950/763/763 1031/1227/1227 1030/761/761
f 1030/761/761 1031/1227/1227 997/1228/1228
f 1030/761/761 997/1228/1228 998/759/759
f 998/759/759 997/1228/1228 1044/1229/1229
f 998/759/759 1044/1229/1229 1045/757/757
f 1045/757/757 1044/1229/1229 1068/1230/1230
f 1045/757/757 1068/1230/1230 1069/755/755
f 1069/755/755 1068/1230/1230 1092/1231/1231
f 1069/755/755 1092/1231/1231 1093/753/753
f 1093/753/753 1092/1231/1231 1116/1232/1232
f 1093/753/753 1116/1232/1232 1117/751/751
f 1117/751/751 1116/1232/1232 1140/1233/1233
f 1117/751/751 1140/1233/1233 1141/749/749
f 1141/749/749 1140/1233/1233 1162/938/938
f 1141/749/749 1162/938/938 1161/747/747
f 880/712/712 871/714/714 872/1032/1032
f 872/1032/1032 871/714/714 925/1234/1234
f 872/1032/1032 925/1234/1234 924/1030/1030
f 924/1030/1030 925/1234/1234 919/1235/1235
f 924/1030/1030 919/1235/1235 920/1028/1028
f 920/1028/1028 919/1235/1235 969/1236/1236
f 920/1028/1028 969/1236/1236 968/1026/1026
f 968/1026/1026 969/1236/1236 967/1024/1024
f 925/1234/1234 871/714/714 926/716/716
f 944/914/914 900/916/916 943/1223/1223
f 943/1223/1223 900/916/916 901/1224/1224
f 987/1225/1225 901/1224/1224 988/918/918
f 988/918/918 901/1224/1224 900/916/916
f 925/1234/1234 926/716/716 918/1237/1237
f 918/1237/1237 926/716/716 917/718/718
f 918/1237/1237 917/718/718 971/1238/1238
f 971/1238/1238 917/718/718 972/720/720
f 971/1238/1238 972/720/720 964/1239/1239
f 964/1239/1239 972/720/720 963/722/722
f 964/1239/1239 963/722/722 1017/1240/1240
f 1017/1240/1240 963/722/722 1018/724/724
f 1017/1240/1240 1018/724/724 1010/1241/1241
f 1010/1241/1241 1018/724/724 1009/726/726
f 1010/1241/1241 1009/726/726 1056/1242/1242
f 1056/1242/1242 1009/726/726 1055/728/728
f 1056/1242/1242 1055/728/728 1079/1243/1243
f 1079/1243/1243 1055/728/728 1078/730/730
f 1079/1243/1243 1078/730/730 1102/1244/1244
f 1102/1244/1244 1078/730/730 1101/732/732
f 1102/1244/1244 1101/732/732 1125/1245/1245
f 1125/1245/1245 1101/732/732 1124/734/734
f 1125/1245/1245 1124/734/734 1148/1246/1246
f 1148/1246/1246 1124/734/734 1147/736/736
f 1148/1246/1246 1147/736/736 1155/1001/1001
f 1155/1001/1001 1147/736/736 1156/738/738
f 925/1234/1234 918/1237/1237 919/1235/1235
f 919/1235/1235 918/1237/1237 970/1247/1247
f 919/1235/1235 970/1247/1247 969/1236/1236
f 969/1236/1236 970/1247/1247 966/1248/1248
f 969/1236/1236 966/1248/1248 967/1024/1024
f 967/1024/1024 966/1248/1248 1014/1022/1022
f 970/1247/1247 918/1237/1237 971/1238/1238
f 853/912/912 944/914/914 943/1223/1223
f 990/940/940 945/951/951 946/941/941
f 946/941/941 945/951/951 1035/1249/1249
f 946/941/941 1035/1249/1249 1034/942/942
f 1034/942/942 1035/1249/1249 993/1250/1250
f 1034/942/942 993/1250/1250 994/943/943
f 994/943/943 993/1250/1250 1040/1251/1251
f 994/943/943 1040/1251/1251 1041/944/944
f 1041/944/944 1040/1251/1251 1064/1252/1252
f 1041/944/944 1064/1252/1252 1065/945/945
f 1065/945/945 1064/1252/1252 1088/1253/1253
f 1065/945/945 1088/1253/1253 1089/946/946
f 1089/946/946 1088/1253/1253 1112/1254/1254
f 1089/946/946 1112/1254/1254 1113/947/947
f 1113/947/947 1112/1254/1254 1136/1255/1255
f 1113/947/947 1136/1255/1255 1137/948/948
f 1137/948/948 1136/1255/1255 1166/969/969
f 1137/948/948 1166/969/969 1165/949/949
f 987/1225/1225 988/918/918 948/920/920
f 987/1225/1225 948/920/920 949/1226/1226
f 949/1226/1226 948/920/920 1032/922/922
f 949/1226/1226 1032/922/922 1031/1227/1227
f 1031/1227/1227 1032/922/922 996/924/924
f 1031/1227/1227 996/924/924 997/1228/1228
f 997/1228/1228 996/924/924 1043/926/926
f 997/1228/1228 1043/926/926 1044/1229/1229
f 1044/1229/1229 1043/926/926 1067/928/928
f 1044/1229/1229 1067/928/928 1068/1230/1230
f 1068/1230/1230 1067/928/928 1091/930/930
f 1068/1230/1230 1091/930/930 1092/1231/1231
f 1092/1231/1231 1091/930/930 1115/932/932
f 1092/1231/1231 1115/932/932 1116/1232/1232
f 1116/1232/1232 1115/932/932 1139/934/934
f 1116/1232/1232 1139/934/934 1140/1233/1233
f 1140/1233/1233 1139/934/934 1163/936/936
f 1140/1233/1233 1163/936/936 1162/938/938
f 970/1247/1247 971/1238/1238 965/1256/1256
f 965/1256/1256 971/1238/1238 964/1239/1239
f 965/1256/1256 964/1239/1239 1016/1257/1257
f 1016/1257/1257 964/1239/1239 1017/1240/1240
f 1016/1257/1257 1017/1240/1240 1011/1258/1258
f 1011/1258/1258 1017/1240/1240 1010/1241/1241
f 1011/1258/1258 1010/1241/1241 1057/1259/1259
f 1057/1259/1259 1010/1241/1241 1056/1242/1242
f 1057/1259/1259 1056/1242/1242 1080/1260/1260
f 1080/1260/1260 1056/1242/1242 1079/1243/1243
f 1080/1260/1260 1079/1243/1243 1103/1261/1261
f 1103/1261/1261 1079/1243/1243 1102/1244/1244
f 1103/1261/1261 1102/1244/1244 1126/1262/1262
f 1126/1262/1262 1102/1244/1244 1125/1245/1245
f 1126/1262/1262 1125/1245/1245 1149/1263/1263
f 1149/1263/1263 1125/1245/1245 1148/1246/1246
f 1149/1263/1263 1148/1246/1246 1154/1003/1003
f 1154/1003/1003 1148/1246/1246 1155/1001/1001
f 970/1247/1247 965/1256/1256 966/1248/1248
f 966/1248/1248 965/1256/1256 1015/1264/1264
f 966/1248/1248 1015/1264/1264 1014/1022/1022
f 1014/1022/1022 1015/1264/1264 1013/1020/1020
f 1015/1264/1264 965/1256/1256 1016/1257/1257
f 1036/953/953 992/955/955 1035/1249/1249
f 1035/1249/1249 992/955/955 993/1250/1250
f 1040/1251/1251 993/1250/1250 1039/957/957
f 1039/957/957 993/1250/1250 992/955/955
f 1015/1264/1264 1016/1257/1257 1012/1265/1265
f 1012/1265/1265 1016/1257/1257 1011/1258/1258
f 1012/1265/1265 1011/1258/1258 1058/1266/1266
f 1058/1266/1266 1011/1258/1258 1057/1259/1259
f 1058/1266/1266 1057/1259/1259 1081/1267/1267
f 1081/1267/1267 1057/1259/1259 1080/1260/1260
f 1081/1267/1267 1080/1260/1260 1104/1268/1268
f 1104/1268/1268 1080/1260/1260 1103/1261/1261
f 1104/1268/1268 1103/1261/1261 1127/1269/1269
f 1127/1269/1269 1103/1261/1261 1126/1262/1262
f 1127/1269/1269 1126/1262/1262 1150/1270/1270
f 1150/1270/1270 1126/1262/1262 1149/1263/1263
f 1150/1270/1270 1149/1263/1263 1153/1005/1005
f 1153/1005/1005 1149/1263/1263 1154/1003/1003
f 1059/1018/1018 1013/1020/1020 1012/1265/1265
f 1012/1265/1265 1013/1020/1020 1015/1264/1264
f 1059/1018/1018 1012/1265/1265 1058/1266/1266
f 945/951/951 1036/953/953 1035/1249/1249
f 1064/1252/1252 1040/1251/1251 1063/959/959
f 1063/959/959 1040/1251/1251 1039/957/957
f 1082/1016/1016 1059/1018/1018 1058/1266/1266
f 1082/1016/1016 1058/1266/1266 1081/1267/1267
f 1037/971/971 1060/979/979 1061/972/972
f 1061/972/972 1060/979/979 1084/1000/1000
f 1061/972/972 1084/1000/1000 1085/973/973
f 1085/973/973 1084/1000/1000 1108/998/998
f 1085/973/973 1108/998/998 1109/974/974
f 1109/974/974 1108/998/998 1132/996/996
f 1109/974/974 1132/996/996 1133/975/975
f 1133/975/975 1132/996/996 1170/995/995
f 1133/975/975 1170/995/995 1169/976/976
f 1088/1253/1253 1064/1252/1252 1087/961/961
f 1087/961/961 1064/1252/1252 1063/959/959
f 1105/1014/1014 1082/1016/1016 1081/1267/1267
f 1105/1014/1014 1081/1267/1267 1104/1268/1268
f 1112/1254/1254 1088/1253/1253 1111/963/963
f 1111/963/963 1088/1253/1253 1087/961/961
f 1128/1012/1012 1105/1014/1014 1104/1268/1268
f 1128/1012/1012 1104/1268/1268 1127/1269/1269
f 1083/981/981 1106/983/983 1107/999/999
f 1107/999/999 1106/983/983 1130/994/994
f 1107/999/999 1130/994/994 1131/997/997
f 1131/997/997 1130/994/994 1172/992/992
f 1131/997/997 1172/992/992 1171/991/991
f 1136/1255/1255 1112/1254/1254 1135/965/965
f 1135/965/965 1112/1254/1254 1111/963/963
f 1151/1010/1010 1128/1012/1012 1127/1269/1269
f 1151/1010/1010 1127/1269/1269 1150/1270/1270
f 1166/969/969 1136/1255/1255 1167/967/967
f 1167/967/967 1136/1255/1255 1135/965/965
f 1152/1007/1007 1151/1010/1010 1150/1270/1270
f 1152/1007/1007 1150/1270/1270 1153/1005/1005
f 1174/987/987 13/989/989 1173/993/993
f 30/1271/1271 29/1272/1272 634/1273/1273
f 634/1273/1273 29/1272/1272 104/1274/1274
f 634/1273/1273 104/1274/1274 635/1275/1275
f 635/1275/1275 104/1274/1274 103/1276/1276
f 635/1275/1275 103/1276/1276 636/1277/1277
f 636/1277/1277 103/1276/1276 102/1278/1278
f 636/1277/1277 102/1278/1278 637/1279/1279
f 637/1279/1279 102/1278/1278 101/1280/1280
f 637/1279/1279 101/1280/1280 638/1281/1281
f 638/1281/1281 101/1280/1280 100/1282/1282
f 638/1281/1281 100/1282/1282 639/1283/1283
f 639/1283/1283 100/1282/1282 99/1284/1284
f 639/1283/1283 99/1284/1284 640/1285/1285
f 640/1285/1285 99/1284/1284 98/1286/1286
f 640/1285/1285 98/1286/1286 641/1287/1287
f 641/1287/1287 98/1286/1286 97/1288/1288
f 641/1287/1287 97/1288/1288 642/1289/1289
f 642/1289/1289 97/1288/1288 96/1290/1290
f 642/1289/1289 96/1290/1290 643/1291/1291
f 643/1291/1291 96/1290/1290 95/1292/1292
f 643/1291/1291 95/1292/1292 644/1293/1293
f 644/1293/1293 95/1292/1292 94/1294/1294
f 644/1293/1293 94/1294/1294 645/1295/1295
f 645/1295/1295 94/1294/1294 93/1296/1296
f 645/1295/1295 93/1296/1296 61/1297/1297
f 61/1297/1297 93/1296/1296 62/1298/1298
# 1174 vertices
# 1298 texture params
# 1298 normals
# 2344 facets

# 1 groups
