# WaveFront *.obj file (generated by Autodesk ATF)

mtllib P7.mtl

g Body1

v 17.583540 11.250000 12.542217
v 17.446152 11.250000 12.444219
v 17.086245 11.250000 12.933949
v 16.712595 11.250000 13.413276
v 16.325503 11.250000 13.881814
v 15.925280 11.250000 14.339186
v 15.512247 11.250000 14.785025
v 15.086738 11.250000 15.218973
v 14.649094 11.250000 15.640679
v 14.199668 11.250000 16.049805
v 13.738820 11.250000 16.446021
v 13.266922 11.250000 16.829010
v 12.784353 11.250000 17.198463
v 12.291501 11.250000 17.554082
v 11.788762 11.250000 17.895583
v 11.276542 11.250000 18.222689
v 10.755252 11.250000 18.535138
v 10.225311 11.250000 18.832679
v 10.305835 11.250000 18.980986
v 10.839949 11.250000 18.681102
v 11.365345 11.250000 18.366192
v 11.881599 11.250000 18.036510
v 12.388296 11.250000 17.692320
v 12.885029 11.250000 17.333900
v 13.371399 11.250000 16.961538
v 13.847013 11.250000 16.575533
v 14.311490 11.250000 16.176197
v 14.764456 11.250000 15.763849
v 15.205546 11.250000 15.338822
v 15.634406 11.250000 14.901457
v 16.050691 11.250000 14.452107
v 16.454066 11.250000 13.991133
v 16.844206 11.250000 13.518905
v 17.220799 11.250000 13.035803
v 18.732850 2.850000 13.362012
v 18.862132 2.850000 13.454228
v 18.496318 2.850000 13.952867
v 18.117325 2.850000 14.441565
v 17.725424 2.850000 14.919974
v 17.320894 2.850000 15.387752
v 16.904023 2.850000 15.844567
v 16.475108 2.850000 16.290092
v 16.034455 2.850000 16.724011
v 15.582377 2.850000 17.146015
v 15.119197 2.850000 17.555802
v 14.645245 2.850000 17.953080
v 14.160858 2.850000 18.337568
v 13.666381 2.850000 18.708990
v 13.162168 2.850000 19.067082
v 12.648577 2.850000 19.411589
v 12.125974 2.850000 19.742266
v 11.594731 2.850000 20.058876
v 11.055227 2.850000 20.361195
v 10.979454 2.850000 20.221638
v 11.515260 2.850000 19.921391
v 12.042861 2.850000 19.606951
v 12.561883 2.850000 19.278541
v 13.071954 2.850000 18.936395
v 13.572711 2.850000 18.580757
v 14.063798 2.850000 18.211881
v 14.544865 2.850000 17.830029
v 15.015569 2.850000 17.435473
v 15.475574 2.850000 17.028495
v 15.924553 2.850000 16.609384
v 16.362187 2.850000 16.178439
v 16.788162 2.850000 15.735967
v 17.202176 2.850000 15.282284
v 17.603933 2.850000 14.817712
v 17.993148 2.850000 14.342582
v 18.369543 2.850000 13.857234
v 10.328494 10.629917 19.022720
v 10.424349 10.003829 19.199263
v 10.512809 9.372180 19.362185
v 10.593809 8.735419 19.511369
v 10.667293 8.093998 19.646709
v 10.733208 7.448371 19.768110
v 10.791508 6.798997 19.875486
v 10.842152 6.146335 19.968759
v 10.885103 5.490851 20.047865
v 10.920331 4.833007 20.112747
v 10.947810 4.173272 20.163358
v 10.967523 3.512113 20.199664
v 11.043371 3.511898 20.339359
v 11.023784 4.172855 20.303284
v 10.996479 4.832407 20.252995
v 10.961476 5.490093 20.188528
v 10.918800 6.145452 20.109928
v 10.868480 6.798026 20.017249
v 10.810551 7.447357 19.910557
v 10.745053 8.092992 19.789927
v 10.672034 8.734477 19.655442
v 10.591544 9.371365 19.507197
v 10.503638 10.003209 19.345295
v 10.408380 10.629567 19.169851
v 18.841904 3.511898 13.439799
v 18.808485 4.172855 13.415962
v 18.761899 4.832407 13.382732
v 18.702178 5.490093 13.340134
v 18.629365 6.145452 13.288197
v 18.543509 6.798026 13.226957
v 18.444672 7.447357 13.156457
v 18.332923 8.092992 13.076747
v 18.208339 8.734477 12.987882
v 18.071009 9.371365 12.889925
v 17.921027 10.003209 12.782944
v 17.758499 10.629567 12.667015
v 18.261729 3.388164 14.227684
v 17.545785 10.750746 12.891574
v 17.852166 3.388164 14.738314
v 17.175272 10.750746 13.381227
v 17.427374 3.388164 15.238253
v 16.790076 10.750746 13.861478
v 17.209397 3.388164 15.484004
v 16.390556 10.750746 14.331674
v 16.762566 3.388164 15.966656
v 15.977111 10.750746 14.791185
v 16.301636 3.388164 16.436982
v 15.550174 10.750746 15.239400
v 15.826997 3.388164 16.894493
v 14.839738 3.388164 17.767946
v 14.327794 3.388164 18.183291
v 13.804800 3.388164 18.583467
v 13.230718 10.750746 17.291481
v 13.271290 3.388164 18.968147
v 12.733814 10.750746 17.660612
v 13.000807 3.388164 19.154549
v 12.227342 10.750746 18.014975
v 12.452825 3.388164 19.515248
v 11.711961 10.750746 18.354215
v 11.896088 3.388164 19.859527
v 11.188347 10.750746 18.678012
v 10.657189 10.750746 18.986089
v 11.331330 3.388164 20.187092
v 11.316775 3.926636 20.161162
v 11.296936 4.465038 20.125817
v 11.271805 5.002994 20.081046
v 11.241385 5.540123 20.026851
v 11.205683 6.076047 19.963248
v 11.164716 6.610385 19.890263
v 11.118507 7.142762 19.807941
v 11.067585 7.667916 19.717223
v 11.011586 8.190414 19.617457
v 10.950552 8.709899 19.508723
v 10.884534 9.226019 19.391111
v 10.813590 9.738425 19.264723
v 10.737785 10.246779 19.129674
v 11.614666 3.388164 20.025416
v 11.599747 3.926636 19.999693
v 11.579411 4.465038 19.964631
v 11.553652 5.002994 19.920219
v 11.522471 5.540123 19.866458
v 11.485876 6.076047 19.803364
v 11.443885 6.610385 19.730964
v 11.396520 7.142762 19.649301
v 11.344326 7.667916 19.559310
v 11.286926 8.190414 19.460343
v 11.224365 8.709899 19.352480
v 11.156697 9.226019 19.235810
v 11.083980 9.738425 19.110434
v 11.006279 10.246779 18.976466
v 10.923667 10.750746 18.834031
v 12.175505 3.388164 19.689459
v 12.159866 3.926636 19.664168
v 12.138548 4.465038 19.629695
v 12.111545 5.002994 19.586027
v 12.078859 5.540123 19.533169
v 12.040497 6.076047 19.471133
v 11.996478 6.610385 19.399948
v 11.946826 7.142762 19.319654
v 11.892111 7.667916 19.231173
v 11.831940 8.190414 19.133867
v 11.766359 8.709899 19.027813
v 11.695423 9.226019 18.913100
v 11.619194 9.738425 18.789828
v 11.537741 10.246779 18.658108
v 11.451140 10.750746 18.518062
v 11.272960 10.246779 18.819267
v 11.352544 9.738425 18.952125
v 11.427023 9.226019 19.076462
v 11.496331 8.709899 19.192166
v 11.560407 8.190414 19.299136
v 11.619198 7.667916 19.397282
v 11.672657 7.142762 19.486528
v 11.721169 6.610385 19.567515
v 11.764178 6.076047 19.639315
v 11.801660 5.540123 19.701887
v 11.833596 5.002994 19.755202
v 11.859979 4.465038 19.799246
v 11.880808 3.926636 19.834018
v 12.727955 3.388164 19.336931
v 12.711606 3.926636 19.312092
v 12.689321 4.465038 19.278236
v 12.661093 5.002994 19.235351
v 12.626924 5.540123 19.183438
v 12.586822 6.076047 19.122513
v 12.540805 6.610385 19.052603
v 12.488901 7.142762 18.973747
v 12.431703 7.667916 18.886849
v 12.368801 8.190414 18.791286
v 12.300244 8.709899 18.687131
v 12.226090 9.226019 18.574472
v 12.146402 9.738425 18.453407
v 12.061254 10.246779 18.324045
v 11.970723 10.750746 18.186506
v 11.800534 10.246779 18.493021
v 11.883842 9.738425 18.623576
v 11.961807 9.226019 18.745758
v 12.034359 8.709899 18.859456
v 12.101434 8.190414 18.964571
v 12.162976 7.667916 19.061016
v 12.218937 7.142762 19.148715
v 12.269720 6.610385 19.228298
v 12.314742 6.076047 19.298853
v 12.353977 5.540123 19.360340
v 12.387408 5.002994 19.412731
v 12.415026 4.465038 19.456012
v 12.436829 3.926636 19.490180
v 13.254243 3.926636 18.943782
v 13.231007 4.465038 18.910571
v 13.201574 5.002994 18.868504
v 13.165946 5.540123 18.817582
v 13.124132 6.076047 18.757818
v 13.076151 6.610385 18.689241
v 13.022031 7.142762 18.611889
v 12.962391 7.667916 18.526649
v 12.896804 8.190414 18.432908
v 12.825321 8.709899 18.330740
v 12.748001 9.226019 18.220229
v 12.664912 9.738425 18.101473
v 12.576128 10.246779 17.974578
v 12.481733 10.750746 17.839663
v 12.319813 10.246779 18.151216
v 12.406787 9.738425 18.279358
v 12.488183 9.226019 18.399282
v 12.563927 8.709899 18.510878
v 12.633953 8.190414 18.614051
v 12.698204 7.667916 18.708713
v 12.756628 7.142762 18.794791
v 12.809645 6.610385 18.872903
v 12.856648 6.076047 18.942154
v 12.897609 5.540123 19.002504
v 12.932512 5.002994 19.053927
v 12.961345 4.465038 19.096408
v 12.984108 3.926636 19.129945
v 13.787068 3.926636 18.559596
v 13.762897 4.465038 18.527059
v 13.732281 5.002994 18.485845
v 13.695220 5.540123 18.435955
v 13.651726 6.076047 18.377404
v 13.601816 6.610385 18.310218
v 13.545520 7.142762 18.234434
v 13.483483 7.667916 18.150923
v 13.415259 8.190414 18.059083
v 13.340902 8.709899 17.958986
v 13.260474 9.226019 17.850717
v 13.174045 9.738425 17.734369
v 13.081692 10.246779 17.610048
v 12.983502 10.750746 17.477869
v 12.830115 10.246779 17.794173
v 12.920692 9.738425 17.919794
v 13.005459 9.226019 18.037359
v 13.084341 8.709899 18.146760
v 13.157268 8.190414 18.247903
v 13.224179 7.667916 18.340703
v 13.285023 7.142762 18.425088
v 13.340237 6.610385 18.501664
v 13.389186 6.076047 18.569552
v 13.431845 5.540123 18.628716
v 13.468193 5.002994 18.679127
v 13.498220 4.465038 18.720772
v 13.521926 3.926636 18.753649
v 13.539317 3.388164 18.777769
v 14.309390 3.926636 18.159934
v 14.284304 4.465038 18.128098
v 14.252528 5.002994 18.087771
v 14.214063 5.540123 18.038956
v 14.168920 6.076047 17.981665
v 14.117120 6.610385 17.915926
v 14.058691 7.142762 17.841774
v 13.994304 7.667916 17.760061
v 13.923496 8.190414 17.670199
v 13.846322 8.709899 17.572258
v 13.762846 9.226019 17.466320
v 13.673142 9.738425 17.352477
v 13.577291 10.246779 17.230833
v 13.475381 10.750746 17.101501
v 13.330777 10.246779 17.422251
v 13.424888 9.738425 17.545246
v 13.512963 9.226019 17.660354
v 13.594923 8.709899 17.767468
v 13.670696 8.190414 17.866497
v 13.740219 7.667916 17.957358
v 13.803437 7.142762 18.039979
v 13.860805 6.610385 18.114954
v 13.911665 6.076047 18.181424
v 13.955988 5.540123 18.239351
v 13.993754 5.002994 18.288708
v 14.024953 4.465038 18.329483
v 14.049584 3.926636 18.361673
v 14.067654 3.388164 18.385289
v 14.820810 3.926636 17.745011
v 14.794962 4.465038 17.713790
v 14.762183 5.002994 17.674274
v 14.722476 5.540123 17.626463
v 14.675852 6.076047 17.570372
v 14.622330 6.610385 17.506025
v 14.561942 7.142762 17.433461
v 14.495380 7.667916 17.353509
v 14.422166 8.190414 17.265595
v 14.342356 8.709899 17.169790
v 14.256018 9.226019 17.066171
v 14.163227 9.738425 16.954831
v 14.064066 10.246779 16.835869
v 13.958628 10.750746 16.709396
v 13.717415 10.750746 16.907979
v 13.821155 10.246779 17.035848
v 13.918728 9.738425 17.156116
v 14.010043 9.226019 17.268670
v 14.095017 8.709899 17.373409
v 14.173578 8.190414 17.470242
v 14.245658 7.667916 17.559087
v 14.311201 7.142762 17.639876
v 14.370680 6.610385 17.713188
v 14.423410 6.076047 17.778184
v 14.469364 5.540123 17.834826
v 14.508520 5.002994 17.883089
v 14.540866 4.465038 17.922959
v 14.566403 3.926636 17.954435
v 14.585138 3.388164 17.977527
v 15.339586 3.388164 17.338248
v 15.319882 3.926636 17.315977
v 15.293025 4.465038 17.285620
v 15.259005 5.002994 17.247167
v 15.217824 5.540123 17.200621
v 15.169493 6.076047 17.145993
v 15.114035 6.610385 17.083308
v 15.051480 7.142762 17.012603
v 14.982546 7.667916 16.934687
v 14.906737 8.190414 16.849001
v 14.824113 8.709899 16.755612
v 14.734743 9.226019 16.654597
v 14.638705 9.738425 16.546046
v 14.536085 10.246779 16.430055
v 14.426978 10.750746 16.306733
v 14.193287 10.750746 16.510537
v 14.300626 10.246779 16.635400
v 14.401584 9.738425 16.752841
v 14.496067 9.226019 16.862749
v 14.583989 8.709899 16.965026
v 14.665275 8.190414 17.059583
v 14.739856 7.667916 17.146340
v 14.807673 7.142762 17.225229
v 14.869214 6.610385 17.296818
v 14.923775 6.076047 17.360286
v 14.971322 5.540123 17.415597
v 15.011836 5.002994 17.462725
v 15.045305 4.465038 17.501658
v 15.071728 3.926636 17.532395
v 15.091112 3.388164 17.554944
v 15.584948 3.388164 17.118035
v 15.564929 3.926636 17.096047
v 15.537642 4.465038 17.066075
v 15.503078 5.002994 17.028111
v 15.461238 5.540123 16.982156
v 15.412135 6.076047 16.928222
v 15.355789 6.610385 16.866333
v 15.292234 7.142762 16.796526
v 15.222197 7.667916 16.719600
v 15.145176 8.190414 16.635002
v 15.061230 8.709899 16.542799
v 14.970431 9.226019 16.443068
v 14.872856 9.738425 16.335895
v 14.768595 10.246779 16.221377
v 14.657743 10.750746 16.099621
v 16.066045 3.388164 16.667332
v 16.045408 3.926636 16.645922
v 16.017278 4.465038 16.616740
v 15.981647 5.002994 16.579775
v 15.938516 5.540123 16.535030
v 15.887896 6.076047 16.482516
v 15.829811 6.610385 16.422257
v 15.764294 7.142762 16.354288
v 15.692096 7.667916 16.279387
v 15.612697 8.190414 16.197017
v 15.526160 8.709899 16.107241
v 15.432557 9.226019 16.010136
v 15.331971 9.738425 15.905784
v 15.224491 10.246779 15.794282
v 15.110217 10.750746 15.675732
v 14.883718 10.750746 15.890946
v 14.996399 10.246779 16.011011
v 15.102389 9.738425 16.123931
v 15.201591 9.226019 16.229599
v 15.293915 8.709899 16.327922
v 15.379280 8.190414 16.418812
v 15.457616 7.667916 16.502195
v 15.528860 7.142762 16.578004
v 15.593524 6.610385 16.646785
v 15.650869 6.076047 16.707750
v 15.700859 5.540123 16.760863
v 15.743475 5.002994 16.806100
v 15.778702 4.465038 16.843450
v 15.806540 3.926636 16.872911
v 16.533832 3.388164 16.203399
v 16.512594 3.926636 16.182585
v 16.483646 4.465038 16.154215
v 16.446977 5.002994 16.118280
v 16.402590 5.540123 16.074780
v 16.350497 6.076047 16.023727
v 16.290721 6.610385 15.965146
v 16.223296 7.142762 15.899069
v 16.148995 7.667916 15.826253
v 16.067284 8.190414 15.746175
v 15.978228 8.709899 15.658898
v 15.881900 9.226019 15.564496
v 15.778384 9.738425 15.463049
v 15.667775 10.246779 15.354650
v 15.331793 10.750746 15.459087
v 15.447742 10.246779 15.575998
v 15.556798 9.738425 15.685960
v 15.658860 9.226019 15.788869
v 15.753835 8.709899 15.884633
v 15.841641 8.190414 15.973167
v 15.922204 7.667916 16.054400
v 15.995461 7.142762 16.128265
v 16.061939 6.610385 16.195295
v 16.120876 6.076047 16.254721
v 16.172237 5.540123 16.306509
v 16.216001 5.002994 16.350636
v 16.252155 4.465038 16.387090
v 16.280697 3.926636 16.415869
v 16.987775 3.388164 15.726831
v 16.965954 3.926636 15.706630
v 16.936211 4.465038 15.679095
v 16.898536 5.002994 15.644216
v 16.852930 5.540123 15.601995
v 16.799406 6.076047 15.552445
v 16.737989 6.610385 15.495586
v 16.668713 7.142762 15.431452
v 16.592372 7.667916 15.360778
v 16.508418 8.190414 15.283055
v 16.416917 8.709899 15.198346
v 16.317944 9.226019 15.106719
v 16.211586 9.738425 15.008256
v 16.097940 10.246779 14.903046
v 15.765300 10.750746 15.016742
v 15.884528 10.246779 15.130308
v 15.996668 9.738425 15.237123
v 16.101615 9.226019 15.337088
v 16.199276 8.709899 15.430111
v 16.289564 8.190414 15.516113
v 16.372405 7.667916 15.595020
v 16.447734 7.142762 15.666772
v 16.516092 6.610385 15.731884
v 16.576695 6.076047 15.789610
v 16.629509 5.540123 15.839916
v 16.674510 5.002994 15.882781
v 16.711686 4.465038 15.918191
v 16.741035 3.926636 15.946147
v 17.404989 3.926636 15.218680
v 17.374476 4.465038 15.192000
v 17.335825 5.002994 15.158204
v 17.289039 5.540123 15.117295
v 17.234131 6.076047 15.069284
v 17.171124 6.610385 15.014192
v 17.100055 7.142762 14.952050
v 17.021739 7.667916 14.883572
v 16.935613 8.190414 14.808264
v 16.841743 8.709899 14.726186
v 16.740209 9.226019 14.637406
v 16.631100 9.738425 14.542002
v 16.514512 10.246779 14.440060
v 16.185548 10.750746 14.562804
v 16.307954 10.246779 14.672938
v 16.423083 9.738425 14.776524
v 16.530828 9.226019 14.873467
v 16.631092 8.709899 14.963678
v 16.723787 8.190414 15.047080
v 16.808836 7.667916 15.123602
v 16.886173 7.142762 15.193185
v 16.956353 6.610385 15.256329
v 17.018571 6.076047 15.312309
v 17.072793 5.540123 15.361095
v 17.118994 5.002994 15.402664
v 17.157161 4.465038 15.437004
v 17.187292 3.926636 15.464114
v 17.829235 3.926636 14.719382
v 17.797979 4.465038 14.693577
v 17.758386 5.002994 14.660891
v 17.710460 5.540123 14.621324
v 17.654213 6.076047 14.574888
v 17.589670 6.610385 14.521603
v 17.516869 7.142762 14.461501
v 17.436644 7.667916 14.395269
v 17.348418 8.190414 14.322431
v 17.252261 8.709899 14.243046
v 17.148252 9.226019 14.157179
v 17.036483 9.738425 14.064905
v 16.917054 10.246779 13.966307
v 16.592083 10.750746 14.097873
v 16.717563 10.246779 14.204490
v 16.835584 9.738425 14.304769
v 16.946035 9.226019 14.398617
v 17.048817 8.709899 14.485948
v 17.143841 8.190414 14.566687
v 17.231026 7.667916 14.640767
v 17.310305 7.142762 14.708128
v 17.382248 6.610385 14.769256
v 17.446029 6.076047 14.823449
v 17.501613 5.540123 14.870677
v 17.548974 5.002994 14.910919
v 17.588100 4.465038 14.944163
v 17.618988 3.926636 14.970408
v 17.641648 3.388164 14.989662
v 18.238272 3.926636 14.209409
v 18.206298 4.465038 14.184498
v 18.165797 5.002994 14.152944
v 18.116771 5.540123 14.114748
v 18.059234 6.076047 14.069920
v 17.993211 6.610385 14.018482
v 17.918739 7.142762 13.960461
v 17.836674 7.667916 13.896524
v 17.746424 8.190414 13.826211
v 17.648060 8.709899 13.749576
v 17.541665 9.226019 13.666684
v 17.427332 9.738425 13.577607
v 17.305163 10.246779 13.482425
v 16.984488 10.750746 13.622569
v 17.112936 10.246779 13.725592
v 17.233748 9.738425 13.822490
v 17.346811 9.226019 13.913174
v 17.452024 8.709899 13.997561
v 17.549295 8.190414 14.075578
v 17.638543 7.667916 14.147160
v 17.719697 7.142762 14.212250
v 17.793341 6.610385 14.271317
v 17.858630 6.076047 14.323683
v 17.915529 5.540123 14.369319
v 17.964010 5.002994 14.408204
v 18.004061 4.465038 14.440327
v 18.035680 3.926636 14.465687
v 18.058876 3.388164 14.484292
v 18.655679 3.388164 13.707056
v 18.631715 3.926636 13.689449
v 18.599052 4.465038 13.665450
v 18.557677 5.002994 13.635051
v 18.507594 5.540123 13.598252
v 18.448815 6.076047 13.555066
v 18.381368 6.610385 13.505509
v 18.305290 7.142762 13.449612
v 18.221454 7.667916 13.388014
v 18.129257 8.190414 13.320274
v 18.028772 8.709899 13.246443
v 17.920082 9.226019 13.166584
v 17.803282 9.738425 13.080767
v 17.678477 10.246779 12.989068
v 17.362385 10.750746 13.137535
v 17.493691 10.246779 13.236889
v 17.617190 9.738425 13.330337
v 17.732770 9.226019 13.417792
v 17.840324 8.709899 13.499175
v 17.939759 8.190414 13.574414
v 18.030992 7.667916 13.643447
v 18.113952 7.142762 13.706220
v 18.189234 6.610385 13.763184
v 18.255977 6.076047 13.813685
v 18.314141 5.540123 13.857696
v 18.363701 5.002994 13.895197
v 18.404643 4.465038 13.926176
v 18.436965 3.926636 13.950633
v 18.460678 3.388164 13.968576
v 17.622200 10.629917 12.569793
v 17.785746 10.003829 12.686449
v 17.936673 9.372180 12.794104
v 18.074873 8.735419 12.892682
v 18.200250 8.093998 12.982112
v 18.312713 7.448371 13.062331
v 18.412183 6.798997 13.133282
v 18.498589 6.146335 13.194916
v 18.571871 5.490851 13.247187
v 18.631976 4.833007 13.290059
v 18.678861 4.173272 13.323502
v 18.712494 3.512113 13.347492
v 17.410643 10.751107 12.792280
v 17.042984 10.751107 13.278162
v 18.136364 3.388359 14.130013
v 16.660755 10.751107 13.754713
v 17.729614 3.388359 14.637137
v 16.264312 10.751107 14.221288
v 17.307737 3.388359 15.133645
v 15.854051 10.751107 14.677260
v 17.091257 3.388359 15.377708
v 15.430403 10.751107 15.122022
v 16.647493 3.388359 15.857047
v 14.993835 10.751107 15.554993
v 16.189728 3.388359 16.324145
v 15.718347 3.388359 16.778514
v 14.737865 3.388359 17.645972
v 13.128812 10.751107 17.158298
v 14.229435 3.388359 18.058465
v 12.635735 10.751107 17.524586
v 13.710032 3.388359 18.455893
v 12.133164 10.751107 17.876220
v 13.180185 3.388359 18.837933
v 11.621753 10.751107 18.212846
v 12.911558 3.388359 19.023056
v 11.102171 10.751107 18.534149
v 12.367338 3.388359 19.381278
v 10.575104 10.751107 18.839853
v 11.814423 3.388359 19.723194
v 18.527610 3.388359 13.612959
v 18.503492 3.927030 13.595239
v 18.470615 4.465631 13.571083
v 18.428969 5.003779 13.540484
v 18.378555 5.541088 13.503443
v 18.319388 6.077175 13.459970
v 18.251494 6.611655 13.410086
v 18.174914 7.144146 13.353819
v 18.090540 7.669285 13.291827
v 17.997755 8.191732 13.223654
v 17.896633 8.711126 13.149356
v 17.787258 9.227108 13.068994
v 17.669728 9.739328 12.982640
v 17.544150 10.247440 12.890373
v 18.333947 3.388359 13.872683
v 18.310082 3.927030 13.854625
v 18.277548 4.465631 13.830008
v 18.236338 5.003779 13.798825
v 18.186451 5.541088 13.761078
v 18.127902 6.077175 13.716776
v 18.060718 6.611655 13.665940
v 17.984938 7.144146 13.608600
v 17.901446 7.669285 13.545424
v 17.809631 8.191732 13.475951
v 17.709566 8.711126 13.400235
v 17.601335 9.227108 13.318340
v 17.485033 9.739328 13.230338
v 17.360768 10.247440 13.136311
v 17.228656 10.751107 13.036346
v 17.934904 3.388359 14.384859
v 17.911558 3.927030 14.366134
v 17.879733 4.465631 14.340609
v 17.839419 5.003779 14.308275
v 17.790618 5.541088 14.269133
v 17.733344 6.077175 14.223196
v 17.667622 6.611655 14.170483
v 17.593491 7.144146 14.111026
v 17.511817 7.669285 14.045518
v 17.422000 8.191732 13.973480
v 17.324113 8.711126 13.894968
v 17.218237 9.227108 13.810050
v 17.104467 9.739328 13.718799
v 16.982906 10.247440 13.621300
v 16.853670 10.751107 13.517645
v 17.173673 10.247440 13.379981
v 17.296599 9.739328 13.475753
v 17.411647 9.227108 13.565387
v 17.518712 8.711126 13.648801
v 17.617699 8.191732 13.725921
v 17.708524 7.669285 13.796683
v 17.791116 7.144146 13.861030
v 17.866080 6.611655 13.919434
v 17.932540 6.077175 13.971213
v 17.990457 5.541088 14.016337
v 18.039806 5.003779 14.054785
v 18.080573 4.465631 14.086546
v 18.112756 3.927030 14.111619
v 17.520541 3.388359 14.886760
v 17.497734 3.927030 14.867382
v 17.466644 4.465631 14.840965
v 17.427262 5.003779 14.807503
v 17.379588 5.541088 14.766996
v 17.323637 6.077175 14.719456
v 17.259434 6.611655 14.664904
v 17.187016 7.144146 14.603372
v 17.107228 7.669285 14.535579
v 17.019487 8.191732 14.461027
v 16.923861 8.711126 14.379776
v 16.820431 9.227108 14.291895
v 16.709289 9.739328 14.197460
v 16.590537 10.247440 14.096560
v 16.464287 10.751107 13.989288
v 16.788512 10.247440 13.860187
v 16.908682 9.739328 13.959396
v 17.021150 9.227108 14.052246
v 17.125813 8.711126 14.138654
v 17.222580 8.191732 14.218543
v 17.311369 7.669285 14.291844
v 17.392108 7.144146 14.358501
v 17.465391 6.611655 14.419001
v 17.530360 6.077175 14.472638
v 17.586979 5.541088 14.519381
v 17.635221 5.003779 14.559209
v 17.675074 4.465631 14.592110
v 17.706534 3.927030 14.618083
v 17.069009 3.927030 15.357690
v 17.038681 4.465631 15.330403
v 17.000263 5.003779 15.295837
v 16.953758 5.541088 15.253994
v 16.899178 6.077175 15.204886
v 16.836548 6.611655 15.148535
v 16.765904 7.144146 15.084974
v 16.688071 7.669285 15.014945
v 16.602480 8.191732 14.937935
v 16.509197 8.711126 14.854004
v 16.408301 9.227108 14.763225
v 16.299883 9.739328 14.665676
v 16.184040 10.247440 14.561448
v 16.060883 10.751107 14.450638
v 16.389030 10.247440 14.330339
v 16.506339 9.739328 14.432913
v 16.616131 9.227108 14.528914
v 16.718305 8.711126 14.618253
v 16.812769 8.191732 14.700851
v 16.899445 7.669285 14.776639
v 16.978263 7.144146 14.845557
v 17.049802 6.611655 14.908109
v 17.113225 6.077175 14.963566
v 17.168497 5.541088 15.011894
v 17.215591 5.003779 15.053073
v 17.254495 4.465631 15.087090
v 17.285207 3.927030 15.113945
v 16.625823 3.927030 15.836405
v 16.596282 4.465631 15.808267
v 16.558862 5.003779 15.772624
v 16.513564 5.541088 15.729477
v 16.460401 6.077175 15.678838
v 16.399397 6.611655 15.620731
v 16.330588 7.144146 15.555188
v 16.254776 7.669285 15.482976
v 16.171407 8.191732 15.403566
v 16.080546 8.711126 15.317019
v 15.982270 9.227108 15.223410
v 15.876667 9.739328 15.122820
v 15.763832 10.247440 15.015343
v 15.643872 10.751107 14.901079
v 15.975623 10.247440 14.789807
v 16.089973 9.739328 14.895670
v 16.196996 9.227108 14.994749
v 16.296592 8.711126 15.086952
v 16.388673 8.191732 15.172199
v 16.473163 7.669285 15.250417
v 16.549993 7.144146 15.321544
v 16.619727 6.611655 15.386102
v 16.681551 6.077175 15.443337
v 16.735428 5.541088 15.493215
v 16.781334 5.003779 15.535714
v 16.819257 4.465631 15.570822
v 16.849195 3.927030 15.598537
v 16.871156 3.388359 15.618869
v 16.168653 3.927030 16.302895
v 16.139925 4.465631 16.273928
v 16.103534 5.003779 16.237235
v 16.059481 5.541088 16.192817
v 16.007780 6.077175 16.140686
v 15.948454 6.611655 16.080867
v 15.881536 7.144146 16.013394
v 15.807809 7.669285 15.939055
v 15.726732 8.191732 15.857305
v 15.638370 8.711126 15.768209
v 15.542796 9.227108 15.671842
v 15.440097 9.739328 15.568290
v 15.330365 10.247440 15.457647
v 15.213704 10.751107 15.340017
v 15.548726 10.247440 15.237980
v 15.660021 9.739328 15.347051
v 15.764184 9.227108 15.449132
v 15.861118 8.711126 15.544129
v 15.950739 8.191732 15.631959
v 16.032971 7.669285 15.712547
v 16.107748 7.144146 15.785830
v 16.175619 6.611655 15.852344
v 16.235790 6.077175 15.911313
v 16.288228 5.541088 15.962703
v 16.332908 5.003779 16.006490
v 16.369817 4.465631 16.042662
v 16.398955 3.927030 16.071217
v 16.420329 3.388359 16.092164
v 15.697759 3.927030 16.756792
v 15.669741 4.465631 16.727137
v 15.634284 5.003779 16.689540
v 15.591390 5.541088 16.644002
v 15.541070 6.077175 16.590537
v 15.483348 6.611655 16.529168
v 15.418258 7.144146 16.459930
v 15.346559 7.669285 16.383633
v 15.267726 8.191732 16.299717
v 15.181821 8.711126 16.208249
v 15.088917 9.227108 16.109306
v 14.989097 9.739328 16.002975
v 14.882451 10.247440 15.889354
v 14.769080 10.751107 15.768550
v 15.108810 10.247440 15.674271
v 15.216956 9.739328 15.786465
v 15.318172 9.227108 15.891469
v 15.412364 8.711126 15.989186
v 15.499449 8.191732 16.079531
v 15.579354 7.669285 16.162426
v 15.652016 7.144146 16.237807
v 15.717966 6.611655 16.306226
v 15.776435 6.077175 16.366883
v 15.827389 5.541088 16.419744
v 15.870805 5.003779 16.464785
v 15.906670 4.465631 16.501992
v 15.934983 3.927030 16.531365
v 15.955753 3.388359 16.552913
v 15.234282 3.388359 17.219223
v 15.214451 3.927030 17.196808
v 15.187418 4.465631 17.166253
v 15.153174 5.003779 17.127548
v 15.111722 5.541088 17.080694
v 15.063072 6.077175 17.025705
v 15.007246 6.611655 16.962606
v 14.944278 7.144146 16.891434
v 14.874902 7.669285 16.813019
v 14.798610 8.191732 16.726786
v 14.715462 8.711126 16.632805
v 14.625529 9.227108 16.531154
v 14.528891 9.739328 16.421924
v 14.425634 10.247440 16.305214
v 14.315858 10.751107 16.181134
v 14.544846 10.751107 15.975618
v 14.656378 10.247440 16.098121
v 14.761286 9.739328 16.213349
v 14.859470 9.227108 16.321192
v 14.950842 8.711126 16.421552
v 15.035319 8.191732 16.514339
v 15.112832 7.669285 16.599477
v 15.183317 7.144146 16.676896
v 15.247293 6.611655 16.747165
v 15.304011 6.077175 16.809462
v 15.353439 5.541088 16.863753
v 15.395555 5.003779 16.910011
v 15.430346 4.465631 16.948225
v 15.457811 3.927030 16.978392
v 15.477960 3.388359 17.000522
v 14.987514 3.388359 17.434432
v 14.968004 3.927030 17.411737
v 14.941409 4.465631 17.380800
v 14.907720 5.003779 17.341611
v 14.866939 5.541088 17.294172
v 14.819077 6.077175 17.238496
v 14.764156 6.611655 17.174608
v 14.702208 7.144146 17.102546
v 14.633956 7.669285 17.023150
v 14.558899 8.191732 16.935840
v 14.477099 8.711126 16.840684
v 14.388622 9.227108 16.737763
v 14.293549 9.739328 16.627167
v 14.191965 10.247440 16.508999
v 14.083967 10.751107 16.383369
v 14.485012 3.388359 17.854114
v 14.466157 3.927030 17.830873
v 14.440454 4.465631 17.799191
v 14.407894 5.003779 17.759059
v 14.368481 5.541088 17.710478
v 14.322223 6.077175 17.653461
v 14.269144 6.611655 17.588036
v 14.209272 7.144146 17.514239
v 14.143309 7.669285 17.432932
v 14.070769 8.191732 17.343520
v 13.991710 8.711126 17.246074
v 13.906201 9.227108 17.140675
v 13.814315 9.739328 17.027417
v 13.716137 10.247440 16.906404
v 13.611760 10.751107 16.777750
v 13.851115 10.751107 16.580697
v 13.957203 10.247440 16.707945
v 14.056980 9.739328 16.827642
v 14.150353 9.227108 16.939677
v 14.237237 8.711126 17.043947
v 14.317554 8.191732 17.140358
v 14.391237 7.669285 17.228831
v 14.458227 7.144146 17.309294
v 14.519016 6.611655 17.382337
v 14.572894 6.077175 17.447107
v 14.619828 5.541088 17.503568
v 14.659799 5.003779 17.551692
v 14.692794 4.465631 17.591467
v 14.718813 3.927030 17.622890
v 13.971081 3.388359 18.259076
v 13.952894 3.927030 18.235308
v 13.928103 4.465631 18.202908
v 13.896699 5.003779 18.161865
v 13.858684 5.541088 18.112182
v 13.814068 6.077175 18.053873
v 13.762871 6.611655 17.986963
v 13.705124 7.144146 17.911492
v 13.641501 7.669285 17.828342
v 13.571535 8.191732 17.736901
v 13.495282 8.711126 17.637245
v 13.412806 9.227108 17.529455
v 13.324180 9.739328 17.413629
v 13.229486 10.247440 17.289871
v 13.371591 10.751107 16.969781
v 13.474126 10.247440 17.099908
v 13.570572 9.739328 17.222306
v 13.660836 9.227108 17.336860
v 13.744837 8.711126 17.443465
v 13.822501 8.191732 17.542027
v 13.893761 7.669285 17.632462
v 13.958560 7.144146 17.714699
v 14.017375 6.611655 17.789341
v 14.069519 6.077175 17.855515
v 14.114960 5.541088 17.913184
v 14.153678 5.003779 17.962321
v 14.185663 4.465631 18.002913
v 14.210912 3.927030 18.034957
v 13.446371 3.388359 18.648863
v 13.428868 3.927030 18.624587
v 13.405007 4.465631 18.591495
v 13.374783 5.003779 18.549576
v 13.338195 5.541088 18.498832
v 13.295255 6.077175 18.439278
v 13.245981 6.611655 18.370940
v 13.190403 7.144146 18.293858
v 13.129169 7.669285 18.208933
v 13.061831 8.191732 18.115541
v 12.988441 8.711126 18.013756
v 12.909063 9.227108 17.903666
v 12.823766 9.739328 17.785367
v 12.732628 10.247440 17.658967
v 12.883500 10.751107 17.343250
v 12.982293 10.247440 17.476241
v 13.075218 9.739328 17.601333
v 13.162188 9.227108 17.718408
v 13.243123 8.711126 17.827359
v 13.317951 8.191732 17.928090
v 13.386610 7.669285 18.020516
v 13.449044 7.144146 18.104563
v 13.505712 6.611655 18.180847
v 13.555952 6.077175 18.248478
v 13.599735 5.541088 18.307416
v 13.637040 5.003779 18.357634
v 13.667857 4.465631 18.399119
v 13.692185 3.927030 18.431869
v 12.894751 3.927030 18.998293
v 12.871840 4.465631 18.964537
v 12.842817 5.003779 18.921777
v 12.807685 5.541088 18.870015
v 12.766452 6.077175 18.809266
v 12.719138 6.611655 18.739557
v 12.665771 7.144146 18.660928
v 12.606972 7.669285 18.574298
v 12.542312 8.191732 18.479032
v 12.471842 8.711126 18.375206
v 12.395621 9.227108 18.262906
v 12.313716 9.739328 18.142233
v 12.226203 10.247440 18.013297
v 12.385596 10.751107 17.702257
v 12.480570 10.247440 17.838001
v 12.569904 9.739328 17.965682
v 12.653513 9.227108 18.085181
v 12.731320 8.711126 18.196388
v 12.803256 8.191732 18.299204
v 12.869262 7.669285 18.393543
v 12.929283 7.144146 18.479329
v 12.983762 6.611655 18.557193
v 13.032060 6.077175 18.626223
v 13.074150 5.541088 18.686382
v 13.110013 5.003779 18.737640
v 13.139640 4.465631 18.779983
v 13.163028 3.927030 18.813411
v 12.351239 3.927030 19.356049
v 12.329293 4.465631 19.321657
v 12.301494 5.003779 19.278092
v 12.267842 5.541088 19.225356
v 12.228348 6.077175 19.163462
v 12.183028 6.611655 19.092441
v 12.131910 7.144146 19.012331
v 12.075590 7.669285 18.924070
v 12.013655 8.191732 18.827010
v 11.946155 8.711126 18.721229
v 11.873147 9.227108 18.606815
v 11.794694 9.739328 18.483869
v 11.710870 10.247440 18.352505
v 11.878522 10.751107 18.046430
v 11.969608 10.247440 18.184812
v 12.055285 9.739328 18.314976
v 12.135470 9.227108 18.436798
v 12.210092 8.711126 18.550167
v 12.279083 8.191732 18.654982
v 12.342386 7.669285 18.751155
v 12.399951 7.144146 18.838610
v 12.452198 6.611655 18.917987
v 12.498519 6.077175 18.988360
v 12.538886 5.541088 19.049687
v 12.573281 5.003779 19.101942
v 12.601695 4.465631 19.145109
v 12.624125 3.927030 19.179186
v 12.640580 3.388359 19.204185
v 11.799044 3.927030 19.697520
v 11.778079 4.465631 19.662521
v 11.751523 5.003779 19.618188
v 11.719376 5.541088 19.564521
v 11.681647 6.077175 19.501536
v 11.638354 6.611655 19.429261
v 11.589521 7.144146 19.347739
v 11.535719 7.669285 19.257921
v 11.476553 8.191732 19.159148
v 11.412071 8.711126 19.051500
v 11.342326 9.227108 18.935068
v 11.267381 9.739328 18.809954
v 11.187304 10.247440 18.676272
v 11.362941 10.751107 18.375431
v 11.450074 10.247440 18.516337
v 11.532031 9.739328 18.648874
v 11.608736 9.227108 18.772917
v 11.680119 8.711126 18.888352
v 11.746116 8.191732 18.995078
v 11.806671 7.669285 19.093005
v 11.861737 7.144146 19.182053
v 11.911717 6.611655 19.262878
v 11.956027 6.077175 19.334534
v 11.994642 5.541088 19.396979
v 12.027545 5.003779 19.450187
v 12.054725 4.465631 19.494141
v 12.076181 3.927030 19.528839
v 12.091922 3.388359 19.554294
v 11.253542 3.388359 20.048510
v 11.238893 3.927030 20.022412
v 11.218924 4.465631 19.986837
v 11.193629 5.003779 19.941772
v 11.163008 5.541088 19.887220
v 11.127070 6.077175 19.823196
v 11.085832 6.611655 19.749729
v 11.039317 7.144146 19.666862
v 10.988069 7.669285 19.575562
v 10.931712 8.191732 19.475161
v 10.870291 8.711126 19.365738
v 10.803858 9.227108 19.247385
v 10.732471 9.739328 19.120207
v 10.656196 10.247440 18.984320
v 10.839530 10.751107 18.688967
v 10.922650 10.247440 18.832277
v 11.000832 9.739328 18.967075
v 11.074004 9.227108 19.093234
v 11.142098 8.711126 19.210639
v 11.205055 8.191732 19.319186
v 11.262821 7.669285 19.418784
v 11.315351 7.144146 19.509352
v 11.363028 6.611655 19.591556
v 11.405298 6.077175 19.664434
v 11.442134 5.541088 19.727945
v 11.473521 5.003779 19.782060
v 11.499449 4.465631 19.826764
v 11.519917 3.927030 19.862055
v 11.534932 3.388359 19.887944
vt 45.789822 21.896619 0.000000
vt 46.279552 21.536712 0.000000
vt 45.887820 22.034007 0.000000
vt 46.381407 21.671266 0.000000
vt 46.758879 21.163062 0.000000
vt 46.864508 21.294674 0.000000
vt 47.227417 20.775970 0.000000
vt 47.336736 20.904533 0.000000
vt 47.684790 20.375747 0.000000
vt 47.797710 20.501158 0.000000
vt 48.130629 19.962715 0.000000
vt 48.247061 20.084873 0.000000
vt 48.564576 19.537205 0.000000
vt 48.684425 19.656013 0.000000
vt 48.986282 19.099561 0.000000
vt 49.109452 19.214923 0.000000
vt 49.395408 18.650135 0.000000
vt 49.521800 18.761957 0.000000
vt 49.791625 18.189287 0.000000
vt 49.921137 18.297480 0.000000
vt 50.174613 17.717389 0.000000
vt 50.307142 17.821866 0.000000
vt 50.544066 17.234820 0.000000
vt 50.679504 17.335496 0.000000
vt 50.899686 16.741968 0.000000
vt 51.037924 16.838763 0.000000
vt 51.241186 16.239230 0.000000
vt 51.382113 16.332066 0.000000
vt 51.568292 15.727009 0.000000
vt 51.711796 15.815812 0.000000
vt 51.880742 15.205719 0.000000
vt 52.026706 15.290416 0.000000
vt 52.178283 14.675778 0.000000
vt 52.326590 14.756302 0.000000
vt -40.981710 33.729123 0.000000
vt -41.073926 33.858405 0.000000
vt -41.476932 33.365816 0.000000
vt -41.572566 33.492591 0.000000
vt -41.962280 32.989421 0.000000
vt -42.061264 33.113598 0.000000
vt -42.437410 32.600206 0.000000
vt -42.539672 32.721697 0.000000
vt -42.901982 32.198448 0.000000
vt -43.007450 32.317167 0.000000
vt -43.355665 31.784434 0.000000
vt -43.464265 31.900296 0.000000
vt -43.798137 31.358459 0.000000
vt -43.909791 31.471381 0.000000
vt -44.229082 30.920826 0.000000
vt -44.343710 31.030727 0.000000
vt -44.648193 30.471847 0.000000
vt -44.765713 30.578649 0.000000
vt -45.055172 30.011842 0.000000
vt -45.175500 30.115469 0.000000
vt -45.449727 29.541138 0.000000
vt -45.572779 29.641517 0.000000
vt -45.831579 29.060071 0.000000
vt -45.957266 29.157130 0.000000
vt -46.200456 28.568984 0.000000
vt -46.328688 28.662654 0.000000
vt -46.556093 28.068226 0.000000
vt -46.686780 28.158441 0.000000
vt -46.898239 27.558155 0.000000
vt -47.031287 27.644849 0.000000
vt -47.226649 27.039134 0.000000
vt -47.361964 27.122246 0.000000
vt -47.541090 26.511532 0.000000
vt -47.678574 26.591003 0.000000
vt -47.841336 25.975726 0.000000
vt -47.980893 26.051499 0.000000
vt 52.857844 0.000000 0.000000
vt 53.074089 -0.620083 0.000000
vt 53.026601 0.000000 0.000000
vt 53.241509 -0.620433 0.000000
vt 53.274977 -1.246171 0.000000
vt 53.441146 -1.246791 0.000000
vt 53.460364 -1.877820 0.000000
vt 53.625373 -1.878635 0.000000
vt 53.630120 -2.514581 0.000000
vt 53.794060 -2.515523 0.000000
vt 53.784123 -3.156002 0.000000
vt 53.947089 -3.157008 0.000000
vt 53.922264 -3.801629 0.000000
vt 54.084354 -3.802643 0.000000
vt 54.044446 -4.451003 0.000000
vt 54.205758 -4.451974 0.000000
vt 54.150582 -5.103665 0.000000
vt 54.311216 -5.104548 0.000000
vt 54.240595 -5.759149 0.000000
vt 54.400655 -5.759907 0.000000
vt 54.314424 -6.416993 0.000000
vt 54.474012 -6.417593 0.000000
vt 54.372015 -7.076728 0.000000
vt 54.531235 -7.077145 0.000000
vt 54.413326 -7.737887 0.000000
vt 54.572284 -7.738102 0.000000
vt 54.438330 -8.400000 0.000000
vt 54.597131 -8.400000 0.000000
vt -7.944276 10.353911 0.000000
vt -8.609068 10.353911 0.000000
vt -8.068504 10.030351 0.000000
vt -8.609068 9.740497 0.000000
vt -8.068504 9.706792 0.000000
vt -8.068504 9.383232 0.000000
vt -7.527940 9.383232 0.000000
vt -7.527940 9.059672 0.000000
vt -6.987376 9.059672 0.000000
vt -6.987376 8.736112 0.000000
vt -6.446812 8.736112 0.000000
vt -6.446812 8.412553 0.000000
vt -5.906248 8.412553 0.000000
vt -5.906248 8.088993 0.000000
vt -5.365684 8.088993 0.000000
vt -5.365684 7.765433 0.000000
vt -4.825120 7.765433 0.000000
vt -4.825120 7.441874 0.000000
vt -4.284556 7.441874 0.000000
vt -4.284556 7.118314 0.000000
vt -3.748986 7.118314 0.000000
vt -3.748986 6.794754 0.000000
vt -3.213417 6.794754 0.000000
vt -3.213417 6.471194 0.000000
vt -2.677847 6.471194 0.000000
vt -2.677847 6.147635 0.000000
vt -2.142278 6.147635 0.000000
vt -2.677847 5.822190 0.000000
vt -2.142278 5.822020 0.000000
vt -2.677847 5.500515 0.000000
vt -2.142278 5.500515 0.000000
vt -2.142278 5.176956 0.000000
vt -1.606708 5.176956 0.000000
vt -1.606708 4.853396 0.000000
vt -1.071139 4.853396 0.000000
vt -1.071139 4.532231 0.000000
vt -0.535569 4.532401 0.000000
vt -0.535569 4.206276 0.000000
vt -0.000000 4.532571 0.000000
vt -0.000000 3.887928 0.000000
vt -0.535569 3.882717 0.000000
vt -0.535569 3.559157 0.000000
vt -1.071139 3.882717 0.000000
vt -1.071139 3.559157 0.000000
vt -1.606708 3.882717 0.000000
vt -1.606708 3.559157 0.000000
vt -2.142278 3.882717 0.000000
vt -2.142278 3.559157 0.000000
vt -2.677847 3.882717 0.000000
vt -2.677847 3.559157 0.000000
vt -3.213417 3.882717 0.000000
vt -3.213417 3.559157 0.000000
vt -3.748986 3.882717 0.000000
vt -3.748986 3.559157 0.000000
vt -4.284556 3.882717 0.000000
vt -4.284556 3.559157 0.000000
vt -4.825120 3.882717 0.000000
vt -4.825120 3.559157 0.000000
vt -5.365684 3.882717 0.000000
vt -5.365684 3.559157 0.000000
vt -5.906248 3.882717 0.000000
vt -5.906248 3.559157 0.000000
vt -6.446812 3.882717 0.000000
vt -6.446812 3.559157 0.000000
vt -6.987376 3.882717 0.000000
vt -6.987376 3.559157 0.000000
vt -7.527940 3.882717 0.000000
vt -7.527940 3.559157 0.000000
vt -8.068504 3.882717 0.000000
vt -8.068504 3.559157 0.000000
vt -8.609068 3.660296 0.000000
vt -8.068504 3.235597 0.000000
vt -8.609068 3.052876 0.000000
vt -8.068504 2.912037 0.000000
vt -8.068504 2.588478 0.000000
vt -7.527940 2.588478 0.000000
vt -7.527940 2.264918 0.000000
vt -6.987376 2.264918 0.000000
vt -6.987376 1.941358 0.000000
vt -6.446812 1.941358 0.000000
vt -6.446812 1.617799 0.000000
vt -5.906248 1.617799 0.000000
vt -5.906248 1.294239 0.000000
vt -5.365684 1.294239 0.000000
vt -5.365684 0.970679 0.000000
vt -4.825120 0.970679 0.000000
vt -4.825120 0.647119 0.000000
vt -4.284556 0.647119 0.000000
vt -4.284556 0.323560 0.000000
vt -3.748986 0.323560 0.000000
vt -3.974228 0.000000 0.000000
vt -3.313500 0.000000 0.000000
vt -8.609068 9.128724 0.000000
vt -8.068504 9.059672 0.000000
vt -7.527940 8.736112 0.000000
vt -6.987376 8.412553 0.000000
vt -6.446812 8.088993 0.000000
vt -5.906248 7.765433 0.000000
vt -5.365684 7.441874 0.000000
vt -4.825120 7.118314 0.000000
vt -4.284556 6.794754 0.000000
vt -3.748986 6.471194 0.000000
vt -3.213417 6.147635 0.000000
vt -3.213417 5.822361 0.000000
vt -3.213417 5.500515 0.000000
vt -2.677847 5.176956 0.000000
vt -2.142278 4.853396 0.000000
vt -1.606708 4.532061 0.000000
vt -1.071139 4.206276 0.000000
vt -8.068504 8.736112 0.000000
vt -8.609068 8.518371 0.000000
vt -8.068504 8.412553 0.000000
vt -8.068504 8.088993 0.000000
vt -7.527940 8.088993 0.000000
vt -7.527940 7.765433 0.000000
vt -6.987376 7.765433 0.000000
vt -6.987376 7.441874 0.000000
vt -6.446812 7.441874 0.000000
vt -6.446812 7.118314 0.000000
vt -5.906248 7.118314 0.000000
vt -5.906248 6.794754 0.000000
vt -5.365684 6.794754 0.000000
vt -5.365684 6.471194 0.000000
vt -4.825120 6.471194 0.000000
vt -4.825120 6.147635 0.000000
vt -4.284556 6.147635 0.000000
vt -4.825120 5.822873 0.000000
vt -4.284556 5.822701 0.000000
vt -4.825120 5.500515 0.000000
vt -4.284556 5.500515 0.000000
vt -4.284556 5.176956 0.000000
vt -3.748986 5.176956 0.000000
vt -3.748986 4.853396 0.000000
vt -3.213417 4.853396 0.000000
vt -3.213417 4.531550 0.000000
vt -2.677847 4.531721 0.000000
vt -2.677847 4.206276 0.000000
vt -2.142278 4.206276 0.000000
vt -8.609068 7.909215 0.000000
vt -8.068504 7.765433 0.000000
vt -7.527940 7.441874 0.000000
vt -6.987376 7.118314 0.000000
vt -6.446812 6.794754 0.000000
vt -5.906248 6.471194 0.000000
vt -5.365684 6.147635 0.000000
vt -5.365684 5.823044 0.000000
vt -5.365684 5.500515 0.000000
vt -4.825120 5.176956 0.000000
vt -4.284556 4.853396 0.000000
vt -3.748986 4.531380 0.000000
vt -3.213417 4.206276 0.000000
vt -8.609068 7.301035 0.000000
vt -8.068504 7.441874 0.000000
vt -7.527940 7.118314 0.000000
vt -6.987376 6.794754 0.000000
vt -6.446812 6.471194 0.000000
vt -5.906248 6.147635 0.000000
vt -5.906248 5.823216 0.000000
vt -5.906248 5.500515 0.000000
vt -5.365684 5.176956 0.000000
vt -4.825120 4.853396 0.000000
vt -4.284556 4.531210 0.000000
vt -3.748986 4.206276 0.000000
vt -8.068504 7.118314 0.000000
vt -8.609068 6.693615 0.000000
vt -8.068504 6.794754 0.000000
vt -8.068504 6.471194 0.000000
vt -7.527940 6.471194 0.000000
vt -7.527940 6.147635 0.000000
vt -6.987376 6.147635 0.000000
vt -7.527940 5.823731 0.000000
vt -6.987376 5.823560 0.000000
vt -7.527940 5.500515 0.000000
vt -6.987376 5.500515 0.000000
vt -6.987376 5.176956 0.000000
vt -6.446812 5.176956 0.000000
vt -6.446812 4.853396 0.000000
vt -5.906248 4.853396 0.000000
vt -5.906248 4.530695 0.000000
vt -5.365684 4.530867 0.000000
vt -5.365684 4.206276 0.000000
vt -4.825120 4.206276 0.000000
vt -8.609068 6.086735 0.000000
vt -8.068504 6.147635 0.000000
vt -8.068504 5.823903 0.000000
vt -8.068504 5.500515 0.000000
vt -7.527940 5.176956 0.000000
vt -6.987376 4.853396 0.000000
vt -6.446812 4.530523 0.000000
vt -5.906248 4.206276 0.000000
vt -8.609068 5.480179 0.000000
vt -8.068504 5.176956 0.000000
vt -7.527940 4.853396 0.000000
vt -6.987376 4.530351 0.000000
vt -6.446812 4.206276 0.000000
vt -8.609068 4.873732 0.000000
vt -8.068504 4.853396 0.000000
vt -7.527940 4.530180 0.000000
vt -6.987376 4.206276 0.000000
vt -8.068504 4.530008 0.000000
vt -8.609068 4.267176 0.000000
vt -8.068504 4.206276 0.000000
vt -8.609068 2.444696 0.000000
vt -8.068504 2.264918 0.000000
vt -7.527940 1.941358 0.000000
vt -6.987376 1.617799 0.000000
vt -6.446812 1.294239 0.000000
vt -5.906248 0.970679 0.000000
vt -5.365684 0.647119 0.000000
vt -4.825120 0.323560 0.000000
vt -4.634840 0.000000 0.000000
vt -8.609068 1.835540 0.000000
vt -8.068504 1.941358 0.000000
vt -7.527940 1.617799 0.000000
vt -6.987376 1.294239 0.000000
vt -6.446812 0.970679 0.000000
vt -5.906248 0.647119 0.000000
vt -5.365684 0.323560 0.000000
vt -5.295569 0.000000 0.000000
vt -8.068504 1.617799 0.000000
vt -8.609068 1.225187 0.000000
vt -8.068504 1.294239 0.000000
vt -8.068504 0.970679 0.000000
vt -7.527940 0.970679 0.000000
vt -7.527940 0.647119 0.000000
vt -6.987376 0.647119 0.000000
vt -6.987376 0.323560 0.000000
vt -6.446812 0.323560 0.000000
vt -6.618298 0.000000 0.000000
vt -5.956644 0.000000 0.000000
vt -8.609068 0.613414 0.000000
vt -8.068504 0.647119 0.000000
vt -7.527940 0.323560 0.000000
vt -7.280764 0.000000 0.000000
vt -8.068504 0.323560 0.000000
vt -8.609068 0.000000 0.000000
vt -7.944276 0.000000 0.000000
vt -5.906248 0.323560 0.000000
vt -6.446812 0.647119 0.000000
vt -6.987376 0.970679 0.000000
vt -7.527940 1.294239 0.000000
vt -3.213417 0.323560 0.000000
vt -2.652425 0.000000 0.000000
vt -2.677847 0.323560 0.000000
vt -2.142278 0.323560 0.000000
vt -2.677847 0.647119 0.000000
vt -2.142278 0.647119 0.000000
vt -2.677847 0.970679 0.000000
vt -2.142278 0.970679 0.000000
vt -2.677847 1.294239 0.000000
vt -2.142278 1.294239 0.000000
vt -2.677847 1.617799 0.000000
vt -2.142278 1.617799 0.000000
vt -2.677847 1.941358 0.000000
vt -2.142278 1.941358 0.000000
vt -2.677847 2.264918 0.000000
vt -2.142278 2.264918 0.000000
vt -2.677847 2.588478 0.000000
vt -2.142278 2.588478 0.000000
vt -2.677847 2.912037 0.000000
vt -2.142278 2.912037 0.000000
vt -2.677847 3.235597 0.000000
vt -2.142278 3.235597 0.000000
vt -1.990770 0.000000 0.000000
vt -1.606708 0.323560 0.000000
vt -1.606708 0.647119 0.000000
vt -1.606708 0.970679 0.000000
vt -1.606708 1.294239 0.000000
vt -1.606708 1.617799 0.000000
vt -1.606708 1.941358 0.000000
vt -1.606708 2.264918 0.000000
vt -1.606708 2.588478 0.000000
vt -1.606708 2.912037 0.000000
vt -1.606708 3.235597 0.000000
vt -1.328304 0.000000 0.000000
vt -1.071139 0.323560 0.000000
vt -1.071139 0.647119 0.000000
vt -1.071139 0.970679 0.000000
vt -1.071139 1.294239 0.000000
vt -1.071139 1.617799 0.000000
vt -1.071139 1.941358 0.000000
vt -1.071139 2.264918 0.000000
vt -1.071139 2.588478 0.000000
vt -1.071139 2.912037 0.000000
vt -1.071139 3.235597 0.000000
vt -0.664793 0.000000 0.000000
vt -0.535569 0.323560 0.000000
vt -0.535569 0.647119 0.000000
vt -0.535569 0.970679 0.000000
vt -0.535569 1.294239 0.000000
vt -0.535569 1.617799 0.000000
vt -0.535569 1.941358 0.000000
vt -0.535569 2.264918 0.000000
vt -0.535569 2.588478 0.000000
vt -0.535569 2.912037 0.000000
vt -0.535569 3.235597 0.000000
vt -0.000000 0.000000 0.000000
vt -0.000000 0.651696 0.000000
vt -0.000000 1.301554 0.000000
vt -0.000000 1.949841 0.000000
vt -0.000000 2.596824 0.000000
vt -0.000000 3.242766 0.000000
vt -0.535569 4.853396 0.000000
vt -0.000000 5.176956 0.000000
vt -0.535569 5.176956 0.000000
vt -0.535569 5.500515 0.000000
vt -1.071139 5.500515 0.000000
vt -0.535569 5.821510 0.000000
vt -1.071139 5.821680 0.000000
vt -0.535569 6.147635 0.000000
vt -1.071139 6.147635 0.000000
vt -1.071139 6.471194 0.000000
vt -1.606708 6.471194 0.000000
vt -1.606708 6.794754 0.000000
vt -2.142278 6.794754 0.000000
vt -2.142278 7.118314 0.000000
vt -2.677847 7.118314 0.000000
vt -2.677847 7.441874 0.000000
vt -3.213417 7.441874 0.000000
vt -3.213417 7.765433 0.000000
vt -3.748986 7.765433 0.000000
vt -3.748986 8.088993 0.000000
vt -4.284556 8.088993 0.000000
vt -4.284556 8.412553 0.000000
vt -4.825120 8.412553 0.000000
vt -4.825120 8.736112 0.000000
vt -5.365684 8.736112 0.000000
vt -5.365684 9.059672 0.000000
vt -5.906248 9.059672 0.000000
vt -5.906248 9.383232 0.000000
vt -6.446812 9.383232 0.000000
vt -6.446812 9.706792 0.000000
vt -6.987376 9.706792 0.000000
vt -6.987376 10.030351 0.000000
vt -7.527940 10.030351 0.000000
vt -7.280764 10.353911 0.000000
vt -0.000000 5.821340 0.000000
vt -0.000000 6.465983 0.000000
vt -0.535569 6.471194 0.000000
vt -0.535569 6.794754 0.000000
vt -1.071139 6.794754 0.000000
vt -1.071139 7.118314 0.000000
vt -1.606708 7.118314 0.000000
vt -1.606708 7.441874 0.000000
vt -2.142278 7.441874 0.000000
vt -2.142278 7.765433 0.000000
vt -2.677847 7.765433 0.000000
vt -2.677847 8.088993 0.000000
vt -3.213417 8.088993 0.000000
vt -3.213417 8.412553 0.000000
vt -3.748986 8.412553 0.000000
vt -3.748986 8.736112 0.000000
vt -4.284556 8.736112 0.000000
vt -4.284556 9.059672 0.000000
vt -4.825120 9.059672 0.000000
vt -4.825120 9.383232 0.000000
vt -5.365684 9.383232 0.000000
vt -5.365684 9.706792 0.000000
vt -5.906248 9.706792 0.000000
vt -5.906248 10.030351 0.000000
vt -6.446812 10.030351 0.000000
vt -5.956644 10.353911 0.000000
vt -6.618298 10.353911 0.000000
vt -0.000000 7.111145 0.000000
vt -0.535569 7.118314 0.000000
vt -1.071139 7.441874 0.000000
vt -1.606708 7.765433 0.000000
vt -2.142278 8.088993 0.000000
vt -2.677847 8.412553 0.000000
vt -3.213417 8.736112 0.000000
vt -3.748986 9.059672 0.000000
vt -4.284556 9.383232 0.000000
vt -4.825120 9.706792 0.000000
vt -5.365684 10.030351 0.000000
vt -0.535569 7.441874 0.000000
vt -0.000000 7.757087 0.000000
vt -0.535569 7.765433 0.000000
vt -0.535569 8.088993 0.000000
vt -1.071139 8.088993 0.000000
vt -1.071139 8.412553 0.000000
vt -1.606708 8.412553 0.000000
vt -1.606708 8.736112 0.000000
vt -2.142278 8.736112 0.000000
vt -2.142278 9.059672 0.000000
vt -2.677847 9.059672 0.000000
vt -2.677847 9.383232 0.000000
vt -3.213417 9.383232 0.000000
vt -3.213417 9.706792 0.000000
vt -3.748986 9.706792 0.000000
vt -3.748986 10.030351 0.000000
vt -4.284556 10.030351 0.000000
vt -3.974228 10.353911 0.000000
vt -4.634840 10.353911 0.000000
vt -0.000000 8.404070 0.000000
vt -0.535569 8.412553 0.000000
vt -1.071139 8.736112 0.000000
vt -1.606708 9.059672 0.000000
vt -2.142278 9.383232 0.000000
vt -2.677847 9.706792 0.000000
vt -3.213417 10.030351 0.000000
vt -3.313500 10.353911 0.000000
vt -0.535569 8.736112 0.000000
vt -0.000000 9.052357 0.000000
vt -0.535569 9.059672 0.000000
vt -0.535569 9.383232 0.000000
vt -1.071139 9.383232 0.000000
vt -1.071139 9.706792 0.000000
vt -1.606708 9.706792 0.000000
vt -1.606708 10.030351 0.000000
vt -2.142278 10.030351 0.000000
vt -1.990770 10.353911 0.000000
vt -2.652425 10.353911 0.000000
vt -0.000000 9.702215 0.000000
vt -0.535569 9.706792 0.000000
vt -1.071139 10.030351 0.000000
vt -1.328304 10.353911 0.000000
vt -0.535569 10.030351 0.000000
vt -0.000000 10.353911 0.000000
vt -0.664793 10.353911 0.000000
vt -2.677847 10.030351 0.000000
vt -2.142278 9.706792 0.000000
vt -1.606708 9.383232 0.000000
vt -1.071139 9.059672 0.000000
vt -4.825120 10.030351 0.000000
vt -5.295569 10.353911 0.000000
vt -7.527940 9.706792 0.000000
vt -4.284556 9.706792 0.000000
vt -6.987376 9.383232 0.000000
vt -6.446812 9.059672 0.000000
vt -5.906248 8.736112 0.000000
vt -5.365684 8.412553 0.000000
vt -4.825120 8.088993 0.000000
vt -4.284556 7.765433 0.000000
vt -3.748986 7.441874 0.000000
vt -3.213417 7.118314 0.000000
vt -2.677847 6.794754 0.000000
vt -2.142278 6.471194 0.000000
vt -1.606708 6.147635 0.000000
vt -1.606708 5.821850 0.000000
vt -1.606708 5.500515 0.000000
vt -1.071139 5.176956 0.000000
vt -3.748986 9.383232 0.000000
vt -3.213417 9.059672 0.000000
vt -2.677847 8.736112 0.000000
vt -2.142278 8.412553 0.000000
vt -1.606708 8.088993 0.000000
vt -1.071139 7.765433 0.000000
vt -7.527940 8.412553 0.000000
vt -6.987376 8.088993 0.000000
vt -6.446812 7.765433 0.000000
vt -5.906248 7.441874 0.000000
vt -5.365684 7.118314 0.000000
vt -4.825120 6.794754 0.000000
vt -4.284556 6.471194 0.000000
vt -3.748986 6.147635 0.000000
vt -3.748986 5.822531 0.000000
vt -3.748986 5.500515 0.000000
vt -3.213417 5.176956 0.000000
vt -2.677847 4.853396 0.000000
vt -2.142278 4.531891 0.000000
vt -1.606708 4.206276 0.000000
vt -7.527940 6.794754 0.000000
vt -6.987376 6.471194 0.000000
vt -6.446812 6.147635 0.000000
vt -6.446812 5.823388 0.000000
vt -6.446812 5.500515 0.000000
vt -5.906248 5.176956 0.000000
vt -5.365684 4.853396 0.000000
vt -4.825120 4.531038 0.000000
vt -4.284556 4.206276 0.000000
vt -7.527940 4.206276 0.000000
vt -7.527940 3.235597 0.000000
vt -7.527940 2.912037 0.000000
vt -6.987376 3.235597 0.000000
vt -6.987376 2.912037 0.000000
vt -6.987376 2.588478 0.000000
vt -6.446812 3.235597 0.000000
vt -6.446812 2.912037 0.000000
vt -6.446812 2.588478 0.000000
vt -6.446812 2.264918 0.000000
vt -5.906248 3.235597 0.000000
vt -5.906248 2.912037 0.000000
vt -5.906248 2.588478 0.000000
vt -5.906248 2.264918 0.000000
vt -5.906248 1.941358 0.000000
vt -5.365684 3.235597 0.000000
vt -5.365684 2.912037 0.000000
vt -5.365684 2.588478 0.000000
vt -5.365684 2.264918 0.000000
vt -5.365684 1.941358 0.000000
vt -5.365684 1.617799 0.000000
vt -4.825120 3.235597 0.000000
vt -4.825120 2.912037 0.000000
vt -4.825120 2.588478 0.000000
vt -4.825120 2.264918 0.000000
vt -4.825120 1.941358 0.000000
vt -4.825120 1.617799 0.000000
vt -4.825120 1.294239 0.000000
vt -4.284556 3.235597 0.000000
vt -4.284556 2.912037 0.000000
vt -4.284556 2.588478 0.000000
vt -4.284556 2.264918 0.000000
vt -4.284556 1.941358 0.000000
vt -4.284556 1.617799 0.000000
vt -4.284556 1.294239 0.000000
vt -4.284556 0.970679 0.000000
vt -3.748986 3.235597 0.000000
vt -3.748986 2.912037 0.000000
vt -3.748986 2.588478 0.000000
vt -3.748986 2.264918 0.000000
vt -3.748986 1.941358 0.000000
vt -3.748986 1.617799 0.000000
vt -3.748986 1.294239 0.000000
vt -3.748986 0.970679 0.000000
vt -3.748986 0.647119 0.000000
vt -3.213417 3.235597 0.000000
vt -3.213417 2.912037 0.000000
vt -3.213417 2.588478 0.000000
vt -3.213417 2.264918 0.000000
vt -3.213417 1.941358 0.000000
vt -3.213417 1.617799 0.000000
vt -3.213417 1.294239 0.000000
vt -3.213417 0.970679 0.000000
vt -3.213417 0.647119 0.000000
vt 0.000000 0.647058 0.000000
vt 0.000000 0.000000 0.000000
vt 0.535689 0.321257 0.000000
vt 0.665037 0.000000 0.000000
vt 1.071379 0.321257 0.000000
vt 1.328774 0.000000 0.000000
vt 1.607068 0.321257 0.000000
vt 1.991452 0.000000 0.000000
vt 2.142757 0.321257 0.000000
vt 2.653307 0.000000 0.000000
vt 2.678446 0.321257 0.000000
vt 3.214136 0.321257 0.000000
vt 2.678446 0.642514 0.000000
vt 3.214136 0.642514 0.000000
vt 2.678446 0.963771 0.000000
vt 3.214136 0.963771 0.000000
vt 2.678446 1.285028 0.000000
vt 3.214136 1.285028 0.000000
vt 2.678446 1.606285 0.000000
vt 3.214136 1.606285 0.000000
vt 2.678446 1.927542 0.000000
vt 3.214136 1.927542 0.000000
vt 2.678446 2.248799 0.000000
vt 3.214136 2.248799 0.000000
vt 2.678446 2.570056 0.000000
vt 3.214136 2.570056 0.000000
vt 2.678446 2.891313 0.000000
vt 3.214136 2.891313 0.000000
vt 2.678446 3.212570 0.000000
vt 3.214136 3.212570 0.000000
vt 2.678446 3.533827 0.000000
vt 3.214136 3.533827 0.000000
vt 2.678446 3.855084 0.000000
vt 3.214136 3.855084 0.000000
vt 2.678446 4.176341 0.000000
vt 3.214136 4.176341 0.000000
vt 3.214136 4.499300 0.000000
vt 3.749825 4.499131 0.000000
vt 3.749825 4.818854 0.000000
vt 4.285514 4.818854 0.000000
vt 3.749825 5.140111 0.000000
vt 4.285514 5.140111 0.000000
vt 3.749825 5.461368 0.000000
vt 4.285514 5.461368 0.000000
vt 3.749825 5.781092 0.000000
vt 4.285514 5.781261 0.000000
vt 3.749825 6.103882 0.000000
vt 4.285514 6.103882 0.000000
vt 3.749825 6.425139 0.000000
vt 4.285514 6.425139 0.000000
vt 3.749825 6.746396 0.000000
vt 4.285514 6.746396 0.000000
vt 3.749825 7.067653 0.000000
vt 4.285514 7.067653 0.000000
vt 3.749825 7.388910 0.000000
vt 4.285514 7.388910 0.000000
vt 3.749825 7.710167 0.000000
vt 4.285514 7.710167 0.000000
vt 3.749825 8.031424 0.000000
vt 4.285514 8.031424 0.000000
vt 3.749825 8.352681 0.000000
vt 4.285514 8.352681 0.000000
vt 3.749825 8.673938 0.000000
vt 4.285514 8.673938 0.000000
vt 3.749825 8.995195 0.000000
vt 4.285514 8.995195 0.000000
vt 3.749825 9.316452 0.000000
vt 4.285514 9.316452 0.000000
vt 3.749825 9.637709 0.000000
vt 4.285514 9.637709 0.000000
vt 3.749825 9.958966 0.000000
vt 4.285514 9.958966 0.000000
vt 3.975490 10.280223 0.000000
vt 4.636289 10.280223 0.000000
vt 4.826297 9.958966 0.000000
vt 5.297204 10.280223 0.000000
vt 5.367080 9.958966 0.000000
vt 5.958472 10.280223 0.000000
vt 5.907863 9.958966 0.000000
vt 6.448646 9.958966 0.000000
vt 6.448646 9.637709 0.000000
vt 6.989429 9.637709 0.000000
vt 6.989429 9.316452 0.000000
vt 7.530212 9.316452 0.000000
vt 7.530212 8.995195 0.000000
vt 8.070995 8.995195 0.000000
vt 8.070995 8.673938 0.000000
vt 8.611778 9.063756 0.000000
vt 8.611778 8.457746 0.000000
vt 8.070995 8.352681 0.000000
vt 8.070995 8.031424 0.000000
vt 7.530212 8.352681 0.000000
vt 7.530212 8.031424 0.000000
vt 6.989429 8.352681 0.000000
vt 6.989429 8.031424 0.000000
vt 6.448646 8.352681 0.000000
vt 6.448646 8.031424 0.000000
vt 5.907863 8.352681 0.000000
vt 5.907863 8.031424 0.000000
vt 5.367080 8.352681 0.000000
vt 5.367080 8.031424 0.000000
vt 4.826297 8.352681 0.000000
vt 4.826297 8.031424 0.000000
vt 3.314574 0.000000 0.000000
vt 3.749825 0.321257 0.000000
vt 3.749825 0.642514 0.000000
vt 3.749825 0.963771 0.000000
vt 3.749825 1.285028 0.000000
vt 3.749825 1.606285 0.000000
vt 3.749825 1.927542 0.000000
vt 3.749825 2.248799 0.000000
vt 3.749825 2.570056 0.000000
vt 3.749825 2.891313 0.000000
vt 3.749825 3.212570 0.000000
vt 3.749825 3.533827 0.000000
vt 3.749825 3.855084 0.000000
vt 3.749825 4.176341 0.000000
vt 4.285514 4.498962 0.000000
vt 4.826297 4.818854 0.000000
vt 4.826297 5.140111 0.000000
vt 4.826297 5.461368 0.000000
vt 4.826297 5.781431 0.000000
vt 4.826297 6.103882 0.000000
vt 4.826297 6.425139 0.000000
vt 4.826297 6.746396 0.000000
vt 4.826297 7.067653 0.000000
vt 4.826297 7.388910 0.000000
vt 4.826297 7.710167 0.000000
vt 3.975490 0.000000 0.000000
vt 4.285514 0.321257 0.000000
vt 4.285514 0.642514 0.000000
vt 4.285514 0.963771 0.000000
vt 4.285514 1.285028 0.000000
vt 4.285514 1.606285 0.000000
vt 4.285514 1.927542 0.000000
vt 4.285514 2.248799 0.000000
vt 4.285514 2.570056 0.000000
vt 4.285514 2.891313 0.000000
vt 4.285514 3.212570 0.000000
vt 4.285514 3.533827 0.000000
vt 4.285514 3.855084 0.000000
vt 4.285514 4.176341 0.000000
vt 4.826297 4.498791 0.000000
vt 5.367080 4.818854 0.000000
vt 5.367080 5.140111 0.000000
vt 5.367080 5.461368 0.000000
vt 5.367080 5.781602 0.000000
vt 5.367080 6.103882 0.000000
vt 5.367080 6.425139 0.000000
vt 5.367080 6.746396 0.000000
vt 5.367080 7.067653 0.000000
vt 5.367080 7.388910 0.000000
vt 5.367080 7.710167 0.000000
vt 4.636289 0.000000 0.000000
vt 4.826297 0.321257 0.000000
vt 4.826297 0.642514 0.000000
vt 4.826297 0.963771 0.000000
vt 4.826297 1.285028 0.000000
vt 4.826297 1.606285 0.000000
vt 4.826297 1.927542 0.000000
vt 4.826297 2.248799 0.000000
vt 4.826297 2.570056 0.000000
vt 4.826297 2.891313 0.000000
vt 4.826297 3.212570 0.000000
vt 4.826297 3.533827 0.000000
vt 4.826297 3.855084 0.000000
vt 4.826297 4.176341 0.000000
vt 5.367080 4.498621 0.000000
vt 5.907863 4.818854 0.000000
vt 5.907863 5.140111 0.000000
vt 5.907863 5.461368 0.000000
vt 5.907863 5.781773 0.000000
vt 5.907863 6.103882 0.000000
vt 5.907863 6.425139 0.000000
vt 5.907863 6.746396 0.000000
vt 5.907863 7.067653 0.000000
vt 5.907863 7.388910 0.000000
vt 5.907863 7.710167 0.000000
vt 5.297204 0.000000 0.000000
vt 5.367080 0.321257 0.000000
vt 5.367080 0.642514 0.000000
vt 5.367080 0.963771 0.000000
vt 5.367080 1.285028 0.000000
vt 5.367080 1.606285 0.000000
vt 5.367080 1.927542 0.000000
vt 5.367080 2.248799 0.000000
vt 5.367080 2.570056 0.000000
vt 5.367080 2.891313 0.000000
vt 5.367080 3.212570 0.000000
vt 5.367080 3.533827 0.000000
vt 5.367080 3.855084 0.000000
vt 5.367080 4.176341 0.000000
vt 5.907863 4.498450 0.000000
vt 6.448646 4.818854 0.000000
vt 6.448646 5.140111 0.000000
vt 6.448646 5.461368 0.000000
vt 6.448646 5.781943 0.000000
vt 6.448646 6.103882 0.000000
vt 6.448646 6.425139 0.000000
vt 6.448646 6.746396 0.000000
vt 6.448646 7.067653 0.000000
vt 6.448646 7.388910 0.000000
vt 6.448646 7.710167 0.000000
vt 5.958472 0.000000 0.000000
vt 5.907863 0.321257 0.000000
vt 5.907863 0.642514 0.000000
vt 5.907863 0.963771 0.000000
vt 5.907863 1.285028 0.000000
vt 5.907863 1.606285 0.000000
vt 5.907863 1.927542 0.000000
vt 5.907863 2.248799 0.000000
vt 5.907863 2.570056 0.000000
vt 5.907863 2.891313 0.000000
vt 5.907863 3.212570 0.000000
vt 5.907863 3.533827 0.000000
vt 5.907863 3.855084 0.000000
vt 5.907863 4.176341 0.000000
vt 6.448646 4.498280 0.000000
vt 6.989429 4.818854 0.000000
vt 6.989429 5.140111 0.000000
vt 6.989429 5.461368 0.000000
vt 6.989429 5.782114 0.000000
vt 6.989429 6.103882 0.000000
vt 6.989429 6.425139 0.000000
vt 6.989429 6.746396 0.000000
vt 6.989429 7.067653 0.000000
vt 6.989429 7.388910 0.000000
vt 6.989429 7.710167 0.000000
vt 6.448646 0.321257 0.000000
vt 6.620327 0.000000 0.000000
vt 6.989429 0.321257 0.000000
vt 7.283004 0.000000 0.000000
vt 7.530212 0.321257 0.000000
vt 7.946742 0.000000 0.000000
vt 8.070995 0.321257 0.000000
vt 8.611778 0.000000 0.000000
vt 8.611778 0.609049 0.000000
vt 8.611778 1.216467 0.000000
vt 8.070995 0.963771 0.000000
vt 8.070995 0.642514 0.000000
vt 7.530212 0.642514 0.000000
vt 6.989429 0.642514 0.000000
vt 6.448646 0.642514 0.000000
vt 8.611778 1.822476 0.000000
vt 8.070995 1.606285 0.000000
vt 8.070995 1.285028 0.000000
vt 7.530212 1.285028 0.000000
vt 7.530212 0.963771 0.000000
vt 6.989429 1.285028 0.000000
vt 6.989429 0.963771 0.000000
vt 6.448646 1.285028 0.000000
vt 6.448646 0.963771 0.000000
vt 8.611778 2.427297 0.000000
vt 8.070995 2.248799 0.000000
vt 8.070995 1.927542 0.000000
vt 7.530212 1.927542 0.000000
vt 7.530212 1.606285 0.000000
vt 6.989429 1.927542 0.000000
vt 6.989429 1.606285 0.000000
vt 6.448646 1.927542 0.000000
vt 6.448646 1.606285 0.000000
vt 8.070995 2.570056 0.000000
vt 8.611778 3.031148 0.000000
vt 8.070995 2.891313 0.000000
vt 8.070995 3.212570 0.000000
vt 7.530212 3.212570 0.000000
vt 7.530212 3.533827 0.000000
vt 6.989429 3.533827 0.000000
vt 6.989429 3.855084 0.000000
vt 6.448646 3.855084 0.000000
vt 6.448646 4.176341 0.000000
vt 8.611778 3.634246 0.000000
vt 8.070995 3.533827 0.000000
vt 7.530212 3.855084 0.000000
vt 6.989429 4.176341 0.000000
vt 6.989429 4.498109 0.000000
vt 8.070995 3.855084 0.000000
vt 8.611778 4.236807 0.000000
vt 8.070995 4.176341 0.000000
vt 8.070995 4.497768 0.000000
vt 7.530212 4.176341 0.000000
vt 7.530212 4.497939 0.000000
vt 8.611778 4.839046 0.000000
vt 8.070995 4.818854 0.000000
vt 7.530212 4.818854 0.000000
vt 8.070995 5.140111 0.000000
vt 8.611778 5.441177 0.000000
vt 8.070995 5.461368 0.000000
vt 8.070995 5.782455 0.000000
vt 7.530212 5.782284 0.000000
vt 7.530212 6.103882 0.000000
vt 8.611778 6.043416 0.000000
vt 8.070995 6.103882 0.000000
vt 7.530212 6.425139 0.000000
vt 8.070995 6.425139 0.000000
vt 8.611778 6.645977 0.000000
vt 8.070995 6.746396 0.000000
vt 8.070995 7.067653 0.000000
vt 7.530212 7.067653 0.000000
vt 7.530212 7.388910 0.000000
vt 8.611778 7.249074 0.000000
vt 8.070995 7.388910 0.000000
vt 7.530212 7.710167 0.000000
vt 8.070995 7.710167 0.000000
vt 8.611778 7.852925 0.000000
vt 8.070995 9.316452 0.000000
vt 8.611778 9.671174 0.000000
vt 8.070995 9.637709 0.000000
vt 8.070995 9.958966 0.000000
vt 7.530212 9.958966 0.000000
vt 7.946742 10.280223 0.000000
vt 7.283004 10.280223 0.000000
vt 8.611778 10.280223 0.000000
vt 6.989429 9.958966 0.000000
vt 6.620327 10.280223 0.000000
vt 3.314574 10.280223 0.000000
vt 3.214136 9.958966 0.000000
vt 3.214136 9.637709 0.000000
vt 3.214136 9.316452 0.000000
vt 3.214136 8.995195 0.000000
vt 3.214136 8.673938 0.000000
vt 3.214136 8.352681 0.000000
vt 3.214136 8.031424 0.000000
vt 3.214136 7.710167 0.000000
vt 3.214136 7.388910 0.000000
vt 3.214136 7.067653 0.000000
vt 3.214136 6.746396 0.000000
vt 3.214136 6.425139 0.000000
vt 3.214136 6.103882 0.000000
vt 3.214136 5.780923 0.000000
vt 3.214136 5.461368 0.000000
vt 3.214136 5.140111 0.000000
vt 3.214136 4.818854 0.000000
vt 2.678446 4.499469 0.000000
vt 2.142757 4.176341 0.000000
vt 2.142757 3.855084 0.000000
vt 2.142757 3.533827 0.000000
vt 2.142757 3.212570 0.000000
vt 2.142757 2.891313 0.000000
vt 2.142757 2.570056 0.000000
vt 2.142757 2.248799 0.000000
vt 2.142757 1.927542 0.000000
vt 2.142757 1.606285 0.000000
vt 2.142757 1.285028 0.000000
vt 2.142757 0.963771 0.000000
vt 2.142757 0.642514 0.000000
vt 2.653307 10.280223 0.000000
vt 2.678446 9.958966 0.000000
vt 2.678446 9.637709 0.000000
vt 2.678446 9.316452 0.000000
vt 2.678446 8.995195 0.000000
vt 2.678446 8.673938 0.000000
vt 2.678446 8.352681 0.000000
vt 2.678446 8.031424 0.000000
vt 2.678446 7.710167 0.000000
vt 2.678446 7.388910 0.000000
vt 2.678446 7.067653 0.000000
vt 2.678446 6.746396 0.000000
vt 2.678446 6.425139 0.000000
vt 2.678446 6.103882 0.000000
vt 2.678446 5.780754 0.000000
vt 2.678446 5.461368 0.000000
vt 2.678446 5.140111 0.000000
vt 2.678446 4.818854 0.000000
vt 2.142757 4.499638 0.000000
vt 1.607068 4.176341 0.000000
vt 1.607068 3.855084 0.000000
vt 1.607068 3.533827 0.000000
vt 1.607068 3.212570 0.000000
vt 1.607068 2.891313 0.000000
vt 1.607068 2.570056 0.000000
vt 1.607068 2.248799 0.000000
vt 1.607068 1.927542 0.000000
vt 1.607068 1.606285 0.000000
vt 1.607068 1.285028 0.000000
vt 1.607068 0.963771 0.000000
vt 1.607068 0.642514 0.000000
vt 2.142757 9.958966 0.000000
vt 1.991452 10.280223 0.000000
vt 1.607068 9.958966 0.000000
vt 1.328774 10.280223 0.000000
vt 1.071379 9.958966 0.000000
vt 0.665037 10.280223 0.000000
vt 0.535689 9.958966 0.000000
vt 0.000000 10.280223 0.000000
vt 0.000000 9.633165 0.000000
vt 0.000000 8.987932 0.000000
vt 0.535689 9.316452 0.000000
vt 0.535689 9.637709 0.000000
vt 1.071379 9.637709 0.000000
vt 1.607068 9.637709 0.000000
vt 2.142757 9.637709 0.000000
vt 0.000000 8.344258 0.000000
vt 0.535689 8.673938 0.000000
vt 0.535689 8.995195 0.000000
vt 1.071379 8.995195 0.000000
vt 1.071379 9.316452 0.000000
vt 1.607068 8.995195 0.000000
vt 1.607068 9.316452 0.000000
vt 2.142757 8.995195 0.000000
vt 2.142757 9.316452 0.000000
vt 0.000000 7.701880 0.000000
vt 0.535689 8.031424 0.000000
vt 0.535689 8.352681 0.000000
vt 1.071379 8.352681 0.000000
vt 1.071379 8.673938 0.000000
vt 1.607068 8.352681 0.000000
vt 1.607068 8.673938 0.000000
vt 2.142757 8.352681 0.000000
vt 2.142757 8.673938 0.000000
vt 0.000000 7.060536 0.000000
vt 0.535689 7.388910 0.000000
vt 0.535689 7.710167 0.000000
vt 1.071379 7.710167 0.000000
vt 1.071379 8.031424 0.000000
vt 1.607068 7.710167 0.000000
vt 1.607068 8.031424 0.000000
vt 2.142757 7.710167 0.000000
vt 2.142757 8.031424 0.000000
vt 0.000000 6.419965 0.000000
vt 0.535689 6.746396 0.000000
vt 0.535689 7.067653 0.000000
vt 1.071379 7.067653 0.000000
vt 1.071379 7.388910 0.000000
vt 1.607068 7.067653 0.000000
vt 1.607068 7.388910 0.000000
vt 2.142757 7.067653 0.000000
vt 2.142757 7.388910 0.000000
vt 0.000000 5.779909 0.000000
vt 0.535689 6.103882 0.000000
vt 0.535689 6.425139 0.000000
vt 1.071379 6.425139 0.000000
vt 1.071379 6.746396 0.000000
vt 1.607068 6.425139 0.000000
vt 1.607068 6.746396 0.000000
vt 2.142757 6.425139 0.000000
vt 2.142757 6.746396 0.000000
vt 0.000000 5.140111 0.000000
vt 0.535689 5.461368 0.000000
vt 0.535689 5.780078 0.000000
vt 1.071379 5.780247 0.000000
vt 1.071379 6.103882 0.000000
vt 1.607068 5.780416 0.000000
vt 1.607068 6.103882 0.000000
vt 2.142757 5.780585 0.000000
vt 2.142757 6.103882 0.000000
vt 0.000000 4.500313 0.000000
vt 0.535689 4.818854 0.000000
vt 0.535689 5.140111 0.000000
vt 1.071379 5.140111 0.000000
vt 1.071379 5.461368 0.000000
vt 1.607068 5.140111 0.000000
vt 1.607068 5.461368 0.000000
vt 2.142757 5.140111 0.000000
vt 2.142757 5.461368 0.000000
vt 0.000000 3.860258 0.000000
vt 0.535689 4.176341 0.000000
vt 0.535689 4.500144 0.000000
vt 1.071379 4.818854 0.000000
vt 0.000000 3.219687 0.000000
vt 0.535689 3.533827 0.000000
vt 0.535689 3.855084 0.000000
vt 1.071379 3.855084 0.000000
vt 1.071379 4.176341 0.000000
vt 0.000000 2.578343 0.000000
vt 0.535689 2.891313 0.000000
vt 0.535689 3.212570 0.000000
vt 1.071379 3.212570 0.000000
vt 1.071379 3.533827 0.000000
vt 0.000000 1.935964 0.000000
vt 0.535689 2.248799 0.000000
vt 0.535689 2.570056 0.000000
vt 1.071379 2.570056 0.000000
vt 1.071379 2.891313 0.000000
vt 0.000000 1.292291 0.000000
vt 0.535689 1.606285 0.000000
vt 0.535689 1.927542 0.000000
vt 1.071379 1.927542 0.000000
vt 1.071379 2.248799 0.000000
vt 0.535689 0.963771 0.000000
vt 0.535689 1.285028 0.000000
vt 1.071379 1.285028 0.000000
vt 1.071379 1.606285 0.000000
vt 1.071379 0.642514 0.000000
vt 1.071379 0.963771 0.000000
vt 0.535689 0.642514 0.000000
vt 7.530212 2.248799 0.000000
vt 7.530212 2.570056 0.000000
vt 7.530212 2.891313 0.000000
vt 6.989429 2.248799 0.000000
vt 6.989429 2.570056 0.000000
vt 6.989429 2.891313 0.000000
vt 6.989429 3.212570 0.000000
vt 6.448646 2.248799 0.000000
vt 6.448646 2.570056 0.000000
vt 6.448646 2.891313 0.000000
vt 6.448646 3.212570 0.000000
vt 6.448646 3.533827 0.000000
vt 1.607068 4.499807 0.000000
vt 2.142757 4.818854 0.000000
vt 1.071379 4.499975 0.000000
vt 1.607068 4.818854 0.000000
vt 7.530212 5.140111 0.000000
vt 7.530212 5.461368 0.000000
vt 7.530212 6.746396 0.000000
vt 7.530212 8.673938 0.000000
vt 6.989429 8.673938 0.000000
vt 6.989429 8.995195 0.000000
vt 6.448646 8.673938 0.000000
vt 6.448646 8.995195 0.000000
vt 6.448646 9.316452 0.000000
vt 5.907863 8.673938 0.000000
vt 5.907863 8.995195 0.000000
vt 5.907863 9.316452 0.000000
vt 5.907863 9.637709 0.000000
vt 5.367080 8.673938 0.000000
vt 5.367080 8.995195 0.000000
vt 5.367080 9.316452 0.000000
vt 5.367080 9.637709 0.000000
vt 4.826297 8.673938 0.000000
vt 4.826297 8.995195 0.000000
vt 4.826297 9.316452 0.000000
vt 4.826297 9.637709 0.000000
vt 7.530212 9.637709 0.000000
vt -10.397884 -8.600000 0.000000
vt -10.239083 -8.600000 0.000000
vt -10.373037 -7.938102 0.000000
vt -10.214079 -7.937887 0.000000
vt -10.331987 -7.277145 0.000000
vt -10.172767 -7.276728 0.000000
vt -10.274764 -6.617593 0.000000
vt -10.115177 -6.616993 0.000000
vt -10.201408 -5.959907 0.000000
vt -10.041348 -5.959149 0.000000
vt -10.111969 -5.304548 0.000000
vt -9.951334 -5.303665 0.000000
vt -10.006511 -4.651974 0.000000
vt -9.845199 -4.651003 0.000000
vt -9.885107 -4.002643 0.000000
vt -9.723017 -4.001629 0.000000
vt -9.747842 -3.357008 0.000000
vt -9.584875 -3.356002 0.000000
vt -9.594812 -2.715523 0.000000
vt -9.430872 -2.714581 0.000000
vt -9.426125 -2.078635 0.000000
vt -9.261117 -2.077820 0.000000
vt -9.241899 -1.446791 0.000000
vt -9.075730 -1.446171 0.000000
vt -9.042262 -0.820433 0.000000
vt -8.874842 -0.820083 0.000000
vt -8.827354 -0.200000 0.000000
vt -8.658597 -0.200000 0.000000
vn 0.000000 1.000000 0.000000
vn 0.000000 1.000000 0.000000
vn 0.000000 1.000000 0.000000
vn 0.000000 1.000000 0.000000
vn 0.000000 1.000000 0.000000
vn 0.000000 1.000000 0.000000
vn 0.000000 1.000000 0.000000
vn 0.000000 1.000000 0.000000
vn 0.000000 1.000000 0.000000
vn 0.000000 1.000000 0.000000
vn 0.000000 1.000000 0.000000
vn 0.000000 1.000000 0.000000
vn 0.000000 1.000000 0.000000
vn 0.000000 1.000000 0.000000
vn 0.000000 1.000000 0.000000
vn 0.000000 1.000000 0.000000
vn 0.000000 1.000000 0.000000
vn 0.000000 1.000000 0.000000
vn 0.000000 1.000000 0.000000
vn 0.000000 1.000000 0.000000
vn 0.000000 1.000000 0.000000
vn 0.000000 1.000000 0.000000
vn 0.000000 1.000000 0.000000
vn 0.000000 1.000000 0.000000
vn 0.000000 1.000000 0.000000
vn 0.000000 1.000000 0.000000
vn 0.000000 1.000000 0.000000
vn 0.000000 1.000000 0.000000
vn 0.000000 1.000000 0.000000
vn 0.000000 1.000000 0.000000
vn 0.000000 1.000000 0.000000
vn 0.000000 1.000000 0.000000
vn 0.000000 1.000000 0.000000
vn 0.000000 1.000000 0.000000
vn 0.000000 -1.000000 0.000000
vn 0.000000 -1.000000 0.000000
vn 0.000000 -1.000000 0.000000
vn 0.000000 -1.000000 0.000000
vn 0.000000 -1.000000 0.000000
vn 0.000000 -1.000000 0.000000
vn 0.000000 -1.000000 0.000000
vn 0.000000 -1.000000 0.000000
vn 0.000000 -1.000000 0.000000
vn 0.000000 -1.000000 0.000000
vn 0.000000 -1.000000 0.000000
vn 0.000000 -1.000000 0.000000
vn 0.000000 -1.000000 0.000000
vn 0.000000 -1.000000 0.000000
vn 0.000000 -1.000000 0.000000
vn 0.000000 -1.000000 0.000000
vn 0.000000 -1.000000 0.000000
vn 0.000000 -1.000000 0.000000
vn 0.000000 -1.000000 0.000000
vn 0.000000 -1.000000 0.000000
vn 0.000000 -1.000000 0.000000
vn 0.000000 -1.000000 0.000000
vn 0.000000 -1.000000 0.000000
vn 0.000000 -1.000000 0.000000
vn 0.000000 -1.000000 0.000000
vn 0.000000 -1.000000 0.000000
vn 0.000000 -1.000000 0.000000
vn 0.000000 -1.000000 0.000000
vn 0.000000 -1.000000 0.000000
vn 0.000000 -1.000000 0.000000
vn 0.000000 -1.000000 0.000000
vn 0.000000 -1.000000 0.000000
vn 0.000000 -1.000000 0.000000
vn 0.000000 -1.000000 0.000000
vn 0.000000 -1.000000 0.000000
vn 0.000000 -1.000000 0.000000
vn -0.878817 0.000000 0.477159
vn -0.878817 0.000000 0.477159
vn -0.878817 0.000000 0.477159
vn -0.878817 0.000000 0.477159
vn -0.878817 0.000000 0.477159
vn -0.878817 0.000000 0.477159
vn -0.878817 0.000000 0.477159
vn -0.878817 0.000000 0.477159
vn -0.878817 0.000000 0.477159
vn -0.878817 0.000000 0.477159
vn -0.878817 0.000000 0.477159
vn -0.878817 0.000000 0.477159
vn -0.878817 0.000000 0.477159
vn -0.878817 0.000000 0.477159
vn -0.878817 0.000000 0.477159
vn -0.878817 0.000000 0.477159
vn -0.878817 0.000000 0.477159
vn -0.878817 0.000000 0.477159
vn -0.878817 0.000000 0.477159
vn -0.878817 0.000000 0.477159
vn -0.878817 0.000000 0.477159
vn -0.878817 0.000000 0.477159
vn -0.878817 0.000000 0.477159
vn -0.878817 0.000000 0.477159
vn -0.878817 0.000000 0.477159
vn -0.878817 0.000000 0.477159
vn -0.878817 0.000000 0.477159
vn -0.878817 0.000000 0.477159
vn 0.476568 0.049752 0.877729
vn 0.477006 0.025269 0.878536
vn 0.488977 0.045174 0.871126
vn 0.500285 0.025269 0.865492
vn 0.501203 0.045174 0.864150
vn 0.513348 0.045174 0.856991
vn 0.512782 0.065100 0.856047
vn 0.524826 0.065100 0.848716
vn 0.524037 0.085036 0.847440
vn 0.535973 0.085036 0.839942
vn 0.534949 0.104972 0.838338
vn 0.546769 0.104972 0.830677
vn 0.545501 0.124898 0.828752
vn 0.557195 0.124898 0.820935
vn 0.555673 0.144804 0.818693
vn 0.567234 0.144804 0.810726
vn 0.565449 0.164680 0.808175
vn 0.576869 0.164680 0.800064
vn 0.574812 0.184515 0.797211
vn 0.586083 0.184515 0.788962
vn 0.583768 0.204117 0.785845
vn 0.594883 0.204117 0.777464
vn 0.592283 0.223658 0.774066
vn 0.603235 0.223658 0.765561
vn 0.600343 0.243129 0.761890
vn 0.611126 0.243129 0.753269
vn 0.607933 0.262519 0.749334
vn 0.621850 0.243129 0.744440
vn 0.618607 0.262519 0.740547
vn 0.632326 0.243129 0.735562
vn 0.629023 0.262519 0.731720
vn 0.639380 0.262519 0.722688
vn 0.635763 0.281818 0.718599
vn 0.645932 0.281818 0.709472
vn 0.641995 0.301015 0.705147
vn 0.651897 0.301015 0.696003
vn 0.647629 0.320101 0.691456
vn 0.657485 0.320101 0.682092
vn 0.643098 0.339065 0.686629
vn 0.662311 0.339065 0.668116
vn 0.667126 0.320101 0.672665
vn 0.676628 0.320101 0.663106
vn 0.671517 0.301015 0.677093
vn 0.681082 0.301015 0.667471
vn 0.675636 0.281818 0.681245
vn 0.685259 0.281818 0.671564
vn 0.679480 0.262519 0.685121
vn 0.689158 0.262519 0.675385
vn 0.683048 0.243129 0.688719
vn 0.692777 0.243129 0.678932
vn 0.686339 0.223658 0.692037
vn 0.696115 0.223658 0.682203
vn 0.689352 0.204117 0.695076
vn 0.699171 0.204117 0.685198
vn 0.692086 0.184515 0.697833
vn 0.701944 0.184515 0.687916
vn 0.694563 0.164680 0.700330
vn 0.704457 0.164680 0.690378
vn 0.696756 0.144804 0.702541
vn 0.706680 0.144804 0.692557
vn 0.698663 0.124898 0.704464
vn 0.708615 0.124898 0.694453
vn 0.700287 0.104972 0.706101
vn 0.710262 0.104972 0.696067
vn 0.701627 0.085036 0.707452
vn 0.711621 0.085036 0.697399
vn 0.702684 0.065100 0.708518
vn 0.712693 0.065100 0.698449
vn 0.703459 0.045174 0.709299
vn 0.713478 0.045174 0.699219
vn 0.710861 0.025269 0.702878
vn 0.723349 0.045174 0.689003
vn 0.729368 0.025269 0.683655
vn 0.733067 0.045174 0.678654
vn 0.742631 0.045174 0.668176
vn 0.741813 0.065100 0.667440
vn 0.751209 0.065100 0.656847
vn 0.750079 0.085036 0.655859
vn 0.759301 0.085036 0.645159
vn 0.757851 0.104972 0.643927
vn 0.766895 0.104972 0.633130
vn 0.765117 0.124898 0.631662
vn 0.773976 0.124898 0.620775
vn 0.771863 0.144804 0.619080
vn 0.780533 0.144804 0.608112
vn 0.778077 0.164680 0.606199
vn 0.786554 0.164680 0.595159
vn 0.783749 0.184515 0.593036
vn 0.792027 0.184515 0.581934
vn 0.788898 0.204117 0.579634
vn 0.798344 0.195880 0.569454
vn 0.794167 0.220012 0.566474
vn 0.523207 0.025269 0.851831
vn 0.525405 0.045174 0.849652
vn 0.536780 0.065100 0.841207
vn 0.547815 0.085036 0.832267
vn 0.558490 0.104972 0.822843
vn 0.568787 0.124898 0.812946
vn 0.578690 0.144804 0.802589
vn 0.588181 0.164680 0.791785
vn 0.597243 0.184515 0.780548
vn 0.605884 0.204117 0.768922
vn 0.614070 0.223658 0.756898
vn 0.624840 0.223658 0.748032
vn 0.635373 0.223658 0.739106
vn 0.642737 0.243129 0.726483
vn 0.649607 0.262519 0.713509
vn 0.655901 0.281818 0.700266
vn 0.661812 0.301015 0.686581
vn 0.537372 0.045174 0.842134
vn 0.545756 0.025269 0.837563
vn 0.549245 0.045174 0.834440
vn 0.561019 0.045174 0.826569
vn 0.560401 0.065100 0.825659
vn 0.572060 0.065100 0.817624
vn 0.571200 0.085036 0.816394
vn 0.582736 0.085036 0.808200
vn 0.581623 0.104972 0.806657
vn 0.593028 0.104972 0.798310
vn 0.591653 0.124898 0.796459
vn 0.602918 0.124898 0.787966
vn 0.601272 0.144804 0.785814
vn 0.612391 0.144804 0.777180
vn 0.610464 0.164680 0.774735
vn 0.621429 0.164680 0.765968
vn 0.619212 0.184515 0.763237
vn 0.632311 0.164680 0.757010
vn 0.630061 0.184515 0.754305
vn 0.642987 0.164680 0.747963
vn 0.640694 0.184515 0.745296
vn 0.651243 0.184515 0.736096
vn 0.648670 0.204117 0.733188
vn 0.659045 0.204117 0.723875
vn 0.656165 0.223658 0.720711
vn 0.666307 0.223658 0.711345
vn 0.663107 0.243129 0.707939
vn 0.673177 0.243129 0.698371
vn 0.669660 0.262519 0.694723
vn 0.567916 0.025269 0.822699
vn 0.572691 0.045174 0.818526
vn 0.583614 0.065100 0.809418
vn 0.594162 0.085036 0.799837
vn 0.604319 0.104972 0.789797
vn 0.614068 0.124898 0.779308
vn 0.623390 0.144804 0.768386
vn 0.634301 0.144804 0.759404
vn 0.645016 0.144804 0.750324
vn 0.653573 0.164680 0.738730
vn 0.661659 0.184515 0.726747
vn 0.669238 0.204117 0.714463
vn 0.676420 0.223658 0.701736
vn 0.589671 0.025269 0.807248
vn 0.584257 0.045174 0.810310
vn 0.595057 0.065100 0.801042
vn 0.605476 0.085036 0.791308
vn 0.615495 0.104972 0.781119
vn 0.625097 0.124898 0.770490
vn 0.636032 0.124898 0.761488
vn 0.646782 0.124898 0.752378
vn 0.655636 0.144804 0.741062
vn 0.664027 0.164680 0.729348
vn 0.671898 0.184515 0.717292
vn 0.679390 0.204117 0.704816
vn 0.595714 0.045174 0.801926
vn 0.611007 0.025269 0.791222
vn 0.607056 0.045174 0.793374
vn 0.618282 0.045174 0.784657
vn 0.617601 0.065100 0.783793
vn 0.628694 0.065100 0.774923
vn 0.627748 0.085036 0.773758
vn 0.639674 0.065100 0.765884
vn 0.638718 0.085036 0.764728
vn 0.650504 0.065100 0.756708
vn 0.649526 0.085036 0.755570
vn 0.660220 0.085036 0.746243
vn 0.658959 0.104972 0.744818
vn 0.669500 0.104972 0.735358
vn 0.667947 0.124898 0.733653
vn 0.678299 0.124898 0.724093
vn 0.676442 0.144804 0.722121
vn 0.686686 0.144804 0.712386
vn 0.684526 0.164680 0.710145
vn 0.631907 0.025269 0.774632
vn 0.629387 0.045174 0.775778
vn 0.640374 0.045174 0.766734
vn 0.651221 0.045174 0.757542
vn 0.661214 0.065100 0.747367
vn 0.670780 0.085036 0.736765
vn 0.679881 0.104972 0.725770
vn 0.688566 0.124898 0.714337
vn 0.652357 0.025269 0.757491
vn 0.661944 0.045174 0.748191
vn 0.671791 0.065100 0.737875
vn 0.681187 0.085036 0.727154
vn 0.690166 0.104972 0.715997
vn 0.672342 0.025269 0.739809
vn 0.672532 0.045174 0.738688
vn 0.682219 0.065100 0.728244
vn 0.691487 0.085036 0.717367
vn 0.682977 0.045174 0.729042
vn 0.691848 0.025269 0.721601
vn 0.693292 0.045174 0.719239
vn 0.747355 0.025269 0.663944
vn 0.752037 0.045174 0.657571
vn 0.760445 0.065100 0.646131
vn 0.768362 0.085036 0.634341
vn 0.775775 0.104972 0.622217
vn 0.782670 0.124898 0.609777
vn 0.789036 0.144804 0.597037
vn 0.794862 0.164680 0.584016
vn 0.802030 0.171667 0.572082
vn 0.764809 0.025269 0.643761
vn 0.761284 0.045174 0.646843
vn 0.769520 0.065100 0.635297
vn 0.777259 0.085036 0.623408
vn 0.784489 0.104972 0.611194
vn 0.791197 0.124898 0.598672
vn 0.797371 0.144804 0.585860
vn 0.805225 0.147384 0.574361
vn 0.770368 0.045174 0.635997
vn 0.781719 0.025269 0.623119
vn 0.779288 0.045174 0.625035
vn 0.788042 0.045174 0.613962
vn 0.787174 0.065100 0.613286
vn 0.795749 0.065100 0.602117
vn 0.794553 0.085036 0.601211
vn 0.802946 0.085036 0.589955
vn 0.801412 0.104972 0.588829
vn 0.810145 0.098648 0.577871
vn 0.807930 0.123041 0.576291
vn 0.798072 0.025269 0.602033
vn 0.796627 0.045174 0.602781
vn 0.804155 0.065100 0.590844
vn 0.811870 0.074215 0.579102
vn 0.805042 0.045174 0.591496
vn 0.813856 0.025269 0.580518
vn 0.813107 0.049752 0.579984
vn 0.799554 0.124898 0.587464
vn 0.793035 0.104972 0.600063
vn 0.785990 0.085036 0.612363
vn 0.778430 0.065100 0.624347
vn 0.785450 0.223658 0.577101
vn 0.789499 0.244051 0.563144
vn 0.781684 0.243129 0.574334
vn 0.777600 0.262519 0.571333
vn 0.773513 0.243129 0.585291
vn 0.769472 0.262519 0.582234
vn 0.765177 0.243129 0.596148
vn 0.761180 0.262519 0.593034
vn 0.756677 0.243129 0.606900
vn 0.752725 0.262519 0.603730
vn 0.748016 0.243129 0.617544
vn 0.744109 0.262519 0.614318
vn 0.739195 0.243129 0.628075
vn 0.735334 0.262519 0.624794
vn 0.730217 0.243129 0.638492
vn 0.726402 0.262519 0.635156
vn 0.721084 0.243129 0.648789
vn 0.717317 0.262519 0.645399
vn 0.711798 0.243129 0.658963
vn 0.708079 0.262519 0.655521
vn 0.702361 0.243129 0.669012
vn 0.698692 0.262519 0.665517
vn 0.784337 0.267988 0.559462
vn 0.773201 0.281818 0.568101
vn 0.765119 0.281818 0.578940
vn 0.756874 0.281818 0.589679
vn 0.748466 0.281818 0.600314
vn 0.739899 0.281818 0.610842
vn 0.731174 0.281818 0.621260
vn 0.722293 0.281818 0.631563
vn 0.713259 0.281818 0.641748
vn 0.704073 0.281818 0.651812
vn 0.694739 0.281818 0.661752
vn 0.778682 0.291810 0.555429
vn 0.768488 0.301015 0.564638
vn 0.760455 0.301015 0.575411
vn 0.752260 0.301015 0.586084
vn 0.743904 0.301015 0.596655
vn 0.735389 0.301015 0.607119
vn 0.726717 0.301015 0.617473
vn 0.717890 0.301015 0.627713
vn 0.708911 0.301015 0.637836
vn 0.699782 0.301015 0.647839
vn 0.690504 0.301015 0.657718
vn 0.772533 0.315507 0.551043
vn 0.763463 0.320101 0.560946
vn 0.755482 0.320101 0.571648
vn 0.747341 0.320101 0.582252
vn 0.739039 0.320101 0.592753
vn 0.730580 0.320101 0.603149
vn 0.721965 0.320101 0.613435
vn 0.713196 0.320101 0.623608
vn 0.704275 0.320101 0.633665
vn 0.695205 0.320101 0.643603
vn 0.685989 0.320101 0.653417
vn 0.765890 0.339065 0.546304
vn 0.750090 0.339065 0.567803
vn 0.733686 0.339065 0.588846
vn 0.716693 0.339065 0.609414
vn 0.699123 0.339065 0.629493
vn 0.680991 0.339065 0.649066
vn 0.637796 0.320101 0.700536
vn 0.623368 0.339065 0.704590
vn 0.627755 0.320101 0.709548
vn 0.617587 0.320101 0.718416
vn 0.621652 0.301015 0.723145
vn 0.607376 0.320101 0.727069
vn 0.611369 0.301015 0.731860
vn 0.596880 0.320101 0.735710
vn 0.600809 0.301015 0.740553
vn 0.590208 0.301015 0.749029
vn 0.593828 0.281818 0.753623
vn 0.583046 0.281818 0.761995
vn 0.586364 0.262519 0.766330
vn 0.575407 0.262519 0.774590
vn 0.578429 0.243129 0.778658
vn 0.567305 0.243129 0.786799
vn 0.570039 0.223658 0.790590
vn 0.558754 0.223658 0.798606
vn 0.561207 0.204117 0.802112
vn 0.549769 0.204117 0.809994
vn 0.551950 0.184515 0.813207
vn 0.540366 0.184515 0.820950
vn 0.542300 0.164680 0.823888
vn 0.530577 0.164680 0.831486
vn 0.532252 0.144804 0.834110
vn 0.520399 0.144804 0.841556
vn 0.521824 0.124898 0.843860
vn 0.509848 0.124898 0.851149
vn 0.511033 0.104972 0.853127
vn 0.498944 0.104972 0.860253
vn 0.499898 0.085036 0.861899
vn 0.487704 0.085036 0.868858
vn 0.488438 0.065100 0.870167
vn 0.475843 0.074215 0.876394
vn 0.603137 0.339065 0.721984
vn 0.582421 0.339065 0.738797
vn 0.586349 0.320101 0.744131
vn 0.575703 0.320101 0.752397
vn 0.579492 0.301015 0.757350
vn 0.568664 0.301015 0.765513
vn 0.572152 0.281818 0.770208
vn 0.561149 0.281818 0.778261
vn 0.564342 0.262519 0.782689
vn 0.553170 0.262519 0.790624
vn 0.556075 0.243129 0.794776
vn 0.544741 0.243129 0.802587
vn 0.547366 0.223658 0.806454
vn 0.535878 0.223658 0.814132
vn 0.538231 0.204117 0.817706
vn 0.526596 0.204117 0.825247
vn 0.528685 0.184515 0.828520
vn 0.516911 0.184515 0.835917
vn 0.518761 0.164680 0.838908
vn 0.506856 0.164680 0.846154
vn 0.508456 0.144804 0.848825
vn 0.496428 0.144804 0.855915
vn 0.497787 0.124898 0.858259
vn 0.485644 0.124898 0.865188
vn 0.486772 0.104972 0.867199
vn 0.473533 0.123041 0.872140
vn 0.474831 0.098648 0.874531
vn 0.561236 0.339065 0.755016
vn 0.564946 0.320101 0.760507
vn 0.557728 0.301015 0.773517
vn 0.550040 0.281818 0.786152
vn 0.541896 0.262519 0.798394
vn 0.533309 0.243129 0.810229
vn 0.524295 0.223658 0.821640
vn 0.514869 0.204117 0.832614
vn 0.505049 0.184515 0.843137
vn 0.494866 0.164680 0.853222
vn 0.484318 0.144804 0.862826
vn 0.554081 0.320101 0.768459
vn 0.539599 0.339065 0.770628
vn 0.543113 0.320101 0.776250
vn 0.532043 0.320101 0.783878
vn 0.535545 0.301015 0.789038
vn 0.524306 0.301015 0.796551
vn 0.527521 0.281818 0.801436
vn 0.516118 0.281818 0.808827
vn 0.519055 0.262519 0.813429
vn 0.507496 0.262519 0.820690
vn 0.510161 0.243129 0.825000
vn 0.498453 0.243129 0.832126
vn 0.500855 0.223658 0.836135
vn 0.489006 0.223658 0.843119
vn 0.491153 0.204117 0.846821
vn 0.479171 0.204117 0.853657
vn 0.481072 0.184515 0.857044
vn 0.467915 0.195880 0.861793
vn 0.470075 0.171667 0.865771
vn 0.517529 0.339065 0.785620
vn 0.520877 0.320101 0.791342
vn 0.512972 0.301015 0.803896
vn 0.504625 0.281818 0.816047
vn 0.495849 0.262519 0.827779
vn 0.486661 0.243129 0.839076
vn 0.477077 0.223658 0.849926
vn 0.465467 0.220012 0.857284
vn 0.509618 0.320101 0.798639
vn 0.495042 0.339065 0.799980
vn 0.498269 0.320101 0.805769
vn 0.486834 0.320101 0.812729
vn 0.490038 0.301015 0.818078
vn 0.478446 0.301015 0.824912
vn 0.481380 0.281818 0.829971
vn 0.469637 0.281818 0.836672
vn 0.472309 0.262519 0.841432
vn 0.459705 0.267988 0.846672
vn 0.462731 0.244051 0.852244
vn 0.472158 0.339065 0.813696
vn 0.475317 0.320101 0.819518
vn 0.466774 0.301015 0.831572
vn 0.456391 0.291810 0.840568
vn 0.463722 0.320101 0.826134
vn 0.448893 0.339065 0.826758
vn 0.452787 0.315507 0.833930
vn 0.474789 0.243129 0.845851
vn 0.484119 0.262519 0.834693
vn 0.493044 0.281818 0.823096
vn 0.501549 0.301015 0.811073
vn 0.482794 0.164680 0.860111
vn 0.471948 0.147384 0.869220
vn 0.500651 0.065100 0.863198
vn 0.493101 0.184515 0.850180
vn 0.512011 0.085036 0.854759
vn 0.523036 0.104972 0.845821
vn 0.533709 0.124898 0.836394
vn 0.544011 0.144804 0.826489
vn 0.553925 0.164680 0.816117
vn 0.563433 0.184515 0.805293
vn 0.572541 0.204117 0.794061
vn 0.581216 0.223658 0.782410
vn 0.589443 0.243129 0.770354
vn 0.597207 0.262519 0.757910
vn 0.604494 0.281818 0.745095
vn 0.615113 0.281818 0.736353
vn 0.625465 0.281818 0.727580
vn 0.631887 0.301015 0.714219
vn 0.503053 0.204117 0.839806
vn 0.512619 0.223658 0.828975
vn 0.521781 0.243129 0.817700
vn 0.530523 0.262519 0.805996
vn 0.538830 0.281818 0.793877
vn 0.546688 0.301015 0.781359
vn 0.548640 0.065100 0.833520
vn 0.559558 0.085036 0.824417
vn 0.570109 0.104972 0.814835
vn 0.580275 0.124898 0.804787
vn 0.590037 0.144804 0.794284
vn 0.599380 0.164680 0.783341
vn 0.608287 0.184515 0.771972
vn 0.616766 0.204117 0.760221
vn 0.627578 0.204117 0.751320
vn 0.638162 0.204117 0.742351
vn 0.645834 0.223658 0.729983
vn 0.653018 0.243129 0.717256
vn 0.659638 0.262519 0.704246
vn 0.665871 0.281818 0.690792
vn 0.606388 0.065100 0.792500
vn 0.616672 0.085036 0.782614
vn 0.626550 0.104972 0.772280
vn 0.637504 0.104972 0.763262
vn 0.648285 0.104972 0.754127
vn 0.657431 0.124898 0.743091
vn 0.666123 0.144804 0.731650
vn 0.674308 0.164680 0.719854
vn 0.682084 0.184515 0.707612
vn 0.692529 0.065100 0.718447
vn 0.722552 0.065100 0.688244
vn 0.732260 0.065100 0.677907
vn 0.721465 0.085036 0.687209
vn 0.731159 0.085036 0.676887
vn 0.740697 0.085036 0.666436
vn 0.720088 0.104972 0.685897
vn 0.729762 0.104972 0.675595
vn 0.739283 0.104972 0.665163
vn 0.748647 0.104972 0.654606
vn 0.718418 0.124898 0.684307
vn 0.728070 0.124898 0.674028
vn 0.737569 0.124898 0.663621
vn 0.746911 0.124898 0.653089
vn 0.756094 0.124898 0.642434
vn 0.716457 0.144804 0.682438
vn 0.726082 0.144804 0.672188
vn 0.735555 0.144804 0.661809
vn 0.744871 0.144804 0.651305
vn 0.754030 0.144804 0.640680
vn 0.763028 0.144804 0.629937
vn 0.714202 0.164680 0.680291
vn 0.723798 0.164680 0.670073
vn 0.733240 0.164680 0.659727
vn 0.742528 0.164680 0.649256
vn 0.751657 0.164680 0.638664
vn 0.760627 0.164680 0.627955
vn 0.769434 0.164680 0.617132
vn 0.711655 0.184515 0.677865
vn 0.721217 0.184515 0.667683
vn 0.730626 0.184515 0.657374
vn 0.739880 0.184515 0.646941
vn 0.748977 0.184515 0.636387
vn 0.757914 0.184515 0.625716
vn 0.766690 0.184515 0.614931
vn 0.775302 0.184515 0.604037
vn 0.708844 0.204117 0.675187
vn 0.718367 0.204117 0.665045
vn 0.727739 0.204117 0.654777
vn 0.736956 0.204117 0.644385
vn 0.746018 0.204117 0.633872
vn 0.754920 0.204117 0.623243
vn 0.763661 0.204117 0.612502
vn 0.772239 0.204117 0.601650
vn 0.780652 0.204117 0.590693
vn 0.705745 0.223658 0.672236
vn 0.715227 0.223658 0.662138
vn 0.724558 0.223658 0.651915
vn 0.733735 0.223658 0.641568
vn 0.742757 0.223658 0.631102
vn 0.751620 0.223658 0.620519
vn 0.760323 0.223658 0.609824
vn 0.768864 0.223658 0.599021
vn 0.777240 0.223658 0.588111
vn -0.749498 -0.341117 -0.567355
vn -0.765286 -0.341117 -0.545873
vn -0.762931 -0.322045 -0.560556
vn -0.772013 -0.317421 -0.550672
vn -0.768020 -0.302850 -0.564294
vn -0.778240 -0.293585 -0.555113
vn -0.772792 -0.283541 -0.567800
vn -0.783966 -0.269622 -0.559197
vn -0.777246 -0.264129 -0.571073
vn -0.789192 -0.245542 -0.562925
vn -0.781381 -0.244624 -0.574111
vn -0.785194 -0.225038 -0.576913
vn -0.773213 -0.244624 -0.585064
vn -0.776987 -0.225038 -0.587920
vn -0.764880 -0.244624 -0.595917
vn -0.768613 -0.225038 -0.598825
vn -0.756384 -0.244624 -0.606665
vn -0.760075 -0.225038 -0.609626
vn -0.747726 -0.244624 -0.617304
vn -0.751375 -0.225038 -0.620317
vn -0.738909 -0.244624 -0.627832
vn -0.742515 -0.225038 -0.630896
vn -0.729934 -0.244624 -0.638244
vn -0.733496 -0.225038 -0.641359
vn -0.720804 -0.244624 -0.648537
vn -0.724322 -0.225038 -0.651702
vn -0.711522 -0.244624 -0.658708
vn -0.714994 -0.225038 -0.661923
vn -0.702089 -0.244624 -0.668753
vn -0.705515 -0.225038 -0.672016
vn -0.692508 -0.244624 -0.678669
vn -0.695888 -0.225038 -0.681981
vn -0.682783 -0.244624 -0.688452
vn -0.686115 -0.225038 -0.691812
vn -0.672916 -0.244624 -0.698100
vn -0.676200 -0.225038 -0.701507
vn -0.666090 -0.225038 -0.711113
vn -0.669057 -0.205379 -0.714270
vn -0.658868 -0.205379 -0.723680
vn -0.661514 -0.185660 -0.726587
vn -0.648495 -0.205379 -0.732990
vn -0.651100 -0.185660 -0.735934
vn -0.637990 -0.205379 -0.742151
vn -0.640553 -0.185660 -0.745132
vn -0.627408 -0.205379 -0.751118
vn -0.629923 -0.185660 -0.754140
vn -0.616600 -0.205379 -0.760016
vn -0.619077 -0.185660 -0.763069
vn -0.605720 -0.205379 -0.768715
vn -0.608154 -0.185660 -0.771803
vn -0.594723 -0.205379 -0.777254
vn -0.597112 -0.185660 -0.780377
vn -0.583610 -0.205379 -0.785633
vn -0.585955 -0.185660 -0.788789
vn -0.572387 -0.205379 -0.793847
vn -0.574686 -0.185660 -0.797036
vn -0.561056 -0.205379 -0.801895
vn -0.563310 -0.185660 -0.805117
vn -0.549621 -0.205379 -0.809776
vn -0.551829 -0.185660 -0.813029
vn -0.538086 -0.205379 -0.817486
vn -0.540247 -0.185660 -0.820770
vn -0.526454 -0.205379 -0.825024
vn -0.528569 -0.185660 -0.828339
vn -0.514730 -0.205379 -0.832389
vn -0.516798 -0.185660 -0.835733
vn -0.502918 -0.205379 -0.839579
vn -0.504938 -0.185660 -0.842952
vn -0.491020 -0.205379 -0.846592
vn -0.492993 -0.185660 -0.849993
vn -0.479042 -0.205379 -0.853427
vn -0.480967 -0.185660 -0.856856
vn -0.467801 -0.197079 -0.861581
vn -0.469988 -0.172719 -0.865610
vn -0.482710 -0.165701 -0.859962
vn -0.471883 -0.148287 -0.869101
vn -0.484253 -0.145701 -0.862711
vn -0.473488 -0.123794 -0.872057
vn -0.485596 -0.125670 -0.865103
vn -0.486739 -0.105619 -0.867139
vn -0.498909 -0.105619 -0.860194
vn -0.499876 -0.085557 -0.861861
vn -0.511988 -0.085557 -0.854721
vn -0.512769 -0.065497 -0.856025
vn -0.524813 -0.065497 -0.848694
vn -0.525399 -0.045447 -0.849642
vn -0.537366 -0.045447 -0.842124
vn -0.523205 -0.025418 -0.851828
vn -0.545754 -0.025418 -0.837560
vn -0.549238 -0.045447 -0.834429
vn -0.561012 -0.045447 -0.826559
vn -0.548626 -0.065497 -0.833499
vn -0.560387 -0.065497 -0.825637
vn -0.547790 -0.085557 -0.832229
vn -0.559533 -0.085557 -0.824380
vn -0.546731 -0.105619 -0.830620
vn -0.558451 -0.105619 -0.822786
vn -0.545447 -0.125670 -0.828670
vn -0.557140 -0.125670 -0.820854
vn -0.543939 -0.145701 -0.826379
vn -0.555600 -0.145701 -0.818584
vn -0.542206 -0.165701 -0.823745
vn -0.553829 -0.165701 -0.815976
vn -0.793920 -0.221357 -0.566297
vn -0.788685 -0.205379 -0.579478
vn -0.780442 -0.205379 -0.590534
vn -0.772031 -0.205379 -0.601488
vn -0.763455 -0.205379 -0.612336
vn -0.754716 -0.205379 -0.623075
vn -0.745816 -0.205379 -0.633701
vn -0.736758 -0.205379 -0.644211
vn -0.727543 -0.205379 -0.654600
vn -0.718173 -0.205379 -0.664866
vn -0.708652 -0.205379 -0.675005
vn -0.698982 -0.205379 -0.685013
vn -0.689166 -0.205379 -0.694888
vn -0.679206 -0.205379 -0.704626
vn -0.671750 -0.185660 -0.717134
vn -0.663912 -0.165701 -0.729221
vn -0.653460 -0.165701 -0.738602
vn -0.642875 -0.165701 -0.747833
vn -0.632201 -0.165701 -0.756879
vn -0.621321 -0.165701 -0.765835
vn -0.610358 -0.165701 -0.774601
vn -0.599276 -0.165701 -0.783206
vn -0.588079 -0.165701 -0.791648
vn -0.576769 -0.165701 -0.799925
vn -0.565351 -0.165701 -0.808035
vn -0.798149 -0.197079 -0.569314
vn -0.791854 -0.185660 -0.581806
vn -0.783577 -0.185660 -0.592906
vn -0.775132 -0.185660 -0.603904
vn -0.766522 -0.185660 -0.614796
vn -0.757748 -0.185660 -0.625578
vn -0.748813 -0.185660 -0.636247
vn -0.739717 -0.185660 -0.646799
vn -0.730465 -0.185660 -0.657230
vn -0.721058 -0.185660 -0.667537
vn -0.711499 -0.185660 -0.677716
vn -0.701790 -0.185660 -0.687765
vn -0.691935 -0.185660 -0.697680
vn -0.681935 -0.185660 -0.707457
vn -0.674191 -0.165701 -0.719729
vn -0.666035 -0.145701 -0.731552
vn -0.655549 -0.145701 -0.740963
vn -0.644930 -0.145701 -0.750224
vn -0.634216 -0.145701 -0.759303
vn -0.623307 -0.145701 -0.768284
vn -0.612309 -0.145701 -0.777077
vn -0.601192 -0.145701 -0.785710
vn -0.589959 -0.145701 -0.794179
vn -0.578613 -0.145701 -0.802482
vn -0.567159 -0.145701 -0.810618
vn -0.801880 -0.172719 -0.571976
vn -0.794724 -0.165701 -0.583915
vn -0.786417 -0.165701 -0.595056
vn -0.777942 -0.165701 -0.606093
vn -0.769301 -0.165701 -0.617025
vn -0.760495 -0.165701 -0.627846
vn -0.751527 -0.165701 -0.638553
vn -0.742399 -0.165701 -0.649143
vn -0.733113 -0.165701 -0.659612
vn -0.723672 -0.165701 -0.669957
vn -0.714078 -0.165701 -0.680173
vn -0.704334 -0.165701 -0.690258
vn -0.694443 -0.165701 -0.700209
vn -0.684407 -0.165701 -0.710021
vn -0.676352 -0.145701 -0.722025
vn -0.667882 -0.125670 -0.733581
vn -0.657367 -0.125670 -0.743018
vn -0.646719 -0.125670 -0.752304
vn -0.635969 -0.125670 -0.761413
vn -0.625036 -0.125670 -0.770414
vn -0.614007 -0.125670 -0.779232
vn -0.602859 -0.125670 -0.787888
vn -0.591595 -0.125670 -0.796381
vn -0.580218 -0.125670 -0.804708
vn -0.568732 -0.125670 -0.812866
vn -0.805115 -0.148287 -0.574283
vn -0.797265 -0.145701 -0.585782
vn -0.788931 -0.145701 -0.596958
vn -0.780429 -0.145701 -0.608031
vn -0.771760 -0.145701 -0.618997
vn -0.762926 -0.145701 -0.629853
vn -0.753929 -0.145701 -0.640595
vn -0.744772 -0.145701 -0.651219
vn -0.735457 -0.145701 -0.661721
vn -0.725986 -0.145701 -0.672098
vn -0.716361 -0.145701 -0.682347
vn -0.706586 -0.145701 -0.692465
vn -0.696663 -0.145701 -0.702447
vn -0.686595 -0.145701 -0.712291
vn -0.678233 -0.125670 -0.724022
vn -0.669453 -0.105619 -0.735307
vn -0.658914 -0.105619 -0.744767
vn -0.648241 -0.105619 -0.754075
vn -0.637460 -0.105619 -0.763210
vn -0.626506 -0.105619 -0.772227
vn -0.615452 -0.105619 -0.781066
vn -0.604278 -0.105619 -0.789742
vn -0.592987 -0.105619 -0.798255
vn -0.581583 -0.105619 -0.806601
vn -0.570070 -0.105619 -0.814779
vn -0.807853 -0.123794 -0.576236
vn -0.799476 -0.125670 -0.587406
vn -0.791119 -0.125670 -0.598613
vn -0.782593 -0.125670 -0.609717
vn -0.773900 -0.125670 -0.620714
vn -0.765042 -0.125670 -0.631600
vn -0.756020 -0.125670 -0.642371
vn -0.746838 -0.125670 -0.653024
vn -0.737496 -0.125670 -0.663556
vn -0.727999 -0.125670 -0.673962
vn -0.718348 -0.125670 -0.684240
vn -0.708545 -0.125670 -0.694385
vn -0.698595 -0.125670 -0.704395
vn -0.688499 -0.125670 -0.714266
vn -0.679834 -0.105619 -0.725720
vn -0.670750 -0.085557 -0.736732
vn -0.660190 -0.085557 -0.746209
vn -0.649496 -0.085557 -0.755536
vn -0.638689 -0.085557 -0.764693
vn -0.627720 -0.085557 -0.773723
vn -0.616645 -0.085557 -0.782579
vn -0.605449 -0.085557 -0.791272
vn -0.594136 -0.085557 -0.799802
vn -0.582710 -0.085557 -0.808164
vn -0.571174 -0.085557 -0.816358
vn -0.801357 -0.105619 -0.588788
vn -0.810096 -0.099250 -0.577836
vn -0.802910 -0.085557 -0.589929
vn -0.811843 -0.074666 -0.579082
vn -0.804134 -0.065497 -0.590829
vn -0.813095 -0.050052 -0.579975
vn -0.805032 -0.045447 -0.591488
vn -0.813852 -0.025418 -0.580515
vn -0.798069 -0.025418 -0.602030
vn -0.781716 -0.025418 -0.623116
vn -0.788032 -0.045447 -0.613954
vn -0.796617 -0.045447 -0.602773
vn -0.795729 -0.065497 -0.602101
vn -0.794517 -0.085557 -0.601184
vn -0.792981 -0.105619 -0.600022
vn -0.764806 -0.025418 -0.643758
vn -0.770359 -0.045447 -0.635989
vn -0.779279 -0.045447 -0.625028
vn -0.778410 -0.065497 -0.624331
vn -0.787153 -0.065497 -0.613270
vn -0.777224 -0.085557 -0.623380
vn -0.785955 -0.085557 -0.612336
vn -0.775721 -0.105619 -0.622175
vn -0.784435 -0.105619 -0.611152
vn -0.747352 -0.025418 -0.663942
vn -0.752028 -0.045447 -0.657563
vn -0.761274 -0.045447 -0.646835
vn -0.760425 -0.065497 -0.646114
vn -0.769499 -0.065497 -0.635280
vn -0.759267 -0.085557 -0.645130
vn -0.768328 -0.085557 -0.634313
vn -0.757799 -0.105619 -0.643883
vn -0.766842 -0.105619 -0.633086
vn -0.742622 -0.045447 -0.668167
vn -0.729365 -0.025418 -0.683652
vn -0.733058 -0.045447 -0.678646
vn -0.723340 -0.045447 -0.688995
vn -0.722533 -0.065497 -0.688226
vn -0.712674 -0.065497 -0.698431
vn -0.711589 -0.085557 -0.697367
vn -0.701595 -0.085557 -0.707421
vn -0.700239 -0.105619 -0.706053
vn -0.690119 -0.105619 -0.715947
vn -0.710859 -0.025418 -0.702876
vn -0.713470 -0.045447 -0.699211
vn -0.702665 -0.065497 -0.708499
vn -0.691456 -0.085557 -0.717334
vn -0.681157 -0.085557 -0.727121
vn -0.703450 -0.045447 -0.709290
vn -0.691845 -0.025418 -0.721598
vn -0.693284 -0.045447 -0.719230
vn -0.682968 -0.045447 -0.729033
vn -0.692511 -0.065497 -0.718428
vn -0.682201 -0.065497 -0.728225
vn -0.672339 -0.025418 -0.739806
vn -0.672523 -0.045447 -0.738679
vn -0.671773 -0.065497 -0.737855
vn -0.661935 -0.045447 -0.748182
vn -0.652354 -0.025418 -0.757488
vn -0.651213 -0.045447 -0.757533
vn -0.640366 -0.045447 -0.766724
vn -0.639658 -0.065497 -0.765864
vn -0.628678 -0.065497 -0.774903
vn -0.631905 -0.025418 -0.774629
vn -0.629379 -0.045447 -0.775768
vn -0.617585 -0.065497 -0.783772
vn -0.618274 -0.045447 -0.784647
vn -0.611005 -0.025418 -0.791219
vn -0.607049 -0.045447 -0.793364
vn -0.595706 -0.045447 -0.801916
vn -0.595042 -0.065497 -0.801021
vn -0.583598 -0.065497 -0.809397
vn -0.589669 -0.025418 -0.807245
vn -0.584250 -0.045447 -0.810300
vn -0.572045 -0.065497 -0.817603
vn -0.572684 -0.045447 -0.818515
vn -0.567914 -0.025418 -0.822696
vn -0.513341 -0.045447 -0.856980
vn -0.500283 -0.025418 -0.865489
vn -0.501197 -0.045447 -0.864139
vn -0.488971 -0.045447 -0.871115
vn -0.488425 -0.065497 -0.870144
vn -0.476561 -0.050052 -0.877716
vn -0.475827 -0.074666 -0.876364
vn -0.477005 -0.025418 -0.878533
vn -0.487682 -0.085557 -0.868819
vn -0.474803 -0.099250 -0.874478
vn -0.465322 -0.221357 -0.857016
vn -0.476921 -0.225038 -0.849649
vn -0.488847 -0.225038 -0.842845
vn -0.500691 -0.225038 -0.835863
vn -0.512452 -0.225038 -0.828705
vn -0.524124 -0.225038 -0.821372
vn -0.535704 -0.225038 -0.813867
vn -0.547188 -0.225038 -0.806191
vn -0.558572 -0.225038 -0.798345
vn -0.569853 -0.225038 -0.790333
vn -0.581027 -0.225038 -0.782155
vn -0.592090 -0.225038 -0.773814
vn -0.603039 -0.225038 -0.765312
vn -0.613870 -0.225038 -0.756652
vn -0.624637 -0.225038 -0.747788
vn -0.635166 -0.225038 -0.738866
vn -0.645624 -0.225038 -0.729745
vn -0.655951 -0.225038 -0.720477
vn -0.662850 -0.244624 -0.707664
vn -0.669355 -0.264129 -0.694406
vn -0.679170 -0.264129 -0.684809
vn -0.688844 -0.264129 -0.675077
vn -0.698374 -0.264129 -0.665214
vn -0.707757 -0.264129 -0.655222
vn -0.716990 -0.264129 -0.645106
vn -0.726072 -0.264129 -0.634867
vn -0.734999 -0.264129 -0.624510
vn -0.743770 -0.264129 -0.614038
vn -0.752382 -0.264129 -0.603455
vn -0.760833 -0.264129 -0.592764
vn -0.769122 -0.264129 -0.581969
vn -0.462551 -0.245542 -0.851913
vn -0.474605 -0.244624 -0.845523
vn -0.486472 -0.244624 -0.838751
vn -0.498260 -0.244624 -0.831803
vn -0.509963 -0.244624 -0.824680
vn -0.521578 -0.244624 -0.817383
vn -0.533102 -0.244624 -0.809914
vn -0.544530 -0.244624 -0.802275
vn -0.555859 -0.244624 -0.794468
vn -0.567085 -0.244624 -0.786494
vn -0.578205 -0.244624 -0.778356
vn -0.589214 -0.244624 -0.770056
vn -0.600110 -0.244624 -0.761595
vn -0.610889 -0.244624 -0.752977
vn -0.621609 -0.244624 -0.744152
vn -0.632081 -0.244624 -0.735277
vn -0.642488 -0.244624 -0.726201
vn -0.652765 -0.244624 -0.716977
vn -0.659337 -0.264129 -0.703925
vn -0.665519 -0.283541 -0.690427
vn -0.675278 -0.283541 -0.680885
vn -0.684897 -0.283541 -0.671209
vn -0.694372 -0.283541 -0.661402
vn -0.703701 -0.283541 -0.651467
vn -0.712881 -0.283541 -0.641409
vn -0.721911 -0.283541 -0.631229
vn -0.730787 -0.283541 -0.620931
vn -0.739507 -0.283541 -0.610519
vn -0.748070 -0.283541 -0.599997
vn -0.756473 -0.283541 -0.589367
vn -0.764714 -0.283541 -0.578634
vn -0.472094 -0.264129 -0.841049
vn -0.459488 -0.269622 -0.846271
vn -0.469388 -0.283541 -0.836229
vn -0.456132 -0.293585 -0.840090
vn -0.466490 -0.302850 -0.831065
vn -0.452482 -0.317421 -0.833369
vn -0.463399 -0.322045 -0.825559
vn -0.448539 -0.341117 -0.826107
vn -0.471785 -0.341117 -0.813055
vn -0.494652 -0.341117 -0.799349
vn -0.486495 -0.322045 -0.812163
vn -0.474986 -0.322045 -0.818947
vn -0.478154 -0.302850 -0.824409
vn -0.481125 -0.283541 -0.829532
vn -0.483898 -0.264129 -0.834313
vn -0.517121 -0.341117 -0.785000
vn -0.509263 -0.322045 -0.798084
vn -0.497922 -0.322045 -0.805208
vn -0.501243 -0.302850 -0.810579
vn -0.489740 -0.302850 -0.817580
vn -0.504358 -0.283541 -0.815615
vn -0.492783 -0.283541 -0.822660
vn -0.507265 -0.264129 -0.820316
vn -0.495623 -0.264129 -0.827402
vn -0.539174 -0.341117 -0.770020
vn -0.531673 -0.322045 -0.783333
vn -0.520515 -0.322045 -0.790792
vn -0.523986 -0.302850 -0.796066
vn -0.512660 -0.302850 -0.803407
vn -0.527242 -0.283541 -0.801012
vn -0.515845 -0.283541 -0.808399
vn -0.530281 -0.264129 -0.805629
vn -0.518818 -0.264129 -0.813058
vn -0.560793 -0.341117 -0.754421
vn -0.553696 -0.322045 -0.767924
vn -0.542735 -0.322045 -0.775710
vn -0.546354 -0.302850 -0.780883
vn -0.535219 -0.302850 -0.788557
vn -0.549749 -0.283541 -0.785736
vn -0.538545 -0.283541 -0.793457
vn -0.552918 -0.264129 -0.790264
vn -0.541649 -0.264129 -0.798030
vn -0.581961 -0.341117 -0.738214
vn -0.575302 -0.322045 -0.751874
vn -0.564553 -0.322045 -0.759978
vn -0.568318 -0.302850 -0.765047
vn -0.557389 -0.302850 -0.773046
vn -0.571849 -0.283541 -0.769801
vn -0.560852 -0.283541 -0.777849
vn -0.575145 -0.264129 -0.774238
vn -0.564085 -0.264129 -0.782333
vn -0.602661 -0.341117 -0.721414
vn -0.596465 -0.322045 -0.735198
vn -0.585941 -0.322045 -0.743613
vn -0.589849 -0.302850 -0.748572
vn -0.579139 -0.302850 -0.756888
vn -0.593514 -0.283541 -0.753224
vn -0.582738 -0.283541 -0.761591
vn -0.596935 -0.264129 -0.757565
vn -0.586097 -0.264129 -0.765981
vn -0.622877 -0.341117 -0.704034
vn -0.617157 -0.322045 -0.717917
vn -0.606954 -0.322045 -0.726563
vn -0.610996 -0.302850 -0.731414
vn -0.600443 -0.302850 -0.740102
vn -0.614787 -0.283541 -0.735963
vn -0.604174 -0.283541 -0.744700
vn -0.618325 -0.264129 -0.740210
vn -0.607656 -0.264129 -0.748992
vn -0.642591 -0.341117 -0.686088
vn -0.637353 -0.322045 -0.700049
vn -0.627319 -0.322045 -0.709055
vn -0.631502 -0.302850 -0.713784
vn -0.621273 -0.302850 -0.722705
vn -0.635426 -0.283541 -0.718219
vn -0.625134 -0.283541 -0.727195
vn -0.639089 -0.264129 -0.722358
vn -0.628737 -0.264129 -0.731387
vn -0.661789 -0.341117 -0.667589
vn -0.657027 -0.322045 -0.681617
vn -0.647179 -0.322045 -0.690975
vn -0.641603 -0.302850 -0.704718
vn -0.680454 -0.341117 -0.648554
vn -0.676158 -0.322045 -0.662645
vn -0.666662 -0.322045 -0.672197
vn -0.671108 -0.302850 -0.676680
vn -0.661409 -0.302850 -0.686163
vn -0.698572 -0.341117 -0.628997
vn -0.694722 -0.322045 -0.643155
vn -0.685512 -0.322045 -0.652963
vn -0.690084 -0.302850 -0.657318
vn -0.680667 -0.302850 -0.667064
vn -0.716128 -0.341117 -0.608934
vn -0.712699 -0.322045 -0.623175
vn -0.703785 -0.322045 -0.633225
vn -0.708479 -0.302850 -0.637448
vn -0.699355 -0.302850 -0.647445
vn -0.733108 -0.341117 -0.588381
vn -0.730072 -0.322045 -0.602729
vn -0.721462 -0.322045 -0.613008
vn -0.726274 -0.302850 -0.617097
vn -0.717453 -0.302850 -0.627331
vn -0.746821 -0.322045 -0.581847
vn -0.738525 -0.322045 -0.592341
vn -0.743450 -0.302850 -0.596291
vn -0.734941 -0.302850 -0.606749
vn -0.759992 -0.302850 -0.575060
vn -0.751802 -0.302850 -0.585727
vn -0.754957 -0.322045 -0.571251
vn -0.751189 -0.065497 -0.656829
vn -0.741794 -0.065497 -0.667422
vn -0.732241 -0.065497 -0.677889
vn -0.750045 -0.085557 -0.655829
vn -0.740664 -0.085557 -0.666406
vn -0.731126 -0.085557 -0.676857
vn -0.721433 -0.085557 -0.687178
vn -0.748595 -0.105619 -0.654561
vn -0.739232 -0.105619 -0.665117
vn -0.729712 -0.105619 -0.675548
vn -0.720038 -0.105619 -0.685850
vn -0.710213 -0.105619 -0.696019
vn -0.655554 -0.283541 -0.699896
vn -0.649311 -0.264129 -0.713184
vn -0.651500 -0.302850 -0.695579
vn -0.645590 -0.283541 -0.709097
vn -0.661197 -0.065497 -0.747348
vn -0.650487 -0.065497 -0.756688
vn -0.606372 -0.065497 -0.792479
vn -0.536766 -0.065497 -0.841185
vn -0.535949 -0.085557 -0.839904
vn -0.524014 -0.085557 -0.847402
vn -0.534913 -0.105619 -0.838280
vn -0.523000 -0.105619 -0.845763
vn -0.510998 -0.105619 -0.853068
vn -0.533657 -0.125670 -0.836312
vn -0.521772 -0.125670 -0.843778
vn -0.509798 -0.125670 -0.851066
vn -0.497738 -0.125670 -0.858175
vn -0.532181 -0.145701 -0.833999
vn -0.520330 -0.145701 -0.841444
vn -0.508389 -0.145701 -0.848712
vn -0.496362 -0.145701 -0.855802
vn -0.530485 -0.165701 -0.831341
vn -0.518671 -0.165701 -0.838763
vn -0.506768 -0.165701 -0.846008
vn -0.494780 -0.165701 -0.853074
vn -0.500638 -0.065497 -0.863175
vn 0.580703 -0.000000 -0.814116
vn 0.580703 -0.000000 -0.814116
vn 0.580703 -0.000000 -0.814116
vn 0.580703 -0.000000 -0.814116
vn 0.580703 -0.000000 -0.814116
vn 0.580703 -0.000000 -0.814116
vn 0.580703 -0.000000 -0.814116
vn 0.580703 -0.000000 -0.814116
vn 0.580703 -0.000000 -0.814116
vn 0.580703 -0.000000 -0.814116
vn 0.580703 -0.000000 -0.814116
vn 0.580703 -0.000000 -0.814116
vn 0.580703 -0.000000 -0.814116
vn 0.580703 -0.000000 -0.814116
vn 0.580703 -0.000000 -0.814116
vn 0.580703 -0.000000 -0.814116
vn 0.580703 -0.000000 -0.814116
vn 0.580703 -0.000000 -0.814116
vn 0.580703 -0.000000 -0.814116
vn 0.580703 -0.000000 -0.814116
vn 0.580703 -0.000000 -0.814116
vn 0.580703 -0.000000 -0.814116
vn 0.580703 -0.000000 -0.814116
vn 0.580703 -0.000000 -0.814116
vn 0.580703 -0.000000 -0.814116
vn 0.580703 -0.000000 -0.814116
vn 0.580703 -0.000000 -0.814116
vn 0.580703 -0.000000 -0.814116
usemtl Aluminum_-_Anodized_Glossy_(Blue)
f 2/1/1 3/2/2 1/3/3
f 1/3/3 3/2/2 34/4/4
f 34/4/4 3/2/2 4/5/5
f 34/4/4 4/5/5 33/6/6
f 33/6/6 4/5/5 5/7/7
f 33/6/6 5/7/7 32/8/8
f 32/8/8 5/7/7 6/9/9
f 32/8/8 6/9/9 31/10/10
f 31/10/10 6/9/9 7/11/11
f 31/10/10 7/11/11 30/12/12
f 30/12/12 7/11/11 8/13/13
f 30/12/12 8/13/13 29/14/14
f 29/14/14 8/13/13 9/15/15
f 29/14/14 9/15/15 28/16/16
f 28/16/16 9/15/15 10/17/17
f 28/16/16 10/17/17 27/18/18
f 27/18/18 10/17/17 11/19/19
f 27/18/18 11/19/19 26/20/20
f 26/20/20 11/19/19 12/21/21
f 26/20/20 12/21/21 25/22/22
f 25/22/22 12/21/21 13/23/23
f 25/22/22 13/23/23 24/24/24
f 24/24/24 13/23/23 14/25/25
f 24/24/24 14/25/25 23/26/26
f 23/26/26 14/25/25 15/27/27
f 23/26/26 15/27/27 22/28/28
f 22/28/28 15/27/27 16/29/29
f 22/28/28 16/29/29 21/30/30
f 21/30/30 16/29/29 17/31/31
f 21/30/30 17/31/31 20/32/32
f 20/32/32 17/31/31 18/33/33
f 20/32/32 18/33/33 19/34/34
f 35/35/35 36/36/36 70/37/37
f 70/37/37 36/36/36 37/38/38
f 70/37/37 37/38/38 69/39/39
f 69/39/39 37/38/38 38/40/40
f 69/39/39 38/40/40 68/41/41
f 68/41/41 38/40/40 39/42/42
f 68/41/41 39/42/42 67/43/43
f 67/43/43 39/42/42 40/44/44
f 67/43/43 40/44/44 66/45/45
f 66/45/45 40/44/44 41/46/46
f 66/45/45 41/46/46 65/47/47
f 65/47/47 41/46/46 42/48/48
f 65/47/47 42/48/48 64/49/49
f 64/49/49 42/48/48 43/50/50
f 64/49/49 43/50/50 63/51/51
f 63/51/51 43/50/50 44/52/52
f 63/51/51 44/52/52 62/53/53
f 62/53/53 44/52/52 45/54/54
f 62/53/53 45/54/54 61/55/55
f 61/55/55 45/54/54 46/56/56
f 61/55/55 46/56/56 60/57/57
f 60/57/57 46/56/56 47/58/58
f 60/57/57 47/58/58 59/59/59
f 59/59/59 47/58/58 48/60/60
f 59/59/59 48/60/60 58/61/61
f 58/61/61 48/60/60 49/62/62
f 58/61/61 49/62/62 57/63/63
f 57/63/63 49/62/62 50/64/64
f 57/63/63 50/64/64 56/65/65
f 56/65/65 50/64/64 51/66/66
f 56/65/65 51/66/66 55/67/67
f 55/67/67 51/66/66 52/68/68
f 55/67/67 52/68/68 54/69/69
f 54/69/69 52/68/68 53/70/70
f 18/71/71 71/72/72 19/73/73
f 19/73/73 71/72/72 94/74/74
f 94/74/74 71/72/72 72/75/75
f 94/74/74 72/75/75 93/76/76
f 93/76/76 72/75/75 73/77/77
f 93/76/76 73/77/77 92/78/78
f 92/78/78 73/77/77 74/79/79
f 92/78/78 74/79/79 91/80/80
f 91/80/80 74/79/79 75/81/81
f 91/80/80 75/81/81 90/82/82
f 90/82/82 75/81/81 76/83/83
f 90/82/82 76/83/83 89/84/84
f 89/84/84 76/83/83 77/85/85
f 89/84/84 77/85/85 88/86/86
f 88/86/86 77/85/85 78/87/87
f 88/86/86 78/87/87 87/88/88
f 87/88/88 78/87/87 79/89/89
f 87/88/88 79/89/89 86/90/90
f 86/90/90 79/89/89 80/91/91
f 86/90/90 80/91/91 85/92/92
f 85/92/92 80/91/91 81/93/93
f 85/92/92 81/93/93 84/94/94
f 84/94/94 81/93/93 82/95/95
f 84/94/94 82/95/95 83/96/96
f 83/96/96 82/95/95 54/97/97
f 83/96/96 54/97/97 53/98/98
f 83/99/99 53/100/100 133/101/101
f 133/101/101 53/100/100 52/102/102
f 133/101/101 52/102/102 147/103/103
f 147/103/103 52/102/102 130/104/104
f 147/103/103 130/104/104 189/105/105
f 189/105/105 130/104/104 163/106/106
f 189/105/105 163/106/106 164/107/107
f 164/107/107 163/106/106 216/108/108
f 164/107/107 216/108/108 215/109/109
f 215/109/109 216/108/108 193/110/110
f 215/109/109 193/110/110 194/111/111
f 194/111/111 193/110/110 241/112/112
f 194/111/111 241/112/112 240/113/113
f 240/113/113 241/112/112 222/114/114
f 240/113/113 222/114/114 223/115/115
f 223/115/115 222/114/114 266/116/116
f 223/115/115 266/116/116 265/117/117
f 265/117/117 266/116/116 251/118/118
f 265/117/117 251/118/118 252/119/119
f 252/119/119 251/118/118 292/120/120
f 252/119/119 292/120/120 291/121/121
f 291/121/121 292/120/120 281/122/122
f 291/121/121 281/122/122 282/123/123
f 282/123/123 281/122/122 319/124/124
f 282/123/123 319/124/124 318/125/125
f 318/125/125 319/124/124 310/126/126
f 318/125/125 310/126/126 311/127/127
f 311/127/127 310/126/126 349/128/128
f 311/127/127 349/128/128 348/129/129
f 348/129/129 349/128/128 341/130/130
f 348/129/129 341/130/130 342/131/131
f 342/131/131 341/130/130 372/132/132
f 342/131/131 372/132/132 373/133/133
f 373/133/133 372/132/132 391/134/134
f 373/133/133 391/134/134 390/135/135
f 390/135/135 391/134/134 389/136/136
f 390/135/135 389/136/136 28/137/137
f 28/137/137 389/136/136 29/138/138
f 29/138/138 389/136/136 418/139/139
f 29/138/138 418/139/139 118/140/140
f 118/140/140 418/139/139 419/141/141
f 118/140/140 419/141/141 417/142/142
f 417/142/142 419/141/141 420/143/143
f 417/142/142 420/143/143 416/144/144
f 416/144/144 420/143/143 421/145/145
f 416/144/144 421/145/145 415/146/146
f 415/146/146 421/145/145 422/147/147
f 415/146/146 422/147/147 414/148/148
f 414/148/148 422/147/147 423/149/149
f 414/148/148 423/149/149 413/150/150
f 413/150/150 423/149/149 424/151/151
f 413/150/150 424/151/151 412/152/152
f 412/152/152 424/151/151 425/153/153
f 412/152/152 425/153/153 411/154/154
f 411/154/154 425/153/153 426/155/155
f 411/154/154 426/155/155 410/156/156
f 410/156/156 426/155/155 427/157/157
f 410/156/156 427/157/157 409/158/158
f 409/158/158 427/157/157 428/159/159
f 409/158/158 428/159/159 408/160/160
f 408/160/160 428/159/159 429/161/161
f 408/160/160 429/161/161 407/162/162
f 407/162/162 429/161/161 430/163/163
f 407/162/162 430/163/163 406/164/164
f 406/164/164 430/163/163 431/165/165
f 406/164/164 431/165/165 405/166/166
f 405/166/166 431/165/165 117/167/167
f 405/166/166 117/167/167 404/168/168
f 404/168/168 117/167/167 42/169/169
f 404/168/168 42/169/169 115/170/170
f 115/170/170 42/169/169 41/171/171
f 115/170/170 41/171/171 432/172/172
f 432/172/172 41/171/171 113/173/173
f 432/172/172 113/173/173 486/174/174
f 486/174/174 113/173/173 460/175/175
f 486/174/174 460/175/175 461/176/176
f 461/176/176 460/175/175 512/177/177
f 461/176/176 512/177/177 511/178/178
f 511/178/178 512/177/177 489/179/179
f 511/178/178 489/179/179 490/180/180
f 490/180/180 489/179/179 538/181/181
f 490/180/180 538/181/181 537/182/182
f 537/182/182 538/181/181 519/183/183
f 537/182/182 519/183/183 520/184/184
f 520/184/184 519/183/183 565/185/185
f 520/184/184 565/185/185 564/186/186
f 564/186/186 565/185/185 550/187/187
f 564/186/186 550/187/187 551/188/188
f 551/188/188 550/187/187 101/189/189
f 551/188/188 101/189/189 102/190/190
f 52/102/102 51/191/191 130/104/104
f 130/104/104 51/191/191 162/192/192
f 130/104/104 162/192/192 163/106/106
f 163/106/106 162/192/192 217/193/193
f 163/106/106 217/193/193 216/108/108
f 216/108/108 217/193/193 192/194/194
f 216/108/108 192/194/194 193/110/110
f 193/110/110 192/194/194 242/195/195
f 193/110/110 242/195/195 241/112/112
f 241/112/112 242/195/195 221/196/196
f 241/112/112 221/196/196 222/114/114
f 222/114/114 221/196/196 267/197/197
f 222/114/114 267/197/197 266/116/116
f 266/116/116 267/197/197 250/198/198
f 266/116/116 250/198/198 251/118/118
f 251/118/118 250/198/198 293/199/199
f 251/118/118 293/199/199 292/120/120
f 292/120/120 293/199/199 280/200/200
f 292/120/120 280/200/200 281/122/122
f 281/122/122 280/200/200 320/201/201
f 281/122/122 320/201/201 319/124/124
f 319/124/124 320/201/201 309/202/202
f 319/124/124 309/202/202 310/126/126
f 310/126/126 309/202/202 350/203/203
f 310/126/126 350/203/203 349/128/128
f 349/128/128 350/203/203 340/204/204
f 349/128/128 340/204/204 341/130/130
f 341/130/130 340/204/204 371/205/205
f 341/130/130 371/205/205 372/132/132
f 372/132/132 371/205/205 392/206/206
f 372/132/132 392/206/206 391/134/134
f 391/134/134 392/206/206 388/207/207
f 391/134/134 388/207/207 389/136/136
f 389/136/136 388/207/207 418/139/139
f 162/192/192 51/191/191 128/208/208
f 128/208/208 51/191/191 50/209/209
f 128/208/208 50/209/209 190/210/210
f 190/210/210 50/209/209 126/211/211
f 190/210/210 126/211/211 244/212/212
f 244/212/212 126/211/211 218/213/213
f 244/212/212 218/213/213 219/214/214
f 219/214/214 218/213/213 270/215/215
f 219/214/214 270/215/215 269/216/216
f 269/216/216 270/215/215 247/217/217
f 269/216/216 247/217/217 248/218/218
f 248/218/218 247/217/217 296/219/219
f 248/218/218 296/219/219 295/220/220
f 295/220/220 296/219/219 277/221/221
f 295/220/220 277/221/221 278/222/222
f 278/222/222 277/221/221 323/223/223
f 278/222/222 323/223/223 322/224/224
f 322/224/224 323/223/223 306/225/225
f 322/224/224 306/225/225 307/226/226
f 307/226/226 306/225/225 353/227/227
f 307/226/226 353/227/227 352/228/228
f 352/228/228 353/227/227 337/229/229
f 352/228/228 337/229/229 338/230/230
f 338/230/230 337/229/229 368/231/231
f 338/230/230 368/231/231 369/232/232
f 369/232/232 368/231/231 395/233/233
f 369/232/232 395/233/233 394/234/234
f 394/234/234 395/233/233 385/235/235
f 394/234/234 385/235/235 386/236/236
f 386/236/236 385/235/235 421/145/145
f 386/236/236 421/145/145 420/143/143
f 50/209/209 49/237/237 126/211/211
f 126/211/211 49/237/237 124/238/238
f 126/211/211 124/238/238 218/213/213
f 218/213/213 124/238/238 271/239/239
f 218/213/213 271/239/239 270/215/215
f 270/215/215 271/239/239 246/240/240
f 270/215/215 246/240/240 247/217/217
f 247/217/217 246/240/240 297/241/241
f 247/217/217 297/241/241 296/219/219
f 296/219/219 297/241/241 276/242/242
f 296/219/219 276/242/242 277/221/221
f 277/221/221 276/242/242 324/243/243
f 277/221/221 324/243/243 323/223/223
f 323/223/223 324/243/243 305/244/244
f 323/223/223 305/244/244 306/225/225
f 306/225/225 305/244/244 354/245/245
f 306/225/225 354/245/245 353/227/227
f 353/227/227 354/245/245 336/246/246
f 353/227/227 336/246/246 337/229/229
f 337/229/229 336/246/246 367/247/247
f 337/229/229 367/247/247 368/231/231
f 368/231/231 367/247/247 396/248/248
f 368/231/231 396/248/248 395/233/233
f 395/233/233 396/248/248 384/249/249
f 395/233/233 384/249/249 385/235/235
f 385/235/235 384/249/249 422/147/147
f 385/235/235 422/147/147 421/145/145
f 49/237/237 48/250/250 124/238/238
f 124/238/238 48/250/250 272/251/251
f 124/238/238 272/251/251 271/239/239
f 271/239/239 272/251/251 245/252/252
f 271/239/239 245/252/252 246/240/240
f 246/240/240 245/252/252 298/253/253
f 246/240/240 298/253/253 297/241/241
f 297/241/241 298/253/253 275/254/254
f 297/241/241 275/254/254 276/242/242
f 276/242/242 275/254/254 325/255/255
f 276/242/242 325/255/255 324/243/243
f 324/243/243 325/255/255 304/256/256
f 324/243/243 304/256/256 305/244/244
f 305/244/244 304/256/256 355/257/257
f 305/244/244 355/257/257 354/245/245
f 354/245/245 355/257/257 335/258/258
f 354/245/245 335/258/258 336/246/246
f 336/246/246 335/258/258 366/259/259
f 336/246/246 366/259/259 367/247/247
f 367/247/247 366/259/259 397/260/260
f 367/247/247 397/260/260 396/248/248
f 396/248/248 397/260/260 383/261/261
f 396/248/248 383/261/261 384/249/249
f 384/249/249 383/261/261 423/149/149
f 384/249/249 423/149/149 422/147/147
f 272/251/251 48/250/250 122/262/262
f 122/262/262 48/250/250 47/263/263
f 122/262/262 47/263/263 300/264/264
f 300/264/264 47/263/263 121/265/265
f 300/264/264 121/265/265 273/266/266
f 273/266/266 121/265/265 328/267/267
f 273/266/266 328/267/267 327/268/268
f 327/268/268 328/267/267 301/269/269
f 327/268/268 301/269/269 302/270/270
f 302/270/270 301/269/269 358/271/271
f 302/270/270 358/271/271 357/272/272
f 357/272/272 358/271/271 332/273/273
f 357/272/272 332/273/273 333/274/274
f 333/274/274 332/273/273 363/275/275
f 333/274/274 363/275/275 364/276/276
f 364/276/276 363/275/275 400/277/277
f 364/276/276 400/277/277 399/278/278
f 399/278/278 400/277/277 380/279/279
f 399/278/278 380/279/279 381/280/280
f 381/280/280 380/279/279 426/155/155
f 381/280/280 426/155/155 425/153/153
f 47/263/263 46/281/281 121/265/265
f 121/265/265 46/281/281 329/282/282
f 121/265/265 329/282/282 328/267/267
f 328/267/267 329/282/282 120/283/283
f 328/267/267 120/283/283 301/269/269
f 301/269/269 120/283/283 359/284/284
f 301/269/269 359/284/284 358/271/271
f 358/271/271 359/284/284 331/285/285
f 358/271/271 331/285/285 332/273/273
f 332/273/273 331/285/285 362/286/286
f 332/273/273 362/286/286 363/275/275
f 363/275/275 362/286/286 401/287/287
f 363/275/275 401/287/287 400/277/277
f 400/277/277 401/287/287 379/288/288
f 400/277/277 379/288/288 380/279/279
f 380/279/279 379/288/288 427/157/157
f 380/279/279 427/157/157 426/155/155
f 329/282/282 46/281/281 120/283/283
f 120/283/283 46/281/281 45/289/289
f 120/283/283 45/289/289 359/284/284
f 359/284/284 45/289/289 330/290/290
f 359/284/284 330/290/290 331/285/285
f 331/285/285 330/290/290 361/291/291
f 331/285/285 361/291/291 362/286/286
f 362/286/286 361/291/291 402/292/292
f 362/286/286 402/292/292 401/287/287
f 401/287/287 402/292/292 378/293/293
f 401/287/287 378/293/293 379/288/288
f 379/288/288 378/293/293 428/159/159
f 379/288/288 428/159/159 427/157/157
f 45/289/289 44/294/294 330/290/290
f 330/290/290 44/294/294 360/295/295
f 330/290/290 360/295/295 361/291/291
f 361/291/291 360/295/295 403/296/296
f 361/291/291 403/296/296 402/292/292
f 402/292/292 403/296/296 377/297/297
f 402/292/292 377/297/297 378/293/293
f 378/293/293 377/297/297 429/161/161
f 378/293/293 429/161/161 428/159/159
f 360/295/295 44/294/294 119/298/298
f 119/298/298 44/294/294 43/299/299
f 119/298/298 43/299/299 375/300/300
f 375/300/300 43/299/299 117/167/167
f 375/300/300 117/167/167 431/165/165
f 43/299/299 42/169/169 117/167/167
f 41/171/171 40/301/301 113/173/173
f 113/173/173 40/301/301 111/302/302
f 113/173/173 111/302/302 460/175/175
f 460/175/175 111/302/302 513/303/303
f 460/175/175 513/303/303 512/177/177
f 512/177/177 513/303/303 488/304/304
f 512/177/177 488/304/304 489/179/179
f 489/179/179 488/304/304 539/305/305
f 489/179/179 539/305/305 538/181/181
f 538/181/181 539/305/305 518/306/306
f 538/181/181 518/306/306 519/183/183
f 519/183/183 518/306/306 566/307/307
f 519/183/183 566/307/307 565/185/185
f 565/185/185 566/307/307 549/308/308
f 565/185/185 549/308/308 550/187/187
f 550/187/187 549/308/308 100/309/309
f 550/187/187 100/309/309 101/189/189
f 40/301/301 39/310/310 111/302/302
f 111/302/302 39/310/310 514/311/311
f 111/302/302 514/311/311 513/303/303
f 513/303/303 514/311/311 487/312/312
f 513/303/303 487/312/312 488/304/304
f 488/304/304 487/312/312 540/313/313
f 488/304/304 540/313/313 539/305/305
f 539/305/305 540/313/313 517/314/314
f 539/305/305 517/314/314 518/306/306
f 518/306/306 517/314/314 567/315/315
f 518/306/306 567/315/315 566/307/307
f 566/307/307 567/315/315 548/316/316
f 566/307/307 548/316/316 549/308/308
f 549/308/308 548/316/316 99/317/317
f 549/308/308 99/317/317 100/309/309
f 514/311/311 39/310/310 109/318/318
f 109/318/318 39/310/310 38/319/319
f 109/318/318 38/319/319 542/320/320
f 542/320/320 38/319/319 107/321/321
f 542/320/320 107/321/321 515/322/322
f 515/322/322 107/321/321 570/323/323
f 515/322/322 570/323/323 569/324/324
f 569/324/324 570/323/323 545/325/325
f 569/324/324 545/325/325 546/326/326
f 546/326/326 545/325/325 97/327/327
f 546/326/326 97/327/327 98/328/328
f 38/319/319 37/329/329 107/321/321
f 107/321/321 37/329/329 571/330/330
f 107/321/321 571/330/330 570/323/323
f 570/323/323 571/330/330 544/331/331
f 570/323/323 544/331/331 545/325/325
f 545/325/325 544/331/331 96/332/332
f 545/325/325 96/332/332 97/327/327
f 571/330/330 37/329/329 543/333/333
f 543/333/333 37/329/329 36/334/334
f 543/333/333 36/334/334 95/335/335
f 543/333/333 95/335/335 544/331/331
f 544/331/331 95/335/335 96/332/332
f 99/317/317 548/316/316 98/328/328
f 98/328/328 548/316/316 547/336/336
f 98/328/328 547/336/336 546/326/326
f 546/326/326 547/336/336 568/337/337
f 546/326/326 568/337/337 569/324/324
f 569/324/324 568/337/337 516/338/338
f 569/324/324 516/338/338 515/322/322
f 515/322/322 516/338/338 541/339/339
f 515/322/322 541/339/339 542/320/320
f 542/320/320 541/339/339 109/318/318
f 551/188/188 102/190/190 552/340/340
f 552/340/340 102/190/190 103/341/341
f 552/340/340 103/341/341 553/342/342
f 553/342/342 103/341/341 554/343/343
f 553/342/342 554/343/343 561/344/344
f 561/344/344 554/343/343 560/345/345
f 561/344/344 560/345/345 524/346/346
f 524/346/346 560/345/345 525/347/347
f 524/346/346 525/347/347 532/348/348
f 532/348/348 525/347/347 531/349/349
f 532/348/348 531/349/349 496/350/350
f 496/350/350 531/349/349 497/351/351
f 496/350/350 497/351/351 504/352/352
f 504/352/352 497/351/351 503/353/353
f 504/352/352 503/353/353 469/354/354
f 469/354/354 503/353/353 470/355/355
f 469/354/354 470/355/355 477/356/356
f 477/356/356 470/355/355 476/357/357
f 477/356/356 476/357/357 442/358/358
f 442/358/358 476/357/357 443/359/359
f 442/358/358 443/359/359 450/360/360
f 450/360/360 443/359/359 449/361/361
f 450/360/360 449/361/361 414/148/148
f 414/148/148 449/361/361 415/146/146
f 103/341/341 104/362/362 554/343/343
f 554/343/343 104/362/362 555/363/363
f 554/343/343 555/363/363 560/345/345
f 560/345/345 555/363/363 559/364/364
f 560/345/345 559/364/364 525/347/347
f 525/347/347 559/364/364 526/365/365
f 525/347/347 526/365/365 531/349/349
f 531/349/349 526/365/365 530/366/366
f 531/349/349 530/366/366 497/351/351
f 497/351/351 530/366/366 498/367/367
f 497/351/351 498/367/367 503/353/353
f 503/353/353 498/367/367 502/368/368
f 503/353/353 502/368/368 470/355/355
f 470/355/355 502/368/368 471/369/369
f 470/355/355 471/369/369 476/357/357
f 476/357/357 471/369/369 475/370/370
f 476/357/357 475/370/370 443/359/359
f 443/359/359 475/370/370 444/371/371
f 443/359/359 444/371/371 449/361/361
f 449/361/361 444/371/371 448/372/372
f 449/361/361 448/372/372 415/146/146
f 415/146/146 448/372/372 416/144/144
f 104/362/362 105/373/373 555/363/363
f 555/363/363 105/373/373 556/374/374
f 555/363/363 556/374/374 559/364/364
f 559/364/364 556/374/374 558/375/375
f 559/364/364 558/375/375 526/365/365
f 526/365/365 558/375/375 527/376/376
f 526/365/365 527/376/376 530/366/366
f 530/366/366 527/376/376 529/377/377
f 530/366/366 529/377/377 498/367/367
f 498/367/367 529/377/377 499/378/378
f 498/367/367 499/378/378 502/368/368
f 502/368/368 499/378/378 501/379/379
f 502/368/368 501/379/379 471/369/369
f 471/369/369 501/379/379 472/380/380
f 471/369/369 472/380/380 475/370/370
f 475/370/370 472/380/380 474/381/381
f 475/370/370 474/381/381 444/371/371
f 444/371/371 474/381/381 445/382/382
f 444/371/371 445/382/382 448/372/372
f 448/372/372 445/382/382 447/383/383
f 448/372/372 447/383/383 416/144/144
f 416/144/144 447/383/383 417/142/142
f 105/373/373 106/384/384 556/374/374
f 556/374/374 106/384/384 108/385/385
f 556/374/374 108/385/385 558/375/375
f 558/375/375 108/385/385 557/386/386
f 558/375/375 557/386/386 527/376/376
f 527/376/376 557/386/386 110/387/387
f 527/376/376 110/387/387 529/377/377
f 529/377/377 110/387/387 528/388/388
f 529/377/377 528/388/388 499/378/378
f 499/378/378 528/388/388 112/389/389
f 499/378/378 112/389/389 501/379/379
f 501/379/379 112/389/389 500/390/390
f 501/379/379 500/390/390 472/380/380
f 472/380/380 500/390/390 114/391/391
f 472/380/380 114/391/391 474/381/381
f 474/381/381 114/391/391 473/392/392
f 474/381/381 473/392/392 445/382/382
f 445/382/382 473/392/392 116/393/393
f 445/382/382 116/393/393 447/383/383
f 447/383/383 116/393/393 446/394/394
f 447/383/383 446/394/394 417/142/142
f 417/142/142 446/394/394 118/140/140
f 106/384/384 1/395/395 108/385/385
f 108/385/385 1/395/395 34/396/396
f 108/385/385 34/396/396 557/386/386
f 557/386/386 34/396/396 110/387/387
f 34/396/396 33/397/397 110/387/387
f 110/387/387 33/397/397 528/388/388
f 528/388/388 33/397/397 112/389/389
f 112/389/389 33/397/397 32/398/398
f 112/389/389 32/398/398 500/390/390
f 500/390/390 32/398/398 114/391/391
f 32/398/398 31/399/399 114/391/391
f 114/391/391 31/399/399 473/392/392
f 473/392/392 31/399/399 116/393/393
f 116/393/393 31/399/399 30/400/400
f 116/393/393 30/400/400 446/394/394
f 446/394/394 30/400/400 118/140/140
f 30/400/400 29/138/138 118/140/140
f 390/135/135 28/137/137 374/401/401
f 374/401/401 28/137/137 27/402/402
f 374/401/401 27/402/402 344/403/403
f 344/403/403 27/402/402 345/404/404
f 344/403/403 345/404/404 346/405/405
f 346/405/405 345/404/404 314/406/406
f 346/405/405 314/406/406 313/407/407
f 313/407/407 314/406/406 315/408/408
f 313/407/407 315/408/408 316/409/409
f 316/409/409 315/408/408 285/410/410
f 316/409/409 285/410/410 284/411/411
f 284/411/411 285/410/410 288/412/412
f 284/411/411 288/412/412 289/413/413
f 289/413/413 288/412/412 255/414/414
f 289/413/413 255/414/414 254/415/415
f 254/415/415 255/414/414 262/416/416
f 254/415/415 262/416/416 263/417/417
f 263/417/417 262/416/416 226/418/418
f 263/417/417 226/418/418 225/419/419
f 225/419/419 226/418/418 237/420/420
f 225/419/419 237/420/420 238/421/421
f 238/421/421 237/420/420 197/422/422
f 238/421/421 197/422/422 196/423/423
f 196/423/423 197/422/422 212/424/424
f 196/423/423 212/424/424 213/425/425
f 213/425/425 212/424/424 167/426/426
f 213/425/425 167/426/426 166/427/427
f 166/427/427 167/426/426 186/428/428
f 166/427/427 186/428/428 187/429/429
f 187/429/429 186/428/428 150/430/430
f 187/429/429 150/430/430 149/431/431
f 149/431/431 150/430/430 135/432/432
f 149/431/431 135/432/432 134/433/433
f 134/433/433 135/432/432 84/434/434
f 134/433/433 84/434/434 83/99/99
f 27/402/402 26/435/435 345/404/404
f 345/404/404 26/435/435 314/406/406
f 314/406/406 26/435/435 315/408/408
f 315/408/408 26/435/435 25/436/436
f 315/408/408 25/436/436 286/437/437
f 286/437/437 25/436/436 123/438/438
f 286/437/437 123/438/438 287/439/439
f 287/439/439 123/438/438 257/440/440
f 287/439/439 257/440/440 256/441/441
f 256/441/441 257/440/440 260/442/442
f 256/441/441 260/442/442 261/443/443
f 261/443/443 260/442/442 228/444/444
f 261/443/443 228/444/444 227/445/445
f 227/445/445 228/444/444 235/446/446
f 227/445/445 235/446/446 236/447/447
f 236/447/447 235/446/446 199/448/448
f 236/447/447 199/448/448 198/449/449
f 198/449/449 199/448/448 210/450/450
f 198/449/449 210/450/450 211/451/451
f 211/451/451 210/450/450 169/452/452
f 211/451/451 169/452/452 168/453/453
f 168/453/453 169/452/452 184/454/454
f 168/453/453 184/454/454 185/455/455
f 185/455/455 184/454/454 152/456/456
f 185/455/455 152/456/456 151/457/457
f 151/457/457 152/456/456 137/458/458
f 151/457/457 137/458/458 136/459/459
f 136/459/459 137/458/458 86/460/460
f 136/459/459 86/460/460 85/461/461
f 25/436/436 24/462/462 123/438/438
f 123/438/438 24/462/462 258/463/463
f 123/438/438 258/463/463 257/440/440
f 257/440/440 258/463/463 259/464/464
f 257/440/440 259/464/464 260/442/442
f 260/442/442 259/464/464 229/465/465
f 260/442/442 229/465/465 228/444/444
f 228/444/444 229/465/465 234/466/466
f 228/444/444 234/466/466 235/446/446
f 235/446/446 234/466/466 200/467/467
f 235/446/446 200/467/467 199/448/448
f 199/448/448 200/467/467 209/468/468
f 199/448/448 209/468/468 210/450/450
f 210/450/450 209/468/468 170/469/469
f 210/450/450 170/469/469 169/452/452
f 169/452/452 170/469/469 183/470/470
f 169/452/452 183/470/470 184/454/454
f 184/454/454 183/470/470 153/471/471
f 184/454/454 153/471/471 152/456/456
f 152/456/456 153/471/471 138/472/472
f 152/456/456 138/472/472 137/458/458
f 137/458/458 138/472/472 86/460/460
f 258/463/463 24/462/462 125/473/473
f 125/473/473 24/462/462 23/474/474
f 125/473/473 23/474/474 231/475/475
f 231/475/475 23/474/474 127/476/476
f 231/475/475 127/476/476 232/477/477
f 232/477/477 127/476/476 203/478/478
f 232/477/477 203/478/478 202/479/479
f 202/479/479 203/478/478 206/480/480
f 202/479/479 206/480/480 207/481/481
f 207/481/481 206/480/480 173/482/482
f 207/481/481 173/482/482 172/483/483
f 172/483/483 173/482/482 180/484/484
f 172/483/483 180/484/484 181/485/485
f 181/485/485 180/484/484 156/486/486
f 181/485/485 156/486/486 155/487/487
f 155/487/487 156/486/486 141/488/488
f 155/487/487 141/488/488 140/489/489
f 140/489/489 141/488/488 89/490/490
f 140/489/489 89/490/490 88/491/491
f 23/474/474 22/492/492 127/476/476
f 127/476/476 22/492/492 204/493/493
f 127/476/476 204/493/493 203/478/478
f 203/478/478 204/493/493 205/494/494
f 203/478/478 205/494/494 206/480/480
f 206/480/480 205/494/494 174/495/495
f 206/480/480 174/495/495 173/482/482
f 173/482/482 174/495/495 179/496/496
f 173/482/482 179/496/496 180/484/484
f 180/484/484 179/496/496 157/497/497
f 180/484/484 157/497/497 156/486/486
f 156/486/486 157/497/497 142/498/498
f 156/486/486 142/498/498 141/488/488
f 141/488/488 142/498/498 90/499/499
f 141/488/488 90/499/499 89/490/490
f 204/493/493 22/492/492 129/500/500
f 129/500/500 22/492/492 21/501/501
f 129/500/500 21/501/501 176/502/502
f 176/502/502 21/501/501 131/503/503
f 176/502/502 131/503/503 177/504/504
f 177/504/504 131/503/503 160/505/505
f 177/504/504 160/505/505 159/506/506
f 159/506/506 160/505/505 145/507/507
f 159/506/506 145/507/507 144/508/508
f 144/508/508 145/507/507 92/509/509
f 144/508/508 92/509/509 91/510/510
f 21/501/501 20/511/511 131/503/503
f 131/503/503 20/511/511 161/512/512
f 131/503/503 161/512/512 160/505/505
f 160/505/505 161/512/512 146/513/513
f 160/505/505 146/513/513 145/507/507
f 145/507/507 146/513/513 93/514/514
f 145/507/507 93/514/514 92/509/509
f 161/512/512 20/511/511 132/515/515
f 132/515/515 20/511/511 19/516/516
f 132/515/515 19/516/516 94/517/517
f 132/515/515 94/517/517 146/513/513
f 146/513/513 94/517/517 93/514/514
f 90/499/499 142/498/498 91/510/510
f 91/510/510 142/498/498 143/518/518
f 91/510/510 143/518/518 144/508/508
f 144/508/508 143/518/518 158/519/519
f 144/508/508 158/519/519 159/506/506
f 159/506/506 158/519/519 178/520/520
f 159/506/506 178/520/520 177/504/504
f 177/504/504 178/520/520 175/521/521
f 177/504/504 175/521/521 176/502/502
f 176/502/502 175/521/521 129/500/500
f 140/489/489 88/491/491 139/522/522
f 139/522/522 88/491/491 87/523/523
f 139/522/522 87/523/523 138/472/472
f 138/472/472 87/523/523 86/460/460
f 136/459/459 85/461/461 135/432/432
f 135/432/432 85/461/461 84/434/434
f 134/433/433 83/99/99 133/101/101
f 134/433/433 133/101/101 148/524/524
f 148/524/524 133/101/101 147/103/103
f 148/524/524 147/103/103 189/105/105
f 151/457/457 136/459/459 150/430/430
f 150/430/430 136/459/459 135/432/432
f 138/472/472 153/471/471 139/522/522
f 139/522/522 153/471/471 154/525/525
f 139/522/522 154/525/525 140/489/489
f 140/489/489 154/525/525 155/487/487
f 158/519/519 143/518/518 157/497/497
f 157/497/497 143/518/518 142/498/498
f 161/512/512 132/515/515 146/513/513
f 134/433/433 148/524/524 149/431/431
f 149/431/431 148/524/524 188/526/526
f 149/431/431 188/526/526 187/429/429
f 187/429/429 188/526/526 165/527/527
f 187/429/429 165/527/527 166/427/427
f 166/427/427 165/527/527 214/528/528
f 166/427/427 214/528/528 213/425/425
f 213/425/425 214/528/528 195/529/529
f 213/425/425 195/529/529 196/423/423
f 196/423/423 195/529/529 239/530/530
f 196/423/423 239/530/530 238/421/421
f 238/421/421 239/530/530 224/531/531
f 238/421/421 224/531/531 225/419/419
f 225/419/419 224/531/531 264/532/532
f 225/419/419 264/532/532 263/417/417
f 263/417/417 264/532/532 253/533/533
f 263/417/417 253/533/533 254/415/415
f 254/415/415 253/533/533 290/534/534
f 254/415/415 290/534/534 289/413/413
f 289/413/413 290/534/534 283/535/535
f 289/413/413 283/535/535 284/411/411
f 284/411/411 283/535/535 317/536/536
f 284/411/411 317/536/536 316/409/409
f 316/409/409 317/536/536 312/537/537
f 316/409/409 312/537/537 313/407/407
f 313/407/407 312/537/537 347/538/538
f 313/407/407 347/538/538 346/405/405
f 346/405/405 347/538/538 343/539/539
f 346/405/405 343/539/539 344/403/403
f 344/403/403 343/539/539 374/401/401
f 188/526/526 148/524/524 189/105/105
f 185/455/455 151/457/457 186/428/428
f 186/428/428 151/457/457 150/430/430
f 153/471/471 183/470/470 154/525/525
f 154/525/525 183/470/470 182/540/540
f 154/525/525 182/540/540 155/487/487
f 155/487/487 182/540/540 181/485/485
f 178/520/520 158/519/519 179/496/496
f 179/496/496 158/519/519 157/497/497
f 188/526/526 189/105/105 164/107/107
f 188/526/526 164/107/107 165/527/527
f 165/527/527 164/107/107 215/109/109
f 165/527/527 215/109/109 214/528/528
f 214/528/528 215/109/109 194/111/111
f 214/528/528 194/111/111 195/529/529
f 195/529/529 194/111/111 240/113/113
f 195/529/529 240/113/113 239/530/530
f 239/530/530 240/113/113 223/115/115
f 239/530/530 223/115/115 224/531/531
f 224/531/531 223/115/115 265/117/117
f 224/531/531 265/117/117 264/532/532
f 264/532/532 265/117/117 252/119/119
f 264/532/532 252/119/119 253/533/533
f 253/533/533 252/119/119 291/121/121
f 253/533/533 291/121/121 290/534/534
f 290/534/534 291/121/121 282/123/123
f 290/534/534 282/123/123 283/535/535
f 283/535/535 282/123/123 318/125/125
f 283/535/535 318/125/125 317/536/536
f 317/536/536 318/125/125 311/127/127
f 317/536/536 311/127/127 312/537/537
f 312/537/537 311/127/127 348/129/129
f 312/537/537 348/129/129 347/538/538
f 347/538/538 348/129/129 342/131/131
f 347/538/538 342/131/131 343/539/539
f 343/539/539 342/131/131 373/133/133
f 343/539/539 373/133/133 374/401/401
f 374/401/401 373/133/133 390/135/135
f 185/455/455 186/428/428 167/426/426
f 185/455/455 167/426/426 168/453/453
f 168/453/453 167/426/426 212/424/424
f 168/453/453 212/424/424 211/451/451
f 211/451/451 212/424/424 197/422/422
f 211/451/451 197/422/422 198/449/449
f 198/449/449 197/422/422 237/420/420
f 198/449/449 237/420/420 236/447/447
f 236/447/447 237/420/420 226/418/418
f 236/447/447 226/418/418 227/445/445
f 227/445/445 226/418/418 262/416/416
f 227/445/445 262/416/416 261/443/443
f 261/443/443 262/416/416 255/414/414
f 261/443/443 255/414/414 256/441/441
f 256/441/441 255/414/414 288/412/412
f 256/441/441 288/412/412 287/439/439
f 287/439/439 288/412/412 285/410/410
f 287/439/439 285/410/410 286/437/437
f 286/437/437 285/410/410 315/408/408
f 182/540/540 183/470/470 170/469/469
f 181/485/485 182/540/540 171/541/541
f 171/541/541 182/540/540 170/469/469
f 171/541/541 170/469/469 209/468/468
f 181/485/485 171/541/541 172/483/483
f 172/483/483 171/541/541 208/542/542
f 172/483/483 208/542/542 207/481/481
f 207/481/481 208/542/542 201/543/543
f 207/481/481 201/543/543 202/479/479
f 202/479/479 201/543/543 233/544/544
f 202/479/479 233/544/544 232/477/477
f 232/477/477 233/544/544 230/545/545
f 232/477/477 230/545/545 231/475/475
f 231/475/475 230/545/545 125/473/473
f 208/542/542 171/541/541 209/468/468
f 178/520/520 179/496/496 174/495/495
f 178/520/520 174/495/495 175/521/521
f 175/521/521 174/495/495 205/494/494
f 175/521/521 205/494/494 129/500/500
f 129/500/500 205/494/494 204/493/493
f 190/210/210 191/546/546 128/208/208
f 128/208/208 191/546/546 217/193/193
f 128/208/208 217/193/193 162/192/192
f 217/193/193 191/546/546 192/194/194
f 192/194/194 191/546/546 243/547/547
f 192/194/194 243/547/547 242/195/195
f 242/195/195 243/547/547 220/548/548
f 242/195/195 220/548/548 221/196/196
f 221/196/196 220/548/548 268/549/549
f 221/196/196 268/549/549 267/197/197
f 267/197/197 268/549/549 249/550/550
f 267/197/197 249/550/550 250/198/198
f 250/198/198 249/550/550 294/551/551
f 250/198/198 294/551/551 293/199/199
f 293/199/199 294/551/551 279/552/552
f 293/199/199 279/552/552 280/200/200
f 280/200/200 279/552/552 321/553/553
f 280/200/200 321/553/553 320/201/201
f 320/201/201 321/553/553 308/554/554
f 320/201/201 308/554/554 309/202/202
f 309/202/202 308/554/554 351/555/555
f 309/202/202 351/555/555 350/203/203
f 350/203/203 351/555/555 339/556/556
f 350/203/203 339/556/556 340/204/204
f 340/204/204 339/556/556 370/557/557
f 340/204/204 370/557/557 371/205/205
f 371/205/205 370/557/557 393/558/558
f 371/205/205 393/558/558 392/206/206
f 392/206/206 393/558/558 387/559/559
f 392/206/206 387/559/559 388/207/207
f 388/207/207 387/559/559 419/141/141
f 388/207/207 419/141/141 418/139/139
f 243/547/547 191/546/546 244/212/212
f 244/212/212 191/546/546 190/210/210
f 208/542/542 209/468/468 200/467/467
f 208/542/542 200/467/467 201/543/543
f 201/543/543 200/467/467 234/466/466
f 201/543/543 234/466/466 233/544/544
f 233/544/544 234/466/466 229/465/465
f 233/544/544 229/465/465 230/545/545
f 230/545/545 229/465/465 259/464/464
f 230/545/545 259/464/464 125/473/473
f 125/473/473 259/464/464 258/463/463
f 243/547/547 244/212/212 219/214/214
f 243/547/547 219/214/214 220/548/548
f 220/548/548 219/214/214 269/216/216
f 220/548/548 269/216/216 268/549/549
f 268/549/549 269/216/216 248/218/218
f 268/549/549 248/218/218 249/550/550
f 249/550/550 248/218/218 295/220/220
f 249/550/550 295/220/220 294/551/551
f 294/551/551 295/220/220 278/222/222
f 294/551/551 278/222/222 279/552/552
f 279/552/552 278/222/222 322/224/224
f 279/552/552 322/224/224 321/553/553
f 321/553/553 322/224/224 307/226/226
f 321/553/553 307/226/226 308/554/554
f 308/554/554 307/226/226 352/228/228
f 308/554/554 352/228/228 351/555/555
f 351/555/555 352/228/228 338/230/230
f 351/555/555 338/230/230 339/556/556
f 339/556/556 338/230/230 369/232/232
f 339/556/556 369/232/232 370/557/557
f 370/557/557 369/232/232 394/234/234
f 370/557/557 394/234/234 393/558/558
f 393/558/558 394/234/234 386/236/236
f 393/558/558 386/236/236 387/559/559
f 387/559/559 386/236/236 420/143/143
f 387/559/559 420/143/143 419/141/141
f 272/251/251 122/262/262 245/252/252
f 245/252/252 122/262/262 299/560/560
f 245/252/252 299/560/560 298/253/253
f 298/253/253 299/560/560 274/561/561
f 298/253/253 274/561/561 275/254/254
f 275/254/254 274/561/561 326/562/562
f 275/254/254 326/562/562 325/255/255
f 325/255/255 326/562/562 303/563/563
f 325/255/255 303/563/563 304/256/256
f 304/256/256 303/563/563 356/564/564
f 304/256/256 356/564/564 355/257/257
f 355/257/257 356/564/564 334/565/565
f 355/257/257 334/565/565 335/258/258
f 335/258/258 334/565/565 365/566/566
f 335/258/258 365/566/566 366/259/259
f 366/259/259 365/566/566 398/567/567
f 366/259/259 398/567/567 397/260/260
f 397/260/260 398/567/567 382/568/568
f 397/260/260 382/568/568 383/261/261
f 383/261/261 382/568/568 424/151/151
f 383/261/261 424/151/151 423/149/149
f 300/264/264 273/266/266 299/560/560
f 299/560/560 273/266/266 274/561/561
f 326/562/562 274/561/561 327/268/268
f 327/268/268 274/561/561 273/266/266
f 122/262/262 300/264/264 299/560/560
f 326/562/562 327/268/268 302/270/270
f 326/562/562 302/270/270 303/563/563
f 303/563/563 302/270/270 357/272/272
f 303/563/563 357/272/272 356/564/564
f 356/564/564 357/272/272 333/274/274
f 356/564/564 333/274/274 334/565/565
f 334/565/565 333/274/274 364/276/276
f 334/565/565 364/276/276 365/566/566
f 365/566/566 364/276/276 399/278/278
f 365/566/566 399/278/278 398/567/567
f 398/567/567 399/278/278 381/280/280
f 398/567/567 381/280/280 382/568/568
f 382/568/568 381/280/280 425/153/153
f 382/568/568 425/153/153 424/151/151
f 375/300/300 376/569/569 119/298/298
f 119/298/298 376/569/569 403/296/296
f 119/298/298 403/296/296 360/295/295
f 403/296/296 376/569/569 377/297/297
f 377/297/297 376/569/569 430/163/163
f 377/297/297 430/163/163 429/161/161
f 430/163/163 376/569/569 431/165/165
f 431/165/165 376/569/569 375/300/300
f 405/166/166 404/168/168 459/570/570
f 459/570/570 404/168/168 115/170/170
f 459/570/570 115/170/170 433/571/571
f 433/571/571 115/170/170 432/172/172
f 433/571/571 432/172/172 486/174/174
f 406/164/164 405/166/166 458/572/572
f 458/572/572 405/166/166 459/570/570
f 458/572/572 459/570/570 434/573/573
f 434/573/573 459/570/570 433/571/571
f 434/573/573 433/571/571 485/574/574
f 485/574/574 433/571/571 486/174/174
f 485/574/574 486/174/174 461/176/176
f 407/162/162 406/164/164 457/575/575
f 457/575/575 406/164/164 458/572/572
f 457/575/575 458/572/572 435/576/576
f 435/576/576 458/572/572 434/573/573
f 435/576/576 434/573/573 484/577/577
f 484/577/577 434/573/573 485/574/574
f 484/577/577 485/574/574 462/578/578
f 462/578/578 485/574/574 461/176/176
f 462/578/578 461/176/176 511/178/178
f 408/160/160 407/162/162 456/579/579
f 456/579/579 407/162/162 457/575/575
f 456/579/579 457/575/575 436/580/580
f 436/580/580 457/575/575 435/576/576
f 436/580/580 435/576/576 483/581/581
f 483/581/581 435/576/576 484/577/577
f 483/581/581 484/577/577 463/582/582
f 463/582/582 484/577/577 462/578/578
f 463/582/582 462/578/578 510/583/583
f 510/583/583 462/578/578 511/178/178
f 510/583/583 511/178/178 490/180/180
f 409/158/158 408/160/160 455/584/584
f 455/584/584 408/160/160 456/579/579
f 455/584/584 456/579/579 437/585/585
f 437/585/585 456/579/579 436/580/580
f 437/585/585 436/580/580 482/586/586
f 482/586/586 436/580/580 483/581/581
f 482/586/586 483/581/581 464/587/587
f 464/587/587 483/581/581 463/582/582
f 464/587/587 463/582/582 509/588/588
f 509/588/588 463/582/582 510/583/583
f 509/588/588 510/583/583 491/589/589
f 491/589/589 510/583/583 490/180/180
f 491/589/589 490/180/180 537/182/182
f 410/156/156 409/158/158 454/590/590
f 454/590/590 409/158/158 455/584/584
f 454/590/590 455/584/584 438/591/591
f 438/591/591 455/584/584 437/585/585
f 438/591/591 437/585/585 481/592/592
f 481/592/592 437/585/585 482/586/586
f 481/592/592 482/586/586 465/593/593
f 465/593/593 482/586/586 464/587/587
f 465/593/593 464/587/587 508/594/594
f 508/594/594 464/587/587 509/588/588
f 508/594/594 509/588/588 492/595/595
f 492/595/595 509/588/588 491/589/589
f 492/595/595 491/589/589 536/596/596
f 536/596/596 491/589/589 537/182/182
f 536/596/596 537/182/182 520/184/184
f 411/154/154 410/156/156 453/597/597
f 453/597/597 410/156/156 454/590/590
f 453/597/597 454/590/590 439/598/598
f 439/598/598 454/590/590 438/591/591
f 439/598/598 438/591/591 480/599/599
f 480/599/599 438/591/591 481/592/592
f 480/599/599 481/592/592 466/600/600
f 466/600/600 481/592/592 465/593/593
f 466/600/600 465/593/593 507/601/601
f 507/601/601 465/593/593 508/594/594
f 507/601/601 508/594/594 493/602/602
f 493/602/602 508/594/594 492/595/595
f 493/602/602 492/595/595 535/603/603
f 535/603/603 492/595/595 536/596/596
f 535/603/603 536/596/596 521/604/604
f 521/604/604 536/596/596 520/184/184
f 521/604/604 520/184/184 564/186/186
f 412/152/152 411/154/154 452/605/605
f 452/605/605 411/154/154 453/597/597
f 452/605/605 453/597/597 440/606/606
f 440/606/606 453/597/597 439/598/598
f 440/606/606 439/598/598 479/607/607
f 479/607/607 439/598/598 480/599/599
f 479/607/607 480/599/599 467/608/608
f 467/608/608 480/599/599 466/600/600
f 467/608/608 466/600/600 506/609/609
f 506/609/609 466/600/600 507/601/601
f 506/609/609 507/601/601 494/610/610
f 494/610/610 507/601/601 493/602/602
f 494/610/610 493/602/602 534/611/611
f 534/611/611 493/602/602 535/603/603
f 534/611/611 535/603/603 522/612/612
f 522/612/612 535/603/603 521/604/604
f 522/612/612 521/604/604 563/613/613
f 563/613/613 521/604/604 564/186/186
f 563/613/613 564/186/186 551/188/188
f 450/360/360 414/148/148 413/150/150
f 413/150/150 412/152/152 451/614/614
f 451/614/614 412/152/152 452/605/605
f 451/614/614 452/605/605 441/615/615
f 441/615/615 452/605/605 440/606/606
f 441/615/615 440/606/606 478/616/616
f 478/616/616 440/606/606 479/607/607
f 478/616/616 479/607/607 468/617/617
f 468/617/617 479/607/607 467/608/608
f 468/617/617 467/608/608 505/618/618
f 505/618/618 467/608/608 506/609/609
f 505/618/618 506/609/609 495/619/619
f 495/619/619 506/609/609 494/610/610
f 495/619/619 494/610/610 533/620/620
f 533/620/620 494/610/610 534/611/611
f 533/620/620 534/611/611 523/621/621
f 523/621/621 534/611/611 522/612/612
f 523/621/621 522/612/612 562/622/622
f 562/622/622 522/612/612 563/613/613
f 562/622/622 563/613/613 552/340/340
f 552/340/340 563/613/613 551/188/188
f 441/615/615 442/358/358 451/614/614
f 451/614/614 442/358/358 450/360/360
f 451/614/614 450/360/360 413/150/150
f 442/358/358 441/615/615 477/356/356
f 477/356/356 441/615/615 478/616/616
f 477/356/356 478/616/616 469/354/354
f 469/354/354 478/616/616 468/617/617
f 469/354/354 468/617/617 504/352/352
f 504/352/352 468/617/617 505/618/618
f 504/352/352 505/618/618 496/350/350
f 496/350/350 505/618/618 495/619/619
f 496/350/350 495/619/619 532/348/348
f 532/348/348 495/619/619 533/620/620
f 532/348/348 533/620/620 524/346/346
f 524/346/346 533/620/620 523/621/621
f 524/346/346 523/621/621 561/344/344
f 561/344/344 523/621/621 562/622/622
f 561/344/344 562/622/622 553/342/342
f 553/342/342 562/622/622 552/340/340
f 514/311/311 109/318/318 487/312/312
f 487/312/312 109/318/318 541/339/339
f 487/312/312 541/339/339 540/313/313
f 540/313/313 541/339/339 516/338/338
f 540/313/313 516/338/338 517/314/314
f 517/314/314 516/338/338 568/337/337
f 517/314/314 568/337/337 567/315/315
f 567/315/315 568/337/337 547/336/336
f 567/315/315 547/336/336 548/316/316
f 543/333/333 544/331/331 571/330/330
f 3/623/623 2/624/624 584/625/625
f 584/625/625 2/624/624 572/626/626
f 584/625/625 572/626/626 624/627/627
f 624/627/627 572/626/626 573/628/628
f 624/627/627 573/628/628 623/629/629
f 623/629/629 573/628/628 574/630/630
f 623/629/629 574/630/630 622/631/631
f 622/631/631 574/630/630 575/632/632
f 622/631/631 575/632/632 621/633/633
f 621/633/633 575/632/632 620/634/634
f 621/633/633 620/634/634 635/635/635
f 635/635/635 620/634/634 634/636/636
f 635/635/635 634/636/636 658/637/637
f 658/637/637 634/636/636 659/638/638
f 658/637/637 659/638/638 650/639/639
f 650/639/639 659/638/638 649/640/640
f 650/639/639 649/640/640 686/641/641
f 686/641/641 649/640/640 687/642/642
f 686/641/641 687/642/642 678/643/643
f 678/643/643 687/642/642 677/644/644
f 678/643/643 677/644/644 713/645/645
f 713/645/645 677/644/644 714/646/646
f 713/645/645 714/646/646 705/647/647
f 705/647/647 714/646/646 704/648/648
f 705/647/647 704/648/648 740/649/649
f 740/649/649 704/648/648 741/650/650
f 740/649/649 741/650/650 732/651/651
f 732/651/651 741/650/650 731/652/652
f 732/651/651 731/652/652 768/653/653
f 768/653/653 731/652/652 769/654/654
f 768/653/653 769/654/654 760/655/655
f 760/655/655 769/654/654 759/656/656
f 760/655/655 759/656/656 796/657/657
f 796/657/657 759/656/656 797/658/658
f 796/657/657 797/658/658 787/659/659
f 787/659/659 797/658/658 786/660/660
f 787/659/659 786/660/660 828/661/661
f 828/661/661 786/660/660 829/662/662
f 828/661/661 829/662/662 815/663/663
f 815/663/663 829/662/662 814/664/664
f 815/663/663 814/664/664 845/665/665
f 845/665/665 814/664/664 844/666/666
f 845/665/665 844/666/666 873/667/667
f 873/667/667 844/666/666 874/668/668
f 873/667/667 874/668/668 860/669/669
f 860/669/669 874/668/668 859/670/670
f 860/669/669 859/670/670 901/671/671
f 901/671/671 859/670/670 902/672/672
f 901/671/671 902/672/672 889/673/673
f 889/673/673 902/672/672 888/674/674
f 889/673/673 888/674/674 929/675/675
f 929/675/675 888/674/674 930/676/676
f 929/675/675 930/676/676 917/677/677
f 917/677/677 930/676/676 916/678/678
f 917/677/677 916/678/678 956/679/679
f 956/679/679 916/678/678 957/680/680
f 956/679/679 957/680/680 944/681/681
f 944/681/681 957/680/680 943/682/682
f 944/681/681 943/682/682 983/683/683
f 983/683/683 943/682/682 984/684/684
f 983/683/683 984/684/684 971/685/685
f 971/685/685 984/684/684 970/686/686
f 971/685/685 970/686/686 1011/687/687
f 1011/687/687 970/686/686 1012/688/688
f 1011/687/687 1012/688/688 999/689/689
f 999/689/689 1012/688/688 998/690/690
f 999/689/689 998/690/690 1040/691/691
f 1040/691/691 998/690/690 1041/692/692
f 1040/691/691 1041/692/692 1028/693/693
f 1028/693/693 1041/692/692 1027/694/694
f 1028/693/693 1027/694/694 76/695/695
f 76/695/695 1027/694/694 77/696/696
f 77/696/696 1027/694/694 1026/697/697
f 77/696/696 1026/697/697 78/698/698
f 78/698/698 1026/697/697 1025/699/699
f 78/698/698 1025/699/699 79/700/700
f 79/700/700 1025/699/699 1024/701/701
f 79/700/700 1024/701/701 1023/702/702
f 1023/702/702 1024/701/701 1045/703/703
f 1023/702/702 1045/703/703 1046/704/704
f 1046/704/704 1045/703/703 993/705/705
f 1046/704/704 993/705/705 992/706/706
f 992/706/706 993/705/705 1018/707/707
f 992/706/706 1018/707/707 1019/708/708
f 1019/708/708 1018/707/707 608/709/709
f 1019/708/708 608/709/709 56/710/710
f 56/710/710 608/709/709 57/711/711
f 57/711/711 608/709/709 991/712/712
f 57/711/711 991/712/712 606/713/713
f 606/713/713 991/712/712 990/714/714
f 606/713/713 990/714/714 937/715/715
f 937/715/715 990/714/714 989/716/716
f 937/715/715 989/716/716 938/717/717
f 938/717/717 989/716/716 988/718/718
f 938/717/717 988/718/718 939/719/719
f 939/719/719 988/718/718 987/720/720
f 939/719/719 987/720/720 940/721/721
f 940/721/721 987/720/720 986/722/722
f 940/721/721 986/722/722 941/723/723
f 941/723/723 986/722/722 985/724/724
f 941/723/723 985/724/724 942/725/725
f 942/725/725 985/724/724 984/684/684
f 942/725/725 984/684/684 943/682/682
f 575/632/632 576/726/726 620/634/634
f 620/634/634 576/726/726 619/727/727
f 620/634/634 619/727/727 634/636/636
f 634/636/636 619/727/727 633/728/728
f 634/636/636 633/728/728 659/638/638
f 659/638/638 633/728/728 660/729/729
f 659/638/638 660/729/729 649/640/640
f 649/640/640 660/729/729 648/730/730
f 649/640/640 648/730/730 687/642/642
f 687/642/642 648/730/730 688/731/731
f 687/642/642 688/731/731 677/644/644
f 677/644/644 688/731/731 676/732/732
f 677/644/644 676/732/732 714/646/646
f 714/646/646 676/732/732 715/733/733
f 714/646/646 715/733/733 704/648/648
f 704/648/648 715/733/733 703/734/734
f 704/648/648 703/734/734 741/650/650
f 741/650/650 703/734/734 742/735/735
f 741/650/650 742/735/735 731/652/652
f 731/652/652 742/735/735 730/736/736
f 731/652/652 730/736/736 769/654/654
f 769/654/654 730/736/736 770/737/737
f 769/654/654 770/737/737 759/656/656
f 759/656/656 770/737/737 758/738/738
f 759/656/656 758/738/738 797/658/658
f 797/658/658 758/738/738 798/739/739
f 797/658/658 798/739/739 786/660/660
f 786/660/660 798/739/739 785/740/740
f 786/660/660 785/740/740 829/662/662
f 829/662/662 785/740/740 830/741/741
f 829/662/662 830/741/741 814/664/664
f 814/664/664 830/741/741 813/742/742
f 814/664/664 813/742/742 844/666/666
f 844/666/666 813/742/742 843/743/743
f 844/666/666 843/743/743 874/668/668
f 874/668/668 843/743/743 875/744/744
f 874/668/668 875/744/744 859/670/670
f 859/670/670 875/744/744 858/745/745
f 859/670/670 858/745/745 902/672/672
f 902/672/672 858/745/745 903/746/746
f 902/672/672 903/746/746 888/674/674
f 888/674/674 903/746/746 887/747/747
f 888/674/674 887/747/747 930/676/676
f 930/676/676 887/747/747 931/748/748
f 930/676/676 931/748/748 916/678/678
f 916/678/678 931/748/748 915/749/749
f 916/678/678 915/749/749 957/680/680
f 957/680/680 915/749/749 958/750/750
f 957/680/680 958/750/750 943/682/682
f 943/682/682 958/750/750 942/725/725
f 576/726/726 577/751/751 619/727/727
f 619/727/727 577/751/751 618/752/752
f 619/727/727 618/752/752 633/728/728
f 633/728/728 618/752/752 632/753/753
f 633/728/728 632/753/753 660/729/729
f 660/729/729 632/753/753 661/754/754
f 660/729/729 661/754/754 648/730/730
f 648/730/730 661/754/754 647/755/755
f 648/730/730 647/755/755 688/731/731
f 688/731/731 647/755/755 689/756/756
f 688/731/731 689/756/756 676/732/732
f 676/732/732 689/756/756 675/757/757
f 676/732/732 675/757/757 715/733/733
f 715/733/733 675/757/757 716/758/758
f 715/733/733 716/758/758 703/734/734
f 703/734/734 716/758/758 702/759/759
f 703/734/734 702/759/759 742/735/735
f 742/735/735 702/759/759 743/760/760
f 742/735/735 743/760/760 730/736/736
f 730/736/736 743/760/760 729/761/761
f 730/736/736 729/761/761 770/737/737
f 770/737/737 729/761/761 771/762/762
f 770/737/737 771/762/762 758/738/738
f 758/738/738 771/762/762 757/763/763
f 758/738/738 757/763/763 798/739/739
f 798/739/739 757/763/763 799/764/764
f 798/739/739 799/764/764 785/740/740
f 785/740/740 799/764/764 784/765/765
f 785/740/740 784/765/765 830/741/741
f 830/741/741 784/765/765 831/766/766
f 830/741/741 831/766/766 813/742/742
f 813/742/742 831/766/766 812/767/767
f 813/742/742 812/767/767 843/743/743
f 843/743/743 812/767/767 842/768/768
f 843/743/743 842/768/768 875/744/744
f 875/744/744 842/768/768 876/769/769
f 875/744/744 876/769/769 858/745/745
f 858/745/745 876/769/769 857/770/770
f 858/745/745 857/770/770 903/746/746
f 903/746/746 857/770/770 904/771/771
f 903/746/746 904/771/771 887/747/747
f 887/747/747 904/771/771 886/772/772
f 887/747/747 886/772/772 931/748/748
f 931/748/748 886/772/772 932/773/773
f 931/748/748 932/773/773 915/749/749
f 915/749/749 932/773/773 914/774/774
f 915/749/749 914/774/774 958/750/750
f 958/750/750 914/774/774 959/775/775
f 958/750/750 959/775/775 942/725/725
f 942/725/725 959/775/775 941/723/723
f 577/751/751 578/776/776 618/752/752
f 618/752/752 578/776/776 617/777/777
f 618/752/752 617/777/777 632/753/753
f 632/753/753 617/777/777 631/778/778
f 632/753/753 631/778/778 661/754/754
f 661/754/754 631/778/778 662/779/779
f 661/754/754 662/779/779 647/755/755
f 647/755/755 662/779/779 646/780/780
f 647/755/755 646/780/780 689/756/756
f 689/756/756 646/780/780 690/781/781
f 689/756/756 690/781/781 675/757/757
f 675/757/757 690/781/781 674/782/782
f 675/757/757 674/782/782 716/758/758
f 716/758/758 674/782/782 717/783/783
f 716/758/758 717/783/783 702/759/759
f 702/759/759 717/783/783 701/784/784
f 702/759/759 701/784/784 743/760/760
f 743/760/760 701/784/784 744/785/785
f 743/760/760 744/785/785 729/761/761
f 729/761/761 744/785/785 728/786/786
f 729/761/761 728/786/786 771/762/762
f 771/762/762 728/786/786 772/787/787
f 771/762/762 772/787/787 757/763/763
f 757/763/763 772/787/787 756/788/788
f 757/763/763 756/788/788 799/764/764
f 799/764/764 756/788/788 800/789/789
f 799/764/764 800/789/789 784/765/765
f 784/765/765 800/789/789 783/790/790
f 784/765/765 783/790/790 831/766/766
f 831/766/766 783/790/790 832/791/791
f 831/766/766 832/791/791 812/767/767
f 812/767/767 832/791/791 811/792/792
f 812/767/767 811/792/792 842/768/768
f 842/768/768 811/792/792 841/793/793
f 842/768/768 841/793/793 876/769/769
f 876/769/769 841/793/793 877/794/794
f 876/769/769 877/794/794 857/770/770
f 857/770/770 877/794/794 856/795/795
f 857/770/770 856/795/795 904/771/771
f 904/771/771 856/795/795 905/796/796
f 904/771/771 905/796/796 886/772/772
f 886/772/772 905/796/796 885/797/797
f 886/772/772 885/797/797 932/773/773
f 932/773/773 885/797/797 933/798/798
f 932/773/773 933/798/798 914/774/774
f 914/774/774 933/798/798 913/799/799
f 914/774/774 913/799/799 959/775/775
f 959/775/775 913/799/799 960/800/800
f 959/775/775 960/800/800 941/723/723
f 941/723/723 960/800/800 940/721/721
f 578/776/776 579/801/801 617/777/777
f 617/777/777 579/801/801 616/802/802
f 617/777/777 616/802/802 631/778/778
f 631/778/778 616/802/802 630/803/803
f 631/778/778 630/803/803 662/779/779
f 662/779/779 630/803/803 663/804/804
f 662/779/779 663/804/804 646/780/780
f 646/780/780 663/804/804 645/805/805
f 646/780/780 645/805/805 690/781/781
f 690/781/781 645/805/805 691/806/806
f 690/781/781 691/806/806 674/782/782
f 674/782/782 691/806/806 673/807/807
f 674/782/782 673/807/807 717/783/783
f 717/783/783 673/807/807 718/808/808
f 717/783/783 718/808/808 701/784/784
f 701/784/784 718/808/808 700/809/809
f 701/784/784 700/809/809 744/785/785
f 744/785/785 700/809/809 745/810/810
f 744/785/785 745/810/810 728/786/786
f 728/786/786 745/810/810 727/811/811
f 728/786/786 727/811/811 772/787/787
f 772/787/787 727/811/811 773/812/812
f 772/787/787 773/812/812 756/788/788
f 756/788/788 773/812/812 755/813/813
f 756/788/788 755/813/813 800/789/789
f 800/789/789 755/813/813 801/814/814
f 800/789/789 801/814/814 783/790/790
f 783/790/790 801/814/814 782/815/815
f 783/790/790 782/815/815 832/791/791
f 832/791/791 782/815/815 833/816/816
f 832/791/791 833/816/816 811/792/792
f 811/792/792 833/816/816 810/817/817
f 811/792/792 810/817/817 841/793/793
f 841/793/793 810/817/817 840/818/818
f 841/793/793 840/818/818 877/794/794
f 877/794/794 840/818/818 878/819/819
f 877/794/794 878/819/819 856/795/795
f 856/795/795 878/819/819 855/820/820
f 856/795/795 855/820/820 905/796/796
f 905/796/796 855/820/820 906/821/821
f 905/796/796 906/821/821 885/797/797
f 885/797/797 906/821/821 884/822/822
f 885/797/797 884/822/822 933/798/798
f 933/798/798 884/822/822 934/823/823
f 933/798/798 934/823/823 913/799/799
f 913/799/799 934/823/823 912/824/824
f 913/799/799 912/824/824 960/800/800
f 960/800/800 912/824/824 961/825/825
f 960/800/800 961/825/825 940/721/721
f 940/721/721 961/825/825 939/719/719
f 579/801/801 580/826/826 616/802/802
f 616/802/802 580/826/826 615/827/827
f 616/802/802 615/827/827 630/803/803
f 630/803/803 615/827/827 629/828/828
f 630/803/803 629/828/828 663/804/804
f 663/804/804 629/828/828 664/829/829
f 663/804/804 664/829/829 645/805/805
f 645/805/805 664/829/829 644/830/830
f 645/805/805 644/830/830 691/806/806
f 691/806/806 644/830/830 692/831/831
f 691/806/806 692/831/831 673/807/807
f 673/807/807 692/831/831 672/832/832
f 673/807/807 672/832/832 718/808/808
f 718/808/808 672/832/832 719/833/833
f 718/808/808 719/833/833 700/809/809
f 700/809/809 719/833/833 699/834/834
f 700/809/809 699/834/834 745/810/810
f 745/810/810 699/834/834 746/835/835
f 745/810/810 746/835/835 727/811/811
f 727/811/811 746/835/835 726/836/836
f 727/811/811 726/836/836 773/812/812
f 773/812/812 726/836/836 774/837/837
f 773/812/812 774/837/837 755/813/813
f 755/813/813 774/837/837 754/838/838
f 755/813/813 754/838/838 801/814/814
f 801/814/814 754/838/838 802/839/839
f 801/814/814 802/839/839 782/815/815
f 782/815/815 802/839/839 781/840/840
f 782/815/815 781/840/840 833/816/816
f 833/816/816 781/840/840 834/841/841
f 833/816/816 834/841/841 810/817/817
f 810/817/817 834/841/841 809/842/842
f 810/817/817 809/842/842 840/818/818
f 840/818/818 809/842/842 839/843/843
f 840/818/818 839/843/843 878/819/819
f 878/819/819 839/843/843 879/844/844
f 878/819/819 879/844/844 855/820/820
f 855/820/820 879/844/844 854/845/845
f 855/820/820 854/845/845 906/821/821
f 906/821/821 854/845/845 907/846/846
f 906/821/821 907/846/846 884/822/822
f 884/822/822 907/846/846 883/847/847
f 884/822/822 883/847/847 934/823/823
f 934/823/823 883/847/847 935/848/848
f 934/823/823 935/848/848 912/824/824
f 912/824/824 935/848/848 911/849/849
f 912/824/824 911/849/849 961/825/825
f 961/825/825 911/849/849 962/850/850
f 961/825/825 962/850/850 939/719/719
f 939/719/719 962/850/850 938/717/717
f 615/827/827 580/826/826 614/851/851
f 614/851/851 580/826/826 581/852/852
f 614/851/851 581/852/852 613/853/853
f 613/853/853 581/852/852 582/854/854
f 613/853/853 582/854/854 612/855/855
f 612/855/855 582/854/854 583/856/856
f 612/855/855 583/856/856 611/857/857
f 611/857/857 583/856/856 35/858/858
f 611/857/857 35/858/858 70/859/859
f 69/860/860 586/861/861 70/859/859
f 70/859/859 586/861/861 625/862/862
f 70/859/859 625/862/862 611/857/857
f 611/857/857 625/862/862 626/863/863
f 611/857/857 626/863/863 612/855/855
f 612/855/855 626/863/863 627/864/864
f 612/855/855 627/864/864 613/853/853
f 613/853/853 627/864/864 628/865/865
f 613/853/853 628/865/865 614/851/851
f 614/851/851 628/865/865 629/828/828
f 614/851/851 629/828/828 615/827/827
f 68/866/866 588/867/867 69/860/860
f 69/860/860 588/867/867 640/868/868
f 69/860/860 640/868/868 586/861/861
f 586/861/861 640/868/868 641/869/869
f 586/861/861 641/869/869 667/870/870
f 667/870/870 641/869/869 642/871/871
f 667/870/870 642/871/871 666/872/872
f 666/872/872 642/871/871 643/873/873
f 666/872/872 643/873/873 665/874/874
f 665/874/874 643/873/873 644/830/830
f 665/874/874 644/830/830 664/829/829
f 67/875/875 590/876/876 68/866/866
f 68/866/866 590/876/876 668/877/877
f 68/866/866 668/877/877 588/867/867
f 588/867/867 668/877/877 669/878/878
f 588/867/867 669/878/878 695/879/879
f 695/879/879 669/878/878 670/880/880
f 695/879/879 670/880/880 694/881/881
f 694/881/881 670/880/880 671/882/882
f 694/881/881 671/882/882 693/883/883
f 693/883/883 671/882/882 672/832/832
f 693/883/883 672/832/832 692/831/831
f 590/876/876 67/875/875 592/884/884
f 592/884/884 67/875/875 66/885/885
f 592/884/884 66/885/885 750/886/886
f 750/886/886 66/885/885 594/887/887
f 750/886/886 594/887/887 723/888/888
f 723/888/888 594/887/887 777/889/889
f 723/888/888 777/889/889 776/890/890
f 776/890/890 777/889/889 752/891/891
f 776/890/890 752/891/891 753/892/892
f 753/892/892 752/891/891 803/893/893
f 753/892/892 803/893/893 802/839/839
f 802/839/839 803/893/893 781/840/840
f 66/885/885 65/894/894 594/887/887
f 594/887/887 65/894/894 778/895/895
f 594/887/887 778/895/895 777/889/889
f 777/889/889 778/895/895 751/896/896
f 777/889/889 751/896/896 752/891/891
f 752/891/891 751/896/896 804/897/897
f 752/891/891 804/897/897 803/893/893
f 803/893/893 804/897/897 780/898/898
f 803/893/893 780/898/898 781/840/840
f 781/840/840 780/898/898 834/841/841
f 778/895/895 65/894/894 596/899/899
f 596/899/899 65/894/894 64/900/900
f 596/899/899 64/900/900 806/901/901
f 806/901/901 64/900/900 597/902/902
f 806/901/901 597/902/902 805/903/903
f 805/903/903 597/902/902 779/904/904
f 805/903/903 779/904/904 804/897/897
f 804/897/897 779/904/904 780/898/898
f 64/900/900 63/905/905 597/902/902
f 597/902/902 63/905/905 836/906/906
f 597/902/902 836/906/906 779/904/904
f 779/904/904 836/906/906 835/907/907
f 779/904/904 835/907/907 780/898/898
f 780/898/898 835/907/907 834/841/841
f 836/906/906 63/905/905 807/908/908
f 807/908/908 63/905/905 62/909/909
f 807/908/908 62/909/909 837/910/910
f 837/910/910 62/909/909 598/911/911
f 837/910/910 598/911/911 880/912/912
f 880/912/912 598/911/911 853/913/913
f 880/912/912 853/913/913 854/845/845
f 854/845/845 853/913/913 907/846/846
f 62/909/909 61/914/914 598/911/911
f 598/911/911 61/914/914 852/915/915
f 598/911/911 852/915/915 853/913/913
f 853/913/913 852/915/915 908/916/916
f 853/913/913 908/916/916 907/846/846
f 907/846/846 908/916/916 883/847/847
f 852/915/915 61/914/914 600/917/917
f 600/917/917 61/914/914 60/918/918
f 600/917/917 60/918/918 881/919/919
f 881/919/919 60/918/918 602/920/920
f 881/919/919 602/920/920 936/921/921
f 936/921/921 602/920/920 910/922/922
f 936/921/921 910/922/922 911/849/849
f 911/849/849 910/922/922 962/850/850
f 60/918/918 59/923/923 602/920/920
f 602/920/920 59/923/923 909/924/924
f 602/920/920 909/924/924 910/922/922
f 910/922/922 909/924/924 963/925/925
f 910/922/922 963/925/925 962/850/850
f 962/850/850 963/925/925 938/717/717
f 909/924/924 59/923/923 604/926/926
f 604/926/926 59/923/923 58/927/927
f 604/926/926 58/927/927 606/713/713
f 606/713/713 58/927/927 57/711/711
f 1019/708/708 56/710/710 610/928/928
f 610/928/928 56/710/710 55/929/929
f 610/928/928 55/929/929 1048/930/930
f 1048/930/930 55/929/929 1020/931/931
f 1048/930/930 1020/931/931 1021/932/932
f 1021/932/932 1020/931/931 82/933/933
f 1021/932/932 82/933/933 81/934/934
f 55/929/929 54/935/935 1020/931/931
f 1020/931/931 54/935/935 82/933/933
f 1021/932/932 81/934/934 1022/936/936
f 1022/936/936 81/934/934 80/937/937
f 1022/936/936 80/937/937 1023/702/702
f 1023/702/702 80/937/937 79/700/700
f 76/695/695 75/938/938 1028/693/693
f 1028/693/693 75/938/938 1029/939/939
f 1028/693/693 1029/939/939 1040/691/691
f 1040/691/691 1029/939/939 1039/940/940
f 1040/691/691 1039/940/940 999/689/689
f 999/689/689 1039/940/940 1000/941/941
f 999/689/689 1000/941/941 1011/687/687
f 1011/687/687 1000/941/941 1010/942/942
f 1011/687/687 1010/942/942 971/685/685
f 971/685/685 1010/942/942 972/943/943
f 971/685/685 972/943/943 983/683/683
f 983/683/683 972/943/943 982/944/944
f 983/683/683 982/944/944 944/681/681
f 944/681/681 982/944/944 945/945/945
f 944/681/681 945/945/945 956/679/679
f 956/679/679 945/945/945 955/946/946
f 956/679/679 955/946/946 917/677/677
f 917/677/677 955/946/946 918/947/947
f 917/677/677 918/947/947 929/675/675
f 929/675/675 918/947/947 928/948/948
f 929/675/675 928/948/948 889/673/673
f 889/673/673 928/948/948 890/949/949
f 889/673/673 890/949/949 901/671/671
f 901/671/671 890/949/949 900/950/950
f 901/671/671 900/950/950 860/669/669
f 860/669/669 900/950/950 861/951/951
f 860/669/669 861/951/951 873/667/667
f 873/667/667 861/951/951 872/952/952
f 873/667/667 872/952/952 845/665/665
f 845/665/665 872/952/952 846/953/953
f 845/665/665 846/953/953 815/663/663
f 815/663/663 846/953/953 816/954/954
f 815/663/663 816/954/954 828/661/661
f 828/661/661 816/954/954 827/955/955
f 828/661/661 827/955/955 787/659/659
f 787/659/659 827/955/955 788/956/956
f 787/659/659 788/956/956 796/657/657
f 796/657/657 788/956/956 795/957/957
f 796/657/657 795/957/957 760/655/655
f 760/655/655 795/957/957 761/958/958
f 760/655/655 761/958/958 768/653/653
f 768/653/653 761/958/958 767/959/959
f 768/653/653 767/959/959 732/651/651
f 732/651/651 767/959/959 733/960/960
f 732/651/651 733/960/960 740/649/649
f 740/649/649 733/960/960 739/961/961
f 740/649/649 739/961/961 705/647/647
f 705/647/647 739/961/961 706/962/962
f 705/647/647 706/962/962 713/645/645
f 713/645/645 706/962/962 712/963/963
f 713/645/645 712/963/963 678/643/643
f 678/643/643 712/963/963 679/964/964
f 678/643/643 679/964/964 686/641/641
f 686/641/641 679/964/964 685/965/965
f 686/641/641 685/965/965 650/639/639
f 650/639/639 685/965/965 651/966/966
f 650/639/639 651/966/966 658/637/637
f 658/637/637 651/966/966 657/967/967
f 658/637/637 657/967/967 635/635/635
f 635/635/635 657/967/967 636/968/968
f 635/635/635 636/968/968 621/633/633
f 621/633/633 636/968/968 622/631/631
f 75/938/938 74/969/969 1029/939/939
f 1029/939/939 74/969/969 1030/970/970
f 1029/939/939 1030/970/970 1039/940/940
f 1039/940/940 1030/970/970 1038/971/971
f 1039/940/940 1038/971/971 1000/941/941
f 1000/941/941 1038/971/971 1001/972/972
f 1000/941/941 1001/972/972 1010/942/942
f 1010/942/942 1001/972/972 1009/973/973
f 1010/942/942 1009/973/973 972/943/943
f 972/943/943 1009/973/973 973/974/974
f 972/943/943 973/974/974 982/944/944
f 982/944/944 973/974/974 981/975/975
f 982/944/944 981/975/975 945/945/945
f 945/945/945 981/975/975 946/976/976
f 945/945/945 946/976/976 955/946/946
f 955/946/946 946/976/976 954/977/977
f 955/946/946 954/977/977 918/947/947
f 918/947/947 954/977/977 919/978/978
f 918/947/947 919/978/978 928/948/948
f 928/948/948 919/978/978 927/979/979
f 928/948/948 927/979/979 890/949/949
f 890/949/949 927/979/979 891/980/980
f 890/949/949 891/980/980 900/950/950
f 900/950/950 891/980/980 899/981/981
f 900/950/950 899/981/981 861/951/951
f 861/951/951 899/981/981 862/982/982
f 861/951/951 862/982/982 872/952/952
f 872/952/952 862/982/982 871/983/983
f 872/952/952 871/983/983 846/953/953
f 846/953/953 871/983/983 847/984/984
f 846/953/953 847/984/984 816/954/954
f 816/954/954 847/984/984 817/985/985
f 816/954/954 817/985/985 827/955/955
f 827/955/955 817/985/985 826/986/986
f 827/955/955 826/986/986 788/956/956
f 788/956/956 826/986/986 789/987/987
f 788/956/956 789/987/987 795/957/957
f 795/957/957 789/987/987 794/988/988
f 795/957/957 794/988/988 761/958/958
f 761/958/958 794/988/988 762/989/989
f 761/958/958 762/989/989 767/959/959
f 767/959/959 762/989/989 766/990/990
f 767/959/959 766/990/990 733/960/960
f 733/960/960 766/990/990 734/991/991
f 733/960/960 734/991/991 739/961/961
f 739/961/961 734/991/991 738/992/992
f 739/961/961 738/992/992 706/962/962
f 706/962/962 738/992/992 707/993/993
f 706/962/962 707/993/993 712/963/963
f 712/963/963 707/993/993 711/994/994
f 712/963/963 711/994/994 679/964/964
f 679/964/964 711/994/994 680/995/995
f 679/964/964 680/995/995 685/965/965
f 685/965/965 680/995/995 684/996/996
f 685/965/965 684/996/996 651/966/966
f 651/966/966 684/996/996 652/997/997
f 651/966/966 652/997/997 657/967/967
f 657/967/967 652/997/997 656/998/998
f 657/967/967 656/998/998 636/968/968
f 636/968/968 656/998/998 637/999/999
f 636/968/968 637/999/999 622/631/631
f 622/631/631 637/999/999 623/629/629
f 1030/970/970 74/969/969 1031/1000/1000
f 1031/1000/1000 74/969/969 73/1001/1001
f 1031/1000/1000 73/1001/1001 1032/1002/1002
f 1032/1002/1002 73/1001/1001 72/1003/1003
f 1032/1002/1002 72/1003/1003 1033/1004/1004
f 1033/1004/1004 72/1003/1003 71/1005/1005
f 1033/1004/1004 71/1005/1005 609/1006/1006
f 609/1006/1006 71/1005/1005 18/1007/1007
f 609/1006/1006 18/1007/1007 17/1008/1008
f 16/1009/1009 607/1010/1010 17/1008/1008
f 17/1008/1008 607/1010/1010 1034/1011/1011
f 17/1008/1008 1034/1011/1011 609/1006/1006
f 609/1006/1006 1034/1011/1011 1035/1012/1012
f 609/1006/1006 1035/1012/1012 1033/1004/1004
f 1033/1004/1004 1035/1012/1012 1036/1013/1013
f 1033/1004/1004 1036/1013/1013 1032/1002/1002
f 1032/1002/1002 1036/1013/1013 1037/1014/1014
f 1032/1002/1002 1037/1014/1014 1031/1000/1000
f 1031/1000/1000 1037/1014/1014 1038/971/971
f 1031/1000/1000 1038/971/971 1030/970/970
f 15/1015/1015 605/1016/1016 16/1009/1009
f 16/1009/1009 605/1016/1016 1005/1017/1017
f 16/1009/1009 1005/1017/1017 607/1010/1010
f 607/1010/1010 1005/1017/1017 1006/1018/1018
f 607/1010/1010 1006/1018/1018 1004/1019/1019
f 1004/1019/1019 1006/1018/1018 1007/1020/1020
f 1004/1019/1019 1007/1020/1020 1003/1021/1021
f 1003/1021/1021 1007/1020/1020 1008/1022/1022
f 1003/1021/1021 1008/1022/1022 1002/1023/1023
f 1002/1023/1023 1008/1022/1022 1009/973/973
f 1002/1023/1023 1009/973/973 1001/972/972
f 14/1024/1024 603/1025/1025 15/1015/1015
f 15/1015/1015 603/1025/1025 977/1026/1026
f 15/1015/1015 977/1026/1026 605/1016/1016
f 605/1016/1016 977/1026/1026 978/1027/1027
f 605/1016/1016 978/1027/1027 976/1028/1028
f 976/1028/1028 978/1027/1027 979/1029/1029
f 976/1028/1028 979/1029/1029 975/1030/1030
f 975/1030/1030 979/1029/1029 980/1031/1031
f 975/1030/1030 980/1031/1031 974/1032/1032
f 974/1032/1032 980/1031/1031 981/975/975
f 974/1032/1032 981/975/975 973/974/974
f 13/1033/1033 601/1034/1034 14/1024/1024
f 14/1024/1024 601/1034/1034 950/1035/1035
f 14/1024/1024 950/1035/1035 603/1025/1025
f 603/1025/1025 950/1035/1035 951/1036/1036
f 603/1025/1025 951/1036/1036 949/1037/1037
f 949/1037/1037 951/1036/1036 952/1038/1038
f 949/1037/1037 952/1038/1038 948/1039/1039
f 948/1039/1039 952/1038/1038 953/1040/1040
f 948/1039/1039 953/1040/1040 947/1041/1041
f 947/1041/1041 953/1040/1040 954/977/977
f 947/1041/1041 954/977/977 946/976/976
f 12/1042/1042 599/1043/1043 13/1033/1033
f 13/1033/1033 599/1043/1043 923/1044/1044
f 13/1033/1033 923/1044/1044 601/1034/1034
f 601/1034/1034 923/1044/1044 924/1045/1045
f 601/1034/1034 924/1045/1045 922/1046/1046
f 922/1046/1046 924/1045/1045 925/1047/1047
f 922/1046/1046 925/1047/1047 921/1048/1048
f 921/1048/1048 925/1047/1047 926/1049/1049
f 921/1048/1048 926/1049/1049 920/1050/1050
f 920/1050/1050 926/1049/1049 927/979/979
f 920/1050/1050 927/979/979 919/978/978
f 11/1051/1051 866/1052/1052 12/1042/1042
f 12/1042/1042 866/1052/1052 895/1053/1053
f 12/1042/1042 895/1053/1053 599/1043/1043
f 599/1043/1043 895/1053/1053 896/1054/1054
f 599/1043/1043 896/1054/1054 894/1055/1055
f 894/1055/1055 896/1054/1054 897/1056/1056
f 894/1055/1055 897/1056/1056 893/1057/1057
f 893/1057/1057 897/1056/1056 898/1058/1058
f 893/1057/1057 898/1058/1058 892/1059/1059
f 892/1059/1059 898/1058/1058 899/981/981
f 892/1059/1059 899/981/981 891/980/980
f 10/1060/1060 851/1061/1061 11/1051/1051
f 11/1051/1051 851/1061/1061 867/1062/1062
f 11/1051/1051 867/1062/1062 866/1052/1052
f 866/1052/1052 867/1062/1062 868/1063/1063
f 866/1052/1052 868/1063/1063 865/1064/1064
f 865/1064/1064 868/1063/1063 869/1065/1065
f 865/1064/1064 869/1065/1065 864/1066/1066
f 864/1066/1066 869/1065/1065 870/1067/1067
f 864/1066/1066 870/1067/1067 863/1068/1068
f 863/1068/1068 870/1067/1067 871/983/983
f 863/1068/1068 871/983/983 862/982/982
f 9/1069/1069 822/1070/1070 10/1060/1060
f 10/1060/1060 822/1070/1070 821/1071/1071
f 10/1060/1060 821/1071/1071 851/1061/1061
f 851/1061/1061 821/1071/1071 820/1072/1072
f 851/1061/1061 820/1072/1072 850/1073/1073
f 850/1073/1073 820/1072/1072 819/1074/1074
f 850/1073/1073 819/1074/1074 849/1075/1075
f 849/1075/1075 819/1074/1074 818/1076/1076
f 849/1075/1075 818/1076/1076 848/1077/1077
f 848/1077/1077 818/1076/1076 817/985/985
f 848/1077/1077 817/985/985 847/984/984
f 8/1078/1078 595/1079/1079 9/1069/1069
f 9/1069/1069 595/1079/1079 792/1080/1080
f 9/1069/1069 792/1080/1080 822/1070/1070
f 822/1070/1070 792/1080/1080 823/1081/1081
f 822/1070/1070 823/1081/1081 821/1071/1071
f 821/1071/1071 823/1081/1081 820/1072/1072
f 7/1082/1082 593/1083/1083 8/1078/1078
f 8/1078/1078 593/1083/1083 764/1084/1084
f 8/1078/1078 764/1084/1084 595/1079/1079
f 595/1079/1079 764/1084/1084 763/1085/1085
f 595/1079/1079 763/1085/1085 793/1086/1086
f 793/1086/1086 763/1085/1085 762/989/989
f 793/1086/1086 762/989/989 794/988/988
f 6/1087/1087 591/1088/1088 7/1082/1082
f 7/1082/1082 591/1088/1088 736/1089/1089
f 7/1082/1082 736/1089/1089 593/1083/1083
f 593/1083/1083 736/1089/1089 735/1090/1090
f 593/1083/1083 735/1090/1090 765/1091/1091
f 765/1091/1091 735/1090/1090 734/991/991
f 765/1091/1091 734/991/991 766/990/990
f 5/1092/1092 589/1093/1093 6/1087/1087
f 6/1087/1087 589/1093/1093 709/1094/1094
f 6/1087/1087 709/1094/1094 591/1088/1088
f 591/1088/1088 709/1094/1094 708/1095/1095
f 591/1088/1088 708/1095/1095 737/1096/1096
f 737/1096/1096 708/1095/1095 707/993/993
f 737/1096/1096 707/993/993 738/992/992
f 4/1097/1097 587/1098/1098 5/1092/1092
f 5/1092/1092 587/1098/1098 682/1099/1099
f 5/1092/1092 682/1099/1099 589/1093/1093
f 589/1093/1093 682/1099/1099 681/1100/1100
f 589/1093/1093 681/1100/1100 710/1101/1101
f 710/1101/1101 681/1100/1100 680/995/995
f 710/1101/1101 680/995/995 711/994/994
f 3/623/623 585/1102/1102 4/1097/1097
f 4/1097/1097 585/1102/1102 654/1103/1103
f 4/1097/1097 654/1103/1103 587/1098/1098
f 587/1098/1098 654/1103/1103 653/1104/1104
f 587/1098/1098 653/1104/1104 683/1105/1105
f 683/1105/1105 653/1104/1104 652/997/997
f 683/1105/1105 652/997/997 684/996/996
f 624/627/627 623/629/629 638/1106/1106
f 638/1106/1106 623/629/629 637/999/999
f 638/1106/1106 637/999/999 655/1107/1107
f 655/1107/1107 637/999/999 656/998/998
f 655/1107/1107 656/998/998 653/1104/1104
f 653/1104/1104 656/998/998 652/997/997
f 3/623/623 584/625/625 639/1108/1108
f 639/1108/1108 584/625/625 624/627/627
f 639/1108/1108 624/627/627 638/1106/1106
f 586/861/861 667/870/870 625/862/862
f 625/862/862 667/870/870 626/863/863
f 667/870/870 666/872/872 626/863/863
f 626/863/863 666/872/872 627/864/864
f 664/829/829 629/828/828 628/865/865
f 666/872/872 665/874/874 627/864/864
f 627/864/864 665/874/874 628/865/865
f 665/874/874 664/829/829 628/865/865
f 639/1108/1108 638/1106/1106 585/1102/1102
f 585/1102/1102 638/1106/1106 655/1107/1107
f 585/1102/1102 655/1107/1107 654/1103/1103
f 654/1103/1103 655/1107/1107 653/1104/1104
f 585/1102/1102 3/623/623 639/1108/1108
f 588/867/867 695/879/879 640/868/868
f 640/868/868 695/879/879 641/869/869
f 695/879/879 694/881/881 641/869/869
f 641/869/869 694/881/881 642/871/871
f 692/831/831 644/830/830 643/873/873
f 694/881/881 693/883/883 642/871/871
f 642/871/871 693/883/883 643/873/873
f 693/883/883 692/831/831 643/873/873
f 669/878/878 668/877/877 722/1109/1109
f 722/1109/1109 668/877/877 590/876/876
f 722/1109/1109 590/876/876 696/1110/1110
f 696/1110/1110 590/876/876 592/884/884
f 696/1110/1110 592/884/884 749/1111/1111
f 749/1111/1111 592/884/884 750/886/886
f 749/1111/1111 750/886/886 723/888/888
f 670/880/880 669/878/878 721/1112/1112
f 721/1112/1112 669/878/878 722/1109/1109
f 721/1112/1112 722/1109/1109 697/1113/1113
f 697/1113/1113 722/1109/1109 696/1110/1110
f 697/1113/1113 696/1110/1110 748/1114/1114
f 748/1114/1114 696/1110/1110 749/1111/1111
f 748/1114/1114 749/1111/1111 724/1115/1115
f 724/1115/1115 749/1111/1111 723/888/888
f 724/1115/1115 723/888/888 776/890/890
f 719/833/833 672/832/832 671/882/882
f 671/882/882 670/880/880 720/1116/1116
f 720/1116/1116 670/880/880 721/1112/1112
f 720/1116/1116 721/1112/1112 698/1117/1117
f 698/1117/1117 721/1112/1112 697/1113/1113
f 698/1117/1117 697/1113/1113 747/1118/1118
f 747/1118/1118 697/1113/1113 748/1114/1114
f 747/1118/1118 748/1114/1114 725/1119/1119
f 725/1119/1119 748/1114/1114 724/1115/1115
f 725/1119/1119 724/1115/1115 775/1120/1120
f 775/1120/1120 724/1115/1115 776/890/890
f 775/1120/1120 776/890/890 753/892/892
f 683/1105/1105 684/996/996 681/1100/1100
f 681/1100/1100 684/996/996 680/995/995
f 587/1098/1098 683/1105/1105 682/1099/1099
f 682/1099/1099 683/1105/1105 681/1100/1100
f 698/1117/1117 699/834/834 720/1116/1116
f 720/1116/1116 699/834/834 719/833/833
f 720/1116/1116 719/833/833 671/882/882
f 699/834/834 698/1117/1117 746/835/835
f 746/835/835 698/1117/1117 747/1118/1118
f 746/835/835 747/1118/1118 726/836/836
f 726/836/836 747/1118/1118 725/1119/1119
f 726/836/836 725/1119/1119 774/837/837
f 774/837/837 725/1119/1119 775/1120/1120
f 774/837/837 775/1120/1120 754/838/838
f 754/838/838 775/1120/1120 753/892/892
f 754/838/838 753/892/892 802/839/839
f 710/1101/1101 711/994/994 708/1095/1095
f 708/1095/1095 711/994/994 707/993/993
f 589/1093/1093 710/1101/1101 709/1094/1094
f 709/1094/1094 710/1101/1101 708/1095/1095
f 737/1096/1096 738/992/992 735/1090/1090
f 735/1090/1090 738/992/992 734/991/991
f 591/1088/1088 737/1096/1096 736/1089/1089
f 736/1089/1089 737/1096/1096 735/1090/1090
f 778/895/895 596/899/899 751/896/896
f 751/896/896 596/899/899 805/903/903
f 751/896/896 805/903/903 804/897/897
f 806/901/901 805/903/903 596/899/899
f 765/1091/1091 766/990/990 763/1085/1085
f 763/1085/1085 766/990/990 762/989/989
f 593/1083/1083 765/1091/1091 764/1084/1084
f 764/1084/1084 765/1091/1091 763/1085/1085
f 793/1086/1086 794/988/988 790/1121/1121
f 790/1121/1121 794/988/988 789/987/987
f 790/1121/1121 789/987/987 825/1122/1122
f 825/1122/1122 789/987/987 826/986/986
f 825/1122/1122 826/986/986 818/1076/1076
f 818/1076/1076 826/986/986 817/985/985
f 595/1079/1079 793/1086/1086 791/1123/1123
f 791/1123/1123 793/1086/1086 790/1121/1121
f 791/1123/1123 790/1121/1121 824/1124/1124
f 824/1124/1124 790/1121/1121 825/1122/1122
f 824/1124/1124 825/1122/1122 819/1074/1074
f 819/1074/1074 825/1122/1122 818/1076/1076
f 823/1081/1081 792/1080/1080 791/1123/1123
f 791/1123/1123 792/1080/1080 595/1079/1079
f 823/1081/1081 791/1123/1123 824/1124/1124
f 835/907/907 836/906/906 808/1125/1125
f 808/1125/1125 836/906/906 807/908/908
f 808/1125/1125 807/908/908 838/1126/1126
f 838/1126/1126 807/908/908 837/910/910
f 838/1126/1126 837/910/910 880/912/912
f 834/841/841 835/907/907 809/842/842
f 809/842/842 835/907/907 808/1125/1125
f 809/842/842 808/1125/1125 839/843/843
f 839/843/843 808/1125/1125 838/1126/1126
f 839/843/843 838/1126/1126 879/844/844
f 879/844/844 838/1126/1126 880/912/912
f 879/844/844 880/912/912 854/845/845
f 823/1081/1081 824/1124/1124 820/1072/1072
f 820/1072/1072 824/1124/1124 819/1074/1074
f 871/983/983 870/1067/1067 847/984/984
f 847/984/984 870/1067/1067 848/1077/1077
f 870/1067/1067 869/1065/1065 848/1077/1077
f 848/1077/1077 869/1065/1065 849/1075/1075
f 867/1062/1062 851/1061/1061 850/1073/1073
f 869/1065/1065 868/1063/1063 849/1075/1075
f 849/1075/1075 868/1063/1063 850/1073/1073
f 868/1063/1063 867/1062/1062 850/1073/1073
f 899/981/981 898/1058/1058 862/982/982
f 862/982/982 898/1058/1058 863/1068/1068
f 898/1058/1058 897/1056/1056 863/1068/1068
f 863/1068/1068 897/1056/1056 864/1066/1066
f 895/1053/1053 866/1052/1052 865/1064/1064
f 897/1056/1056 896/1054/1054 864/1066/1066
f 864/1066/1066 896/1054/1054 865/1064/1064
f 896/1054/1054 895/1053/1053 865/1064/1064
f 881/919/919 882/1127/1127 600/917/917
f 600/917/917 882/1127/1127 908/916/916
f 600/917/917 908/916/916 852/915/915
f 935/848/848 883/847/847 882/1127/1127
f 882/1127/1127 883/847/847 908/916/916
f 935/848/848 882/1127/1127 936/921/921
f 936/921/921 882/1127/1127 881/919/919
f 927/979/979 926/1049/1049 891/980/980
f 891/980/980 926/1049/1049 892/1059/1059
f 926/1049/1049 925/1047/1047 892/1059/1059
f 892/1059/1059 925/1047/1047 893/1057/1057
f 923/1044/1044 599/1043/1043 894/1055/1055
f 925/1047/1047 924/1045/1045 893/1057/1057
f 893/1057/1057 924/1045/1045 894/1055/1055
f 924/1045/1045 923/1044/1044 894/1055/1055
f 935/848/848 936/921/921 911/849/849
f 954/977/977 953/1040/1040 919/978/978
f 919/978/978 953/1040/1040 920/1050/1050
f 953/1040/1040 952/1038/1038 920/1050/1050
f 920/1050/1050 952/1038/1038 921/1048/1048
f 950/1035/1035 601/1034/1034 922/1046/1046
f 952/1038/1038 951/1036/1036 921/1048/1048
f 921/1048/1048 951/1036/1036 922/1046/1046
f 951/1036/1036 950/1035/1035 922/1046/1046
f 606/713/713 937/715/715 604/926/926
f 604/926/926 937/715/715 963/925/925
f 604/926/926 963/925/925 909/924/924
f 937/715/715 938/717/717 963/925/925
f 981/975/975 980/1031/1031 946/976/976
f 946/976/976 980/1031/1031 947/1041/1041
f 980/1031/1031 979/1029/1029 947/1041/1041
f 947/1041/1041 979/1029/1029 948/1039/1039
f 977/1026/1026 603/1025/1025 949/1037/1037
f 979/1029/1029 978/1027/1027 948/1039/1039
f 948/1039/1039 978/1027/1027 949/1037/1037
f 978/1027/1027 977/1026/1026 949/1037/1037
f 990/714/714 991/712/712 964/1128/1128
f 964/1128/1128 991/712/712 608/709/709
f 964/1128/1128 608/709/709 1018/707/707
f 989/716/716 990/714/714 965/1129/1129
f 965/1129/1129 990/714/714 964/1128/1128
f 965/1129/1129 964/1128/1128 1017/1130/1130
f 1017/1130/1130 964/1128/1128 1018/707/707
f 1017/1130/1130 1018/707/707 993/705/705
f 988/718/718 989/716/716 966/1131/1131
f 966/1131/1131 989/716/716 965/1129/1129
f 966/1131/1131 965/1129/1129 1016/1132/1132
f 1016/1132/1132 965/1129/1129 1017/1130/1130
f 1016/1132/1132 1017/1130/1130 994/1133/1133
f 994/1133/1133 1017/1130/1130 993/705/705
f 994/1133/1133 993/705/705 1045/703/703
f 987/720/720 988/718/718 967/1134/1134
f 967/1134/1134 988/718/718 966/1131/1131
f 967/1134/1134 966/1131/1131 1015/1135/1135
f 1015/1135/1135 966/1131/1131 1016/1132/1132
f 1015/1135/1135 1016/1132/1132 995/1136/1136
f 995/1136/1136 1016/1132/1132 994/1133/1133
f 995/1136/1136 994/1133/1133 1044/1137/1137
f 1044/1137/1137 994/1133/1133 1045/703/703
f 1044/1137/1137 1045/703/703 1024/701/701
f 986/722/722 987/720/720 968/1138/1138
f 968/1138/1138 987/720/720 967/1134/1134
f 968/1138/1138 967/1134/1134 1014/1139/1139
f 1014/1139/1139 967/1134/1134 1015/1135/1135
f 1014/1139/1139 1015/1135/1135 996/1140/1140
f 996/1140/1140 1015/1135/1135 995/1136/1136
f 996/1140/1140 995/1136/1136 1043/1141/1141
f 1043/1141/1141 995/1136/1136 1044/1137/1137
f 1043/1141/1141 1044/1137/1137 1025/699/699
f 1025/699/699 1044/1137/1137 1024/701/701
f 985/724/724 986/722/722 969/1142/1142
f 969/1142/1142 986/722/722 968/1138/1138
f 969/1142/1142 968/1138/1138 1013/1143/1143
f 1013/1143/1143 968/1138/1138 1014/1139/1139
f 1013/1143/1143 1014/1139/1139 997/1144/1144
f 997/1144/1144 1014/1139/1139 996/1140/1140
f 997/1144/1144 996/1140/1140 1042/1145/1145
f 1042/1145/1145 996/1140/1140 1043/1141/1141
f 1042/1145/1145 1043/1141/1141 1026/697/697
f 1026/697/697 1043/1141/1141 1025/699/699
f 984/684/684 985/724/724 970/686/686
f 970/686/686 985/724/724 969/1142/1142
f 970/686/686 969/1142/1142 1012/688/688
f 1012/688/688 969/1142/1142 1013/1143/1143
f 1012/688/688 1013/1143/1143 998/690/690
f 998/690/690 1013/1143/1143 997/1144/1144
f 998/690/690 997/1144/1144 1041/692/692
f 1041/692/692 997/1144/1144 1042/1145/1145
f 1041/692/692 1042/1145/1145 1027/694/694
f 1027/694/694 1042/1145/1145 1026/697/697
f 1009/973/973 1008/1022/1022 973/974/974
f 973/974/974 1008/1022/1022 974/1032/1032
f 1008/1022/1022 1007/1020/1020 974/1032/1032
f 974/1032/1032 1007/1020/1020 975/1030/1030
f 1005/1017/1017 605/1016/1016 976/1028/1028
f 1007/1020/1020 1006/1018/1018 975/1030/1030
f 975/1030/1030 1006/1018/1018 976/1028/1028
f 1006/1018/1018 1005/1017/1017 976/1028/1028
f 1019/708/708 610/928/928 992/706/706
f 992/706/706 610/928/928 1047/1146/1146
f 992/706/706 1047/1146/1146 1046/704/704
f 1046/704/704 1047/1146/1146 1022/936/936
f 1046/704/704 1022/936/936 1023/702/702
f 1038/971/971 1037/1014/1014 1001/972/972
f 1001/972/972 1037/1014/1014 1002/1023/1023
f 1037/1014/1014 1036/1013/1013 1002/1023/1023
f 1002/1023/1023 1036/1013/1013 1003/1021/1021
f 1034/1011/1011 607/1010/1010 1004/1019/1019
f 1036/1013/1013 1035/1012/1012 1003/1021/1021
f 1003/1021/1021 1035/1012/1012 1004/1019/1019
f 1035/1012/1012 1034/1011/1011 1004/1019/1019
f 1048/930/930 1021/932/932 1047/1146/1146
f 1047/1146/1146 1021/932/932 1022/936/936
f 610/928/928 1048/930/930 1047/1146/1146
f 36/1147/1147 35/1148/1148 95/1149/1149
f 95/1149/1149 35/1148/1148 583/1150/1150
f 95/1149/1149 583/1150/1150 96/1151/1151
f 96/1151/1151 583/1150/1150 582/1152/1152
f 96/1151/1151 582/1152/1152 97/1153/1153
f 97/1153/1153 582/1152/1152 581/1154/1154
f 97/1153/1153 581/1154/1154 98/1155/1155
f 98/1155/1155 581/1154/1154 580/1156/1156
f 98/1155/1155 580/1156/1156 99/1157/1157
f 99/1157/1157 580/1156/1156 579/1158/1158
f 99/1157/1157 579/1158/1158 100/1159/1159
f 100/1159/1159 579/1158/1158 578/1160/1160
f 100/1159/1159 578/1160/1160 101/1161/1161
f 101/1161/1161 578/1160/1160 577/1162/1162
f 101/1161/1161 577/1162/1162 102/1163/1163
f 102/1163/1163 577/1162/1162 576/1164/1164
f 102/1163/1163 576/1164/1164 103/1165/1165
f 103/1165/1165 576/1164/1164 575/1166/1166
f 103/1165/1165 575/1166/1166 104/1167/1167
f 104/1167/1167 575/1166/1166 574/1168/1168
f 104/1167/1167 574/1168/1168 105/1169/1169
f 105/1169/1169 574/1168/1168 573/1170/1170
f 105/1169/1169 573/1170/1170 106/1171/1171
f 106/1171/1171 573/1170/1170 572/1172/1172
f 106/1171/1171 572/1172/1172 1/1173/1173
f 1/1173/1173 572/1172/1172 2/1174/1174
# 1048 vertices
# 1174 texture params
# 1174 normals
# 2092 facets

# 1 groups
