# WaveFront *.obj file (generated by Autodesk ATF)

mtllib PP4.mtl

g Body1

v 6.022913 22.708799 11.801992
v 5.827500 22.996212 11.463527
v 5.629194 23.275253 11.120049
v 5.428048 23.545801 10.771654
v 5.224116 23.807737 10.418435
v 5.017454 24.060943 10.060485
v 4.808115 24.305299 9.697899
v 4.596153 24.540685 9.330770
v 4.381623 24.766983 8.959193
v 4.164703 24.983950 8.583478
v 3.945585 25.191360 8.203953
v 3.724333 25.389122 7.820734
v 3.501014 25.577142 7.433934
v 3.275694 25.755330 7.043669
v 3.048440 25.923593 6.650052
v 2.819316 26.081840 6.253199
v 2.588391 26.229978 5.853224
v 2.280391 26.229978 5.979951
v 1.966215 26.229978 6.090484
v 1.646715 26.229978 6.184523
v 1.322756 26.229978 6.261814
v 0.995214 26.229978 6.322148
v 0.664977 26.229978 6.365360
v 0.332939 26.229978 6.391334
v -0.000000 26.229978 6.400000
v -0.332939 26.229978 6.391334
v -0.664977 26.229978 6.365360
v -0.995214 26.229978 6.322148
v -1.322756 26.229978 6.261814
v -1.646715 26.229978 6.184523
v -1.966215 26.229978 6.090484
v -2.280391 26.229978 5.979951
v -2.588391 26.229978 5.853224
v -2.819316 26.081840 6.253199
v -3.048440 25.923593 6.650052
v -3.275694 25.755330 7.043669
v -3.501014 25.577142 7.433934
v -3.724333 25.389122 7.820734
v -3.945585 25.191360 8.203953
v -4.164703 24.983950 8.583478
v -4.381623 24.766983 8.959193
v -4.596153 24.540685 9.330770
v -4.808115 24.305299 9.697899
v -5.017454 24.060943 10.060485
v -5.224116 23.807737 10.418435
v -5.428048 23.545801 10.771654
v -5.629194 23.275253 11.120049
v -5.827500 22.996212 11.463527
v -6.022913 22.708799 11.801992
v -5.573200 22.708799 12.020896
v -5.115546 22.708799 12.222671
v -4.650603 22.708799 12.407030
v -4.179033 22.708799 12.573710
v -3.701508 22.708799 12.722474
v -3.218709 22.708799 12.853109
v -2.731323 22.708799 12.965430
v -2.240046 22.708799 13.059276
v -1.745577 22.708799 13.134514
v -1.248620 22.708799 13.191037
v -0.749885 22.708799 13.228763
v -0.250080 22.708799 13.247640
v 0.250080 22.708799 13.247640
v 0.749885 22.708799 13.228763
v 1.248620 22.708799 13.191037
v 1.745577 22.708799 13.134514
v 2.240046 22.708799 13.059276
v 2.731323 22.708799 12.965430
v 3.218709 22.708799 12.853109
v 3.701508 22.708799 12.722474
v 4.179033 22.708799 12.573710
v 4.650603 22.708799 12.407030
v 5.115546 22.708799 12.222671
v 5.573200 22.708799 12.020896
v 2.578784 26.084081 6.348942
v 4.200493 22.854817 12.359570
v 2.205067 26.084081 6.488210
v 2.013901 26.084081 6.550068
v 3.093659 22.854817 12.681971
v 1.624030 26.084081 6.657456
v 0.820783 26.084081 6.803345
v 1.174499 22.854817 13.000910
v 0.616559 26.084081 6.824884
v -1.174499 22.854817 13.000910
v -0.616559 26.084081 6.824884
v -0.820783 26.084081 6.803345
v -3.093659 22.854817 12.681971
v -1.624030 26.084081 6.657456
v -2.013901 26.084081 6.550068
v -4.200493 22.854817 12.359570
v -2.205067 26.084081 6.488210
v -2.578784 26.084081 6.348942
v -5.599947 22.854817 11.791679
v 3.705860 25.399394 7.803342
v 3.894117 25.203328 8.199752
v 4.080819 24.997500 8.592886
v 4.265847 24.782031 8.982494
v 4.358512 24.669720 9.177617
v 4.450706 24.555008 9.371748
v 4.542415 24.437912 9.564857
v 4.633624 24.318454 9.756914
v 4.724318 24.196653 9.947887
v 4.814484 24.072531 10.137747
v 4.904107 23.946110 10.326464
v 4.993174 23.817412 10.514010
v 5.081671 23.686460 10.700356
v 5.169584 23.553279 10.885473
v 5.256901 23.417893 11.069334
v 5.343608 23.280327 11.251912
v 5.429694 23.140609 11.433180
v 5.515144 22.998763 11.613110
v 5.599947 22.854817 11.791679
v 2.760939 26.084081 6.271874
v 2.942442 25.928010 6.684183
v 3.122946 25.761824 7.094224
v 3.302334 25.585591 7.501730
v 3.480490 25.399394 7.906436
v 3.657298 25.203328 8.308083
v 3.832646 24.997500 8.706411
v 4.006421 24.782031 9.101167
v 4.093451 24.669720 9.298867
v 4.180039 24.555008 9.495564
v 4.266170 24.437912 9.691224
v 4.351832 24.318454 9.885818
v 4.437011 24.196653 10.079314
v 4.521693 24.072531 10.271682
v 4.605866 23.946110 10.462893
v 4.689516 23.817412 10.652916
v 4.772631 23.686460 10.841724
v 4.855199 23.553279 11.029287
v 4.937205 23.417893 11.215577
v 5.018640 23.280327 11.400567
v 5.099490 23.140609 11.584230
v 5.179743 22.998763 11.766538
v 5.259389 22.854817 11.947465
v 2.393429 26.084081 6.421113
v 2.550772 25.928010 6.843233
v 2.707249 25.761824 7.263030
v 2.862758 25.585591 7.680233
v 3.017199 25.399394 8.094569
v 3.170473 25.203328 8.505773
v 3.322480 24.997500 8.913579
v 3.473124 24.782031 9.317728
v 3.548569 24.669720 9.520133
v 3.623631 24.555008 9.721510
v 3.698298 24.437912 9.921826
v 3.772557 24.318454 10.121050
v 3.846398 24.196653 10.319150
v 3.919808 24.072531 10.516095
v 3.992777 23.946110 10.711856
v 4.065292 23.817412 10.906401
v 4.137344 23.686460 11.099702
v 4.208920 23.553279 11.291728
v 4.280011 23.417893 11.482451
v 4.350605 23.280327 11.671843
v 4.420693 23.140609 11.859875
v 4.490265 22.998763 12.046521
v 4.559309 22.854817 12.231754
v 4.912396 22.854817 12.094274
v 4.838005 22.998763 11.911123
v 4.763046 23.140609 11.726575
v 4.687530 23.280327 11.540656
v 4.611468 23.417893 11.353393
v 4.534872 23.553279 11.164813
v 4.457753 23.686460 10.974946
v 4.380121 23.817412 10.783818
v 4.301990 23.946110 10.591459
v 4.223370 24.072531 10.397899
v 4.144275 24.196653 10.203167
v 4.064716 24.318454 10.007293
v 3.984706 24.437912 9.810309
v 3.904257 24.555008 9.612244
v 3.823382 24.669720 9.413131
v 3.742094 24.782031 9.213001
v 3.579784 24.997500 8.813394
v 3.416005 25.203328 8.410172
v 3.250861 25.399394 8.003590
v 3.084459 25.585591 7.593910
v 2.916906 25.761824 7.181397
v 2.748312 25.928010 6.766318
v 2.146294 25.928010 6.980666
v 2.277958 25.761824 7.408894
v 2.408808 25.585591 7.834475
v 2.538760 25.399394 8.257133
v 2.667729 25.203328 8.676595
v 2.795632 24.997500 9.092591
v 2.922388 24.782031 9.504856
v 2.985870 24.669720 9.711326
v 3.049029 24.555008 9.916747
v 3.111856 24.437912 10.121086
v 3.174340 24.318454 10.324311
v 3.236471 24.196653 10.526390
v 3.298241 24.072531 10.727291
v 3.359639 23.946110 10.926983
v 3.420655 23.817412 11.125435
v 3.481282 23.686460 11.322617
v 3.541508 23.553279 11.518500
v 3.601326 23.417893 11.713053
v 3.660726 23.280327 11.906249
v 3.719701 23.140609 12.098058
v 3.778240 22.998763 12.288452
v 3.836336 22.854817 12.477405
v 4.136882 22.998763 12.172401
v 4.072786 23.140609 11.983805
v 4.008214 23.280327 11.793807
v 3.943175 23.417893 11.602437
v 3.877679 23.553279 11.409721
v 3.811736 23.686460 11.215688
v 3.745355 23.817412 11.020368
v 3.678546 23.946110 10.823790
v 3.611320 24.072531 10.625983
v 3.543687 24.196653 10.426980
v 3.475658 24.318454 10.226810
v 3.407243 24.437912 10.025504
v 3.338453 24.555008 9.823095
v 3.269298 24.669720 9.619614
v 3.199790 24.782031 9.415094
v 3.061002 24.997500 9.006722
v 2.920958 25.203328 8.594654
v 2.779747 25.399394 8.179153
v 2.637460 25.585591 7.760487
v 2.494189 25.761824 7.338925
v 2.350027 25.928010 6.914741
v 1.730793 25.928010 7.095113
v 1.836968 25.761824 7.530362
v 1.942487 25.585591 7.962920
v 2.047281 25.399394 8.392508
v 2.151283 25.203328 8.818847
v 2.254425 24.997500 9.241663
v 2.356643 24.782031 9.660687
v 2.407835 24.669720 9.870542
v 2.458767 24.555008 10.079331
v 2.509431 24.437912 10.287020
v 2.559819 24.318454 10.493577
v 2.609923 24.196653 10.698969
v 2.659734 24.072531 10.903163
v 2.709246 23.946110 11.106129
v 2.758450 23.817412 11.307835
v 2.807340 23.686460 11.508251
v 2.855907 23.553279 11.707345
v 2.904145 23.417893 11.905088
v 2.952046 23.280327 12.101450
v 2.999603 23.140609 12.296404
v 3.046810 22.998763 12.489920
v 3.467248 22.854817 12.584963
v 3.414741 22.998763 12.394381
v 3.361834 23.140609 12.202346
v 3.308534 23.280327 12.008883
v 3.254848 23.417893 11.814023
v 3.200785 23.553279 11.617792
v 3.146353 23.686460 11.420221
v 3.091559 23.817412 11.221339
v 3.036413 23.946110 11.021176
v 2.980922 24.072531 10.819763
v 2.925095 24.196653 10.617130
v 2.868941 24.318454 10.413309
v 2.812469 24.437912 10.208332
v 2.755687 24.555008 10.002232
v 2.698604 24.669720 9.795040
v 2.641230 24.782031 9.586791
v 2.526668 24.997500 9.170972
v 2.411071 25.203328 8.751389
v 2.294510 25.399394 8.328311
v 2.177060 25.585591 7.902010
v 2.058799 25.761824 7.472761
v 1.939802 25.928010 7.040841
v 1.820147 26.084081 6.606531
v 1.225660 26.084081 6.742177
v 1.306235 25.928010 7.185404
v 1.386366 25.761824 7.626191
v 1.466001 25.585591 8.064254
v 1.545089 25.399394 8.499308
v 1.623580 25.203328 8.931073
v 1.701422 24.997500 9.359270
v 1.778566 24.782031 9.783627
v 1.817201 24.669720 9.996152
v 1.855639 24.555008 10.207598
v 1.893876 24.437912 10.417930
v 1.931904 24.318454 10.627115
v 1.969717 24.196653 10.835121
v 2.007310 24.072531 11.041914
v 2.044677 23.946110 11.247463
v 2.081811 23.817412 11.451736
v 2.118708 23.686460 11.654701
v 2.155362 23.553279 11.856329
v 2.191768 23.417893 12.056588
v 2.227919 23.280327 12.255450
v 2.263810 23.140609 12.452884
v 2.299437 22.998763 12.648863
v 2.334794 22.854817 12.843358
v 2.716019 22.854817 12.768177
v 2.674889 22.998763 12.574821
v 2.633445 23.140609 12.379989
v 2.591693 23.280327 12.183711
v 2.549639 23.417893 11.986013
v 2.507289 23.553279 11.786926
v 2.464651 23.686460 11.586479
v 2.421729 23.817412 11.384701
v 2.378531 23.946110 11.181624
v 2.335063 24.072531 10.977278
v 2.291332 24.196653 10.771696
v 2.247344 24.318454 10.564908
v 2.203107 24.437912 10.356947
v 2.158628 24.555008 10.147846
v 2.113913 24.669720 9.937638
v 2.068970 24.782031 9.726357
v 1.979230 24.997500 9.304484
v 1.888678 25.203328 8.878793
v 1.797371 25.399394 8.449556
v 1.705369 25.585591 8.017049
v 1.612731 25.761824 7.581550
v 1.519516 25.928010 7.143343
v 1.425786 26.084081 6.702710
v 1.023906 26.084081 6.775751
v 1.091217 25.928010 7.221185
v 1.158158 25.761824 7.664168
v 1.224685 25.585591 8.104413
v 1.290754 25.399394 8.541633
v 1.356325 25.203328 8.975548
v 1.421353 24.997500 9.405877
v 1.485798 24.782031 9.832347
v 1.518074 24.669720 10.045931
v 1.550185 24.555008 10.258430
v 1.582127 24.437912 10.469809
v 1.613896 24.318454 10.680036
v 1.645485 24.196653 10.889078
v 1.676889 24.072531 11.096901
v 1.708105 23.946110 11.303473
v 1.739127 23.817412 11.508763
v 1.769951 23.686460 11.712739
v 1.800571 23.553279 11.915371
v 1.830984 23.417893 12.116628
v 1.861184 23.280327 12.316480
v 1.891168 23.140609 12.514897
v 1.920930 22.998763 12.711852
v 1.950467 22.854817 12.907315
v 0.657091 25.928010 7.273548
v 0.697400 25.761824 7.719743
v 0.737460 25.585591 8.163180
v 0.777245 25.399394 8.603571
v 0.816729 25.203328 9.040632
v 0.855886 24.997500 9.474082
v 0.894693 24.782031 9.903644
v 0.914128 24.669720 10.118777
v 0.933464 24.555008 10.332817
v 0.952699 24.437912 10.545729
v 0.971828 24.318454 10.757480
v 0.990850 24.196653 10.968037
v 1.009761 24.072531 11.177367
v 1.028558 23.946110 11.385438
v 1.047238 23.817412 11.592216
v 1.065799 23.686460 11.797672
v 1.084237 23.553279 12.001773
v 1.102551 23.417893 12.204489
v 1.120736 23.280327 12.405790
v 1.138791 23.140609 12.605646
v 1.156713 22.998763 12.804029
v 1.563533 22.854817 12.959879
v 1.539855 22.998763 12.763620
v 1.515997 23.140609 12.565863
v 1.491962 23.280327 12.366638
v 1.467753 23.417893 12.165972
v 1.443373 23.553279 11.963896
v 1.418828 23.686460 11.760439
v 1.394119 23.817412 11.555632
v 1.369251 23.946110 11.349506
v 1.344228 24.072531 11.142092
v 1.319053 24.196653 10.933423
v 1.293731 24.318454 10.723530
v 1.268265 24.437912 10.512447
v 1.242659 24.555008 10.300206
v 1.216918 24.669720 10.086842
v 1.191045 24.782031 9.872389
v 1.139385 24.997500 9.444182
v 1.087257 25.203328 9.012100
v 1.034694 25.399394 8.576418
v 0.981731 25.585591 8.137417
v 0.928402 25.761824 7.695380
v 0.874741 25.928010 7.250593
v 0.205891 26.084081 6.849584
v 0.219426 25.928010 7.299872
v 0.232886 25.761824 7.747681
v 0.246264 25.585591 8.192723
v 0.259549 25.399394 8.634708
v 0.272735 25.203328 9.073350
v 0.285811 24.997500 9.508369
v 0.298770 24.782031 9.939486
v 0.305260 24.669720 10.155397
v 0.311717 24.555008 10.370211
v 0.318140 24.437912 10.583894
v 0.324528 24.318454 10.796412
v 0.330880 24.196653 11.007731
v 0.337195 24.072531 11.217819
v 0.343472 23.946110 11.426642
v 0.349710 23.817412 11.634169
v 0.355908 23.686460 11.840368
v 0.362065 23.553279 12.045208
v 0.368181 23.417893 12.248658
v 0.374253 23.280327 12.450687
v 0.380283 23.140609 12.651267
v 0.386267 22.998763 12.850368
v 0.392207 22.854817 13.047961
v 0.783883 22.854817 13.030297
v 0.772012 22.998763 12.832971
v 0.760050 23.140609 12.634140
v 0.748000 23.280327 12.433832
v 0.735863 23.417893 12.232076
v 0.723640 23.553279 12.028901
v 0.711334 23.686460 11.824339
v 0.698946 23.817412 11.618419
v 0.686479 23.946110 11.411173
v 0.673933 24.072531 11.202632
v 0.661312 24.196653 10.992829
v 0.648616 24.318454 10.781796
v 0.635849 24.437912 10.569566
v 0.623011 24.555008 10.356173
v 0.610106 24.669720 10.141649
v 0.597135 24.782031 9.926030
v 0.571235 24.997500 9.495497
v 0.545100 25.203328 9.061067
v 0.518748 25.399394 8.623018
v 0.492194 25.585591 8.181632
v 0.465458 25.761824 7.737193
v 0.438555 25.928010 7.289989
v 0.411503 26.084081 6.840311
v -0.205891 26.084081 6.849584
v -0.219426 25.928010 7.299872
v -0.232886 25.761824 7.747681
v -0.246264 25.585591 8.192723
v -0.259549 25.399394 8.634708
v -0.272735 25.203328 9.073350
v -0.285811 24.997500 9.508369
v -0.298770 24.782031 9.939486
v -0.305260 24.669720 10.155397
v -0.311717 24.555008 10.370211
v -0.318140 24.437912 10.583894
v -0.324528 24.318454 10.796412
v -0.330880 24.196653 11.007731
v -0.337195 24.072531 11.217819
v -0.343472 23.946110 11.426642
v -0.349710 23.817412 11.634169
v -0.355908 23.686460 11.840368
v -0.362065 23.553279 12.045208
v -0.368181 23.417893 12.248658
v -0.374253 23.280327 12.450687
v -0.380283 23.140609 12.651267
v -0.386267 22.998763 12.850368
v -0.392207 22.854817 13.047961
v -0.000000 22.854817 13.053854
v -0.000000 22.998763 12.856172
v -0.000000 23.140609 12.656981
v -0.000000 23.280327 12.456311
v -0.000000 23.417893 12.254190
v -0.000000 23.553279 12.050648
v -0.000000 23.686460 11.845716
v -0.000000 23.817412 11.639424
v -0.000000 23.946110 11.431803
v -0.000000 24.072531 11.222885
v -0.000000 24.196653 11.012703
v -0.000000 24.318454 10.801288
v -0.000000 24.437912 10.588675
v -0.000000 24.555008 10.374895
v -0.000000 24.669720 10.159984
v -0.000000 24.782031 9.943975
v -0.000000 24.997500 9.512664
v -0.000000 25.203328 9.077449
v -0.000000 25.399394 8.638608
v -0.000000 25.585591 8.196423
v -0.000000 25.761824 7.751181
v -0.000000 25.928010 7.303169
v -0.000000 26.084081 6.852678
v -0.411503 26.084081 6.840311
v -0.438555 25.928010 7.289989
v -0.465458 25.761824 7.737193
v -0.492194 25.585591 8.181632
v -0.518748 25.399394 8.623018
v -0.545100 25.203328 9.061067
v -0.571235 24.997500 9.495497
v -0.597135 24.782031 9.926030
v -0.610106 24.669720 10.141649
v -0.623011 24.555008 10.356173
v -0.635849 24.437912 10.569566
v -0.648616 24.318454 10.781796
v -0.661312 24.196653 10.992829
v -0.673933 24.072531 11.202632
v -0.686479 23.946110 11.411173
v -0.698946 23.817412 11.618419
v -0.711334 23.686460 11.824339
v -0.723640 23.553279 12.028901
v -0.735863 23.417893 12.232076
v -0.748000 23.280327 12.433832
v -0.760050 23.140609 12.634140
v -0.772012 22.998763 12.832971
v -0.783883 22.854817 13.030297
v -0.874741 25.928010 7.250593
v -0.928402 25.761824 7.695380
v -0.981731 25.585591 8.137417
v -1.034694 25.399394 8.576418
v -1.087257 25.203328 9.012100
v -1.139385 24.997500 9.444182
v -1.191045 24.782031 9.872389
v -1.216918 24.669720 10.086842
v -1.242659 24.555008 10.300206
v -1.268265 24.437912 10.512447
v -1.293731 24.318454 10.723530
v -1.319053 24.196653 10.933423
v -1.344228 24.072531 11.142092
v -1.369251 23.946110 11.349506
v -1.394119 23.817412 11.555632
v -1.418828 23.686460 11.760439
v -1.443373 23.553279 11.963896
v -1.467753 23.417893 12.165972
v -1.491962 23.280327 12.366638
v -1.515997 23.140609 12.565863
v -1.539855 22.998763 12.763620
v -1.563533 22.854817 12.959879
v -1.156713 22.998763 12.804029
v -1.138791 23.140609 12.605646
v -1.120736 23.280327 12.405790
v -1.102551 23.417893 12.204489
v -1.084237 23.553279 12.001773
v -1.065799 23.686460 11.797672
v -1.047238 23.817412 11.592216
v -1.028558 23.946110 11.385438
v -1.009761 24.072531 11.177367
v -0.990850 24.196653 10.968037
v -0.971828 24.318454 10.757480
v -0.952699 24.437912 10.545729
v -0.933464 24.555008 10.332817
v -0.914128 24.669720 10.118777
v -0.894693 24.782031 9.903644
v -0.855886 24.997500 9.474082
v -0.816729 25.203328 9.040632
v -0.777245 25.399394 8.603571
v -0.737460 25.585591 8.163180
v -0.697400 25.761824 7.719743
v -0.657091 25.928010 7.273548
v -1.225660 26.084081 6.742177
v -1.306235 25.928010 7.185404
v -1.386366 25.761824 7.626191
v -1.466001 25.585591 8.064254
v -1.545089 25.399394 8.499308
v -1.623580 25.203328 8.931073
v -1.701422 24.997500 9.359270
v -1.778566 24.782031 9.783627
v -1.817201 24.669720 9.996152
v -1.855639 24.555008 10.207598
v -1.893876 24.437912 10.417930
v -1.931904 24.318454 10.627115
v -1.969717 24.196653 10.835121
v -2.007310 24.072531 11.041914
v -2.044677 23.946110 11.247463
v -2.081811 23.817412 11.451736
v -2.118708 23.686460 11.654701
v -2.155362 23.553279 11.856329
v -2.191768 23.417893 12.056588
v -2.227919 23.280327 12.255450
v -2.263810 23.140609 12.452884
v -2.299437 22.998763 12.648863
v -2.334794 22.854817 12.843358
v -1.950467 22.854817 12.907315
v -1.920930 22.998763 12.711852
v -1.891168 23.140609 12.514897
v -1.861184 23.280327 12.316480
v -1.830984 23.417893 12.116628
v -1.800571 23.553279 11.915371
v -1.769951 23.686460 11.712739
v -1.739127 23.817412 11.508763
v -1.708105 23.946110 11.303473
v -1.676889 24.072531 11.096901
v -1.645485 24.196653 10.889078
v -1.613896 24.318454 10.680036
v -1.582127 24.437912 10.469809
v -1.550185 24.555008 10.258430
v -1.518074 24.669720 10.045931
v -1.485798 24.782031 9.832347
v -1.421353 24.997500 9.405877
v -1.356325 25.203328 8.975548
v -1.290754 25.399394 8.541633
v -1.224685 25.585591 8.104413
v -1.158158 25.761824 7.664168
v -1.091217 25.928010 7.221185
v -1.023906 26.084081 6.775751
v -1.425786 26.084081 6.702710
v -1.519516 25.928010 7.143343
v -1.612731 25.761824 7.581550
v -1.705369 25.585591 8.017049
v -1.797371 25.399394 8.449556
v -1.888678 25.203328 8.878793
v -1.979230 24.997500 9.304484
v -2.068970 24.782031 9.726357
v -2.113913 24.669720 9.937638
v -2.158628 24.555008 10.147846
v -2.203107 24.437912 10.356947
v -2.247344 24.318454 10.564908
v -2.291332 24.196653 10.771696
v -2.335063 24.072531 10.977278
v -2.378531 23.946110 11.181624
v -2.421729 23.817412 11.384701
v -2.464651 23.686460 11.586479
v -2.507289 23.553279 11.786926
v -2.549639 23.417893 11.986013
v -2.591693 23.280327 12.183711
v -2.633445 23.140609 12.379989
v -2.674889 22.998763 12.574821
v -2.716019 22.854817 12.768177
v -1.820147 26.084081 6.606531
v -1.939802 25.928010 7.040841
v -2.058799 25.761824 7.472761
v -2.177060 25.585591 7.902010
v -2.294510 25.399394 8.328311
v -2.411071 25.203328 8.751389
v -2.526668 24.997500 9.170972
v -2.641230 24.782031 9.586791
v -2.698604 24.669720 9.795040
v -2.755687 24.555008 10.002232
v -2.812469 24.437912 10.208332
v -2.868941 24.318454 10.413309
v -2.925095 24.196653 10.617130
v -2.980922 24.072531 10.819763
v -3.036413 23.946110 11.021176
v -3.091559 23.817412 11.221339
v -3.146353 23.686460 11.420221
v -3.200785 23.553279 11.617792
v -3.254848 23.417893 11.814023
v -3.308534 23.280327 12.008883
v -3.361834 23.140609 12.202346
v -3.414741 22.998763 12.394381
v -3.467248 22.854817 12.584963
v -3.046810 22.998763 12.489920
v -2.999603 23.140609 12.296404
v -2.952046 23.280327 12.101450
v -2.904145 23.417893 11.905088
v -2.855907 23.553279 11.707345
v -2.807340 23.686460 11.508251
v -2.758450 23.817412 11.307835
v -2.709246 23.946110 11.106129
v -2.659734 24.072531 10.903163
v -2.609923 24.196653 10.698969
v -2.559819 24.318454 10.493577
v -2.509431 24.437912 10.287020
v -2.458767 24.555008 10.079331
v -2.407835 24.669720 9.870542
v -2.356643 24.782031 9.660687
v -2.254425 24.997500 9.241663
v -2.151283 25.203328 8.818847
v -2.047281 25.399394 8.392508
v -1.942487 25.585591 7.962920
v -1.836968 25.761824 7.530362
v -1.730793 25.928010 7.095113
v -2.350027 25.928010 6.914741
v -2.494189 25.761824 7.338925
v -2.637460 25.585591 7.760487
v -2.779747 25.399394 8.179153
v -2.920958 25.203328 8.594654
v -3.061002 24.997500 9.006722
v -3.199790 24.782031 9.415094
v -3.269298 24.669720 9.619614
v -3.338453 24.555008 9.823095
v -3.407243 24.437912 10.025504
v -3.475658 24.318454 10.226810
v -3.543687 24.196653 10.426980
v -3.611320 24.072531 10.625983
v -3.678546 23.946110 10.823790
v -3.745355 23.817412 11.020368
v -3.811736 23.686460 11.215688
v -3.877679 23.553279 11.409721
v -3.943175 23.417893 11.602437
v -4.008214 23.280327 11.793807
v -4.072786 23.140609 11.983805
v -4.136882 22.998763 12.172401
v -3.836336 22.854817 12.477405
v -3.778240 22.998763 12.288452
v -3.719701 23.140609 12.098058
v -3.660726 23.280327 11.906249
v -3.601326 23.417893 11.713053
v -3.541508 23.553279 11.518500
v -3.481282 23.686460 11.322617
v -3.420655 23.817412 11.125435
v -3.359639 23.946110 10.926983
v -3.298241 24.072531 10.727291
v -3.236471 24.196653 10.526390
v -3.174340 24.318454 10.324311
v -3.111856 24.437912 10.121086
v -3.049029 24.555008 9.916747
v -2.985870 24.669720 9.711326
v -2.922388 24.782031 9.504856
v -2.795632 24.997500 9.092591
v -2.667729 25.203328 8.676595
v -2.538760 25.399394 8.257133
v -2.408808 25.585591 7.834475
v -2.277958 25.761824 7.408894
v -2.146294 25.928010 6.980666
v -2.748312 25.928010 6.766318
v -2.916906 25.761824 7.181397
v -3.084459 25.585591 7.593910
v -3.250861 25.399394 8.003590
v -3.416005 25.203328 8.410172
v -3.579784 24.997500 8.813394
v -3.742094 24.782031 9.213001
v -3.823382 24.669720 9.413131
v -3.904257 24.555008 9.612244
v -3.984706 24.437912 9.810309
v -4.064716 24.318454 10.007293
v -4.144275 24.196653 10.203167
v -4.223370 24.072531 10.397899
v -4.301990 23.946110 10.591459
v -4.380121 23.817412 10.783818
v -4.457753 23.686460 10.974946
v -4.534872 23.553279 11.164813
v -4.611468 23.417893 11.353393
v -4.687530 23.280327 11.540656
v -4.763046 23.140609 11.726575
v -4.838005 22.998763 11.911123
v -4.912396 22.854817 12.094274
v -4.559309 22.854817 12.231754
v -4.490265 22.998763 12.046521
v -4.420693 23.140609 11.859875
v -4.350605 23.280327 11.671843
v -4.280011 23.417893 11.482451
v -4.208920 23.553279 11.291728
v -4.137344 23.686460 11.099702
v -4.065292 23.817412 10.906401
v -3.992777 23.946110 10.711856
v -3.919808 24.072531 10.516095
v -3.846398 24.196653 10.319150
v -3.772557 24.318454 10.121050
v -3.698298 24.437912 9.921826
v -3.623631 24.555008 9.721510
v -3.548569 24.669720 9.520133
v -3.473124 24.782031 9.317728
v -3.322480 24.997500 8.913579
v -3.170473 25.203328 8.505773
v -3.017199 25.399394 8.094569
v -2.862758 25.585591 7.680233
v -2.707249 25.761824 7.263030
v -2.550772 25.928010 6.843233
v -2.393429 26.084081 6.421113
v -5.259389 22.854817 11.947465
v -5.179743 22.998763 11.766538
v -5.099490 23.140609 11.584230
v -5.018640 23.280327 11.400567
v -4.937205 23.417893 11.215577
v -4.855199 23.553279 11.029287
v -4.772631 23.686460 10.841724
v -4.689516 23.817412 10.652916
v -4.605866 23.946110 10.462893
v -4.521693 24.072531 10.271682
v -4.437011 24.196653 10.079314
v -4.351832 24.318454 9.885818
v -4.266170 24.437912 9.691224
v -4.180039 24.555008 9.495564
v -4.093451 24.669720 9.298867
v -4.006421 24.782031 9.101167
v -3.832646 24.997500 8.706411
v -3.657298 25.203328 8.308083
v -3.480490 25.399394 7.906436
v -3.302334 25.585591 7.501730
v -3.122946 25.761824 7.094224
v -2.942442 25.928010 6.684183
v -2.760939 26.084081 6.271874
v -3.894117 25.203328 8.199752
v -4.080819 24.997500 8.592886
v -4.265847 24.782031 8.982494
v -4.358512 24.669720 9.177617
v -4.450706 24.555008 9.371748
v -4.542415 24.437912 9.564857
v -4.633624 24.318454 9.756914
v -4.724318 24.196653 9.947887
v -4.814484 24.072531 10.137747
v -4.904107 23.946110 10.326464
v -4.993174 23.817412 10.514010
v -5.081671 23.686460 10.700356
v -5.169584 23.553279 10.885473
v -5.256901 23.417893 11.069334
v -5.343608 23.280327 11.251912
v -5.429694 23.140609 11.433180
v -5.515144 22.998763 11.613110
v -3.705860 25.399394 7.803342
v 6.022913 22.509856 11.801992
v -6.022913 22.509856 11.801992
v -5.573200 22.509856 12.020896
v -5.115546 22.509856 12.222671
v -4.650603 22.509856 12.407030
v -4.179033 22.509856 12.573710
v -3.701508 22.509856 12.722474
v -3.218709 22.509856 12.853109
v -2.731323 22.509856 12.965430
v -2.240046 22.509856 13.059276
v -1.745577 22.509856 13.134514
v -1.248620 22.509856 13.191037
v -0.749885 22.509856 13.228763
v -0.250080 22.509856 13.247640
v 0.250080 22.509856 13.247640
v 0.749885 22.509856 13.228763
v 1.248620 22.509856 13.191037
v 1.745577 22.509856 13.134514
v 2.240046 22.509856 13.059276
v 2.731323 22.509856 12.965430
v 3.218709 22.509856 12.853109
v 3.701508 22.509856 12.722474
v 4.179033 22.509856 12.573710
v 4.650603 22.509856 12.407030
v 5.115546 22.509856 12.222671
v 5.573200 22.509856 12.020896
v -2.588391 26.063738 5.853224
v -2.280391 26.063738 5.979951
v -1.966215 26.063738 6.090484
v -1.646715 26.063738 6.184523
v -1.322756 26.063738 6.261814
v -0.995214 26.063738 6.322148
v -0.664977 26.063738 6.365360
v -0.332939 26.063738 6.391334
v -0.000000 26.063738 6.400000
v 0.332939 26.063738 6.391334
v 0.664977 26.063738 6.365360
v 0.995214 26.063738 6.322148
v 1.322756 26.063738 6.261814
v 1.646715 26.063738 6.184523
v 1.966215 26.063738 6.090484
v 2.280391 26.063738 5.979951
v 2.588391 26.063738 5.853224
v 2.819610 25.914213 6.253708
v 3.048993 25.754477 6.651011
v 3.276473 25.584625 7.045018
v 3.501983 25.404752 7.435613
v 3.725456 25.214951 7.822679
v 3.946824 25.015319 8.206099
v 4.166020 24.805949 8.585757
v 4.382976 24.586936 8.961538
v 4.597501 24.358512 9.333105
v 4.809412 24.120926 9.700146
v 5.018654 23.874300 10.062564
v 5.225173 23.618756 10.420265
v 5.428913 23.354417 10.773153
v 5.629820 23.081406 11.121134
v 5.827838 22.799845 11.464112
v -5.827838 22.799845 11.464112
v -5.629820 23.081406 11.121134
v -5.428913 23.354417 10.773153
v -5.225173 23.618756 10.420265
v -5.018654 23.874300 10.062564
v -4.809412 24.120926 9.700146
v -4.597501 24.358512 9.333105
v -4.382976 24.586936 8.961538
v -4.166020 24.805949 8.585757
v -3.946824 25.015319 8.206099
v -3.725456 25.214951 7.822679
v -3.501983 25.404752 7.435613
v -3.276473 25.584625 7.045018
v -3.048993 25.754477 6.651011
v -2.819610 25.914213 6.253708
v 2.578939 25.916530 6.349324
v 2.205199 25.916530 6.488600
v 4.200591 22.657214 12.359860
v 2.014022 25.916530 6.550462
v 1.624127 25.916530 6.657856
v 3.093732 22.657214 12.682268
v 0.820833 25.916530 6.803754
v 0.616596 25.916530 6.825295
v 1.174527 22.657214 13.001215
v -0.616596 25.916530 6.825295
v -1.174527 22.657214 13.001215
v -0.820833 25.916530 6.803754
v -1.624127 25.916530 6.657856
v -3.093732 22.657214 12.682268
v -2.014022 25.916530 6.550462
v -2.205199 25.916530 6.488600
v -4.200591 22.657214 12.359860
v -2.578939 25.916530 6.349324
v -2.761105 25.916530 6.272251
v -2.942759 25.759045 6.684904
v -3.123397 25.591341 7.095249
v -3.302900 25.413490 7.503017
v -3.481150 25.225577 7.907937
v -3.658030 25.027698 8.309745
v -3.833423 24.819965 8.708176
v -4.007217 24.602501 9.102973
v -4.094263 24.489126 9.300713
v -4.180860 24.373326 9.497430
v -4.266993 24.255122 9.693093
v -4.352648 24.134534 9.887670
v -4.437811 24.011581 10.081130
v -4.522468 23.886288 10.273442
v -4.606608 23.758675 10.464577
v -4.690215 23.628766 10.654503
v -4.773278 23.496585 10.843192
v -4.855783 23.362156 11.030614
v -4.937718 23.225506 11.216741
v -5.019070 23.086660 11.401546
v -5.099828 22.945644 11.584999
v -5.179980 22.802486 11.767075
v -5.259513 22.657214 11.947746
v -5.600079 22.657214 11.791956
v -5.515396 22.802486 11.613640
v -5.430054 22.945644 11.433939
v -5.344067 23.086660 11.252878
v -5.257447 23.225506 11.070483
v -5.170206 23.362156 10.886783
v -5.082359 23.496585 10.701804
v -4.993917 23.628766 10.515576
v -4.904896 23.758675 10.328126
v -4.815309 23.886288 10.139484
v -4.725169 24.011581 9.949679
v -4.634492 24.134534 9.758742
v -4.543291 24.255122 9.566702
v -4.451581 24.373326 9.373590
v -4.359377 24.489126 9.179438
v -4.266693 24.602501 8.984277
v -4.081646 24.819965 8.594628
v -3.894896 25.027698 8.201392
v -3.706563 25.225577 7.804823
v -2.393573 25.916530 6.421499
v -2.551047 25.759045 6.843970
v -2.707640 25.591341 7.264080
v -2.863249 25.413490 7.681550
v -3.017772 25.225577 8.096106
v -3.171107 25.027698 8.507474
v -3.323154 24.819965 8.915386
v -3.473814 24.602501 9.319578
v -3.549274 24.489126 9.522022
v -3.624343 24.373326 9.723420
v -3.699011 24.255122 9.923739
v -3.773264 24.134534 10.122946
v -3.847091 24.011581 10.321009
v -3.920480 23.886288 10.517898
v -3.993419 23.758675 10.713580
v -4.065898 23.628766 10.908026
v -4.137904 23.496585 11.101204
v -4.209427 23.362156 11.293086
v -4.280455 23.225506 11.483643
v -4.350979 23.086660 11.672844
v -4.420987 22.945644 11.860663
v -4.490469 22.802486 12.047071
v -4.559416 22.657214 12.232041
v -4.912512 22.657214 12.094558
v -4.838226 22.802486 11.911667
v -4.763362 22.945644 11.727354
v -4.687932 23.086660 11.541646
v -4.611947 23.225506 11.354571
v -4.535418 23.362156 11.166157
v -4.458356 23.496585 10.976431
v -4.380774 23.628766 10.785424
v -4.302682 23.758675 10.593164
v -4.224094 23.886288 10.399681
v -4.145022 24.011581 10.205005
v -4.065478 24.134534 10.009168
v -3.985474 24.255122 9.812200
v -3.905024 24.373326 9.614133
v -3.824141 24.489126 9.414999
v -3.742837 24.602501 9.214829
v -3.580509 24.819965 8.815181
v -3.416688 25.027698 8.411854
v -3.251478 25.225577 8.005109
v -3.084988 25.413490 7.595213
v -2.917328 25.591341 7.182435
v -2.748608 25.759045 6.767047
v -2.146525 25.759045 6.981418
v -2.278287 25.591341 7.409965
v -2.409222 25.413490 7.835819
v -2.539242 25.225577 8.258700
v -2.668262 25.027698 8.678330
v -2.796199 24.819965 9.094435
v -2.922968 24.602501 9.506743
v -2.986462 24.489126 9.713253
v -3.049628 24.373326 9.918696
v -3.112456 24.255122 10.123038
v -3.174935 24.134534 10.326245
v -3.237055 24.011581 10.528287
v -3.298806 23.886288 10.729129
v -3.360180 23.758675 10.928741
v -3.421165 23.628766 11.127092
v -3.481753 23.496585 11.324150
v -3.541934 23.362156 11.519886
v -3.601700 23.225506 11.714269
v -3.661041 23.086660 11.907270
v -3.719948 22.945644 12.098861
v -3.778412 22.802486 12.289013
v -3.836426 22.657214 12.477698
v -4.137071 22.802486 12.172957
v -4.073057 22.945644 11.984601
v -4.008558 23.086660 11.794820
v -3.943585 23.225506 11.603641
v -3.878146 23.362156 11.411094
v -3.812252 23.496585 11.217206
v -3.745913 23.628766 11.022009
v -3.679138 23.758675 10.825532
v -3.611939 23.886288 10.627805
v -3.544326 24.011581 10.428859
v -3.476309 24.134534 10.228726
v -3.407900 24.255122 10.027437
v -3.339109 24.373326 9.825025
v -3.269947 24.489126 9.621523
v -3.200425 24.602501 9.416962
v -3.061623 24.819965 9.008548
v -2.921542 25.027698 8.596373
v -2.780274 25.225577 8.180706
v -2.637912 25.413490 7.761819
v -2.494549 25.591341 7.339986
v -2.350280 25.759045 6.915486
v -1.730979 25.759045 7.095878
v -1.837233 25.591341 7.531451
v -1.942820 25.413490 7.964287
v -2.047670 25.225577 8.394101
v -2.151713 25.027698 8.820610
v -2.254882 24.819965 9.243537
v -2.357110 24.602501 9.662605
v -2.408313 24.489126 9.872501
v -2.459250 24.373326 10.081312
v -2.509915 24.255122 10.289004
v -2.560299 24.134534 10.495543
v -2.610393 24.011581 10.700897
v -2.660190 23.886288 10.905032
v -2.709682 23.758675 11.107917
v -2.758861 23.628766 11.309520
v -2.807720 23.496585 11.509809
v -2.856251 23.362156 11.708753
v -2.904446 23.225506 11.906323
v -2.952299 23.086660 12.102489
v -2.999803 22.945644 12.297221
v -3.046949 22.802486 12.490490
v -3.467329 22.657214 12.585259
v -3.414897 22.802486 12.394947
v -3.362057 22.945644 12.203156
v -3.308817 23.086660 12.009914
v -3.255186 23.225506 11.815249
v -3.201170 23.362156 11.619190
v -3.146779 23.496585 11.421767
v -3.092020 23.628766 11.223010
v -3.036902 23.758675 11.022950
v -2.981433 23.886288 10.821617
v -2.925623 24.011581 10.619043
v -2.869479 24.134534 10.415260
v -2.813011 24.255122 10.210301
v -2.756228 24.373326 10.004198
v -2.699139 24.489126 9.796984
v -2.641754 24.602501 9.588693
v -2.527181 24.819965 9.172831
v -2.411553 25.027698 8.753139
v -2.294945 25.225577 8.329892
v -2.177434 25.413490 7.903366
v -2.059097 25.591341 7.473841
v -1.940011 25.759045 7.041600
v -1.820256 25.916530 6.606928
v -1.225734 25.916530 6.742582
v -1.306375 25.759045 7.186178
v -1.386566 25.591341 7.627294
v -1.466253 25.413490 8.065638
v -1.545383 25.225577 8.500922
v -1.623905 25.027698 8.932859
v -1.701767 24.819965 9.361167
v -1.778919 24.602501 9.785569
v -1.817561 24.489126 9.998136
v -1.856004 24.373326 10.209604
v -1.894241 24.255122 10.419939
v -1.932266 24.134534 10.629106
v -1.970072 24.011581 10.837073
v -2.007654 23.886288 11.043806
v -2.045006 23.758675 11.249273
v -2.082121 23.628766 11.453441
v -2.118995 23.496585 11.656279
v -2.155622 23.362156 11.857756
v -2.191995 23.225506 12.057840
v -2.228110 23.086660 12.256502
v -2.263961 22.945644 12.453712
v -2.299542 22.802486 12.649440
v -2.334849 22.657214 12.843659
v -2.716083 22.657214 12.768477
v -2.675011 22.802486 12.575395
v -2.633620 22.945644 12.380812
v -2.591915 23.086660 12.184756
v -2.549903 23.225506 11.987257
v -2.507591 23.362156 11.788344
v -2.464984 23.496585 11.588047
v -2.422090 23.628766 11.386397
v -2.378914 23.758675 11.183424
v -2.335463 23.886288 10.979160
v -2.291745 24.011581 10.773637
v -2.247765 24.134534 10.566887
v -2.203532 24.255122 10.358944
v -2.159052 24.373326 10.149840
v -2.114332 24.489126 9.939610
v -2.069380 24.602501 9.728287
v -1.979631 24.819965 9.306370
v -1.889055 25.027698 8.880569
v -1.797713 25.225577 8.451160
v -1.705662 25.413490 8.018424
v -1.612964 25.591341 7.582646
v -1.519680 25.759045 7.144112
v -1.425872 25.916530 6.703113
v -1.023968 25.916530 6.776159
v -1.091335 25.759045 7.221964
v -1.158325 25.591341 7.665276
v -1.224895 25.413490 8.105803
v -1.290999 25.225577 8.543255
v -1.356596 25.027698 8.977343
v -1.421641 24.819965 9.407784
v -1.486093 24.602501 9.834299
v -1.518375 24.489126 10.047925
v -1.550490 24.373326 10.260446
v -1.582433 24.255122 10.471828
v -1.614198 24.134534 10.682037
v -1.645781 24.011581 10.891040
v -1.677177 23.886288 11.098802
v -1.708380 23.758675 11.305292
v -1.739386 23.628766 11.510477
v -1.770190 23.496585 11.714325
v -1.800788 23.362156 11.916805
v -1.831174 23.225506 12.117885
v -1.861344 23.086660 12.317537
v -1.891293 22.945644 12.515729
v -1.921018 22.802486 12.712432
v -1.950513 22.657214 12.907618
v -0.657162 25.759045 7.274332
v -0.697501 25.591341 7.720859
v -0.737586 25.413490 8.164581
v -0.777392 25.225577 8.605204
v -0.816892 25.027698 9.042440
v -0.856060 24.819965 9.476003
v -0.894871 24.602501 9.905610
v -0.914309 24.489126 10.120785
v -0.933648 24.373326 10.334847
v -0.952883 24.255122 10.547762
v -0.972010 24.134534 10.759496
v -0.991029 24.011581 10.970014
v -1.009934 23.886288 11.179283
v -1.028723 23.758675 11.387270
v -1.047394 23.628766 11.593943
v -1.065943 23.496585 11.799269
v -1.084368 23.362156 12.003217
v -1.102665 23.225506 12.205756
v -1.120832 23.086660 12.406855
v -1.138867 22.945644 12.606484
v -1.156766 22.802486 12.804614
v -1.563570 22.657214 12.960184
v -1.539926 22.802486 12.764202
v -1.516098 22.945644 12.566698
v -1.492090 23.086660 12.367699
v -1.467905 23.225506 12.167235
v -1.443547 23.362156 11.965335
v -1.419020 23.496585 11.762031
v -1.394326 23.628766 11.557353
v -1.369471 23.758675 11.351332
v -1.344458 23.886288 11.144001
v -1.319291 24.011581 10.935393
v -1.293973 24.134534 10.725539
v -1.268509 24.255122 10.514474
v -1.242903 24.373326 10.302231
v -1.217160 24.489126 10.088844
v -1.191282 24.602501 9.874348
v -1.139616 24.819965 9.446097
v -1.087474 25.027698 9.013902
v -1.034891 25.225577 8.578046
v -0.981900 25.413490 8.138813
v -0.928536 25.591341 7.696492
v -0.874836 25.759045 7.251375
v -0.205903 25.916530 6.849996
v -0.219449 25.759045 7.300658
v -0.232920 25.591341 7.748801
v -0.246306 25.413490 8.194129
v -0.259599 25.225577 8.636347
v -0.272789 25.027698 9.075165
v -0.285869 24.819965 9.510297
v -0.298829 24.602501 9.941459
v -0.305320 24.489126 10.157413
v -0.311778 24.373326 10.372250
v -0.318201 24.255122 10.585935
v -0.324589 24.134534 10.798435
v -0.330939 24.011581 11.009715
v -0.337253 23.886288 11.219741
v -0.343527 23.758675 11.428481
v -0.349762 23.628766 11.635902
v -0.355956 23.496585 11.841971
v -0.362109 23.362156 12.046657
v -0.368219 23.225506 12.249929
v -0.374286 23.086660 12.451756
v -0.380308 22.945644 12.652107
v -0.386285 22.802486 12.850954
v -0.392216 22.657214 13.048267
v -0.783901 22.657214 13.030603
v -0.772047 22.802486 12.833557
v -0.760101 22.945644 12.634979
v -0.748064 23.086660 12.434899
v -0.735939 23.225506 12.233345
v -0.723727 23.362156 12.030349
v -0.711430 23.496585 11.825940
v -0.699050 23.628766 11.620150
v -0.686589 23.758675 11.413010
v -0.674049 23.886288 11.204552
v -0.661431 24.011581 10.994810
v -0.648738 24.134534 10.783816
v -0.635972 24.255122 10.571604
v -0.623134 24.373326 10.358208
v -0.610227 24.489126 10.143662
v -0.597253 24.602501 9.928001
v -0.571350 24.819965 9.497422
v -0.545209 25.027698 9.062879
v -0.518846 25.225577 8.624655
v -0.492279 25.413490 8.183036
v -0.465525 25.591341 7.738311
v -0.438602 25.759045 7.290775
v -0.411527 25.916530 6.840722
v 0.205903 25.916530 6.849996
v 0.219449 25.759045 7.300658
v 0.232920 25.591341 7.748801
v 0.246306 25.413490 8.194129
v 0.259599 25.225577 8.636347
v 0.272789 25.027698 9.075165
v 0.285869 24.819965 9.510297
v 0.298829 24.602501 9.941459
v 0.305320 24.489126 10.157413
v 0.311778 24.373326 10.372250
v 0.318201 24.255122 10.585935
v 0.324589 24.134534 10.798435
v 0.330939 24.011581 11.009715
v 0.337253 23.886288 11.219741
v 0.343527 23.758675 11.428481
v 0.349762 23.628766 11.635902
v 0.355956 23.496585 11.841971
v 0.362109 23.362156 12.046657
v 0.368219 23.225506 12.249929
v 0.374286 23.086660 12.451756
v 0.380308 22.945644 12.652107
v 0.386285 22.802486 12.850954
v 0.392216 22.657214 13.048267
v -0.000000 22.657214 13.054161
v -0.000000 22.802486 12.856758
v -0.000000 22.945644 12.657822
v -0.000000 23.086660 12.457380
v -0.000000 23.225506 12.255462
v -0.000000 23.362156 12.052098
v -0.000000 23.496585 11.847320
v -0.000000 23.628766 11.641157
v -0.000000 23.758675 11.433643
v -0.000000 23.886288 11.224809
v -0.000000 24.011581 11.014688
v -0.000000 24.134534 10.803312
v -0.000000 24.255122 10.590716
v -0.000000 24.373326 10.376934
v -0.000000 24.489126 10.162000
v -0.000000 24.602501 9.945949
v -0.000000 24.819965 9.514592
v -0.000000 25.027698 9.079264
v -0.000000 25.225577 8.640248
v -0.000000 25.413490 8.197830
v -0.000000 25.591341 7.752301
v -0.000000 25.759045 7.303956
v -0.000000 25.916530 6.853089
v 0.411527 25.916530 6.840722
v 0.438602 25.759045 7.290775
v 0.465525 25.591341 7.738311
v 0.492279 25.413490 8.183036
v 0.518846 25.225577 8.624655
v 0.545209 25.027698 9.062879
v 0.571350 24.819965 9.497422
v 0.597253 24.602501 9.928001
v 0.610227 24.489126 10.143662
v 0.623134 24.373326 10.358208
v 0.635972 24.255122 10.571604
v 0.648738 24.134534 10.783816
v 0.661431 24.011581 10.994810
v 0.674049 23.886288 11.204552
v 0.686589 23.758675 11.413010
v 0.699050 23.628766 11.620150
v 0.711430 23.496585 11.825940
v 0.723727 23.362156 12.030349
v 0.735939 23.225506 12.233345
v 0.748064 23.086660 12.434899
v 0.760101 22.945644 12.634979
v 0.772047 22.802486 12.833557
v 0.783901 22.657214 13.030603
v 0.874836 25.759045 7.251375
v 0.928536 25.591341 7.696492
v 0.981900 25.413490 8.138813
v 1.034891 25.225577 8.578046
v 1.087474 25.027698 9.013902
v 1.139616 24.819965 9.446097
v 1.191282 24.602501 9.874348
v 1.217160 24.489126 10.088844
v 1.242903 24.373326 10.302231
v 1.268509 24.255122 10.514474
v 1.293973 24.134534 10.725539
v 1.319291 24.011581 10.935393
v 1.344458 23.886288 11.144001
v 1.369471 23.758675 11.351332
v 1.394326 23.628766 11.557353
v 1.419020 23.496585 11.762031
v 1.443547 23.362156 11.965335
v 1.467905 23.225506 12.167235
v 1.492090 23.086660 12.367699
v 1.516098 22.945644 12.566698
v 1.539926 22.802486 12.764202
v 1.563570 22.657214 12.960184
v 1.156766 22.802486 12.804614
v 1.138867 22.945644 12.606484
v 1.120832 23.086660 12.406855
v 1.102665 23.225506 12.205756
v 1.084368 23.362156 12.003217
v 1.065943 23.496585 11.799269
v 1.047394 23.628766 11.593943
v 1.028723 23.758675 11.387270
v 1.009934 23.886288 11.179283
v 0.991029 24.011581 10.970014
v 0.972010 24.134534 10.759496
v 0.952883 24.255122 10.547762
v 0.933648 24.373326 10.334847
v 0.914309 24.489126 10.120785
v 0.894871 24.602501 9.905610
v 0.856060 24.819965 9.476003
v 0.816892 25.027698 9.042440
v 0.777392 25.225577 8.605204
v 0.737586 25.413490 8.164581
v 0.697501 25.591341 7.720859
v 0.657162 25.759045 7.274332
v 1.225734 25.916530 6.742582
v 1.306375 25.759045 7.186178
v 1.386566 25.591341 7.627294
v 1.466253 25.413490 8.065638
v 1.545383 25.225577 8.500922
v 1.623905 25.027698 8.932859
v 1.701767 24.819965 9.361167
v 1.778919 24.602501 9.785569
v 1.817561 24.489126 9.998136
v 1.856004 24.373326 10.209604
v 1.894241 24.255122 10.419939
v 1.932266 24.134534 10.629106
v 1.970072 24.011581 10.837073
v 2.007654 23.886288 11.043806
v 2.045006 23.758675 11.249273
v 2.082121 23.628766 11.453441
v 2.118995 23.496585 11.656279
v 2.155622 23.362156 11.857756
v 2.191995 23.225506 12.057840
v 2.228110 23.086660 12.256502
v 2.263961 22.945644 12.453712
v 2.299542 22.802486 12.649440
v 2.334849 22.657214 12.843659
v 1.950513 22.657214 12.907618
v 1.921018 22.802486 12.712432
v 1.891293 22.945644 12.515729
v 1.861344 23.086660 12.317537
v 1.831174 23.225506 12.117885
v 1.800788 23.362156 11.916805
v 1.770190 23.496585 11.714325
v 1.739386 23.628766 11.510477
v 1.708380 23.758675 11.305292
v 1.677177 23.886288 11.098802
v 1.645781 24.011581 10.891040
v 1.614198 24.134534 10.682037
v 1.582433 24.255122 10.471828
v 1.550490 24.373326 10.260446
v 1.518375 24.489126 10.047925
v 1.486093 24.602501 9.834299
v 1.421641 24.819965 9.407784
v 1.356596 25.027698 8.977343
v 1.290999 25.225577 8.543255
v 1.224895 25.413490 8.105803
v 1.158325 25.591341 7.665276
v 1.091335 25.759045 7.221964
v 1.023968 25.916530 6.776159
v 1.425872 25.916530 6.703113
v 1.519680 25.759045 7.144112
v 1.612964 25.591341 7.582646
v 1.705662 25.413490 8.018424
v 1.797713 25.225577 8.451160
v 1.889055 25.027698 8.880569
v 1.979631 24.819965 9.306370
v 2.069380 24.602501 9.728287
v 2.114332 24.489126 9.939610
v 2.159052 24.373326 10.149840
v 2.203532 24.255122 10.358944
v 2.247765 24.134534 10.566887
v 2.291745 24.011581 10.773637
v 2.335463 23.886288 10.979160
v 2.378914 23.758675 11.183424
v 2.422090 23.628766 11.386397
v 2.464984 23.496585 11.588047
v 2.507591 23.362156 11.788344
v 2.549903 23.225506 11.987257
v 2.591915 23.086660 12.184756
v 2.633620 22.945644 12.380812
v 2.675011 22.802486 12.575395
v 2.716083 22.657214 12.768477
v 1.820256 25.916530 6.606928
v 1.940011 25.759045 7.041600
v 2.059097 25.591341 7.473841
v 2.177434 25.413490 7.903366
v 2.294945 25.225577 8.329892
v 2.411553 25.027698 8.753139
v 2.527181 24.819965 9.172831
v 2.641754 24.602501 9.588693
v 2.699139 24.489126 9.796984
v 2.756228 24.373326 10.004198
v 2.813011 24.255122 10.210301
v 2.869479 24.134534 10.415260
v 2.925623 24.011581 10.619043
v 2.981433 23.886288 10.821617
v 3.036902 23.758675 11.022950
v 3.092020 23.628766 11.223010
v 3.146779 23.496585 11.421767
v 3.201170 23.362156 11.619190
v 3.255186 23.225506 11.815249
v 3.308817 23.086660 12.009914
v 3.362057 22.945644 12.203156
v 3.414897 22.802486 12.394947
v 3.467329 22.657214 12.585259
v 3.046949 22.802486 12.490490
v 2.999803 22.945644 12.297221
v 2.952299 23.086660 12.102489
v 2.904446 23.225506 11.906323
v 2.856251 23.362156 11.708753
v 2.807720 23.496585 11.509809
v 2.758861 23.628766 11.309520
v 2.709682 23.758675 11.107917
v 2.660190 23.886288 10.905032
v 2.610393 24.011581 10.700897
v 2.560299 24.134534 10.495543
v 2.509915 24.255122 10.289004
v 2.459250 24.373326 10.081312
v 2.408313 24.489126 9.872501
v 2.357110 24.602501 9.662605
v 2.254882 24.819965 9.243537
v 2.151713 25.027698 8.820610
v 2.047670 25.225577 8.394101
v 1.942820 25.413490 7.964287
v 1.837233 25.591341 7.531451
v 1.730979 25.759045 7.095878
v 2.350280 25.759045 6.915486
v 2.494549 25.591341 7.339986
v 2.637912 25.413490 7.761819
v 2.780274 25.225577 8.180706
v 2.921542 25.027698 8.596373
v 3.061623 24.819965 9.008548
v 3.200425 24.602501 9.416962
v 3.269947 24.489126 9.621523
v 3.339109 24.373326 9.825025
v 3.407900 24.255122 10.027437
v 3.476309 24.134534 10.228726
v 3.544326 24.011581 10.428859
v 3.611939 23.886288 10.627805
v 3.679138 23.758675 10.825532
v 3.745913 23.628766 11.022009
v 3.812252 23.496585 11.217206
v 3.878146 23.362156 11.411094
v 3.943585 23.225506 11.603641
v 4.008558 23.086660 11.794820
v 4.073057 22.945644 11.984601
v 4.137071 22.802486 12.172957
v 3.836426 22.657214 12.477698
v 3.778412 22.802486 12.289013
v 3.719948 22.945644 12.098861
v 3.661041 23.086660 11.907270
v 3.601700 23.225506 11.714269
v 3.541934 23.362156 11.519886
v 3.481753 23.496585 11.324150
v 3.421165 23.628766 11.127092
v 3.360180 23.758675 10.928741
v 3.298806 23.886288 10.729129
v 3.237055 24.011581 10.528287
v 3.174935 24.134534 10.326245
v 3.112456 24.255122 10.123038
v 3.049628 24.373326 9.918696
v 2.986462 24.489126 9.713253
v 2.922968 24.602501 9.506743
v 2.796199 24.819965 9.094435
v 2.668262 25.027698 8.678330
v 2.539242 25.225577 8.258700
v 2.409222 25.413490 7.835819
v 2.278287 25.591341 7.409965
v 2.146525 25.759045 6.981418
v 2.748608 25.759045 6.767047
v 2.917328 25.591341 7.182435
v 3.084988 25.413490 7.595213
v 3.251478 25.225577 8.005109
v 3.416688 25.027698 8.411854
v 3.580509 24.819965 8.815181
v 3.742837 24.602501 9.214829
v 3.824141 24.489126 9.414999
v 3.905024 24.373326 9.614133
v 3.985474 24.255122 9.812200
v 4.065478 24.134534 10.009168
v 4.145022 24.011581 10.205005
v 4.224094 23.886288 10.399681
v 4.302682 23.758675 10.593164
v 4.380774 23.628766 10.785424
v 4.458356 23.496585 10.976431
v 4.535418 23.362156 11.166157
v 4.611947 23.225506 11.354571
v 4.687932 23.086660 11.541646
v 4.763362 22.945644 11.727354
v 4.838226 22.802486 11.911667
v 4.912512 22.657214 12.094558
v 4.559416 22.657214 12.232041
v 4.490469 22.802486 12.047071
v 4.420987 22.945644 11.860663
v 4.350979 23.086660 11.672844
v 4.280455 23.225506 11.483643
v 4.209427 23.362156 11.293086
v 4.137904 23.496585 11.101204
v 4.065898 23.628766 10.908026
v 3.993419 23.758675 10.713580
v 3.920480 23.886288 10.517898
v 3.847091 24.011581 10.321009
v 3.773264 24.134534 10.122946
v 3.699011 24.255122 9.923739
v 3.624343 24.373326 9.723420
v 3.549274 24.489126 9.522022
v 3.473814 24.602501 9.319578
v 3.323154 24.819965 8.915386
v 3.171107 25.027698 8.507474
v 3.017772 25.225577 8.096106
v 2.863249 25.413490 7.681550
v 2.707640 25.591341 7.264080
v 2.551047 25.759045 6.843970
v 2.393573 25.916530 6.421499
v 5.259513 22.657214 11.947746
v 5.179980 22.802486 11.767075
v 5.099828 22.945644 11.584999
v 5.019070 23.086660 11.401546
v 4.937718 23.225506 11.216741
v 4.855783 23.362156 11.030614
v 4.773278 23.496585 10.843192
v 4.690215 23.628766 10.654503
v 4.606608 23.758675 10.464577
v 4.522468 23.886288 10.273442
v 4.437811 24.011581 10.081130
v 4.352648 24.134534 9.887670
v 4.266993 24.255122 9.693093
v 4.180860 24.373326 9.497430
v 4.094263 24.489126 9.300713
v 4.007217 24.602501 9.102973
v 3.833423 24.819965 8.708176
v 3.658030 25.027698 8.309745
v 3.481150 25.225577 7.907937
v 3.302900 25.413490 7.503017
v 3.123397 25.591341 7.095249
v 2.942759 25.759045 6.684904
v 2.761105 25.916530 6.272251
v 3.894896 25.027698 8.201392
v 4.081646 24.819965 8.594628
v 4.266693 24.602501 8.984277
v 4.359377 24.489126 9.179438
v 4.451581 24.373326 9.373590
v 4.543291 24.255122 9.566702
v 4.634492 24.134534 9.758742
v 4.725169 24.011581 9.949679
v 4.815309 23.886288 10.139484
v 4.904896 23.758675 10.328126
v 4.993917 23.628766 10.515576
v 5.082359 23.496585 10.701804
v 5.170206 23.362156 10.886783
v 5.257447 23.225506 11.070483
v 5.344067 23.086660 11.252878
v 5.430054 22.945644 11.433939
v 5.515396 22.802486 11.613640
v 5.600079 22.657214 11.791956
v 3.706563 25.225577 7.804823
vt -7.754304 0.455641 0.000000
vt -7.754304 0.059695 0.000000
vt -7.510908 0.358992 0.000000
vt -7.271855 0.076244 0.000000
vt -7.267511 0.358992 0.000000
vt -7.024115 0.358992 0.000000
vt -7.267511 0.658288 0.000000
vt -7.024115 0.658288 0.000000
vt -7.267511 0.957585 0.000000
vt -7.024115 0.957585 0.000000
vt -7.267511 1.256881 0.000000
vt -7.024115 1.256881 0.000000
vt -7.267511 1.556178 0.000000
vt -7.024115 1.556178 0.000000
vt -7.267511 1.855475 0.000000
vt -7.024115 1.855475 0.000000
vt -7.267511 2.154771 0.000000
vt -7.024115 2.154771 0.000000
vt -7.267511 2.454068 0.000000
vt -7.024115 2.454068 0.000000
vt -7.267511 2.753364 0.000000
vt -7.024115 2.753364 0.000000
vt -7.267511 3.052661 0.000000
vt -7.024115 3.052661 0.000000
vt -7.267511 3.351958 0.000000
vt -7.024115 3.351958 0.000000
vt -7.267511 3.651254 0.000000
vt -7.024115 3.651254 0.000000
vt -7.267511 3.950551 0.000000
vt -7.024115 3.950551 0.000000
vt -7.267511 4.249847 0.000000
vt -7.024115 4.249847 0.000000
vt -7.267511 4.549144 0.000000
vt -7.024115 4.549144 0.000000
vt -7.267511 4.848441 0.000000
vt -7.024115 4.848441 0.000000
vt -7.267511 5.147737 0.000000
vt -7.024115 5.147737 0.000000
vt -7.267511 5.447034 0.000000
vt -7.024115 5.447034 0.000000
vt -7.267511 5.746330 0.000000
vt -7.024115 5.746330 0.000000
vt -7.267511 6.045627 0.000000
vt -7.024115 6.045627 0.000000
vt -7.267511 6.344924 0.000000
vt -7.024115 6.344924 0.000000
vt -7.267511 6.644220 0.000000
vt -7.024115 6.644220 0.000000
vt -7.267511 6.943517 0.000000
vt -7.024115 6.943517 0.000000
vt -7.267511 7.242813 0.000000
vt -7.024115 7.242813 0.000000
vt -7.267511 7.542110 0.000000
vt -7.024115 7.542110 0.000000
vt -7.267511 7.841407 0.000000
vt -7.024115 7.841407 0.000000
vt -7.267511 8.140703 0.000000
vt -7.024115 8.140703 0.000000
vt -7.267511 8.440000 0.000000
vt -7.024115 8.440000 0.000000
vt -7.267511 8.739296 0.000000
vt -7.024115 8.739296 0.000000
vt -7.267511 9.038593 0.000000
vt -7.024115 9.038593 0.000000
vt -7.267511 9.337890 0.000000
vt -7.024115 9.337890 0.000000
vt -7.271855 9.620637 0.000000
vt -6.789626 9.602790 0.000000
vt -6.780718 9.337890 0.000000
vt -6.537322 9.337890 0.000000
vt -6.537322 9.038593 0.000000
vt -6.293925 9.038593 0.000000
vt -6.293925 8.739296 0.000000
vt -6.050529 8.739296 0.000000
vt -6.050529 8.440000 0.000000
vt -5.807132 8.440000 0.000000
vt -5.807132 8.140703 0.000000
vt -5.563736 8.140703 0.000000
vt -5.563736 7.841407 0.000000
vt -5.320339 7.841407 0.000000
vt -5.320339 7.542110 0.000000
vt -5.076943 7.542110 0.000000
vt -5.076943 7.242813 0.000000
vt -4.833546 7.242813 0.000000
vt -4.833546 6.943517 0.000000
vt -4.590150 6.943517 0.000000
vt -4.590150 6.644220 0.000000
vt -4.346753 6.644220 0.000000
vt -4.346753 6.344924 0.000000
vt -4.103357 6.344924 0.000000
vt -4.103357 6.045627 0.000000
vt -3.859960 6.045627 0.000000
vt -3.859960 5.746330 0.000000
vt -3.377465 5.746330 0.000000
vt -3.377465 5.447034 0.000000
vt -2.894970 5.447034 0.000000
vt -2.894970 5.147737 0.000000
vt -2.412475 5.147737 0.000000
vt -2.412475 4.848441 0.000000
vt -1.929980 4.848441 0.000000
vt -1.929980 4.549144 0.000000
vt -1.447485 4.549144 0.000000
vt -1.447485 4.249847 0.000000
vt -0.964990 4.249847 0.000000
vt -0.964990 3.950551 0.000000
vt -0.482495 3.950551 0.000000
vt -0.482495 3.651254 0.000000
vt -0.000000 3.810838 0.000000
vt -0.000000 3.290276 0.000000
vt -0.482495 3.351958 0.000000
vt -0.482495 3.052661 0.000000
vt -0.964990 3.351958 0.000000
vt -0.964990 3.052661 0.000000
vt -1.447485 3.351958 0.000000
vt -1.447485 3.052661 0.000000
vt -1.929980 3.351958 0.000000
vt -1.929980 3.052661 0.000000
vt -2.412475 3.351958 0.000000
vt -2.412475 3.052661 0.000000
vt -2.894970 3.351958 0.000000
vt -2.894970 3.052661 0.000000
vt -3.377465 3.351958 0.000000
vt -3.377465 3.052661 0.000000
vt -3.859960 3.351958 0.000000
vt -3.859960 3.052661 0.000000
vt -4.103357 3.351958 0.000000
vt -4.103357 3.052661 0.000000
vt -4.346753 3.351958 0.000000
vt -4.346753 3.052661 0.000000
vt -4.590150 3.351958 0.000000
vt -4.590150 3.052661 0.000000
vt -4.833546 3.351958 0.000000
vt -4.833546 3.052661 0.000000
vt -5.076943 3.351958 0.000000
vt -5.076943 3.052661 0.000000
vt -5.320339 3.351958 0.000000
vt -5.320339 3.052661 0.000000
vt -5.563736 3.351958 0.000000
vt -5.563736 3.052661 0.000000
vt -5.807132 3.351958 0.000000
vt -5.807132 3.052661 0.000000
vt -6.050529 3.351958 0.000000
vt -6.050529 3.052661 0.000000
vt -6.293925 3.351958 0.000000
vt -6.293925 3.052661 0.000000
vt -6.537322 3.351958 0.000000
vt -6.537322 3.052661 0.000000
vt -6.780718 3.351958 0.000000
vt -6.780718 3.052661 0.000000
vt -6.789626 0.094091 0.000000
vt -6.780718 0.358992 0.000000
vt -6.780718 0.658288 0.000000
vt -6.780718 0.957585 0.000000
vt -6.780718 1.256881 0.000000
vt -6.780718 1.556178 0.000000
vt -6.780718 1.855475 0.000000
vt -6.780718 2.154771 0.000000
vt -6.780718 2.454068 0.000000
vt -6.780718 2.753364 0.000000
vt -6.537322 0.358992 0.000000
vt -6.307475 0.113382 0.000000
vt -6.293925 0.358992 0.000000
vt -6.050529 0.358992 0.000000
vt -6.293925 0.658288 0.000000
vt -6.050529 0.658288 0.000000
vt -6.293925 0.957585 0.000000
vt -6.050529 0.957585 0.000000
vt -6.293925 1.256881 0.000000
vt -6.050529 1.256881 0.000000
vt -6.293925 1.556178 0.000000
vt -6.050529 1.556178 0.000000
vt -6.293925 1.855475 0.000000
vt -6.050529 1.855475 0.000000
vt -6.293925 2.154771 0.000000
vt -6.050529 2.154771 0.000000
vt -6.293925 2.454068 0.000000
vt -6.050529 2.454068 0.000000
vt -6.293925 2.753364 0.000000
vt -6.050529 2.753364 0.000000
vt -5.825260 0.134289 0.000000
vt -5.807132 0.358992 0.000000
vt -5.807132 0.658288 0.000000
vt -5.807132 0.957585 0.000000
vt -5.807132 1.256881 0.000000
vt -5.807132 1.556178 0.000000
vt -5.807132 1.855475 0.000000
vt -5.807132 2.154771 0.000000
vt -5.807132 2.454068 0.000000
vt -5.807132 2.753364 0.000000
vt -5.563736 0.358992 0.000000
vt -5.342837 0.157009 0.000000
vt -5.320339 0.358992 0.000000
vt -5.076943 0.358992 0.000000
vt -5.320339 0.658288 0.000000
vt -5.076943 0.658288 0.000000
vt -5.320339 0.957585 0.000000
vt -5.076943 0.957585 0.000000
vt -5.320339 1.256881 0.000000
vt -5.076943 1.256881 0.000000
vt -5.320339 1.556178 0.000000
vt -5.076943 1.556178 0.000000
vt -5.320339 1.855475 0.000000
vt -5.076943 1.855475 0.000000
vt -5.320339 2.154771 0.000000
vt -5.076943 2.154771 0.000000
vt -5.320339 2.454068 0.000000
vt -5.076943 2.454068 0.000000
vt -5.320339 2.753364 0.000000
vt -5.076943 2.753364 0.000000
vt -4.860063 0.181776 0.000000
vt -4.833546 0.358992 0.000000
vt -4.833546 0.658288 0.000000
vt -4.833546 0.957585 0.000000
vt -4.833546 1.256881 0.000000
vt -4.833546 1.556178 0.000000
vt -4.833546 1.855475 0.000000
vt -4.833546 2.154771 0.000000
vt -4.833546 2.454068 0.000000
vt -4.833546 2.753364 0.000000
vt -4.590150 0.358992 0.000000
vt -4.376792 0.208864 0.000000
vt -4.346753 0.358992 0.000000
vt -4.103357 0.358992 0.000000
vt -4.346753 0.658288 0.000000
vt -4.103357 0.658288 0.000000
vt -4.346753 0.957585 0.000000
vt -4.103357 0.957585 0.000000
vt -4.346753 1.256881 0.000000
vt -4.103357 1.256881 0.000000
vt -4.346753 1.556178 0.000000
vt -4.103357 1.556178 0.000000
vt -4.346753 1.855475 0.000000
vt -4.103357 1.855475 0.000000
vt -4.346753 2.154771 0.000000
vt -4.103357 2.154771 0.000000
vt -4.346753 2.454068 0.000000
vt -4.103357 2.454068 0.000000
vt -4.346753 2.753364 0.000000
vt -4.103357 2.753364 0.000000
vt -3.892878 0.238603 0.000000
vt -3.859960 0.358992 0.000000
vt -3.859960 0.658288 0.000000
vt -3.859960 0.957585 0.000000
vt -3.859960 1.256881 0.000000
vt -3.859960 1.556178 0.000000
vt -3.859960 1.855475 0.000000
vt -3.859960 2.154771 0.000000
vt -3.859960 2.454068 0.000000
vt -3.859960 2.753364 0.000000
vt -3.408453 0.271362 0.000000
vt -3.377465 0.358992 0.000000
vt -3.377465 0.658288 0.000000
vt -3.377465 0.957585 0.000000
vt -3.377465 1.256881 0.000000
vt -3.377465 1.556178 0.000000
vt -3.377465 1.855475 0.000000
vt -3.377465 2.154771 0.000000
vt -3.377465 2.454068 0.000000
vt -3.377465 2.753364 0.000000
vt -2.923662 0.307589 0.000000
vt -2.894970 0.358992 0.000000
vt -2.894970 0.658288 0.000000
vt -2.894970 0.957585 0.000000
vt -2.894970 1.256881 0.000000
vt -2.894970 1.556178 0.000000
vt -2.894970 1.855475 0.000000
vt -2.894970 2.154771 0.000000
vt -2.894970 2.454068 0.000000
vt -2.894970 2.753364 0.000000
vt -2.438370 0.347844 0.000000
vt -2.412475 0.358992 0.000000
vt -2.412475 0.658288 0.000000
vt -2.412475 0.957585 0.000000
vt -2.412475 1.256881 0.000000
vt -2.412475 1.556178 0.000000
vt -2.412475 1.855475 0.000000
vt -2.412475 2.154771 0.000000
vt -2.412475 2.454068 0.000000
vt -2.412475 2.753364 0.000000
vt -1.952448 0.392815 0.000000
vt -1.929980 0.658288 0.000000
vt -1.465767 0.443362 0.000000
vt -1.447485 0.658288 0.000000
vt -0.978207 0.500560 0.000000
vt -0.964990 0.658288 0.000000
vt -0.489652 0.565784 0.000000
vt -0.482495 0.658288 0.000000
vt -0.000000 0.640817 0.000000
vt -0.482495 0.957585 0.000000
vt -0.000000 1.179440 0.000000
vt -0.482495 1.256881 0.000000
vt -0.482495 1.556178 0.000000
vt -0.964990 1.556178 0.000000
vt -0.964990 1.855475 0.000000
vt -1.447485 1.855475 0.000000
vt -1.447485 2.154771 0.000000
vt -1.929980 2.154771 0.000000
vt -1.929980 2.454068 0.000000
vt -0.000000 1.712923 0.000000
vt -0.482495 1.855475 0.000000
vt -0.964990 2.154771 0.000000
vt -1.447485 2.454068 0.000000
vt -1.929980 2.753364 0.000000
vt -0.000000 2.242052 0.000000
vt -0.482495 2.154771 0.000000
vt -0.964990 2.454068 0.000000
vt -1.447485 2.753364 0.000000
vt -0.482495 2.454068 0.000000
vt -0.000000 2.767589 0.000000
vt -0.482495 2.753364 0.000000
vt -0.000000 4.329991 0.000000
vt -0.482495 4.249847 0.000000
vt -0.964990 4.549144 0.000000
vt -1.447485 4.848441 0.000000
vt -1.929980 5.147737 0.000000
vt -2.412475 5.447034 0.000000
vt -2.894970 5.746330 0.000000
vt -3.377465 6.045627 0.000000
vt -3.859960 6.344924 0.000000
vt -4.103357 6.644220 0.000000
vt -4.346753 6.943517 0.000000
vt -4.590150 7.242813 0.000000
vt -4.833546 7.542110 0.000000
vt -5.076943 7.841407 0.000000
vt -5.320339 8.140703 0.000000
vt -5.563736 8.440000 0.000000
vt -5.807132 8.739296 0.000000
vt -6.050529 9.038593 0.000000
vt -6.293925 9.337890 0.000000
vt -6.307475 9.583499 0.000000
vt -0.482495 4.549144 0.000000
vt -0.000000 4.848441 0.000000
vt -0.482495 4.848441 0.000000
vt -0.482495 5.147737 0.000000
vt -0.964990 5.147737 0.000000
vt -0.964990 5.447034 0.000000
vt -1.447485 5.447034 0.000000
vt -1.447485 5.746330 0.000000
vt -1.929980 5.746330 0.000000
vt -1.929980 6.045627 0.000000
vt -2.412475 6.045627 0.000000
vt -2.412475 6.344924 0.000000
vt -2.894970 6.344924 0.000000
vt -2.894970 6.644220 0.000000
vt -3.377465 6.644220 0.000000
vt -3.377465 6.943517 0.000000
vt -3.859960 6.943517 0.000000
vt -3.859960 7.242813 0.000000
vt -4.103357 7.242813 0.000000
vt -4.103357 7.542110 0.000000
vt -4.346753 7.542110 0.000000
vt -4.346753 7.841407 0.000000
vt -4.590150 7.841407 0.000000
vt -4.590150 8.140703 0.000000
vt -4.833546 8.140703 0.000000
vt -4.833546 8.440000 0.000000
vt -5.076943 8.440000 0.000000
vt -5.076943 8.739296 0.000000
vt -5.320339 8.739296 0.000000
vt -5.320339 9.038593 0.000000
vt -5.563736 9.038593 0.000000
vt -5.563736 9.337890 0.000000
vt -5.807132 9.337890 0.000000
vt -5.825260 9.562593 0.000000
vt -6.050529 9.337890 0.000000
vt -0.000000 5.366890 0.000000
vt -0.482495 5.447034 0.000000
vt -0.964990 5.746330 0.000000
vt -1.447485 6.045627 0.000000
vt -1.929980 6.344924 0.000000
vt -2.412475 6.644220 0.000000
vt -2.894970 6.943517 0.000000
vt -3.377465 7.242813 0.000000
vt -3.859960 7.542110 0.000000
vt -4.103357 7.841407 0.000000
vt -4.346753 8.140703 0.000000
vt -4.590150 8.440000 0.000000
vt -4.833546 8.739296 0.000000
vt -5.076943 9.038593 0.000000
vt -5.320339 9.337890 0.000000
vt -5.342837 9.539873 0.000000
vt -0.482495 5.746330 0.000000
vt -0.000000 5.886043 0.000000
vt -0.482495 6.045627 0.000000
vt -0.000000 6.406606 0.000000
vt -0.482495 6.344924 0.000000
vt -0.482495 6.644220 0.000000
vt -0.964990 6.644220 0.000000
vt -0.964990 6.943517 0.000000
vt -1.447485 6.943517 0.000000
vt -1.447485 7.242813 0.000000
vt -1.929980 7.242813 0.000000
vt -1.929980 7.542110 0.000000
vt -2.412475 7.542110 0.000000
vt -2.412475 7.841407 0.000000
vt -2.894970 7.841407 0.000000
vt -2.894970 8.140703 0.000000
vt -3.377465 8.140703 0.000000
vt -3.377465 8.440000 0.000000
vt -3.859960 8.440000 0.000000
vt -3.859960 8.739296 0.000000
vt -4.103357 8.739296 0.000000
vt -4.103357 9.038593 0.000000
vt -4.346753 9.038593 0.000000
vt -4.346753 9.337890 0.000000
vt -4.590150 9.337890 0.000000
vt -4.376792 9.488017 0.000000
vt -4.860063 9.515106 0.000000
vt -0.000000 6.929292 0.000000
vt -0.482495 6.943517 0.000000
vt -0.964990 7.242813 0.000000
vt -1.447485 7.542110 0.000000
vt -1.929980 7.841407 0.000000
vt -2.412475 8.140703 0.000000
vt -2.894970 8.440000 0.000000
vt -3.377465 8.739296 0.000000
vt -3.859960 9.038593 0.000000
vt -4.103357 9.337890 0.000000
vt -0.482495 7.242813 0.000000
vt -0.000000 7.454829 0.000000
vt -0.482495 7.542110 0.000000
vt -0.482495 7.841407 0.000000
vt -0.964990 7.841407 0.000000
vt -0.964990 8.140703 0.000000
vt -1.447485 8.140703 0.000000
vt -1.447485 8.440000 0.000000
vt -1.929980 8.440000 0.000000
vt -1.929980 8.739296 0.000000
vt -2.412475 8.739296 0.000000
vt -2.412475 9.038593 0.000000
vt -2.894970 9.038593 0.000000
vt -2.438370 9.349038 0.000000
vt -2.894970 9.337890 0.000000
vt -2.923662 9.389292 0.000000
vt -3.377465 9.337890 0.000000
vt -3.408453 9.425519 0.000000
vt -3.859960 9.337890 0.000000
vt -3.892878 9.458279 0.000000
vt -0.000000 7.983958 0.000000
vt -0.482495 8.140703 0.000000
vt -0.964990 8.440000 0.000000
vt -1.447485 8.739296 0.000000
vt -1.929980 9.038593 0.000000
vt -1.952448 9.304066 0.000000
vt -2.412475 9.337890 0.000000
vt -0.000000 8.517441 0.000000
vt -0.482495 8.440000 0.000000
vt -0.964990 8.739296 0.000000
vt -1.447485 9.038593 0.000000
vt -1.465767 9.253520 0.000000
vt -0.482495 8.739296 0.000000
vt -0.000000 9.056064 0.000000
vt -0.482495 9.038593 0.000000
vt -0.489652 9.131097 0.000000
vt -0.964990 9.038593 0.000000
vt -0.978207 9.196322 0.000000
vt -5.076943 9.337890 0.000000
vt -4.833546 9.337890 0.000000
vt -4.590150 9.038593 0.000000
vt -4.346753 8.739296 0.000000
vt -4.103357 8.440000 0.000000
vt -3.859960 8.140703 0.000000
vt -3.377465 7.841407 0.000000
vt -2.894970 7.542110 0.000000
vt -2.412475 7.242813 0.000000
vt -1.929980 6.943517 0.000000
vt -1.447485 6.644220 0.000000
vt -0.964990 6.344924 0.000000
vt -7.510908 9.337890 0.000000
vt -7.754304 9.637186 0.000000
vt -7.754304 9.241241 0.000000
vt -7.510908 9.038593 0.000000
vt -7.754304 8.848578 0.000000
vt -7.510908 8.739296 0.000000
vt -7.754304 8.458882 0.000000
vt -7.510908 8.440000 0.000000
vt -7.510908 8.140703 0.000000
vt -7.754304 8.071843 0.000000
vt -7.510908 7.841407 0.000000
vt -7.754304 7.687162 0.000000
vt -7.510908 7.542110 0.000000
vt -7.754304 7.304545 0.000000
vt -7.510908 7.242813 0.000000
vt -7.754304 6.923706 0.000000
vt -7.510908 6.943517 0.000000
vt -7.510908 6.644220 0.000000
vt -7.754304 6.544361 0.000000
vt -7.510908 6.344924 0.000000
vt -7.754304 6.166234 0.000000
vt -7.510908 6.045627 0.000000
vt -7.754304 5.789050 0.000000
vt -7.510908 5.746330 0.000000
vt -7.754304 5.412538 0.000000
vt -7.510908 5.447034 0.000000
vt -7.510908 5.147737 0.000000
vt -7.754304 5.036428 0.000000
vt -7.510908 4.848441 0.000000
vt -7.754304 4.660453 0.000000
vt -7.510908 4.549144 0.000000
vt -7.754304 4.284343 0.000000
vt -7.510908 4.249847 0.000000
vt -7.510908 3.950551 0.000000
vt -7.754304 3.907831 0.000000
vt -7.510908 3.651254 0.000000
vt -7.754304 3.530647 0.000000
vt -7.510908 3.351958 0.000000
vt -7.754304 3.152520 0.000000
vt -7.510908 3.052661 0.000000
vt -7.754304 2.773176 0.000000
vt -7.510908 2.753364 0.000000
vt -7.510908 2.454068 0.000000
vt -7.754304 2.392336 0.000000
vt -7.510908 2.154771 0.000000
vt -7.754304 2.009719 0.000000
vt -7.510908 1.855475 0.000000
vt -7.754304 1.625038 0.000000
vt -7.510908 1.556178 0.000000
vt -7.754304 1.237999 0.000000
vt -7.510908 1.256881 0.000000
vt -7.510908 0.957585 0.000000
vt -7.754304 0.848303 0.000000
vt -7.510908 0.658288 0.000000
vt -4.590150 0.658288 0.000000
vt -4.590150 0.957585 0.000000
vt -4.590150 1.256881 0.000000
vt -4.590150 1.556178 0.000000
vt -4.590150 1.855475 0.000000
vt -4.590150 2.154771 0.000000
vt -4.590150 2.454068 0.000000
vt -4.590150 2.753364 0.000000
vt -5.563736 0.658288 0.000000
vt -5.563736 0.957585 0.000000
vt -5.563736 1.256881 0.000000
vt -5.563736 1.556178 0.000000
vt -5.563736 1.855475 0.000000
vt -5.563736 2.154771 0.000000
vt -5.563736 2.454068 0.000000
vt -5.563736 2.753364 0.000000
vt -6.537322 0.658288 0.000000
vt -6.537322 0.957585 0.000000
vt -6.537322 1.256881 0.000000
vt -6.537322 1.556178 0.000000
vt -6.537322 1.855475 0.000000
vt -6.537322 2.154771 0.000000
vt -6.537322 2.454068 0.000000
vt -6.537322 2.753364 0.000000
vt -0.964990 0.957585 0.000000
vt -0.964990 1.256881 0.000000
vt -1.447485 0.957585 0.000000
vt -1.447485 1.256881 0.000000
vt -1.447485 1.556178 0.000000
vt -1.929980 0.957585 0.000000
vt -1.929980 1.256881 0.000000
vt -1.929980 1.556178 0.000000
vt -1.929980 1.855475 0.000000
vt -0.964990 2.753364 0.000000
vt -0.964990 3.651254 0.000000
vt -1.447485 3.651254 0.000000
vt -1.447485 3.950551 0.000000
vt -1.929980 3.651254 0.000000
vt -1.929980 3.950551 0.000000
vt -1.929980 4.249847 0.000000
vt -2.412475 3.651254 0.000000
vt -2.412475 3.950551 0.000000
vt -2.412475 4.249847 0.000000
vt -2.412475 4.549144 0.000000
vt -2.894970 3.651254 0.000000
vt -2.894970 3.950551 0.000000
vt -2.894970 4.249847 0.000000
vt -2.894970 4.549144 0.000000
vt -2.894970 4.848441 0.000000
vt -3.377465 3.651254 0.000000
vt -3.377465 3.950551 0.000000
vt -3.377465 4.249847 0.000000
vt -3.377465 4.549144 0.000000
vt -3.377465 4.848441 0.000000
vt -3.377465 5.147737 0.000000
vt -3.859960 3.651254 0.000000
vt -3.859960 3.950551 0.000000
vt -3.859960 4.249847 0.000000
vt -3.859960 4.549144 0.000000
vt -3.859960 4.848441 0.000000
vt -3.859960 5.147737 0.000000
vt -3.859960 5.447034 0.000000
vt -4.103357 3.651254 0.000000
vt -4.103357 3.950551 0.000000
vt -4.103357 4.249847 0.000000
vt -4.103357 4.549144 0.000000
vt -4.103357 4.848441 0.000000
vt -4.103357 5.147737 0.000000
vt -4.103357 5.447034 0.000000
vt -4.103357 5.746330 0.000000
vt -4.346753 3.651254 0.000000
vt -4.346753 3.950551 0.000000
vt -4.346753 4.249847 0.000000
vt -4.346753 4.549144 0.000000
vt -4.346753 4.848441 0.000000
vt -4.346753 5.147737 0.000000
vt -4.346753 5.447034 0.000000
vt -4.346753 5.746330 0.000000
vt -4.346753 6.045627 0.000000
vt -4.590150 3.651254 0.000000
vt -4.590150 3.950551 0.000000
vt -4.590150 4.249847 0.000000
vt -4.590150 4.549144 0.000000
vt -4.590150 4.848441 0.000000
vt -4.590150 5.147737 0.000000
vt -4.590150 5.447034 0.000000
vt -4.590150 5.746330 0.000000
vt -4.590150 6.045627 0.000000
vt -4.590150 6.344924 0.000000
vt -4.833546 3.651254 0.000000
vt -4.833546 3.950551 0.000000
vt -4.833546 4.249847 0.000000
vt -4.833546 4.549144 0.000000
vt -4.833546 4.848441 0.000000
vt -4.833546 5.147737 0.000000
vt -4.833546 5.447034 0.000000
vt -4.833546 5.746330 0.000000
vt -4.833546 6.045627 0.000000
vt -4.833546 6.344924 0.000000
vt -4.833546 6.644220 0.000000
vt -5.076943 3.651254 0.000000
vt -5.076943 3.950551 0.000000
vt -5.076943 4.249847 0.000000
vt -5.076943 4.549144 0.000000
vt -5.076943 4.848441 0.000000
vt -5.076943 5.147737 0.000000
vt -5.076943 5.447034 0.000000
vt -5.076943 5.746330 0.000000
vt -5.076943 6.045627 0.000000
vt -5.076943 6.344924 0.000000
vt -5.076943 6.644220 0.000000
vt -5.076943 6.943517 0.000000
vt -5.320339 3.651254 0.000000
vt -5.320339 3.950551 0.000000
vt -5.320339 4.249847 0.000000
vt -5.320339 4.549144 0.000000
vt -5.320339 4.848441 0.000000
vt -5.320339 5.147737 0.000000
vt -5.320339 5.447034 0.000000
vt -5.320339 5.746330 0.000000
vt -5.320339 6.045627 0.000000
vt -5.320339 6.344924 0.000000
vt -5.320339 6.644220 0.000000
vt -5.320339 6.943517 0.000000
vt -5.320339 7.242813 0.000000
vt -5.563736 3.651254 0.000000
vt -5.563736 3.950551 0.000000
vt -5.563736 4.249847 0.000000
vt -5.563736 4.549144 0.000000
vt -5.563736 4.848441 0.000000
vt -5.563736 5.147737 0.000000
vt -5.563736 5.447034 0.000000
vt -5.563736 5.746330 0.000000
vt -5.563736 6.045627 0.000000
vt -5.563736 6.344924 0.000000
vt -5.563736 6.644220 0.000000
vt -5.563736 6.943517 0.000000
vt -5.563736 7.242813 0.000000
vt -5.563736 7.542110 0.000000
vt -5.807132 3.651254 0.000000
vt -5.807132 3.950551 0.000000
vt -5.807132 4.249847 0.000000
vt -5.807132 4.549144 0.000000
vt -5.807132 4.848441 0.000000
vt -5.807132 5.147737 0.000000
vt -5.807132 5.447034 0.000000
vt -5.807132 5.746330 0.000000
vt -5.807132 6.045627 0.000000
vt -5.807132 6.344924 0.000000
vt -5.807132 6.644220 0.000000
vt -5.807132 6.943517 0.000000
vt -5.807132 7.242813 0.000000
vt -5.807132 7.542110 0.000000
vt -5.807132 7.841407 0.000000
vt -6.050529 3.651254 0.000000
vt -6.050529 3.950551 0.000000
vt -6.050529 4.249847 0.000000
vt -6.050529 4.549144 0.000000
vt -6.050529 4.848441 0.000000
vt -6.050529 5.147737 0.000000
vt -6.050529 5.447034 0.000000
vt -6.050529 5.746330 0.000000
vt -6.050529 6.045627 0.000000
vt -6.050529 6.344924 0.000000
vt -6.050529 6.644220 0.000000
vt -6.050529 6.943517 0.000000
vt -6.050529 7.242813 0.000000
vt -6.050529 7.542110 0.000000
vt -6.050529 7.841407 0.000000
vt -6.050529 8.140703 0.000000
vt -6.293925 3.651254 0.000000
vt -6.293925 3.950551 0.000000
vt -6.293925 4.249847 0.000000
vt -6.293925 4.549144 0.000000
vt -6.293925 4.848441 0.000000
vt -6.293925 5.147737 0.000000
vt -6.293925 5.447034 0.000000
vt -6.293925 5.746330 0.000000
vt -6.293925 6.045627 0.000000
vt -6.293925 6.344924 0.000000
vt -6.293925 6.644220 0.000000
vt -6.293925 6.943517 0.000000
vt -6.293925 7.242813 0.000000
vt -6.293925 7.542110 0.000000
vt -6.293925 7.841407 0.000000
vt -6.293925 8.140703 0.000000
vt -6.293925 8.440000 0.000000
vt -6.537322 3.651254 0.000000
vt -6.537322 3.950551 0.000000
vt -6.537322 4.249847 0.000000
vt -6.537322 4.549144 0.000000
vt -6.537322 4.848441 0.000000
vt -6.537322 5.147737 0.000000
vt -6.537322 5.447034 0.000000
vt -6.537322 5.746330 0.000000
vt -6.537322 6.045627 0.000000
vt -6.537322 6.344924 0.000000
vt -6.537322 6.644220 0.000000
vt -6.537322 6.943517 0.000000
vt -6.537322 7.242813 0.000000
vt -6.537322 7.542110 0.000000
vt -6.537322 7.841407 0.000000
vt -6.537322 8.140703 0.000000
vt -6.537322 8.440000 0.000000
vt -6.537322 8.739296 0.000000
vt -6.780718 3.651254 0.000000
vt -6.780718 3.950551 0.000000
vt -6.780718 4.249847 0.000000
vt -6.780718 4.549144 0.000000
vt -6.780718 4.848441 0.000000
vt -6.780718 5.147737 0.000000
vt -6.780718 5.447034 0.000000
vt -6.780718 5.746330 0.000000
vt -6.780718 6.045627 0.000000
vt -6.780718 6.344924 0.000000
vt -6.780718 6.644220 0.000000
vt -6.780718 6.943517 0.000000
vt -6.780718 7.242813 0.000000
vt -6.780718 7.542110 0.000000
vt -6.780718 7.841407 0.000000
vt -6.780718 8.140703 0.000000
vt -6.780718 8.440000 0.000000
vt -6.780718 8.739296 0.000000
vt -6.780718 9.038593 0.000000
vt -0.964990 4.848441 0.000000
vt -1.447485 5.147737 0.000000
vt -1.929980 5.447034 0.000000
vt -2.412475 5.746330 0.000000
vt -2.894970 6.045627 0.000000
vt -3.377465 6.344924 0.000000
vt -3.859960 6.644220 0.000000
vt -4.103357 6.943517 0.000000
vt -4.346753 7.242813 0.000000
vt -4.590150 7.542110 0.000000
vt -4.833546 7.841407 0.000000
vt -5.076943 8.140703 0.000000
vt -5.320339 8.440000 0.000000
vt -5.563736 8.739296 0.000000
vt -5.807132 9.038593 0.000000
vt -0.964990 6.045627 0.000000
vt -1.447485 6.344924 0.000000
vt -1.929980 6.644220 0.000000
vt -2.412475 6.943517 0.000000
vt -2.894970 7.242813 0.000000
vt -3.377465 7.542110 0.000000
vt -3.859960 7.841407 0.000000
vt -4.103357 8.140703 0.000000
vt -4.346753 8.440000 0.000000
vt -4.590150 8.739296 0.000000
vt -4.833546 9.038593 0.000000
vt -0.964990 7.542110 0.000000
vt -1.447485 7.841407 0.000000
vt -1.929980 8.140703 0.000000
vt -2.412475 8.440000 0.000000
vt -2.894970 8.739296 0.000000
vt -3.377465 9.038593 0.000000
vt -4.693544 35.373724 0.000000
vt -4.494601 35.373724 0.000000
vt -4.693544 35.873915 0.000000
vt -4.494601 35.873915 0.000000
vt -4.693544 36.374105 0.000000
vt -4.494601 36.374105 0.000000
vt -4.693544 36.874295 0.000000
vt -4.494601 36.874295 0.000000
vt -4.693544 37.374485 0.000000
vt -4.494601 37.374485 0.000000
vt -4.693544 37.874676 0.000000
vt -4.494601 37.874676 0.000000
vt -4.693544 38.374866 0.000000
vt -4.494601 38.374866 0.000000
vt -4.693544 38.875056 0.000000
vt -4.494601 38.875056 0.000000
vt -4.693544 39.375246 0.000000
vt -4.494601 39.375246 0.000000
vt -4.693544 39.875437 0.000000
vt -4.494601 39.875437 0.000000
vt -4.693544 40.375627 0.000000
vt -4.494601 40.375627 0.000000
vt -4.693544 40.875817 0.000000
vt -4.494601 40.875817 0.000000
vt -4.693544 41.376008 0.000000
vt -4.494601 41.376008 0.000000
vt -4.693544 41.876198 0.000000
vt -4.494601 41.876198 0.000000
vt -4.693544 42.376388 0.000000
vt -4.494601 42.376388 0.000000
vt -4.693544 42.876578 0.000000
vt -4.494601 42.876578 0.000000
vt -4.693544 43.376769 0.000000
vt -4.494601 43.376769 0.000000
vt -4.693544 43.876959 0.000000
vt -4.494601 43.876959 0.000000
vt -4.693544 44.377149 0.000000
vt -4.494601 44.377149 0.000000
vt -4.693544 44.877339 0.000000
vt -4.494601 44.877339 0.000000
vt -4.693544 45.377530 0.000000
vt -4.494601 45.377530 0.000000
vt -4.693544 45.877720 0.000000
vt -4.494601 45.877720 0.000000
vt -4.693544 46.377910 0.000000
vt -4.494601 46.377910 0.000000
vt -4.693544 46.878100 0.000000
vt -4.494601 46.878100 0.000000
vt -4.693544 47.378291 0.000000
vt -4.494601 47.378291 0.000000
vt -4.693544 47.878481 0.000000
vt -4.494601 47.878481 0.000000
vt 0.000000 8.519450 0.000000
vt 0.483439 8.741358 0.000000
vt 0.000000 9.058200 0.000000
vt 0.483439 9.040725 0.000000
vt 0.490788 9.133340 0.000000
vt 0.966878 9.040725 0.000000
vt 0.980449 9.198639 0.000000
vt 1.450317 9.040725 0.000000
vt 1.469090 9.255888 0.000000
vt 1.933757 9.040725 0.000000
vt 1.956827 9.306466 0.000000
vt 2.417196 9.040725 0.000000
vt 2.417196 9.340093 0.000000
vt 2.900635 9.040725 0.000000
vt 2.900635 9.340093 0.000000
vt 3.384074 9.040725 0.000000
vt 3.384074 9.340093 0.000000
vt 3.867513 9.040725 0.000000
vt 3.867513 9.340093 0.000000
vt 4.111439 9.040725 0.000000
vt 4.111439 9.340093 0.000000
vt 4.355364 9.040725 0.000000
vt 4.355364 9.340093 0.000000
vt 4.599290 9.040725 0.000000
vt 4.599290 9.340093 0.000000
vt 4.843215 9.040725 0.000000
vt 4.843215 9.340093 0.000000
vt 5.087141 9.040725 0.000000
vt 5.087141 9.340093 0.000000
vt 5.331067 9.040725 0.000000
vt 5.331067 9.340093 0.000000
vt 5.574992 9.040725 0.000000
vt 5.574992 9.340093 0.000000
vt 5.818918 9.040725 0.000000
vt 5.818918 9.340093 0.000000
vt 6.062843 9.040725 0.000000
vt 6.062843 9.340093 0.000000
vt 6.306769 9.040725 0.000000
vt 6.306769 9.340093 0.000000
vt 6.550695 9.040725 0.000000
vt 6.550695 9.340093 0.000000
vt 6.794620 9.040725 0.000000
vt 6.794620 9.340093 0.000000
vt 7.038546 9.040725 0.000000
vt 7.038546 9.340093 0.000000
vt 7.282471 9.040725 0.000000
vt 7.282471 9.340093 0.000000
vt 7.526397 9.040725 0.000000
vt 7.526397 9.340093 0.000000
vt 7.770322 9.243421 0.000000
vt 7.770322 9.639460 0.000000
vt 0.000000 7.985842 0.000000
vt 0.483439 8.142624 0.000000
vt 0.483439 8.441991 0.000000
vt 0.966878 8.441991 0.000000
vt 0.966878 8.741358 0.000000
vt 1.450317 8.441991 0.000000
vt 1.450317 8.741358 0.000000
vt 1.933757 8.441991 0.000000
vt 1.933757 8.741358 0.000000
vt 2.417196 8.441991 0.000000
vt 2.417196 8.741358 0.000000
vt 2.900635 8.441991 0.000000
vt 2.900635 8.741358 0.000000
vt 3.384074 8.441991 0.000000
vt 3.384074 8.741358 0.000000
vt 3.867513 8.441991 0.000000
vt 3.867513 8.741358 0.000000
vt 4.111439 8.441991 0.000000
vt 4.111439 8.741358 0.000000
vt 4.355364 8.441991 0.000000
vt 4.355364 8.741358 0.000000
vt 4.599290 8.441991 0.000000
vt 4.599290 8.741358 0.000000
vt 4.843215 8.441991 0.000000
vt 4.843215 8.741358 0.000000
vt 5.087141 8.441991 0.000000
vt 5.087141 8.741358 0.000000
vt 5.331067 8.441991 0.000000
vt 5.331067 8.741358 0.000000
vt 5.574992 8.441991 0.000000
vt 5.574992 8.741358 0.000000
vt 5.818918 8.441991 0.000000
vt 5.818918 8.741358 0.000000
vt 6.062843 8.441991 0.000000
vt 6.062843 8.741358 0.000000
vt 6.306769 8.441991 0.000000
vt 6.306769 8.741358 0.000000
vt 6.550695 8.441991 0.000000
vt 6.550695 8.741358 0.000000
vt 6.794620 8.441991 0.000000
vt 6.794620 8.741358 0.000000
vt 7.038546 8.441991 0.000000
vt 7.038546 8.741358 0.000000
vt 7.282471 8.441991 0.000000
vt 7.282471 8.741358 0.000000
vt 7.526397 8.441991 0.000000
vt 7.526397 8.741358 0.000000
vt 7.770322 8.460877 0.000000
vt 7.770322 8.850666 0.000000
vt 0.483439 7.843256 0.000000
vt 0.000000 7.456588 0.000000
vt 0.483439 7.543889 0.000000
vt 0.483439 7.244522 0.000000
vt 0.966878 7.244522 0.000000
vt 0.966878 6.945155 0.000000
vt 1.450317 6.945155 0.000000
vt 1.450317 6.645788 0.000000
vt 1.933757 6.645788 0.000000
vt 1.933757 6.346420 0.000000
vt 2.417196 6.346420 0.000000
vt 2.417196 6.047053 0.000000
vt 2.900635 6.047053 0.000000
vt 2.900635 5.747686 0.000000
vt 3.384074 5.747686 0.000000
vt 3.384074 5.448319 0.000000
vt 3.867513 5.448319 0.000000
vt 3.867513 5.148952 0.000000
vt 4.111439 5.148952 0.000000
vt 4.111439 4.849584 0.000000
vt 4.355364 4.849584 0.000000
vt 4.355364 4.550217 0.000000
vt 4.599290 4.550217 0.000000
vt 4.599290 4.250850 0.000000
vt 4.843215 4.250850 0.000000
vt 4.843215 3.951483 0.000000
vt 5.087141 3.951483 0.000000
vt 5.087141 3.652116 0.000000
vt 5.331067 3.652116 0.000000
vt 5.331067 3.352748 0.000000
vt 5.574992 3.352748 0.000000
vt 5.574992 3.053381 0.000000
vt 5.818918 3.053381 0.000000
vt 5.818918 2.754014 0.000000
vt 6.062843 2.754014 0.000000
vt 6.062843 2.454647 0.000000
vt 6.306769 2.454647 0.000000
vt 6.306769 2.155280 0.000000
vt 6.550695 2.155280 0.000000
vt 6.550695 1.855912 0.000000
vt 6.794620 1.855912 0.000000
vt 6.794620 1.556545 0.000000
vt 7.038546 1.556545 0.000000
vt 7.038546 1.257178 0.000000
vt 7.282471 1.257178 0.000000
vt 7.282471 0.957811 0.000000
vt 7.526397 0.957811 0.000000
vt 7.526397 0.658444 0.000000
vt 7.770322 0.848503 0.000000
vt 7.770322 0.455748 0.000000
vt 7.526397 0.359076 0.000000
vt 7.770322 0.059709 0.000000
vt 7.286938 0.076233 0.000000
vt 7.282471 0.359076 0.000000
vt 7.038546 0.359076 0.000000
vt 7.038546 0.658444 0.000000
vt 6.794620 0.658444 0.000000
vt 6.794620 0.957811 0.000000
vt 6.550695 0.957811 0.000000
vt 6.550695 1.257178 0.000000
vt 6.306769 1.257178 0.000000
vt 6.306769 1.556545 0.000000
vt 6.062843 1.556545 0.000000
vt 6.062843 1.855912 0.000000
vt 5.818918 1.855912 0.000000
vt 5.818918 2.155280 0.000000
vt 5.574992 2.155280 0.000000
vt 5.574992 2.454647 0.000000
vt 5.331067 2.454647 0.000000
vt 5.331067 2.754014 0.000000
vt 5.087141 2.754014 0.000000
vt 5.087141 3.053381 0.000000
vt 4.843215 3.053381 0.000000
vt 4.843215 3.352748 0.000000
vt 4.599290 3.352748 0.000000
vt 4.599290 3.652116 0.000000
vt 4.355364 3.652116 0.000000
vt 4.355364 3.951483 0.000000
vt 4.111439 3.951483 0.000000
vt 4.111439 4.250850 0.000000
vt 3.867513 4.250850 0.000000
vt 3.867513 4.550217 0.000000
vt 3.384074 4.550217 0.000000
vt 3.384074 4.849584 0.000000
vt 2.900635 4.849584 0.000000
vt 2.900635 5.148952 0.000000
vt 2.417196 5.148952 0.000000
vt 2.417196 5.448319 0.000000
vt 1.933757 5.448319 0.000000
vt 1.933757 5.747686 0.000000
vt 1.450317 5.747686 0.000000
vt 1.450317 6.047053 0.000000
vt 0.966878 6.047053 0.000000
vt 0.966878 6.346420 0.000000
vt 0.483439 6.346420 0.000000
vt 0.483439 6.645788 0.000000
vt 0.000000 6.408117 0.000000
vt 0.000000 6.930927 0.000000
vt 0.483439 6.945155 0.000000
vt 0.483439 6.047053 0.000000
vt 0.000000 5.887432 0.000000
vt 0.483439 5.747686 0.000000
vt 0.000000 5.368157 0.000000
vt 0.483439 5.448319 0.000000
vt 0.483439 5.148952 0.000000
vt 0.966878 5.148952 0.000000
vt 0.966878 4.849584 0.000000
vt 1.450317 4.849584 0.000000
vt 1.450317 4.550217 0.000000
vt 1.933757 4.550217 0.000000
vt 1.933757 4.250850 0.000000
vt 2.417196 4.250850 0.000000
vt 2.417196 3.951483 0.000000
vt 2.900635 3.951483 0.000000
vt 2.900635 3.652116 0.000000
vt 3.384074 3.652116 0.000000
vt 3.384074 3.352748 0.000000
vt 3.867513 3.352748 0.000000
vt 3.867513 3.053381 0.000000
vt 4.111439 3.053381 0.000000
vt 4.111439 2.754014 0.000000
vt 4.355364 2.754014 0.000000
vt 4.355364 2.454647 0.000000
vt 4.599290 2.454647 0.000000
vt 4.599290 2.155280 0.000000
vt 4.843215 2.155280 0.000000
vt 4.843215 1.855912 0.000000
vt 5.087141 1.855912 0.000000
vt 5.087141 1.556545 0.000000
vt 5.331067 1.556545 0.000000
vt 5.331067 1.257178 0.000000
vt 5.574992 1.257178 0.000000
vt 5.574992 0.957811 0.000000
vt 5.818918 0.957811 0.000000
vt 5.818918 0.658444 0.000000
vt 6.062843 0.658444 0.000000
vt 6.062843 0.359076 0.000000
vt 6.306769 0.359076 0.000000
vt 6.320691 0.113323 0.000000
vt 6.550695 0.359076 0.000000
vt 6.803776 0.094055 0.000000
vt 6.794620 0.359076 0.000000
vt 0.000000 4.849584 0.000000
vt 0.483439 4.849584 0.000000
vt 0.966878 4.550217 0.000000
vt 1.450317 4.250850 0.000000
vt 1.933757 3.951483 0.000000
vt 2.417196 3.652116 0.000000
vt 2.900635 3.352748 0.000000
vt 3.384074 3.053381 0.000000
vt 3.867513 2.754014 0.000000
vt 4.111439 2.454647 0.000000
vt 4.355364 2.155280 0.000000
vt 4.599290 1.855912 0.000000
vt 4.843215 1.556545 0.000000
vt 5.087141 1.257178 0.000000
vt 5.331067 0.957811 0.000000
vt 5.574992 0.658444 0.000000
vt 5.818918 0.359076 0.000000
vt 5.837539 0.134208 0.000000
vt 0.483439 4.550217 0.000000
vt 0.000000 4.331012 0.000000
vt 0.483439 4.250850 0.000000
vt 0.483439 3.951483 0.000000
vt 0.966878 3.951483 0.000000
vt 0.966878 3.652116 0.000000
vt 1.450317 3.652116 0.000000
vt 1.450317 3.352748 0.000000
vt 1.933757 3.352748 0.000000
vt 1.933757 3.053381 0.000000
vt 2.417196 3.053381 0.000000
vt 2.417196 2.754014 0.000000
vt 2.900635 2.754014 0.000000
vt 2.900635 2.454647 0.000000
vt 3.384074 2.454647 0.000000
vt 3.384074 2.155280 0.000000
vt 3.867513 2.155280 0.000000
vt 3.867513 1.855912 0.000000
vt 4.111439 1.855912 0.000000
vt 4.111439 1.556545 0.000000
vt 4.355364 1.556545 0.000000
vt 4.355364 1.257178 0.000000
vt 4.599290 1.257178 0.000000
vt 4.599290 0.957811 0.000000
vt 4.843215 0.957811 0.000000
vt 4.843215 0.658444 0.000000
vt 5.087141 0.658444 0.000000
vt 5.087141 0.359076 0.000000
vt 5.331067 0.359076 0.000000
vt 5.354173 0.156909 0.000000
vt 5.574992 0.359076 0.000000
vt 0.000000 3.811737 0.000000
vt 0.483439 3.652116 0.000000
vt 0.966878 3.352748 0.000000
vt 1.450317 3.053381 0.000000
vt 1.933757 2.754014 0.000000
vt 2.417196 2.454647 0.000000
vt 2.900635 2.155280 0.000000
vt 3.384074 1.855912 0.000000
vt 3.867513 1.556545 0.000000
vt 4.111439 1.257178 0.000000
vt 4.355364 0.957811 0.000000
vt 4.599290 0.658444 0.000000
vt 4.843215 0.359076 0.000000
vt 4.870445 0.181659 0.000000
vt 0.000000 3.291052 0.000000
vt 0.483439 3.352748 0.000000
vt 0.966878 3.053381 0.000000
vt 1.450317 2.754014 0.000000
vt 1.933757 2.454647 0.000000
vt 2.417196 2.155280 0.000000
vt 2.900635 1.855912 0.000000
vt 3.384074 1.556545 0.000000
vt 3.867513 1.257178 0.000000
vt 4.111439 0.957811 0.000000
vt 4.355364 0.658444 0.000000
vt 4.599290 0.359076 0.000000
vt 0.483439 3.053381 0.000000
vt 0.000000 2.768242 0.000000
vt 0.483439 2.754014 0.000000
vt 0.483439 2.454647 0.000000
vt 0.966878 2.454647 0.000000
vt 0.966878 2.155280 0.000000
vt 1.450317 2.155280 0.000000
vt 1.450317 1.855912 0.000000
vt 1.933757 1.855912 0.000000
vt 1.933757 1.556545 0.000000
vt 2.417196 1.556545 0.000000
vt 2.417196 1.257178 0.000000
vt 2.900635 1.257178 0.000000
vt 2.900635 0.957811 0.000000
vt 3.384074 0.957811 0.000000
vt 3.384074 0.658444 0.000000
vt 3.867513 0.658444 0.000000
vt 3.867513 0.359076 0.000000
vt 4.111439 0.359076 0.000000
vt 3.901314 0.238463 0.000000
vt 4.386209 0.208734 0.000000
vt 0.000000 2.242581 0.000000
vt 0.483439 2.155280 0.000000
vt 0.966878 1.855912 0.000000
vt 1.450317 1.556545 0.000000
vt 1.933757 1.257178 0.000000
vt 2.417196 0.957811 0.000000
vt 2.900635 0.658444 0.000000
vt 3.384074 0.359076 0.000000
vt 3.415895 0.271219 0.000000
vt 0.483439 1.855912 0.000000
vt 0.000000 1.713327 0.000000
vt 0.483439 1.556545 0.000000
vt 0.000000 1.179719 0.000000
vt 0.483439 1.257178 0.000000
vt 0.483439 0.957811 0.000000
vt 0.966878 0.957811 0.000000
vt 0.966878 0.658444 0.000000
vt 1.450317 0.658444 0.000000
vt 0.980449 0.500530 0.000000
vt 1.469090 0.443281 0.000000
vt 0.000000 0.640968 0.000000
vt 0.483439 0.658444 0.000000
vt 0.490788 0.565829 0.000000
vt 1.933757 0.658444 0.000000
vt 1.956827 0.392702 0.000000
vt 2.417196 0.658444 0.000000
vt 2.417196 0.359076 0.000000
vt 2.443787 0.347711 0.000000
vt 2.930098 0.307447 0.000000
vt 2.900635 0.359076 0.000000
vt 1.933757 0.957811 0.000000
vt 1.450317 1.257178 0.000000
vt 0.966878 1.556545 0.000000
vt 4.355364 0.359076 0.000000
vt 4.111439 0.658444 0.000000
vt 3.867513 0.957811 0.000000
vt 3.384074 1.257178 0.000000
vt 2.900635 1.556545 0.000000
vt 2.417196 1.855912 0.000000
vt 1.933757 2.155280 0.000000
vt 1.450317 2.454647 0.000000
vt 0.966878 2.754014 0.000000
vt 7.770322 1.238291 0.000000
vt 7.526397 1.257178 0.000000
vt 7.282471 1.556545 0.000000
vt 7.038546 1.855912 0.000000
vt 6.794620 2.155280 0.000000
vt 6.550695 2.454647 0.000000
vt 6.306769 2.754014 0.000000
vt 6.062843 3.053381 0.000000
vt 5.818918 3.352748 0.000000
vt 5.574992 3.652116 0.000000
vt 5.331067 3.951483 0.000000
vt 5.087141 4.250850 0.000000
vt 4.843215 4.550217 0.000000
vt 4.599290 4.849584 0.000000
vt 4.355364 5.148952 0.000000
vt 4.111439 5.448319 0.000000
vt 3.867513 5.747686 0.000000
vt 3.384074 6.047053 0.000000
vt 2.900635 6.346420 0.000000
vt 2.417196 6.645788 0.000000
vt 1.933757 6.945155 0.000000
vt 1.450317 7.244522 0.000000
vt 0.966878 7.543889 0.000000
vt 7.526397 1.556545 0.000000
vt 7.770322 1.625421 0.000000
vt 7.526397 1.855912 0.000000
vt 7.770322 2.010193 0.000000
vt 7.526397 2.155280 0.000000
vt 7.770322 2.392900 0.000000
vt 7.526397 2.454647 0.000000
vt 7.770322 2.773830 0.000000
vt 7.526397 2.754014 0.000000
vt 7.526397 3.053381 0.000000
vt 7.282471 3.053381 0.000000
vt 7.282471 3.352748 0.000000
vt 7.038546 3.352748 0.000000
vt 7.038546 3.652116 0.000000
vt 6.794620 3.652116 0.000000
vt 6.794620 3.951483 0.000000
vt 6.550695 3.951483 0.000000
vt 6.550695 4.250850 0.000000
vt 6.306769 4.250850 0.000000
vt 6.306769 4.550217 0.000000
vt 6.062843 4.550217 0.000000
vt 6.062843 4.849584 0.000000
vt 5.818918 4.849584 0.000000
vt 5.818918 5.148952 0.000000
vt 5.574992 5.148952 0.000000
vt 5.574992 5.448319 0.000000
vt 5.331067 5.448319 0.000000
vt 5.331067 5.747686 0.000000
vt 5.087141 5.747686 0.000000
vt 5.087141 6.047053 0.000000
vt 4.843215 6.047053 0.000000
vt 4.843215 6.346420 0.000000
vt 4.599290 6.346420 0.000000
vt 4.599290 6.645788 0.000000
vt 4.355364 6.645788 0.000000
vt 4.355364 6.945155 0.000000
vt 4.111439 6.945155 0.000000
vt 4.111439 7.244522 0.000000
vt 3.867513 7.244522 0.000000
vt 3.867513 7.543889 0.000000
vt 3.384074 7.543889 0.000000
vt 3.384074 7.843256 0.000000
vt 2.900635 7.843256 0.000000
vt 2.900635 8.142624 0.000000
vt 2.417196 8.142624 0.000000
vt 7.770322 3.153264 0.000000
vt 7.526397 3.352748 0.000000
vt 7.282471 3.652116 0.000000
vt 7.038546 3.951483 0.000000
vt 6.794620 4.250850 0.000000
vt 6.550695 4.550217 0.000000
vt 6.306769 4.849584 0.000000
vt 6.062843 5.148952 0.000000
vt 5.818918 5.448319 0.000000
vt 5.574992 5.747686 0.000000
vt 5.331067 6.047053 0.000000
vt 5.087141 6.346420 0.000000
vt 4.843215 6.645788 0.000000
vt 4.599290 6.945155 0.000000
vt 4.355364 7.244522 0.000000
vt 4.111439 7.543889 0.000000
vt 3.867513 7.843256 0.000000
vt 3.384074 8.142624 0.000000
vt 7.770322 3.531480 0.000000
vt 7.526397 3.652116 0.000000
vt 7.282471 3.951483 0.000000
vt 7.038546 4.250850 0.000000
vt 6.794620 4.550217 0.000000
vt 6.550695 4.849584 0.000000
vt 6.306769 5.148952 0.000000
vt 6.062843 5.448319 0.000000
vt 5.818918 5.747686 0.000000
vt 5.574992 6.047053 0.000000
vt 5.331067 6.346420 0.000000
vt 5.087141 6.645788 0.000000
vt 4.843215 6.945155 0.000000
vt 4.599290 7.244522 0.000000
vt 4.355364 7.543889 0.000000
vt 4.111439 7.843256 0.000000
vt 3.867513 8.142624 0.000000
vt 7.770322 3.908753 0.000000
vt 7.526397 3.951483 0.000000
vt 7.282471 4.250850 0.000000
vt 7.038546 4.550217 0.000000
vt 6.794620 4.849584 0.000000
vt 6.550695 5.148952 0.000000
vt 6.306769 5.448319 0.000000
vt 6.062843 5.747686 0.000000
vt 5.818918 6.047053 0.000000
vt 5.574992 6.346420 0.000000
vt 5.331067 6.645788 0.000000
vt 5.087141 6.945155 0.000000
vt 4.843215 7.244522 0.000000
vt 4.599290 7.543889 0.000000
vt 4.355364 7.843256 0.000000
vt 4.111439 8.142624 0.000000
vt 7.770322 4.285354 0.000000
vt 7.526397 4.250850 0.000000
vt 7.282471 4.550217 0.000000
vt 7.038546 4.849584 0.000000
vt 6.794620 5.148952 0.000000
vt 6.550695 5.448319 0.000000
vt 6.306769 5.747686 0.000000
vt 6.062843 6.047053 0.000000
vt 5.818918 6.346420 0.000000
vt 5.574992 6.645788 0.000000
vt 5.331067 6.945155 0.000000
vt 5.087141 7.244522 0.000000
vt 4.843215 7.543889 0.000000
vt 4.599290 7.843256 0.000000
vt 4.355364 8.142624 0.000000
vt 7.526397 4.550217 0.000000
vt 7.770322 4.661552 0.000000
vt 7.526397 4.849584 0.000000
vt 7.770322 5.037617 0.000000
vt 7.526397 5.148952 0.000000
vt 7.770322 5.413815 0.000000
vt 7.526397 5.448319 0.000000
vt 7.526397 5.747686 0.000000
vt 7.282471 5.747686 0.000000
vt 7.282471 6.047053 0.000000
vt 7.038546 6.047053 0.000000
vt 7.038546 6.346420 0.000000
vt 6.794620 6.346420 0.000000
vt 6.794620 6.645788 0.000000
vt 6.550695 6.645788 0.000000
vt 6.550695 6.945155 0.000000
vt 6.306769 6.945155 0.000000
vt 6.306769 7.244522 0.000000
vt 6.062843 7.244522 0.000000
vt 6.062843 7.543889 0.000000
vt 5.818918 7.543889 0.000000
vt 5.818918 7.843256 0.000000
vt 5.574992 7.843256 0.000000
vt 5.574992 8.142624 0.000000
vt 5.331067 8.142624 0.000000
vt 7.770322 5.790416 0.000000
vt 7.526397 6.047053 0.000000
vt 7.282471 6.346420 0.000000
vt 7.038546 6.645788 0.000000
vt 6.794620 6.945155 0.000000
vt 6.550695 7.244522 0.000000
vt 6.306769 7.543889 0.000000
vt 6.062843 7.843256 0.000000
vt 5.818918 8.142624 0.000000
vt 7.770322 6.167689 0.000000
vt 7.526397 6.346420 0.000000
vt 7.282471 6.645788 0.000000
vt 7.038546 6.945155 0.000000
vt 6.794620 7.244522 0.000000
vt 6.550695 7.543889 0.000000
vt 6.306769 7.843256 0.000000
vt 6.062843 8.142624 0.000000
vt 7.770322 6.545905 0.000000
vt 7.526397 6.645788 0.000000
vt 7.282471 6.945155 0.000000
vt 7.038546 7.244522 0.000000
vt 6.794620 7.543889 0.000000
vt 6.550695 7.843256 0.000000
vt 6.306769 8.142624 0.000000
vt 7.770322 6.925339 0.000000
vt 7.526397 6.945155 0.000000
vt 7.282471 7.244522 0.000000
vt 7.038546 7.543889 0.000000
vt 6.794620 7.843256 0.000000
vt 6.550695 8.142624 0.000000
vt 7.526397 7.244522 0.000000
vt 7.770322 7.306269 0.000000
vt 7.526397 7.543889 0.000000
vt 7.770322 7.688976 0.000000
vt 7.526397 7.843256 0.000000
vt 7.770322 8.073747 0.000000
vt 7.526397 8.142624 0.000000
vt 7.286938 9.622936 0.000000
vt 6.803776 9.605114 0.000000
vt 6.320691 9.585846 0.000000
vt 5.837539 9.564961 0.000000
vt 5.354173 9.542260 0.000000
vt 4.870445 9.517510 0.000000
vt 4.386209 9.490434 0.000000
vt 3.901314 9.460706 0.000000
vt 3.415895 9.427950 0.000000
vt 2.930098 9.391722 0.000000
vt 2.443787 9.351458 0.000000
vt 0.966878 8.142624 0.000000
vt 0.966878 7.843256 0.000000
vt 1.450317 8.142624 0.000000
vt 1.450317 7.843256 0.000000
vt 1.450317 7.543889 0.000000
vt 1.933757 8.142624 0.000000
vt 1.933757 7.843256 0.000000
vt 1.933757 7.543889 0.000000
vt 1.933757 7.244522 0.000000
vt 4.599290 8.142624 0.000000
vt 4.843215 8.142624 0.000000
vt 5.087141 8.142624 0.000000
vt 6.794620 8.142624 0.000000
vt 7.038546 8.142624 0.000000
vt 7.282471 8.142624 0.000000
vt 2.417196 7.843256 0.000000
vt 2.900635 7.543889 0.000000
vt 3.384074 7.244522 0.000000
vt 3.867513 6.945155 0.000000
vt 4.111439 6.645788 0.000000
vt 4.355364 6.346420 0.000000
vt 4.599290 6.047053 0.000000
vt 4.843215 5.747686 0.000000
vt 5.087141 5.448319 0.000000
vt 5.331067 5.148952 0.000000
vt 5.574992 4.849584 0.000000
vt 5.818918 4.550217 0.000000
vt 6.062843 4.250850 0.000000
vt 6.306769 3.951483 0.000000
vt 6.550695 3.652116 0.000000
vt 6.794620 3.352748 0.000000
vt 7.038546 3.053381 0.000000
vt 7.282471 2.754014 0.000000
vt 2.417196 7.543889 0.000000
vt 2.417196 7.244522 0.000000
vt 2.417196 6.945155 0.000000
vt 4.843215 7.843256 0.000000
vt 5.087141 7.843256 0.000000
vt 5.087141 7.543889 0.000000
vt 5.331067 7.843256 0.000000
vt 5.331067 7.543889 0.000000
vt 5.331067 7.244522 0.000000
vt 5.574992 7.543889 0.000000
vt 5.818918 7.244522 0.000000
vt 6.062843 6.945155 0.000000
vt 6.306769 6.645788 0.000000
vt 6.550695 6.346420 0.000000
vt 6.794620 6.047053 0.000000
vt 7.038546 5.747686 0.000000
vt 7.282471 5.448319 0.000000
vt 7.038546 7.843256 0.000000
vt 7.282471 7.843256 0.000000
vt 7.282471 7.543889 0.000000
vt 2.900635 7.244522 0.000000
vt 3.384074 6.945155 0.000000
vt 3.867513 6.645788 0.000000
vt 4.111439 6.346420 0.000000
vt 4.355364 6.047053 0.000000
vt 4.599290 5.747686 0.000000
vt 4.843215 5.448319 0.000000
vt 5.087141 5.148952 0.000000
vt 5.331067 4.849584 0.000000
vt 5.574992 4.550217 0.000000
vt 5.818918 4.250850 0.000000
vt 6.062843 3.951483 0.000000
vt 6.306769 3.652116 0.000000
vt 6.550695 3.352748 0.000000
vt 6.794620 3.053381 0.000000
vt 7.038546 2.754014 0.000000
vt 7.282471 2.454647 0.000000
vt 2.900635 6.945155 0.000000
vt 2.900635 6.645788 0.000000
vt 5.574992 7.244522 0.000000
vt 5.574992 6.945155 0.000000
vt 5.818918 6.945155 0.000000
vt 6.062843 6.645788 0.000000
vt 6.306769 6.346420 0.000000
vt 6.550695 6.047053 0.000000
vt 6.794620 5.747686 0.000000
vt 7.038546 5.448319 0.000000
vt 7.282471 5.148952 0.000000
vt 0.966878 6.645788 0.000000
vt 1.450317 6.346420 0.000000
vt 1.933757 6.047053 0.000000
vt 2.417196 5.747686 0.000000
vt 2.900635 5.448319 0.000000
vt 3.384074 5.148952 0.000000
vt 3.867513 4.849584 0.000000
vt 4.111439 4.550217 0.000000
vt 4.355364 4.250850 0.000000
vt 4.599290 3.951483 0.000000
vt 4.843215 3.652116 0.000000
vt 5.087141 3.352748 0.000000
vt 5.331067 3.053381 0.000000
vt 5.574992 2.754014 0.000000
vt 5.818918 2.454647 0.000000
vt 6.062843 2.155280 0.000000
vt 6.306769 1.855912 0.000000
vt 6.550695 1.556545 0.000000
vt 6.794620 1.257178 0.000000
vt 7.038546 0.957811 0.000000
vt 7.282471 0.658444 0.000000
vt 3.384074 6.645788 0.000000
vt 3.867513 6.346420 0.000000
vt 4.111439 6.047053 0.000000
vt 4.355364 5.747686 0.000000
vt 4.599290 5.448319 0.000000
vt 4.843215 5.148952 0.000000
vt 5.087141 4.849584 0.000000
vt 5.331067 4.550217 0.000000
vt 5.574992 4.250850 0.000000
vt 5.818918 3.951483 0.000000
vt 6.062843 3.652116 0.000000
vt 6.306769 3.352748 0.000000
vt 6.550695 3.053381 0.000000
vt 6.794620 2.754014 0.000000
vt 7.038546 2.454647 0.000000
vt 7.282471 2.155280 0.000000
vt 3.384074 6.346420 0.000000
vt 5.818918 6.645788 0.000000
vt 6.062843 6.346420 0.000000
vt 6.306769 6.047053 0.000000
vt 6.550695 5.747686 0.000000
vt 6.794620 5.448319 0.000000
vt 7.038546 5.148952 0.000000
vt 7.282471 4.849584 0.000000
vt 3.867513 6.047053 0.000000
vt 4.111439 5.747686 0.000000
vt 4.355364 5.448319 0.000000
vt 4.599290 5.148952 0.000000
vt 4.843215 4.849584 0.000000
vt 5.087141 4.550217 0.000000
vt 5.331067 4.250850 0.000000
vt 5.574992 3.951483 0.000000
vt 5.818918 3.652116 0.000000
vt 6.062843 3.352748 0.000000
vt 6.306769 3.053381 0.000000
vt 6.550695 2.754014 0.000000
vt 6.794620 2.454647 0.000000
vt 7.038546 2.155280 0.000000
vt 7.282471 1.855912 0.000000
vt 0.966878 5.747686 0.000000
vt 1.450317 5.448319 0.000000
vt 1.933757 5.148952 0.000000
vt 2.417196 4.849584 0.000000
vt 2.900635 4.550217 0.000000
vt 3.384074 4.250850 0.000000
vt 3.867513 3.951483 0.000000
vt 4.111439 3.652116 0.000000
vt 4.355364 3.352748 0.000000
vt 4.599290 3.053381 0.000000
vt 4.843215 2.754014 0.000000
vt 5.087141 2.454647 0.000000
vt 5.331067 2.155280 0.000000
vt 5.574992 1.855912 0.000000
vt 5.818918 1.556545 0.000000
vt 6.062843 1.257178 0.000000
vt 6.306769 0.957811 0.000000
vt 6.550695 0.658444 0.000000
vt 0.966878 5.448319 0.000000
vt 1.450317 5.148952 0.000000
vt 1.933757 4.849584 0.000000
vt 2.417196 4.550217 0.000000
vt 2.900635 4.250850 0.000000
vt 3.384074 3.951483 0.000000
vt 3.867513 3.652116 0.000000
vt 4.111439 3.352748 0.000000
vt 4.355364 3.053381 0.000000
vt 4.599290 2.754014 0.000000
vt 4.843215 2.454647 0.000000
vt 5.087141 2.155280 0.000000
vt 5.331067 1.855912 0.000000
vt 5.574992 1.556545 0.000000
vt 5.818918 1.257178 0.000000
vt 6.062843 0.957811 0.000000
vt 6.306769 0.658444 0.000000
vt 0.966878 4.250850 0.000000
vt 1.450317 3.951483 0.000000
vt 1.933757 3.652116 0.000000
vt 2.417196 3.352748 0.000000
vt 2.900635 3.053381 0.000000
vt 3.384074 2.754014 0.000000
vt 3.867513 2.454647 0.000000
vt 4.111439 2.155280 0.000000
vt 4.355364 1.855912 0.000000
vt 4.599290 1.556545 0.000000
vt 4.843215 1.257178 0.000000
vt 5.087141 0.957811 0.000000
vt 5.331067 0.658444 0.000000
vt 0.966878 1.257178 0.000000
vt 1.450317 0.957811 0.000000
vt 0.973422 17.441475 0.000000
vt 1.139662 17.441475 0.000000
vt 0.973422 17.774565 0.000000
vt 1.139662 17.774565 0.000000
vt 0.973422 18.107655 0.000000
vt 1.139662 18.107655 0.000000
vt 0.973422 18.440745 0.000000
vt 1.139662 18.440745 0.000000
vt 0.973422 18.773834 0.000000
vt 1.139662 18.773834 0.000000
vt 0.973422 19.106924 0.000000
vt 1.139662 19.106924 0.000000
vt 0.973422 19.440014 0.000000
vt 1.139662 19.440014 0.000000
vt 0.973422 19.773103 0.000000
vt 1.139662 19.773103 0.000000
vt 0.973422 20.106193 0.000000
vt 1.139662 20.106193 0.000000
vt 0.973422 20.439283 0.000000
vt 1.139662 20.439283 0.000000
vt 0.973422 20.772372 0.000000
vt 1.139662 20.772372 0.000000
vt 0.973422 21.105462 0.000000
vt 1.139662 21.105462 0.000000
vt 0.973422 21.438552 0.000000
vt 1.139662 21.438552 0.000000
vt 0.973422 21.771641 0.000000
vt 1.139662 21.771641 0.000000
vt 0.973422 22.104731 0.000000
vt 1.139662 22.104731 0.000000
vt 0.973422 22.437821 0.000000
vt 1.139662 22.437821 0.000000
vt 0.973422 22.770910 0.000000
vt 1.139662 22.770910 0.000000
vt -0.000000 0.000000 0.000000
vt 0.000000 -0.166240 0.000000
vt 0.461851 -0.148138 0.000000
vt 0.462438 -0.315765 0.000000
vt 0.920098 -0.306385 0.000000
vt 0.921205 -0.475502 0.000000
vt 1.374607 -0.474648 0.000000
vt 1.376165 -0.645353 0.000000
vt 1.825247 -0.652836 0.000000
vt 1.827185 -0.825227 0.000000
vt 2.271884 -0.840857 0.000000
vt 2.274130 -1.015027 0.000000
vt 2.714388 -1.038618 0.000000
vt 2.716866 -1.214659 0.000000
vt 3.152625 -1.246028 0.000000
vt 3.155258 -1.424029 0.000000
vt 3.586464 -1.462996 0.000000
vt 3.589171 -1.643042 0.000000
vt 4.015524 -1.689293 0.000000
vt 4.018221 -1.871466 0.000000
vt 4.439448 -1.924680 0.000000
vt 4.442043 -2.109052 0.000000
vt 4.858126 -2.169035 0.000000
vt 4.860527 -2.355679 0.000000
vt 5.271451 -2.422241 0.000000
vt 5.273564 -2.611222 0.000000
vt 5.679314 -2.684178 0.000000
vt 5.681045 -2.875561 0.000000
vt 6.081606 -2.954726 0.000000
vt 6.082858 -3.148572 0.000000
vt 6.478219 -3.233766 0.000000
vt 6.478895 -3.430134 0.000000
vt 6.869045 -3.521179 0.000000
vt 6.869045 -3.720122 0.000000
vt 0.000000 0.000000 0.000000
vt -0.461851 -0.148138 0.000000
vt -0.000000 -0.166240 0.000000
vt -0.462438 -0.315765 0.000000
vt -0.920098 -0.306385 0.000000
vt -0.921205 -0.475502 0.000000
vt -1.374607 -0.474648 0.000000
vt -1.376165 -0.645353 0.000000
vt -1.825247 -0.652836 0.000000
vt -1.827185 -0.825227 0.000000
vt -2.271884 -0.840857 0.000000
vt -2.274130 -1.015027 0.000000
vt -2.714388 -1.038618 0.000000
vt -2.716866 -1.214659 0.000000
vt -3.152625 -1.246028 0.000000
vt -3.155258 -1.424029 0.000000
vt -3.586464 -1.462996 0.000000
vt -3.589171 -1.643042 0.000000
vt -4.015524 -1.689293 0.000000
vt -4.018221 -1.871466 0.000000
vt -4.439448 -1.924680 0.000000
vt -4.442043 -2.109052 0.000000
vt -4.858126 -2.169035 0.000000
vt -4.860527 -2.355679 0.000000
vt -5.271451 -2.422241 0.000000
vt -5.273564 -2.611222 0.000000
vt -5.679314 -2.684178 0.000000
vt -5.681045 -2.875561 0.000000
vt -6.081606 -2.954726 0.000000
vt -6.082858 -3.148572 0.000000
vt -6.478219 -3.233766 0.000000
vt -6.478895 -3.430134 0.000000
vt -6.869045 -3.521179 0.000000
vt -6.869045 -3.720122 0.000000
vn 0.252941 0.798983 0.545571
vn 0.273351 0.798983 0.535636
vn 0.254348 0.805274 0.535575
vn 0.264880 0.811380 0.521057
vn 0.250686 0.811490 0.527864
vn 0.246987 0.817630 0.520076
vn 0.235441 0.811490 0.534838
vn 0.231967 0.817630 0.526947
vn 0.219907 0.811490 0.541410
vn 0.216663 0.817630 0.533422
vn 0.204101 0.811490 0.547564
vn 0.201090 0.817630 0.539485
vn 0.188038 0.811490 0.553286
vn 0.185264 0.817630 0.545123
vn 0.171737 0.811490 0.558561
vn 0.169203 0.817630 0.550320
vn 0.155214 0.811490 0.563376
vn 0.152924 0.817630 0.555064
vn 0.138490 0.811490 0.567718
vn 0.136447 0.817630 0.559342
vn 0.121585 0.811490 0.571577
vn 0.119791 0.817630 0.563144
vn 0.104519 0.811490 0.574943
vn 0.102977 0.817630 0.566460
vn 0.087314 0.811490 0.577806
vn 0.086026 0.817630 0.569281
vn 0.069993 0.811490 0.580159
vn 0.068960 0.817630 0.571599
vn 0.052577 0.811490 0.581996
vn 0.051802 0.817630 0.573409
vn 0.035091 0.811490 0.583311
vn 0.034573 0.817630 0.574705
vn 0.017557 0.811490 0.584102
vn 0.017298 0.817630 0.575484
vn -0.000000 0.811490 0.584366
vn -0.000000 0.817630 0.575744
vn -0.017557 0.811490 0.584102
vn -0.017298 0.817630 0.575484
vn -0.035091 0.811490 0.583311
vn -0.034573 0.817630 0.574705
vn -0.052577 0.811490 0.581996
vn -0.051802 0.817630 0.573409
vn -0.069993 0.811490 0.580159
vn -0.068960 0.817630 0.571599
vn -0.087314 0.811490 0.577806
vn -0.086026 0.817630 0.569281
vn -0.104519 0.811490 0.574943
vn -0.102977 0.817630 0.566460
vn -0.121585 0.811490 0.571577
vn -0.119791 0.817630 0.563144
vn -0.138490 0.811490 0.567718
vn -0.136447 0.817630 0.559342
vn -0.155214 0.811490 0.563376
vn -0.152924 0.817630 0.555064
vn -0.171737 0.811490 0.558561
vn -0.169203 0.817630 0.550320
vn -0.188038 0.811490 0.553286
vn -0.185264 0.817630 0.545123
vn -0.204101 0.811490 0.547564
vn -0.201090 0.817630 0.539485
vn -0.219907 0.811490 0.541410
vn -0.216663 0.817630 0.533422
vn -0.235441 0.811490 0.534838
vn -0.231967 0.817630 0.526947
vn -0.250686 0.811490 0.527864
vn -0.246987 0.817630 0.520076
vn -0.264880 0.811380 0.521057
vn -0.256246 0.823471 0.506196
vn -0.243253 0.823691 0.512212
vn -0.239483 0.829672 0.504274
vn -0.224919 0.829672 0.510936
vn -0.221346 0.835571 0.502819
vn -0.206742 0.835571 0.508998
vn -0.203375 0.841387 0.500706
vn -0.188757 0.841387 0.506398
vn -0.185603 0.847118 0.497938
vn -0.170996 0.847118 0.503141
vn -0.168066 0.852763 0.494520
vn -0.153496 0.852763 0.499234
vn -0.150797 0.858319 0.490457
vn -0.136289 0.858319 0.494685
vn -0.133830 0.863786 0.485760
vn -0.119410 0.863786 0.489505
vn -0.117199 0.869162 0.480439
vn -0.102893 0.869162 0.483705
vn -0.100936 0.874445 0.474507
vn -0.086769 0.874445 0.477301
vn -0.085074 0.879635 0.467980
vn -0.071070 0.879635 0.470310
vn -0.069644 0.884729 0.460874
vn -0.055828 0.884729 0.462750
vn -0.054677 0.889726 0.453208
vn -0.041072 0.889726 0.454643
vn -0.039341 0.899341 0.435474
vn -0.026257 0.899341 0.436459
vn -0.025086 0.908560 0.417000
vn -0.012552 0.908560 0.417566
vn -0.011959 0.917374 0.397847
vn -0.000000 0.917374 0.398027
vn -0.000000 0.925773 0.378081
vn 0.011360 0.925773 0.377910
vn 0.010754 0.933749 0.357768
vn 0.021494 0.933749 0.357284
vn 0.020272 0.941294 0.336980
vn 0.030374 0.941294 0.336220
vn 0.028528 0.948401 0.315788
vn 0.037978 0.948401 0.314792
vn 0.030797 0.955064 0.294797
vn 0.046091 0.955064 0.292796
vn 0.047376 0.948401 0.313515
vn 0.056711 0.948401 0.311961
vn 0.050442 0.941294 0.333799
vn 0.060381 0.941294 0.332145
vn 0.053481 0.933749 0.353912
vn 0.064019 0.933749 0.352158
vn 0.056492 0.925773 0.373837
vn 0.067623 0.925773 0.371984
vn 0.059472 0.917374 0.393559
vn 0.071191 0.917374 0.391609
vn 0.062420 0.908560 0.413065
vn 0.074719 0.908560 0.411018
vn 0.065332 0.899341 0.432339
vn 0.078206 0.899341 0.430197
vn 0.068208 0.889726 0.451370
vn 0.081648 0.889726 0.449134
vn 0.069644 0.884729 0.460874
vn 0.083367 0.884729 0.458590
vn 0.071070 0.879635 0.470310
vn 0.085074 0.879635 0.467980
vn 0.072486 0.874445 0.479678
vn 0.086769 0.874445 0.477301
vn 0.073891 0.869162 0.488976
vn 0.088450 0.869162 0.486553
vn 0.075285 0.863786 0.498203
vn 0.090119 0.863786 0.495734
vn 0.076668 0.858319 0.507356
vn 0.091775 0.858319 0.504842
vn 0.078040 0.852763 0.516436
vn 0.093418 0.852763 0.513877
vn 0.079401 0.847118 0.525439
vn 0.095046 0.847118 0.522836
vn 0.080750 0.841387 0.534366
vn 0.096661 0.841387 0.531718
vn 0.082087 0.835571 0.543215
vn 0.098262 0.835571 0.540523
vn 0.083412 0.829672 0.551985
vn 0.099848 0.829672 0.549249
vn 0.084725 0.823691 0.560674
vn 0.101420 0.823691 0.557895
vn 0.256246 0.823471 0.506196
vn 0.243253 0.823691 0.512212
vn 0.228460 0.823691 0.518979
vn 0.213387 0.823691 0.525356
vn 0.198049 0.823691 0.531328
vn 0.182463 0.823691 0.536880
vn 0.166644 0.823691 0.541999
vn 0.150612 0.823691 0.546671
vn 0.134384 0.823691 0.550885
vn 0.117980 0.823691 0.554630
vn 0.239483 0.829672 0.504274
vn 0.247452 0.835245 0.491054
vn 0.235678 0.835571 0.496263
vn 0.231839 0.841387 0.488179
vn 0.221346 0.835571 0.502819
vn 0.217740 0.841387 0.494628
vn 0.206742 0.835571 0.508998
vn 0.203375 0.841387 0.500706
vn 0.191882 0.835571 0.514784
vn 0.188757 0.841387 0.506398
vn 0.176781 0.835571 0.520163
vn 0.173902 0.841387 0.511689
vn 0.161455 0.835571 0.525122
vn 0.158825 0.841387 0.516568
vn 0.145922 0.835571 0.529649
vn 0.143545 0.841387 0.521021
vn 0.130199 0.835571 0.533731
vn 0.128078 0.841387 0.525037
vn 0.114306 0.835571 0.537359
vn 0.112444 0.841387 0.528606
vn 0.238497 0.846694 0.475634
vn 0.227966 0.847118 0.480023
vn 0.214103 0.847118 0.486365
vn 0.199977 0.847118 0.492342
vn 0.185603 0.847118 0.497938
vn 0.170996 0.847118 0.503141
vn 0.156172 0.847118 0.507938
vn 0.141147 0.847118 0.512317
vn 0.125939 0.847118 0.516266
vn 0.110565 0.847118 0.519775
vn 0.224060 0.852763 0.471798
vn 0.229386 0.857809 0.459941
vn 0.220121 0.858319 0.463503
vn 0.216149 0.863786 0.455141
vn 0.206734 0.858319 0.469627
vn 0.203004 0.863786 0.461154
vn 0.193095 0.858319 0.475397
vn 0.189611 0.863786 0.466820
vn 0.179216 0.858319 0.480801
vn 0.175982 0.863786 0.472127
vn 0.165111 0.858319 0.485826
vn 0.162133 0.863786 0.477060
vn 0.150797 0.858319 0.490457
vn 0.148077 0.863786 0.481609
vn 0.136289 0.858319 0.494685
vn 0.133830 0.863786 0.485760
vn 0.121604 0.858319 0.498498
vn 0.119410 0.863786 0.489505
vn 0.106760 0.858319 0.501887
vn 0.104834 0.863786 0.492832
vn 0.220119 0.868581 0.443976
vn 0.212146 0.869162 0.446712
vn 0.199245 0.869162 0.452613
vn 0.186099 0.869162 0.458175
vn 0.172723 0.869162 0.463383
vn 0.159130 0.869162 0.468225
vn 0.145334 0.869162 0.472689
vn 0.131352 0.869162 0.476764
vn 0.117199 0.869162 0.480439
vn 0.102893 0.869162 0.483705
vn 0.208112 0.874445 0.438217
vn 0.210699 0.879000 0.427745
vn 0.204048 0.879635 0.429659
vn 0.199954 0.884729 0.421038
vn 0.191639 0.879635 0.435336
vn 0.187794 0.884729 0.426601
vn 0.178995 0.879635 0.440685
vn 0.175404 0.884729 0.431843
vn 0.166130 0.879635 0.445694
vn 0.162796 0.884729 0.436752
vn 0.153055 0.879635 0.450352
vn 0.149984 0.884729 0.441316
vn 0.139786 0.879635 0.454645
vn 0.136982 0.884729 0.445523
vn 0.126338 0.879635 0.458564
vn 0.123803 0.884729 0.449364
vn 0.112725 0.879635 0.462099
vn 0.110463 0.884729 0.452827
vn 0.098965 0.879635 0.465240
vn 0.096979 0.884729 0.455905
vn 0.201128 0.889056 0.411250
vn 0.195831 0.889726 0.412356
vn 0.183921 0.889726 0.417804
vn 0.171787 0.889726 0.422938
vn 0.159440 0.889726 0.427746
vn 0.146892 0.889726 0.432215
vn 0.134157 0.889726 0.436336
vn 0.121250 0.889726 0.440097
vn 0.108186 0.889726 0.443490
vn 0.094979 0.889726 0.446504
vn 0.191414 0.898735 0.394506
vn 0.187574 0.899341 0.394970
vn 0.176167 0.899341 0.400189
vn 0.164544 0.899341 0.405106
vn 0.152717 0.899341 0.409711
vn 0.140698 0.899341 0.413992
vn 0.128501 0.899341 0.417939
vn 0.116138 0.899341 0.421542
vn 0.103624 0.899341 0.424791
vn 0.090975 0.899341 0.427679
vn 0.181567 0.908023 0.377528
vn 0.179212 0.908560 0.377362
vn 0.168313 0.908560 0.382347
vn 0.157208 0.908560 0.387045
vn 0.145909 0.908560 0.391445
vn 0.134426 0.908560 0.395535
vn 0.122772 0.908560 0.399306
vn 0.110960 0.908560 0.402749
vn 0.099004 0.908560 0.405853
vn 0.086919 0.908560 0.408612
vn 0.171589 0.916911 0.360321
vn 0.170749 0.917374 0.359542
vn 0.160365 0.917374 0.364292
vn 0.149785 0.917374 0.368768
vn 0.139019 0.917374 0.372960
vn 0.128078 0.917374 0.376858
vn 0.116974 0.917374 0.380451
vn 0.105720 0.917374 0.383730
vn 0.094329 0.917374 0.386688
vn 0.082815 0.917374 0.389317
vn 0.161485 0.925391 0.342891
vn 0.152329 0.925773 0.346036
vn 0.151257 0.933454 0.325246
vn 0.144210 0.933749 0.327593
vn 0.140910 0.941093 0.307390
vn 0.136014 0.941294 0.308976
vn 0.130448 0.948299 0.289332
vn 0.127749 0.948401 0.290200
vn 0.119875 0.955064 0.271078
vn 0.119321 0.948401 0.293766
vn 0.105611 0.955064 0.276948
vn 0.110744 0.948401 0.297106
vn 0.102029 0.948401 0.300210
vn 0.108630 0.941294 0.319634
vn 0.099212 0.941294 0.322681
vn 0.105190 0.933749 0.342124
vn 0.095070 0.933749 0.345073
vn 0.100422 0.925773 0.364500
vn 0.089602 0.925773 0.367310
vn 0.091061 0.955064 0.282067
vn 0.093183 0.948401 0.303072
vn 0.089667 0.941294 0.325463
vn 0.084826 0.933749 0.347733
vn 0.078664 0.925773 0.369807
vn 0.076264 0.955064 0.286422
vn 0.084218 0.948401 0.305685
vn 0.080006 0.941294 0.327972
vn 0.074472 0.933749 0.350097
vn 0.075144 0.948401 0.308041
vn 0.061260 0.955064 0.290001
vn 0.065971 0.948401 0.310135
vn 0.015419 0.955064 0.296000
vn 0.019040 0.948401 0.316502
vn 0.010143 0.941294 0.337437
vn -0.000000 0.933749 0.357930
vn -0.011360 0.925773 0.377910
vn -0.023901 0.917374 0.397309
vn -0.037587 0.908560 0.416060
vn -0.052372 0.899341 0.434100
vn -0.068208 0.889726 0.451370
vn -0.083367 0.884729 0.458590
vn -0.098965 0.879635 0.465240
vn -0.114970 0.874445 0.471303
vn -0.131352 0.869162 0.476764
vn -0.148077 0.863786 0.481609
vn -0.165111 0.858319 0.485826
vn -0.182423 0.852763 0.489406
vn -0.199977 0.847118 0.492342
vn -0.217740 0.841387 0.494628
vn -0.235678 0.835571 0.496263
vn -0.247452 0.835245 0.491054
vn 0.009527 0.948401 0.316931
vn -0.000000 0.955064 0.296401
vn -0.000000 0.948401 0.317074
vn -0.009527 0.948401 0.316931
vn -0.010143 0.941294 0.337437
vn -0.020272 0.941294 0.336980
vn -0.021494 0.933749 0.357284
vn -0.032204 0.933749 0.356478
vn -0.034017 0.925773 0.376547
vn -0.045285 0.925773 0.375359
vn -0.047674 0.917374 0.395162
vn -0.059472 0.917374 0.393559
vn -0.062420 0.908560 0.413065
vn -0.074719 0.908560 0.411018
vn -0.078206 0.899341 0.430197
vn -0.090975 0.899341 0.427679
vn -0.094979 0.889726 0.446504
vn -0.108186 0.889726 0.443490
vn -0.110463 0.884729 0.452827
vn -0.123803 0.884729 0.449364
vn -0.126338 0.879635 0.458564
vn -0.139786 0.879635 0.454645
vn -0.142571 0.874445 0.463701
vn -0.156104 0.874445 0.459322
vn -0.159130 0.869162 0.468225
vn -0.172723 0.869162 0.463383
vn -0.175982 0.863786 0.472127
vn -0.189611 0.863786 0.466820
vn -0.193095 0.858319 0.475397
vn -0.206734 0.858319 0.469627
vn -0.210434 0.852763 0.478031
vn -0.224060 0.852763 0.471798
vn -0.227966 0.847118 0.480023
vn -0.238497 0.846694 0.475634
vn -0.231839 0.841387 0.488179
vn -0.015419 0.955064 0.296000
vn -0.019040 0.948401 0.316502
vn -0.030374 0.941294 0.336220
vn -0.042871 0.933749 0.355353
vn -0.056492 0.925773 0.373837
vn -0.071191 0.917374 0.391609
vn -0.086919 0.908560 0.408612
vn -0.103624 0.899341 0.424791
vn -0.121250 0.889726 0.440097
vn -0.136982 0.884729 0.445523
vn -0.153055 0.879635 0.450352
vn -0.169439 0.874445 0.454572
vn -0.186099 0.869162 0.458175
vn -0.203004 0.863786 0.461154
vn -0.220121 0.858319 0.463503
vn -0.229386 0.857809 0.459941
vn -0.028528 0.948401 0.315788
vn -0.030797 0.955064 0.294797
vn -0.037978 0.948401 0.314792
vn -0.046091 0.955064 0.292796
vn -0.047376 0.948401 0.313515
vn -0.056711 0.948401 0.311961
vn -0.060381 0.941294 0.332145
vn -0.070240 0.941294 0.330201
vn -0.074472 0.933749 0.350097
vn -0.084826 0.933749 0.347733
vn -0.089602 0.925773 0.367310
vn -0.100422 0.925773 0.364500
vn -0.105720 0.917374 0.383730
vn -0.116974 0.917374 0.380451
vn -0.122772 0.908560 0.399306
vn -0.134426 0.908560 0.395535
vn -0.140698 0.899341 0.413992
vn -0.152717 0.899341 0.409711
vn -0.159440 0.889726 0.427746
vn -0.171787 0.889726 0.422938
vn -0.175404 0.884729 0.431843
vn -0.187794 0.884729 0.426601
vn -0.191639 0.879635 0.435336
vn -0.204048 0.879635 0.429659
vn -0.208112 0.874445 0.438217
vn -0.210699 0.879000 0.427745
vn -0.220119 0.868581 0.443976
vn -0.061260 0.955064 0.290001
vn -0.065971 0.948401 0.310135
vn -0.080006 0.941294 0.327972
vn -0.095070 0.933749 0.345073
vn -0.111112 0.925773 0.361385
vn -0.128078 0.917374 0.376858
vn -0.145909 0.908560 0.391445
vn -0.164544 0.899341 0.405106
vn -0.183921 0.889726 0.417804
vn -0.199954 0.884729 0.421038
vn -0.075144 0.948401 0.308041
vn -0.076264 0.955064 0.286422
vn -0.084218 0.948401 0.305685
vn -0.093183 0.948401 0.303072
vn -0.099212 0.941294 0.322681
vn -0.108630 0.941294 0.319634
vn -0.115175 0.933749 0.338893
vn -0.125014 0.933749 0.335388
vn -0.132052 0.925773 0.354270
vn -0.142279 0.925773 0.350288
vn -0.149785 0.917374 0.368768
vn -0.160365 0.917374 0.364292
vn -0.168313 0.908560 0.382347
vn -0.171589 0.916911 0.360321
vn -0.179212 0.908560 0.377362
vn -0.181567 0.908023 0.377528
vn -0.187574 0.899341 0.394970
vn -0.191414 0.898735 0.394506
vn -0.195831 0.889726 0.412356
vn -0.201128 0.889056 0.411250
vn -0.091061 0.955064 0.282067
vn -0.102029 0.948401 0.300210
vn -0.117909 0.941294 0.316329
vn -0.134695 0.933749 0.331619
vn -0.152329 0.925773 0.346036
vn -0.161485 0.925391 0.342891
vn -0.170749 0.917374 0.359542
vn -0.105611 0.955064 0.276948
vn -0.110744 0.948401 0.297106
vn -0.127041 0.941294 0.312773
vn -0.144210 0.933749 0.327593
vn -0.151257 0.933454 0.325246
vn -0.119321 0.948401 0.293766
vn -0.119875 0.955064 0.271078
vn -0.127749 0.948401 0.290200
vn -0.130448 0.948299 0.289332
vn -0.136014 0.941294 0.308976
vn -0.140910 0.941093 0.307390
vn -0.216149 0.863786 0.455141
vn -0.212146 0.869162 0.446712
vn -0.195456 0.874445 0.444007
vn -0.178995 0.879635 0.440685
vn -0.162796 0.884729 0.436752
vn -0.146892 0.889726 0.432215
vn -0.128501 0.899341 0.417939
vn -0.110960 0.908560 0.402749
vn -0.094329 0.917374 0.386688
vn -0.078664 0.925773 0.369807
vn -0.064019 0.933749 0.352158
vn -0.050442 0.941294 0.333799
vn -0.254348 0.805274 0.535575
vn -0.273351 0.798983 0.535636
vn -0.252941 0.798983 0.545571
vn -0.238880 0.805274 0.542651
vn -0.232170 0.798983 0.554729
vn -0.223120 0.805274 0.549319
vn -0.211069 0.798983 0.563096
vn -0.207083 0.805274 0.555563
vn -0.190785 0.805274 0.561369
vn -0.189666 0.798983 0.570661
vn -0.174245 0.805274 0.566721
vn -0.167994 0.798983 0.577412
vn -0.157482 0.805274 0.571606
vn -0.146082 0.798983 0.583341
vn -0.140513 0.805274 0.576012
vn -0.123962 0.798983 0.588439
vn -0.123361 0.805274 0.579927
vn -0.106046 0.805274 0.583342
vn -0.101665 0.798983 0.592698
vn -0.088590 0.805274 0.586247
vn -0.079223 0.798983 0.596113
vn -0.071015 0.805274 0.588635
vn -0.056669 0.798983 0.598678
vn -0.053345 0.805274 0.590498
vn -0.034034 0.798983 0.600390
vn -0.035604 0.805274 0.591833
vn -0.017814 0.805274 0.592635
vn -0.011350 0.798983 0.601247
vn -0.000000 0.805274 0.592903
vn 0.011350 0.798983 0.601247
vn 0.017814 0.805274 0.592635
vn 0.034034 0.798983 0.600390
vn 0.035604 0.805274 0.591833
vn 0.053345 0.805274 0.590498
vn 0.056669 0.798983 0.598678
vn 0.071015 0.805274 0.588635
vn 0.079223 0.798983 0.596113
vn 0.088590 0.805274 0.586247
vn 0.101665 0.798983 0.592698
vn 0.106046 0.805274 0.583342
vn 0.123962 0.798983 0.588439
vn 0.123361 0.805274 0.579927
vn 0.140513 0.805274 0.576012
vn 0.146082 0.798983 0.583341
vn 0.157482 0.805274 0.571606
vn 0.167994 0.798983 0.577412
vn 0.174245 0.805274 0.566721
vn 0.189666 0.798983 0.570661
vn 0.190785 0.805274 0.561369
vn 0.211069 0.798983 0.563096
vn 0.207083 0.805274 0.555563
vn 0.223120 0.805274 0.549319
vn 0.232170 0.798983 0.554729
vn 0.238880 0.805274 0.542651
vn 0.195456 0.874445 0.444007
vn 0.182561 0.874445 0.449463
vn 0.169439 0.874445 0.454572
vn 0.156104 0.874445 0.459322
vn 0.142571 0.874445 0.463701
vn 0.128854 0.874445 0.467698
vn 0.114970 0.874445 0.471303
vn 0.100936 0.874445 0.474507
vn 0.210434 0.852763 0.478031
vn 0.196550 0.852763 0.483905
vn 0.182423 0.852763 0.489406
vn 0.168066 0.852763 0.494520
vn 0.153496 0.852763 0.499234
vn 0.138728 0.852763 0.503538
vn 0.123781 0.852763 0.507419
vn 0.108671 0.852763 0.510868
vn 0.224919 0.829672 0.510936
vn 0.210080 0.829672 0.517215
vn 0.194980 0.829672 0.523094
vn 0.179635 0.829672 0.528560
vn 0.164062 0.829672 0.533599
vn 0.148278 0.829672 0.538199
vn 0.132301 0.829672 0.542348
vn 0.116151 0.829672 0.546034
vn 0.127041 0.941294 0.312773
vn 0.117909 0.941294 0.316329
vn 0.134695 0.933749 0.331619
vn 0.125014 0.933749 0.335388
vn 0.115175 0.933749 0.338893
vn 0.142279 0.925773 0.350288
vn 0.132052 0.925773 0.354270
vn 0.121660 0.925773 0.357972
vn 0.111112 0.925773 0.361385
vn 0.070240 0.941294 0.330201
vn 0.040435 0.941294 0.335159
vn 0.042871 0.933749 0.355353
vn 0.032204 0.933749 0.356478
vn 0.045285 0.925773 0.375359
vn 0.034017 0.925773 0.376547
vn 0.022704 0.925773 0.377399
vn 0.047674 0.917374 0.395162
vn 0.035812 0.917374 0.396413
vn 0.023901 0.917374 0.397309
vn 0.011959 0.917374 0.397847
vn 0.050037 0.908560 0.414747
vn 0.037587 0.908560 0.416060
vn 0.025086 0.908560 0.417000
vn 0.012552 0.908560 0.417566
vn -0.000000 0.908560 0.417754
vn 0.052372 0.899341 0.434100
vn 0.039341 0.899341 0.435474
vn 0.026257 0.899341 0.436459
vn 0.013137 0.899341 0.437050
vn -0.000000 0.899341 0.437248
vn -0.013137 0.899341 0.437050
vn 0.054677 0.889726 0.453208
vn 0.041072 0.889726 0.454643
vn 0.027412 0.889726 0.455671
vn 0.013716 0.889726 0.456289
vn -0.000000 0.889726 0.456495
vn -0.013716 0.889726 0.456289
vn -0.027412 0.889726 0.455671
vn 0.055828 0.884729 0.462750
vn 0.041937 0.884729 0.464216
vn 0.027990 0.884729 0.465265
vn 0.014004 0.884729 0.465896
vn -0.000000 0.884729 0.466106
vn -0.014004 0.884729 0.465896
vn -0.027990 0.884729 0.465265
vn -0.041937 0.884729 0.464216
vn 0.056971 0.879635 0.472225
vn 0.042796 0.879635 0.473720
vn 0.028563 0.879635 0.474791
vn 0.014291 0.879635 0.475435
vn -0.000000 0.879635 0.475650
vn -0.014291 0.879635 0.475435
vn -0.028563 0.879635 0.474791
vn -0.042796 0.879635 0.473720
vn -0.056971 0.879635 0.472225
vn 0.058106 0.874445 0.481631
vn 0.043648 0.874445 0.483156
vn 0.029132 0.874445 0.484248
vn 0.014576 0.874445 0.484905
vn -0.000000 0.874445 0.485124
vn -0.014576 0.874445 0.484905
vn -0.029132 0.874445 0.484248
vn -0.043648 0.874445 0.483156
vn -0.058106 0.874445 0.481631
vn -0.072486 0.874445 0.479678
vn 0.059232 0.869162 0.490967
vn 0.044494 0.869162 0.492522
vn 0.029696 0.869162 0.493635
vn 0.014858 0.869162 0.494304
vn -0.000000 0.869162 0.494527
vn -0.014858 0.869162 0.494304
vn -0.029696 0.869162 0.493635
vn -0.044494 0.869162 0.492522
vn -0.059232 0.869162 0.490967
vn -0.073891 0.869162 0.488976
vn -0.088450 0.869162 0.486553
vn 0.060350 0.863786 0.500231
vn 0.045334 0.863786 0.501815
vn 0.030257 0.863786 0.502949
vn 0.015139 0.863786 0.503631
vn -0.000000 0.863786 0.503859
vn -0.015139 0.863786 0.503631
vn -0.030257 0.863786 0.502949
vn -0.045334 0.863786 0.501815
vn -0.060350 0.863786 0.500231
vn -0.075285 0.863786 0.498203
vn -0.090119 0.863786 0.495734
vn -0.104834 0.863786 0.492832
vn 0.061459 0.858319 0.509422
vn 0.046167 0.858319 0.511035
vn 0.030813 0.858319 0.512190
vn 0.015417 0.858319 0.512885
vn -0.000000 0.858319 0.513116
vn -0.015417 0.858319 0.512885
vn -0.030813 0.858319 0.512190
vn -0.046167 0.858319 0.511035
vn -0.061459 0.858319 0.509422
vn -0.076668 0.858319 0.507356
vn -0.091775 0.858319 0.504842
vn -0.106760 0.858319 0.501887
vn -0.121604 0.858319 0.498498
vn 0.062559 0.852763 0.518539
vn 0.046993 0.852763 0.520180
vn 0.031364 0.852763 0.521356
vn 0.015693 0.852763 0.522063
vn -0.000000 0.852763 0.522299
vn -0.015693 0.852763 0.522063
vn -0.031364 0.852763 0.521356
vn -0.046993 0.852763 0.520180
vn -0.062559 0.852763 0.518539
vn -0.078040 0.852763 0.516436
vn -0.093418 0.852763 0.513877
vn -0.108671 0.852763 0.510868
vn -0.123781 0.852763 0.507419
vn -0.138728 0.852763 0.503538
vn 0.063649 0.847118 0.527579
vn 0.047812 0.847118 0.529249
vn 0.031911 0.847118 0.530446
vn 0.015966 0.847118 0.531165
vn -0.000000 0.847118 0.531405
vn -0.015966 0.847118 0.531165
vn -0.031911 0.847118 0.530446
vn -0.047812 0.847118 0.529249
vn -0.063649 0.847118 0.527579
vn -0.079401 0.847118 0.525439
vn -0.095046 0.847118 0.522836
vn -0.110565 0.847118 0.519775
vn -0.125939 0.847118 0.516266
vn -0.141147 0.847118 0.512317
vn -0.156172 0.847118 0.507938
vn 0.064731 0.841387 0.536542
vn 0.048625 0.841387 0.538241
vn 0.032453 0.841387 0.539458
vn 0.016237 0.841387 0.540189
vn -0.000000 0.841387 0.540433
vn -0.016237 0.841387 0.540189
vn -0.032453 0.841387 0.539458
vn -0.048625 0.841387 0.538241
vn -0.064731 0.841387 0.536542
vn -0.080750 0.841387 0.534366
vn -0.096661 0.841387 0.531718
vn -0.112444 0.841387 0.528606
vn -0.128078 0.841387 0.525037
vn -0.143545 0.841387 0.521021
vn -0.158825 0.841387 0.516568
vn -0.173902 0.841387 0.511689
vn 0.065803 0.835571 0.545427
vn 0.049430 0.835571 0.547154
vn 0.032990 0.835571 0.548391
vn 0.016506 0.835571 0.549134
vn -0.000000 0.835571 0.549382
vn -0.016506 0.835571 0.549134
vn -0.032990 0.835571 0.548391
vn -0.049430 0.835571 0.547154
vn -0.065803 0.835571 0.545427
vn -0.082087 0.835571 0.543215
vn -0.098262 0.835571 0.540523
vn -0.114306 0.835571 0.537359
vn -0.130199 0.835571 0.533731
vn -0.145922 0.835571 0.529649
vn -0.161455 0.835571 0.525122
vn -0.176781 0.835571 0.520163
vn -0.191882 0.835571 0.514784
vn 0.066865 0.829672 0.554233
vn 0.050228 0.829672 0.555987
vn 0.033523 0.829672 0.557244
vn 0.016773 0.829672 0.557999
vn -0.000000 0.829672 0.558251
vn -0.016773 0.829672 0.557999
vn -0.033523 0.829672 0.557244
vn -0.050228 0.829672 0.555987
vn -0.066865 0.829672 0.554233
vn -0.083412 0.829672 0.551985
vn -0.099848 0.829672 0.549249
vn -0.116151 0.829672 0.546034
vn -0.132301 0.829672 0.542348
vn -0.148278 0.829672 0.538199
vn -0.164062 0.829672 0.533599
vn -0.179635 0.829672 0.528560
vn -0.194980 0.829672 0.523094
vn -0.210080 0.829672 0.517215
vn 0.067917 0.823691 0.562957
vn 0.051018 0.823691 0.564739
vn 0.034051 0.823691 0.566016
vn 0.017037 0.823691 0.566783
vn -0.000000 0.823691 0.567039
vn -0.017037 0.823691 0.566783
vn -0.034051 0.823691 0.566016
vn -0.051018 0.823691 0.564739
vn -0.067917 0.823691 0.562957
vn -0.084725 0.823691 0.560674
vn -0.101420 0.823691 0.557895
vn -0.117980 0.823691 0.554630
vn -0.134384 0.823691 0.550885
vn -0.150612 0.823691 0.546671
vn -0.166644 0.823691 0.541999
vn -0.182463 0.823691 0.536880
vn -0.198049 0.823691 0.531328
vn -0.213387 0.823691 0.525356
vn -0.228460 0.823691 0.518979
vn -0.000000 0.941294 0.337589
vn -0.010754 0.933749 0.357768
vn -0.022704 0.925773 0.377399
vn -0.035812 0.917374 0.396413
vn -0.050037 0.908560 0.414747
vn -0.065332 0.899341 0.432339
vn -0.081648 0.889726 0.449134
vn -0.096979 0.884729 0.455905
vn -0.112725 0.879635 0.462099
vn -0.128854 0.874445 0.467698
vn -0.145334 0.869162 0.472689
vn -0.162133 0.863786 0.477060
vn -0.179216 0.858319 0.480801
vn -0.196550 0.852763 0.483905
vn -0.214103 0.847118 0.486365
vn -0.040435 0.941294 0.335159
vn -0.053481 0.933749 0.353912
vn -0.067623 0.925773 0.371984
vn -0.082815 0.917374 0.389317
vn -0.099004 0.908560 0.405853
vn -0.116138 0.899341 0.421542
vn -0.134157 0.889726 0.436336
vn -0.149984 0.884729 0.441316
vn -0.166130 0.879635 0.445694
vn -0.182561 0.874445 0.449463
vn -0.199245 0.869162 0.452613
vn -0.089667 0.941294 0.325463
vn -0.105190 0.933749 0.342124
vn -0.121660 0.925773 0.357972
vn -0.139019 0.917374 0.372960
vn -0.157208 0.908560 0.387045
vn -0.176167 0.899341 0.400189
vn 0.454559 0.000000 0.890716
vn 0.454559 0.000000 0.890716
vn 0.420619 0.000000 0.907237
vn 0.420619 0.000000 0.907237
vn 0.386079 0.000000 0.922466
vn 0.386079 0.000000 0.922466
vn 0.350989 0.000000 0.936380
vn 0.350989 0.000000 0.936380
vn 0.315399 0.000000 0.948959
vn 0.315399 0.000000 0.948959
vn 0.279359 0.000000 0.960187
vn 0.279359 0.000000 0.960187
vn 0.242921 0.000000 0.970046
vn 0.242921 0.000000 0.970046
vn 0.206138 0.000000 0.978523
vn 0.206138 0.000000 0.978523
vn 0.169060 0.000000 0.985606
vn 0.169060 0.000000 0.985606
vn 0.131742 0.000000 0.991284
vn 0.131742 0.000000 0.991284
vn 0.094235 0.000000 0.995550
vn 0.094235 0.000000 0.995550
vn 0.056595 0.000000 0.998397
vn 0.056595 0.000000 0.998397
vn 0.018874 0.000000 0.999822
vn 0.018874 0.000000 0.999822
vn -0.018874 0.000000 0.999822
vn -0.018874 0.000000 0.999822
vn -0.056595 0.000000 0.998397
vn -0.056595 0.000000 0.998397
vn -0.094235 0.000000 0.995550
vn -0.094235 0.000000 0.995550
vn -0.131742 0.000000 0.991284
vn -0.131742 0.000000 0.991284
vn -0.169060 0.000000 0.985606
vn -0.169060 0.000000 0.985606
vn -0.206138 0.000000 0.978523
vn -0.206138 0.000000 0.978523
vn -0.242921 0.000000 0.970046
vn -0.242921 0.000000 0.970046
vn -0.279359 0.000000 0.960187
vn -0.279359 0.000000 0.960187
vn -0.315399 0.000000 0.948959
vn -0.315399 0.000000 0.948959
vn -0.350989 0.000000 0.936380
vn -0.350989 0.000000 0.936380
vn -0.386079 0.000000 0.922466
vn -0.386079 0.000000 0.922466
vn -0.420619 0.000000 0.907237
vn -0.420619 0.000000 0.907237
vn -0.454559 0.000000 0.890716
vn -0.454559 0.000000 0.890716
vn 0.106380 -0.954391 -0.278963
vn 0.120194 -0.947622 -0.295916
vn 0.120748 -0.954391 -0.273052
vn 0.128684 -0.947622 -0.292324
vn 0.131409 -0.947515 -0.291456
vn 0.137014 -0.940401 -0.311246
vn 0.141956 -0.940191 -0.309659
vn 0.145271 -0.932734 -0.330004
vn 0.152384 -0.932428 -0.327654
vn 0.153450 -0.924631 -0.348585
vn 0.162691 -0.924233 -0.345434
vn 0.161545 -0.916097 -0.366973
vn 0.172005 -0.916097 -0.362188
vn 0.169549 -0.907143 -0.385155
vn 0.180528 -0.907143 -0.380133
vn 0.177456 -0.897778 -0.403118
vn 0.188947 -0.897778 -0.397862
vn 0.185262 -0.888011 -0.420850
vn 0.197258 -0.888011 -0.415362
vn 0.189160 -0.882934 -0.429705
vn 0.201409 -0.882934 -0.424102
vn 0.193030 -0.877759 -0.438496
vn 0.205529 -0.877759 -0.432778
vn 0.196872 -0.872487 -0.447222
vn 0.209620 -0.872487 -0.441391
vn 0.200684 -0.867120 -0.455882
vn 0.213679 -0.867120 -0.449938
vn 0.204466 -0.861659 -0.464475
vn 0.217706 -0.861659 -0.458418
vn 0.208218 -0.856106 -0.472998
vn 0.221701 -0.856106 -0.466830
vn 0.211939 -0.850463 -0.481450
vn 0.225663 -0.850463 -0.475173
vn 0.215629 -0.844730 -0.489831
vn 0.229591 -0.844730 -0.483444
vn 0.219286 -0.838910 -0.498140
vn 0.233485 -0.838910 -0.491644
vn 0.222911 -0.833005 -0.506374
vn 0.237345 -0.833005 -0.499771
vn 0.226502 -0.827014 -0.514533
vn 0.241169 -0.827014 -0.507823
vn 0.230060 -0.820942 -0.522615
vn 0.244957 -0.820942 -0.515801
vn 0.233584 -0.814788 -0.530621
vn 0.248709 -0.814788 -0.523702
vn 0.237074 -0.808556 -0.538548
vn 0.252425 -0.808556 -0.531525
vn 0.240529 -0.802245 -0.546396
vn 0.256103 -0.802245 -0.539271
vn 0.254677 -0.795860 -0.549315
vn 0.275227 -0.795860 -0.539312
vn 0.091723 -0.954391 -0.284120
vn 0.102775 -0.947622 -0.302407
vn 0.111555 -0.947622 -0.299280
vn 0.118776 -0.940401 -0.318652
vn 0.127974 -0.940401 -0.315071
vn 0.125934 -0.932734 -0.337857
vn 0.135687 -0.932734 -0.334059
vn 0.133024 -0.924631 -0.356879
vn 0.143326 -0.924631 -0.352868
vn 0.140042 -0.916097 -0.375705
vn 0.150887 -0.916097 -0.371482
vn 0.146980 -0.907143 -0.394320
vn 0.158363 -0.907143 -0.389888
vn 0.153835 -0.897778 -0.412710
vn 0.165749 -0.897778 -0.408072
vn 0.160602 -0.888011 -0.430864
vn 0.173039 -0.888011 -0.426021
vn 0.163981 -0.882934 -0.439929
vn 0.176680 -0.882934 -0.434985
vn 0.167336 -0.877759 -0.448930
vn 0.180295 -0.877759 -0.443884
vn 0.170666 -0.872487 -0.457864
vn 0.183883 -0.872487 -0.452718
vn 0.173971 -0.867120 -0.466730
vn 0.187444 -0.867120 -0.461484
vn 0.177250 -0.861659 -0.475527
vn 0.190976 -0.861659 -0.470182
vn 0.180502 -0.856106 -0.484253
vn 0.194481 -0.856106 -0.478810
vn 0.183728 -0.850463 -0.492907
vn 0.197956 -0.850463 -0.487366
vn 0.186926 -0.844730 -0.501487
vn 0.201402 -0.844730 -0.495850
vn 0.190097 -0.838910 -0.509993
vn 0.204818 -0.838910 -0.504261
vn 0.193239 -0.833005 -0.518423
vn 0.208204 -0.833005 -0.512596
vn 0.196352 -0.827014 -0.526776
vn 0.211559 -0.827014 -0.520855
vn 0.199437 -0.820942 -0.535051
vn 0.214882 -0.820942 -0.529037
vn 0.202492 -0.814788 -0.543247
vn 0.218173 -0.814788 -0.537141
vn 0.205517 -0.808556 -0.551362
vn 0.221433 -0.808556 -0.545165
vn 0.208512 -0.802245 -0.559397
vn 0.224660 -0.802245 -0.553110
vn 0.212517 -0.795860 -0.566960
vn 0.233764 -0.795860 -0.558536
vn 0.093865 -0.947622 -0.305291
vn 0.076819 -0.954391 -0.288507
vn 0.084835 -0.947622 -0.307922
vn 0.075694 -0.947622 -0.310296
vn 0.080594 -0.940401 -0.330381
vn 0.070756 -0.940401 -0.332627
vn 0.075020 -0.932734 -0.352674
vn 0.064490 -0.932734 -0.354750
vn 0.068121 -0.924631 -0.374724
vn 0.056908 -0.924631 -0.376590
vn 0.059910 -0.916097 -0.396455
vn 0.048025 -0.916097 -0.398069
vn 0.050404 -0.907143 -0.417792
vn 0.037863 -0.907143 -0.419115
vn 0.039629 -0.897778 -0.438662
vn 0.026449 -0.897778 -0.439654
vn 0.027612 -0.888011 -0.458992
vn 0.013815 -0.888011 -0.459615
vn 0.014106 -0.882934 -0.469285
vn 0.000000 -0.882934 -0.469497
vn 0.000000 -0.877759 -0.479103
vn -0.014395 -0.877759 -0.478886
vn -0.014681 -0.872487 -0.488417
vn -0.029343 -0.872487 -0.487755
vn -0.029911 -0.867120 -0.497200
vn -0.044816 -0.867120 -0.496079
vn -0.045660 -0.861659 -0.505429
vn -0.060785 -0.861659 -0.503834
vn -0.061900 -0.856106 -0.513079
vn -0.077219 -0.856106 -0.510998
vn -0.078599 -0.850463 -0.520130
vn -0.094086 -0.850463 -0.517552
vn -0.095724 -0.844730 -0.526562
vn -0.111353 -0.844730 -0.523480
vn -0.113242 -0.838910 -0.532359
vn -0.128988 -0.838910 -0.528764
vn -0.131120 -0.833005 -0.537505
vn -0.146954 -0.833005 -0.533393
vn -0.149321 -0.827014 -0.541987
vn -0.165217 -0.827014 -0.537355
vn -0.167812 -0.820942 -0.545796
vn -0.183741 -0.820942 -0.540642
vn -0.186556 -0.814788 -0.548923
vn -0.202492 -0.814788 -0.543247
vn -0.205517 -0.808556 -0.551362
vn -0.221433 -0.808556 -0.545165
vn -0.224660 -0.802245 -0.553110
vn -0.240529 -0.802245 -0.546396
vn -0.233764 -0.795860 -0.558536
vn -0.254677 -0.795860 -0.549315
vn -0.256103 -0.802245 -0.539271
vn -0.275227 -0.795860 -0.539312
vn -0.266721 -0.808441 -0.524675
vn -0.252425 -0.808556 -0.531525
vn -0.248709 -0.814788 -0.523702
vn -0.233584 -0.814788 -0.530621
vn -0.230060 -0.820942 -0.522615
vn -0.214882 -0.820942 -0.529037
vn -0.211559 -0.827014 -0.520855
vn -0.196352 -0.827014 -0.526776
vn -0.193239 -0.833005 -0.518423
vn -0.178031 -0.833005 -0.523840
vn -0.175136 -0.838910 -0.515322
vn -0.159953 -0.838910 -0.520235
vn -0.157285 -0.844730 -0.511558
vn -0.142153 -0.844730 -0.515968
vn -0.139721 -0.850463 -0.507140
vn -0.124666 -0.850463 -0.511049
vn -0.122477 -0.856106 -0.502077
vn -0.107527 -0.856106 -0.505490
vn -0.105589 -0.861659 -0.496381
vn -0.090768 -0.861659 -0.499304
vn -0.089089 -0.867120 -0.490067
vn -0.074424 -0.867120 -0.492508
vn -0.073011 -0.872487 -0.483152
vn -0.058527 -0.872487 -0.485120
vn -0.057385 -0.877759 -0.475654
vn -0.043106 -0.877759 -0.477160
vn -0.042242 -0.882934 -0.467593
vn -0.028193 -0.882934 -0.468650
vn -0.027612 -0.888011 -0.458992
vn -0.013815 -0.888011 -0.459615
vn -0.013233 -0.897778 -0.440250
vn 0.000000 -0.897778 -0.440449
vn 0.000000 -0.907143 -0.420822
vn 0.012644 -0.907143 -0.420632
vn 0.012047 -0.916097 -0.400775
vn 0.024077 -0.916097 -0.400232
vn 0.022871 -0.924631 -0.380178
vn 0.034268 -0.924631 -0.379320
vn 0.032441 -0.932734 -0.359102
vn 0.043187 -0.932734 -0.357969
vn 0.040732 -0.940401 -0.337621
vn 0.050812 -0.940401 -0.336251
vn 0.047723 -0.947622 -0.315809
vn 0.057127 -0.947622 -0.314245
vn 0.046426 -0.954391 -0.294927
vn 0.061706 -0.954391 -0.292112
vn 0.066454 -0.947622 -0.312405
vn 0.038256 -0.947622 -0.317096
vn 0.031021 -0.954391 -0.296943
vn 0.028737 -0.947622 -0.318099
vn 0.015532 -0.954391 -0.298154
vn 0.019180 -0.947622 -0.318818
vn 0.009596 -0.947622 -0.319251
vn 0.010217 -0.940401 -0.339915
vn 0.000000 -0.940401 -0.340069
vn 0.000000 -0.932734 -0.360564
vn -0.010833 -0.932734 -0.360401
vn -0.011443 -0.924631 -0.380693
vn -0.022871 -0.924631 -0.380178
vn -0.024077 -0.916097 -0.400232
vn -0.036075 -0.916097 -0.399330
vn -0.037863 -0.907143 -0.419115
vn -0.050404 -0.907143 -0.417792
vn -0.052755 -0.897778 -0.437278
vn -0.065810 -0.897778 -0.435504
vn -0.068705 -0.888011 -0.454660
vn -0.082243 -0.888011 -0.452407
vn -0.083974 -0.882934 -0.461926
vn -0.097685 -0.882934 -0.459222
vn -0.099683 -0.877759 -0.468618
vn -0.113544 -0.877759 -0.465454
vn -0.115803 -0.872487 -0.474717
vn -0.129787 -0.872487 -0.471086
vn -0.132301 -0.867120 -0.480208
vn -0.146384 -0.867120 -0.476103
vn -0.149143 -0.861659 -0.485077
vn -0.163300 -0.861659 -0.480496
vn -0.166297 -0.856106 -0.489313
vn -0.180502 -0.856106 -0.484253
vn -0.183728 -0.850463 -0.492907
vn -0.197956 -0.850463 -0.487366
vn -0.201402 -0.844730 -0.495850
vn -0.215629 -0.844730 -0.489831
vn -0.219286 -0.838910 -0.498140
vn -0.233485 -0.838910 -0.491644
vn -0.237345 -0.833005 -0.499771
vn -0.249210 -0.832665 -0.494534
vn -0.241169 -0.827014 -0.507823
vn -0.258048 -0.820712 -0.509747
vn -0.244957 -0.820942 -0.515801
vn 0.000000 -0.954391 -0.298558
vn 0.000000 -0.947622 -0.319395
vn -0.010217 -0.940401 -0.339915
vn -0.021652 -0.932734 -0.359914
vn -0.034268 -0.924631 -0.379320
vn -0.048025 -0.916097 -0.398069
vn -0.062878 -0.907143 -0.416098
vn -0.078778 -0.897778 -0.433346
vn -0.095672 -0.888011 -0.449759
vn -0.111267 -0.882934 -0.456122
vn -0.127255 -0.877759 -0.461893
vn -0.143603 -0.872487 -0.467059
vn -0.160279 -0.867120 -0.471607
vn -0.177250 -0.861659 -0.475527
vn -0.194481 -0.856106 -0.478810
vn -0.211939 -0.850463 -0.481450
vn -0.229591 -0.844730 -0.483444
vn -0.240209 -0.844289 -0.479036
vn -0.009596 -0.947622 -0.319251
vn -0.015532 -0.954391 -0.298154
vn -0.019180 -0.947622 -0.318818
vn -0.028737 -0.947622 -0.318099
vn -0.030597 -0.940401 -0.338690
vn -0.040732 -0.940401 -0.337621
vn -0.043187 -0.932734 -0.357969
vn -0.053874 -0.932734 -0.356517
vn -0.056908 -0.924631 -0.376590
vn -0.068121 -0.924631 -0.374724
vn -0.071714 -0.916097 -0.394490
vn -0.083424 -0.916097 -0.392181
vn -0.087557 -0.907143 -0.411612
vn -0.099731 -0.907143 -0.408833
vn -0.104383 -0.897778 -0.427901
vn -0.116988 -0.897778 -0.424628
vn -0.122134 -0.888011 -0.443306
vn -0.135135 -0.888011 -0.439517
vn -0.137978 -0.882934 -0.448765
vn -0.151076 -0.882934 -0.444526
vn -0.154167 -0.877759 -0.453621
vn -0.167336 -0.877759 -0.448930
vn -0.170666 -0.872487 -0.457864
vn -0.183883 -0.872487 -0.452718
vn -0.187444 -0.867120 -0.461484
vn -0.200684 -0.867120 -0.455882
vn -0.204466 -0.861659 -0.464475
vn -0.217706 -0.861659 -0.458418
vn -0.221701 -0.856106 -0.466830
vn -0.231047 -0.855576 -0.463257
vn -0.225663 -0.850463 -0.475173
vn -0.031021 -0.954391 -0.296943
vn -0.038256 -0.947622 -0.317096
vn -0.050812 -0.940401 -0.336251
vn -0.064490 -0.932734 -0.354750
vn -0.079244 -0.924631 -0.372530
vn -0.095023 -0.916097 -0.389533
vn -0.111775 -0.907143 -0.405706
vn -0.129441 -0.897778 -0.420999
vn -0.147962 -0.888011 -0.435366
vn -0.163981 -0.882934 -0.439929
vn -0.180295 -0.877759 -0.443884
vn -0.196872 -0.872487 -0.447222
vn -0.213679 -0.867120 -0.449938
vn -0.221726 -0.866515 -0.447201
vn -0.046426 -0.954391 -0.294927
vn -0.047723 -0.947622 -0.315809
vn -0.060824 -0.940401 -0.334585
vn -0.075020 -0.932734 -0.352674
vn -0.090262 -0.924631 -0.370015
vn -0.106498 -0.916097 -0.386554
vn -0.123673 -0.907143 -0.402239
vn -0.141728 -0.897778 -0.417023
vn -0.160602 -0.888011 -0.430864
vn -0.176680 -0.882934 -0.434985
vn -0.193030 -0.877759 -0.438496
vn -0.209620 -0.872487 -0.441391
vn -0.057127 -0.947622 -0.314245
vn -0.061706 -0.954391 -0.292112
vn -0.066454 -0.947622 -0.312405
vn -0.075694 -0.947622 -0.310296
vn -0.080594 -0.940401 -0.330381
vn -0.090326 -0.940401 -0.327854
vn -0.095770 -0.932734 -0.347613
vn -0.105965 -0.932734 -0.344642
vn -0.111931 -0.924631 -0.364046
vn -0.122555 -0.924631 -0.360608
vn -0.129020 -0.916097 -0.379631
vn -0.140042 -0.916097 -0.375705
vn -0.146980 -0.907143 -0.394320
vn -0.158363 -0.907143 -0.389888
vn -0.165749 -0.897778 -0.408072
vn -0.177456 -0.897778 -0.403118
vn -0.185262 -0.888011 -0.420850
vn -0.197258 -0.888011 -0.415362
vn -0.201409 -0.882934 -0.424102
vn -0.202616 -0.887313 -0.414273
vn -0.212248 -0.877098 -0.430872
vn -0.076819 -0.954391 -0.288507
vn -0.084835 -0.947622 -0.307922
vn -0.099941 -0.940401 -0.325052
vn -0.116023 -0.932734 -0.341387
vn -0.133024 -0.924631 -0.356879
vn -0.150887 -0.916097 -0.371482
vn -0.169549 -0.907143 -0.385155
vn -0.188947 -0.897778 -0.397862
vn -0.192837 -0.897147 -0.397418
vn -0.093865 -0.947622 -0.305291
vn -0.091723 -0.954391 -0.284120
vn -0.102775 -0.947622 -0.302407
vn -0.106380 -0.954391 -0.278963
vn -0.111555 -0.947622 -0.299280
vn -0.120194 -0.947622 -0.295916
vn -0.127974 -0.940401 -0.315071
vn -0.137014 -0.940401 -0.311246
vn -0.145271 -0.932734 -0.330004
vn -0.141956 -0.940191 -0.309659
vn -0.152384 -0.932428 -0.327654
vn -0.120748 -0.954391 -0.273052
vn -0.128684 -0.947622 -0.292324
vn -0.131409 -0.947515 -0.291456
vn -0.153450 -0.924631 -0.348585
vn -0.162691 -0.924233 -0.345434
vn -0.161545 -0.916097 -0.366973
vn -0.172005 -0.916097 -0.362188
vn -0.172871 -0.915616 -0.362993
vn -0.182921 -0.906584 -0.380322
vn -0.180528 -0.907143 -0.380133
vn -0.143326 -0.924631 -0.352868
vn -0.125934 -0.932734 -0.337857
vn -0.109428 -0.940401 -0.321982
vn -0.205529 -0.877759 -0.432778
vn -0.189160 -0.882934 -0.429705
vn -0.173039 -0.888011 -0.426021
vn -0.153835 -0.897778 -0.412710
vn -0.135413 -0.907143 -0.398440
vn -0.117835 -0.916097 -0.383250
vn -0.101162 -0.924631 -0.367185
vn -0.085451 -0.932734 -0.350292
vn -0.070756 -0.940401 -0.332627
vn -0.212517 -0.795860 -0.566960
vn -0.208512 -0.802245 -0.559397
vn -0.189343 -0.808556 -0.557124
vn -0.170383 -0.814788 -0.554157
vn -0.151667 -0.820942 -0.550501
vn -0.133232 -0.827014 -0.546165
vn -0.115114 -0.833005 -0.541158
vn -0.097347 -0.838910 -0.535493
vn -0.079967 -0.844730 -0.529184
vn -0.063006 -0.850463 -0.522248
vn -0.046498 -0.856106 -0.514703
vn -0.030475 -0.861659 -0.506571
vn -0.014966 -0.867120 -0.497874
vn 0.000000 -0.872487 -0.488637
vn 0.014395 -0.877759 -0.478886
vn 0.028193 -0.882934 -0.468650
vn 0.041372 -0.888011 -0.457957
vn 0.052755 -0.897778 -0.437278
vn 0.062878 -0.907143 -0.416098
vn 0.071714 -0.916097 -0.394490
vn 0.079244 -0.924631 -0.372530
vn 0.085451 -0.932734 -0.350292
vn 0.090326 -0.940401 -0.327854
vn -0.192102 -0.802245 -0.565242
vn -0.190968 -0.795860 -0.574577
vn -0.175448 -0.802245 -0.570631
vn -0.169147 -0.795860 -0.581375
vn -0.158568 -0.802245 -0.575550
vn -0.147084 -0.795860 -0.587345
vn -0.141483 -0.802245 -0.579987
vn -0.124812 -0.795860 -0.592477
vn -0.124212 -0.802245 -0.583929
vn -0.106778 -0.802245 -0.587368
vn -0.105244 -0.808556 -0.578931
vn -0.087920 -0.808556 -0.581814
vn -0.086626 -0.814788 -0.573250
vn -0.069441 -0.814788 -0.575585
vn -0.068393 -0.820942 -0.566901
vn -0.051376 -0.820942 -0.568696
vn -0.050581 -0.827014 -0.559901
vn -0.033759 -0.827014 -0.561166
vn -0.033224 -0.833005 -0.552268
vn -0.016623 -0.833005 -0.553016
vn -0.016353 -0.838910 -0.544024
vn 0.000000 -0.838910 -0.544270
vn 0.000000 -0.844730 -0.535192
vn 0.016080 -0.844730 -0.534950
vn 0.015805 -0.850463 -0.525797
vn 0.031588 -0.850463 -0.525086
vn 0.031034 -0.856106 -0.515867
vn 0.046498 -0.856106 -0.514703
vn 0.045660 -0.861659 -0.505429
vn 0.060785 -0.861659 -0.503834
vn 0.059660 -0.867120 -0.494513
vn 0.074424 -0.867120 -0.492508
vn 0.073011 -0.872487 -0.483152
vn 0.087397 -0.872487 -0.480758
vn 0.085692 -0.877759 -0.471377
vn 0.099683 -0.877759 -0.468618
vn 0.097685 -0.882934 -0.459222
vn 0.111267 -0.882934 -0.456122
vn 0.108974 -0.888011 -0.446723
vn 0.122134 -0.888011 -0.443306
vn 0.116988 -0.897778 -0.424628
vn 0.129441 -0.897778 -0.420999
vn 0.123673 -0.907143 -0.402239
vn 0.135413 -0.907143 -0.398440
vn 0.129020 -0.916097 -0.379631
vn -0.102363 -0.795860 -0.596766
vn -0.089201 -0.802245 -0.590293
vn -0.070478 -0.808556 -0.584184
vn -0.052163 -0.814788 -0.577407
vn -0.034289 -0.820942 -0.569981
vn -0.016891 -0.827014 -0.561927
vn 0.000000 -0.833005 -0.553266
vn 0.016353 -0.838910 -0.544024
vn 0.032138 -0.844730 -0.534226
vn 0.047329 -0.850463 -0.523901
vn 0.061900 -0.856106 -0.513079
vn 0.075827 -0.861659 -0.501790
vn 0.089089 -0.867120 -0.490067
vn 0.101667 -0.872487 -0.477944
vn 0.113544 -0.877759 -0.465454
vn 0.124704 -0.882934 -0.452633
vn 0.135135 -0.888011 -0.439517
vn 0.141728 -0.897778 -0.417023
vn -0.079767 -0.795860 -0.600204
vn -0.071505 -0.802245 -0.592697
vn -0.052942 -0.808556 -0.586033
vn -0.034814 -0.814788 -0.578712
vn -0.017156 -0.820942 -0.570754
vn 0.000000 -0.827014 -0.562181
vn 0.016623 -0.833005 -0.553016
vn 0.032683 -0.838910 -0.543287
vn 0.048153 -0.844730 -0.533021
vn 0.063006 -0.850463 -0.522248
vn 0.077219 -0.856106 -0.510998
vn 0.090768 -0.861659 -0.499304
vn 0.103636 -0.867120 -0.487199
vn 0.115803 -0.872487 -0.474717
vn 0.127255 -0.877759 -0.461893
vn 0.137978 -0.882934 -0.448765
vn 0.147962 -0.888011 -0.435366
vn -0.057058 -0.795860 -0.602787
vn -0.053714 -0.802245 -0.594573
vn -0.035335 -0.808556 -0.587358
vn -0.017419 -0.814788 -0.579497
vn 0.000000 -0.820942 -0.571012
vn 0.016891 -0.827014 -0.561927
vn 0.033224 -0.833005 -0.552268
vn 0.048970 -0.838910 -0.542062
vn 0.064103 -0.844730 -0.531339
vn 0.078599 -0.850463 -0.520130
vn 0.092434 -0.856106 -0.508466
vn 0.105589 -0.861659 -0.496381
vn 0.118046 -0.867120 -0.483909
vn 0.129787 -0.872487 -0.471086
vn 0.140801 -0.877759 -0.457946
vn 0.151076 -0.882934 -0.444526
vn -0.034267 -0.795860 -0.604511
vn -0.035849 -0.802245 -0.595917
vn -0.017679 -0.808556 -0.588154
vn 0.000000 -0.814788 -0.579759
vn 0.017156 -0.820942 -0.570754
vn 0.033759 -0.827014 -0.561166
vn 0.049779 -0.833005 -0.551022
vn 0.065190 -0.838910 -0.540351
vn 0.079967 -0.844730 -0.529184
vn 0.094086 -0.850463 -0.517552
vn 0.107527 -0.856106 -0.505490
vn 0.120270 -0.861659 -0.493030
vn 0.132301 -0.867120 -0.480208
vn 0.143603 -0.872487 -0.467059
vn 0.154167 -0.877759 -0.453621
vn -0.017937 -0.802245 -0.596725
vn -0.011428 -0.795860 -0.605373
vn 0.000000 -0.802245 -0.596994
vn 0.011428 -0.795860 -0.605373
vn 0.017937 -0.802245 -0.596725
vn 0.034267 -0.795860 -0.604511
vn 0.035849 -0.802245 -0.595917
vn 0.053714 -0.802245 -0.594573
vn 0.052942 -0.808556 -0.586033
vn 0.070478 -0.808556 -0.584184
vn 0.069441 -0.814788 -0.575585
vn 0.086626 -0.814788 -0.573250
vn 0.085319 -0.820942 -0.564602
vn 0.102130 -0.820942 -0.561804
vn 0.100551 -0.827014 -0.553115
vn 0.116969 -0.827014 -0.549878
vn 0.115114 -0.833005 -0.541158
vn 0.131120 -0.833005 -0.537505
vn 0.128988 -0.838910 -0.528764
vn 0.144564 -0.838910 -0.524720
vn 0.142153 -0.844730 -0.515968
vn 0.157285 -0.844730 -0.511558
vn 0.154594 -0.850463 -0.502806
vn 0.169268 -0.850463 -0.498057
vn 0.166297 -0.856106 -0.489313
vn 0.057058 -0.795860 -0.602787
vn 0.071505 -0.802245 -0.592697
vn 0.087920 -0.808556 -0.581814
vn 0.103695 -0.814788 -0.570410
vn 0.118806 -0.820942 -0.558516
vn 0.133232 -0.827014 -0.546165
vn 0.146954 -0.833005 -0.533393
vn 0.159953 -0.838910 -0.520235
vn 0.172215 -0.844730 -0.506727
vn 0.079767 -0.795860 -0.600204
vn 0.089201 -0.802245 -0.590293
vn 0.105244 -0.808556 -0.578931
vn 0.120626 -0.814788 -0.567071
vn 0.135325 -0.820942 -0.554745
vn 0.149321 -0.827014 -0.541987
vn 0.162597 -0.833005 -0.528834
vn 0.175136 -0.838910 -0.515322
vn 0.102363 -0.795860 -0.596766
vn 0.106778 -0.802245 -0.587368
vn 0.122428 -0.808556 -0.575542
vn 0.137398 -0.814788 -0.563242
vn 0.151667 -0.820942 -0.550501
vn 0.165217 -0.827014 -0.537355
vn 0.178031 -0.833005 -0.523840
vn 0.124812 -0.795860 -0.592477
vn 0.124212 -0.802245 -0.583929
vn 0.139451 -0.808556 -0.571657
vn 0.153990 -0.814788 -0.558934
vn 0.167812 -0.820942 -0.545796
vn 0.180900 -0.827014 -0.532280
vn 0.141483 -0.802245 -0.579987
vn 0.147084 -0.795860 -0.587345
vn 0.158568 -0.802245 -0.575550
vn 0.169147 -0.795860 -0.581375
vn 0.175448 -0.802245 -0.570631
vn 0.190968 -0.795860 -0.574577
vn 0.192102 -0.802245 -0.565242
vn 0.266721 -0.808441 -0.524675
vn 0.258048 -0.820712 -0.509747
vn 0.249210 -0.832665 -0.494534
vn 0.240209 -0.844289 -0.479036
vn 0.231047 -0.855576 -0.463257
vn 0.221726 -0.866515 -0.447201
vn 0.212248 -0.877098 -0.430872
vn 0.202616 -0.887313 -0.414273
vn 0.192837 -0.897147 -0.397418
vn 0.182921 -0.906584 -0.380322
vn 0.172871 -0.915616 -0.362993
vn 0.109428 -0.940401 -0.321982
vn 0.099941 -0.940401 -0.325052
vn 0.116023 -0.932734 -0.341387
vn 0.105965 -0.932734 -0.344642
vn 0.095770 -0.932734 -0.347613
vn 0.122555 -0.924631 -0.360608
vn 0.111931 -0.924631 -0.364046
vn 0.101162 -0.924631 -0.367185
vn 0.090262 -0.924631 -0.370015
vn 0.157235 -0.872487 -0.462649
vn 0.160279 -0.867120 -0.471607
vn 0.163300 -0.861659 -0.480496
vn 0.183741 -0.820942 -0.540642
vn 0.186556 -0.814788 -0.548923
vn 0.189343 -0.808556 -0.557124
vn 0.117835 -0.916097 -0.383250
vn 0.111775 -0.907143 -0.405706
vn 0.104383 -0.897778 -0.427901
vn 0.095672 -0.888011 -0.449759
vn 0.083974 -0.882934 -0.461926
vn 0.071586 -0.877759 -0.473724
vn 0.058527 -0.872487 -0.485120
vn 0.044816 -0.867120 -0.496079
vn 0.030475 -0.861659 -0.506571
vn 0.015527 -0.856106 -0.516566
vn 0.000000 -0.850463 -0.526035
vn -0.016080 -0.844730 -0.534950
vn -0.032683 -0.838910 -0.543287
vn -0.049779 -0.833005 -0.551022
vn -0.067336 -0.827014 -0.558134
vn -0.085319 -0.820942 -0.564602
vn -0.103695 -0.814788 -0.570410
vn -0.122428 -0.808556 -0.575542
vn 0.106498 -0.916097 -0.386554
vn 0.095023 -0.916097 -0.389533
vn 0.083424 -0.916097 -0.392181
vn 0.146384 -0.867120 -0.476103
vn 0.149143 -0.861659 -0.485077
vn 0.134794 -0.861659 -0.489258
vn 0.151880 -0.856106 -0.493978
vn 0.137268 -0.856106 -0.498236
vn 0.122477 -0.856106 -0.502077
vn 0.139721 -0.850463 -0.507140
vn 0.126836 -0.844730 -0.519945
vn 0.113242 -0.838910 -0.532359
vn 0.098956 -0.833005 -0.544345
vn 0.083999 -0.827014 -0.555870
vn 0.068393 -0.820942 -0.566901
vn 0.052163 -0.814788 -0.577407
vn 0.035335 -0.808556 -0.587358
vn 0.170383 -0.814788 -0.554157
vn 0.172928 -0.808556 -0.562435
vn 0.156291 -0.808556 -0.567284
vn 0.099731 -0.907143 -0.408833
vn 0.091641 -0.897778 -0.430810
vn 0.082243 -0.888011 -0.452407
vn 0.070151 -0.882934 -0.464227
vn 0.057385 -0.877759 -0.475654
vn 0.043964 -0.872487 -0.486655
vn 0.029911 -0.867120 -0.497200
vn 0.015248 -0.861659 -0.507258
vn 0.000000 -0.856106 -0.516799
vn -0.015805 -0.850463 -0.525797
vn -0.032138 -0.844730 -0.534226
vn -0.048970 -0.838910 -0.542062
vn -0.066268 -0.833005 -0.549283
vn -0.083999 -0.827014 -0.555870
vn -0.102130 -0.820942 -0.561804
vn -0.120626 -0.814788 -0.567071
vn -0.139451 -0.808556 -0.571657
vn 0.087557 -0.907143 -0.411612
vn 0.075268 -0.907143 -0.414036
vn 0.124666 -0.850463 -0.511049
vn 0.109448 -0.850463 -0.514523
vn 0.111353 -0.844730 -0.523480
vn 0.097347 -0.838910 -0.535493
vn 0.082667 -0.833005 -0.547055
vn 0.067336 -0.827014 -0.558134
vn 0.051376 -0.820942 -0.568696
vn 0.034814 -0.814788 -0.578712
vn 0.017679 -0.808556 -0.588154
vn 0.060824 -0.940401 -0.334585
vn 0.053874 -0.932734 -0.356517
vn 0.045618 -0.924631 -0.378123
vn 0.036075 -0.916097 -0.399330
vn 0.025270 -0.907143 -0.420062
vn 0.013233 -0.897778 -0.440250
vn 0.000000 -0.888011 -0.459822
vn -0.014106 -0.882934 -0.469285
vn -0.028770 -0.877759 -0.478238
vn -0.043964 -0.872487 -0.486655
vn -0.059660 -0.867120 -0.494513
vn -0.075827 -0.861659 -0.501790
vn -0.092434 -0.856106 -0.508466
vn -0.109448 -0.850463 -0.514523
vn -0.126836 -0.844730 -0.519945
vn -0.144564 -0.838910 -0.524720
vn -0.162597 -0.833005 -0.528834
vn -0.180900 -0.827014 -0.532280
vn -0.199437 -0.820942 -0.535051
vn -0.218173 -0.814788 -0.537141
vn -0.237074 -0.808556 -0.538548
vn 0.078778 -0.897778 -0.433346
vn 0.068705 -0.888011 -0.454660
vn 0.056234 -0.882934 -0.466117
vn 0.043106 -0.877759 -0.477160
vn 0.029343 -0.872487 -0.487755
vn 0.014966 -0.867120 -0.497874
vn 0.000000 -0.861659 -0.507487
vn -0.015527 -0.856106 -0.516566
vn -0.031588 -0.850463 -0.525086
vn -0.048153 -0.844730 -0.533021
vn -0.065190 -0.838910 -0.540351
vn -0.082667 -0.833005 -0.547055
vn -0.100551 -0.827014 -0.553115
vn -0.118806 -0.820942 -0.558516
vn -0.137398 -0.814788 -0.563242
vn -0.156291 -0.808556 -0.567284
vn 0.065810 -0.897778 -0.435504
vn 0.095724 -0.844730 -0.526562
vn 0.081323 -0.838910 -0.538160
vn 0.066268 -0.833005 -0.549283
vn 0.050581 -0.827014 -0.559901
vn 0.034289 -0.820942 -0.569981
vn 0.017419 -0.814788 -0.579497
vn 0.000000 -0.808556 -0.588420
vn 0.055075 -0.888011 -0.456512
vn 0.042242 -0.882934 -0.467593
vn 0.028770 -0.877759 -0.478238
vn 0.014681 -0.872487 -0.488417
vn 0.000000 -0.867120 -0.498099
vn -0.015248 -0.861659 -0.507258
vn -0.031034 -0.856106 -0.515867
vn -0.047329 -0.850463 -0.523901
vn -0.064103 -0.844730 -0.531339
vn -0.081323 -0.838910 -0.538160
vn -0.098956 -0.833005 -0.544345
vn -0.116969 -0.827014 -0.549878
vn -0.135325 -0.820942 -0.554745
vn -0.153990 -0.814788 -0.558934
vn -0.172928 -0.808556 -0.562435
vn 0.030597 -0.940401 -0.338690
vn 0.021652 -0.932734 -0.359914
vn 0.011443 -0.924631 -0.380693
vn 0.000000 -0.916097 -0.400956
vn -0.012644 -0.907143 -0.420632
vn -0.026449 -0.897778 -0.439654
vn -0.041372 -0.888011 -0.457957
vn -0.056234 -0.882934 -0.466117
vn -0.071586 -0.877759 -0.473724
vn -0.087397 -0.872487 -0.480758
vn -0.103636 -0.867120 -0.487199
vn -0.120270 -0.861659 -0.493030
vn -0.137268 -0.856106 -0.498236
vn -0.154594 -0.850463 -0.502806
vn -0.172215 -0.844730 -0.506727
vn -0.190097 -0.838910 -0.509993
vn -0.208204 -0.833005 -0.512596
vn -0.226502 -0.827014 -0.514533
vn 0.020421 -0.940401 -0.339455
vn 0.010833 -0.932734 -0.360401
vn 0.000000 -0.924631 -0.380865
vn -0.012047 -0.916097 -0.400775
vn -0.025270 -0.907143 -0.420062
vn -0.039629 -0.897778 -0.438662
vn -0.055075 -0.888011 -0.456512
vn -0.070151 -0.882934 -0.464227
vn -0.085692 -0.877759 -0.471377
vn -0.101667 -0.872487 -0.477944
vn -0.118046 -0.867120 -0.483909
vn -0.134794 -0.861659 -0.489258
vn -0.151880 -0.856106 -0.493978
vn -0.169268 -0.850463 -0.498057
vn -0.186926 -0.844730 -0.501487
vn -0.204818 -0.838910 -0.504261
vn -0.222911 -0.833005 -0.506374
vn -0.020421 -0.940401 -0.339455
vn -0.032441 -0.932734 -0.359102
vn -0.045618 -0.924631 -0.378123
vn -0.059910 -0.916097 -0.396455
vn -0.075268 -0.907143 -0.414036
vn -0.091641 -0.897778 -0.430810
vn -0.108974 -0.888011 -0.446723
vn -0.124704 -0.882934 -0.452633
vn -0.140801 -0.877759 -0.457946
vn -0.157235 -0.872487 -0.462649
vn -0.173971 -0.867120 -0.466730
vn -0.190976 -0.861659 -0.470182
vn -0.208218 -0.856106 -0.472998
vn -0.118776 -0.940401 -0.318652
vn -0.135687 -0.932734 -0.334059
vn -0.404436 -0.000000 -0.914566
vn -0.404436 -0.000000 -0.914566
vn -0.356311 -0.000000 -0.934367
vn -0.356311 -0.000000 -0.934367
vn -0.307221 -0.000000 -0.951638
vn -0.307221 -0.000000 -0.951638
vn -0.257299 -0.000000 -0.966332
vn -0.257299 -0.000000 -0.966332
vn -0.206681 -0.000000 -0.978408
vn -0.206681 -0.000000 -0.978408
vn -0.155502 -0.000000 -0.987836
vn -0.155502 -0.000000 -0.987836
vn -0.103903 -0.000000 -0.994587
vn -0.103903 -0.000000 -0.994587
vn -0.052022 -0.000000 -0.998646
vn -0.052022 -0.000000 -0.998646
vn 0.000000 -0.000000 -1.000000
vn 0.000000 -0.000000 -1.000000
vn 0.052022 -0.000000 -0.998646
vn 0.052022 -0.000000 -0.998646
vn 0.103903 -0.000000 -0.994587
vn 0.103903 -0.000000 -0.994587
vn 0.155502 -0.000000 -0.987836
vn 0.155502 -0.000000 -0.987836
vn 0.206681 -0.000000 -0.978408
vn 0.206681 -0.000000 -0.978408
vn 0.257299 -0.000000 -0.966332
vn 0.257299 -0.000000 -0.966332
vn 0.307221 -0.000000 -0.951638
vn 0.307221 -0.000000 -0.951638
vn 0.356311 -0.000000 -0.934367
vn 0.356311 -0.000000 -0.934367
vn 0.404436 -0.000000 -0.914566
vn 0.404436 -0.000000 -0.914566
vn -0.866025 0.000000 -0.500000
vn -0.866025 0.000000 -0.500000
vn -0.866025 0.000000 -0.500000
vn -0.866025 0.000000 -0.500000
vn -0.866025 0.000000 -0.500000
vn -0.866025 0.000000 -0.500000
vn -0.866025 0.000000 -0.500000
vn -0.866025 0.000000 -0.500000
vn -0.866025 0.000000 -0.500000
vn -0.866025 0.000000 -0.500000
vn -0.866025 0.000000 -0.500000
vn -0.866025 0.000000 -0.500000
vn -0.866025 0.000000 -0.500000
vn -0.866025 0.000000 -0.500000
vn -0.866025 0.000000 -0.500000
vn -0.866025 0.000000 -0.500000
vn -0.866025 0.000000 -0.500000
vn -0.866025 0.000000 -0.500000
vn -0.866025 0.000000 -0.500000
vn -0.866025 0.000000 -0.500000
vn -0.866025 0.000000 -0.500000
vn -0.866025 0.000000 -0.500000
vn -0.866025 0.000000 -0.500000
vn -0.866025 0.000000 -0.500000
vn -0.866025 0.000000 -0.500000
vn -0.866025 0.000000 -0.500000
vn -0.866025 0.000000 -0.500000
vn -0.866025 0.000000 -0.500000
vn -0.866025 0.000000 -0.500000
vn -0.866025 0.000000 -0.500000
vn -0.866025 0.000000 -0.500000
vn -0.866025 0.000000 -0.500000
vn -0.866025 0.000000 -0.500000
vn -0.866025 0.000000 -0.500000
vn 0.866025 0.000000 -0.500000
vn 0.866025 0.000000 -0.500000
vn 0.866025 0.000000 -0.500000
vn 0.866025 0.000000 -0.500000
vn 0.866025 0.000000 -0.500000
vn 0.866025 0.000000 -0.500000
vn 0.866025 0.000000 -0.500000
vn 0.866025 0.000000 -0.500000
vn 0.866025 0.000000 -0.500000
vn 0.866025 0.000000 -0.500000
vn 0.866025 0.000000 -0.500000
vn 0.866025 0.000000 -0.500000
vn 0.866025 0.000000 -0.500000
vn 0.866025 0.000000 -0.500000
vn 0.866025 0.000000 -0.500000
vn 0.866025 0.000000 -0.500000
vn 0.866025 0.000000 -0.500000
vn 0.866025 0.000000 -0.500000
vn 0.866025 0.000000 -0.500000
vn 0.866025 0.000000 -0.500000
vn 0.866025 0.000000 -0.500000
vn 0.866025 0.000000 -0.500000
vn 0.866025 0.000000 -0.500000
vn 0.866025 0.000000 -0.500000
vn 0.866025 0.000000 -0.500000
vn 0.866025 0.000000 -0.500000
vn 0.866025 0.000000 -0.500000
vn 0.866025 0.000000 -0.500000
vn 0.866025 0.000000 -0.500000
vn 0.866025 0.000000 -0.500000
vn 0.866025 0.000000 -0.500000
vn 0.866025 0.000000 -0.500000
vn 0.866025 0.000000 -0.500000
vn 0.866025 0.000000 -0.500000
usemtl Aluminum_-_Anodized_Glossy_(Blue)
f 73/1/1 1/2/2 111/3/3
f 111/3/3 1/2/2 2/4/4
f 111/3/3 2/4/4 110/5/5
f 110/5/5 2/4/4 109/6/6
f 110/5/5 109/6/6 133/7/7
f 133/7/7 109/6/6 132/8/8
f 133/7/7 132/8/8 159/9/9
f 159/9/9 132/8/8 160/10/10
f 159/9/9 160/10/10 156/11/11
f 156/11/11 160/10/10 155/12/12
f 156/11/11 155/12/12 202/13/13
f 202/13/13 155/12/12 203/14/14
f 202/13/13 203/14/14 200/15/15
f 200/15/15 203/14/14 199/16/16
f 200/15/15 199/16/16 245/17/17
f 245/17/17 199/16/16 246/18/18
f 245/17/17 246/18/18 243/19/19
f 243/19/19 246/18/18 242/20/20
f 243/19/19 242/20/20 291/21/21
f 291/21/21 242/20/20 292/22/22
f 291/21/21 292/22/22 288/23/23
f 288/23/23 292/22/22 287/24/24
f 288/23/23 287/24/24 334/25/25
f 334/25/25 287/24/24 333/26/26
f 334/25/25 333/26/26 358/27/27
f 358/27/27 333/26/26 359/28/28
f 358/27/27 359/28/28 356/29/29
f 356/29/29 359/28/28 355/30/30
f 356/29/29 355/30/30 403/31/31
f 403/31/31 355/30/30 404/32/32
f 403/31/31 404/32/32 400/33/33
f 400/33/33 404/32/32 399/34/34
f 400/33/33 399/34/34 449/35/35
f 449/35/35 399/34/34 450/36/36
f 449/35/35 450/36/36 446/37/37
f 446/37/37 450/36/36 445/38/38
f 446/37/37 445/38/38 492/39/39
f 492/39/39 445/38/38 491/40/40
f 492/39/39 491/40/40 516/41/41
f 516/41/41 491/40/40 517/42/42
f 516/41/41 517/42/42 514/43/43
f 514/43/43 517/42/42 513/44/44
f 514/43/43 513/44/44 561/45/45
f 561/45/45 513/44/44 562/46/46
f 561/45/45 562/46/46 558/47/47
f 558/47/47 562/46/46 557/48/48
f 558/47/47 557/48/48 604/49/49
f 604/49/49 557/48/48 603/50/50
f 604/49/49 603/50/50 629/51/51
f 629/51/51 603/50/50 630/52/52
f 629/51/51 630/52/52 627/53/53
f 627/53/53 630/52/52 626/54/54
f 627/53/53 626/54/54 672/55/55
f 672/55/55 626/54/54 673/56/56
f 672/55/55 673/56/56 670/57/57
f 670/57/57 673/56/56 669/58/58
f 670/57/57 669/58/58 716/59/59
f 716/59/59 669/58/58 717/60/60
f 716/59/59 717/60/60 713/61/61
f 713/61/61 717/60/60 712/62/62
f 713/61/61 712/62/62 739/63/63
f 739/63/63 712/62/62 740/64/64
f 739/63/63 740/64/64 777/65/65
f 777/65/65 740/64/64 776/66/66
f 777/65/65 776/66/66 48/67/67
f 48/67/67 776/66/66 47/68/68
f 47/68/68 776/66/66 775/69/69
f 47/68/68 775/69/69 774/70/70
f 774/70/70 775/69/69 742/71/71
f 774/70/70 742/71/71 743/72/72
f 743/72/72 742/71/71 709/73/73
f 743/72/72 709/73/73 708/74/74
f 708/74/74 709/73/73 721/75/75
f 708/74/74 721/75/75 722/76/76
f 722/76/76 721/75/75 664/77/77
f 722/76/76 664/77/77 663/78/78
f 663/78/78 664/77/77 679/79/79
f 663/78/78 679/79/79 680/80/80
f 680/80/80 679/79/79 619/81/81
f 680/80/80 619/81/81 618/82/82
f 618/82/82 619/81/81 638/83/83
f 618/82/82 638/83/83 639/84/84
f 639/84/84 638/83/83 594/85/85
f 639/84/84 594/85/85 593/86/86
f 593/86/86 594/85/85 547/87/87
f 593/86/86 547/87/87 546/88/88
f 546/88/88 547/87/87 573/89/89
f 546/88/88 573/89/89 574/90/90
f 574/90/90 573/89/89 501/91/91
f 574/90/90 501/91/91 500/92/92
f 500/92/92 501/91/91 530/93/93
f 500/92/92 530/93/93 531/94/94
f 531/94/94 530/93/93 477/95/95
f 531/94/94 477/95/95 476/96/96
f 476/96/96 477/95/95 430/97/97
f 476/96/96 430/97/97 429/98/98
f 429/98/98 430/97/97 466/99/99
f 429/98/98 466/99/99 467/100/100
f 467/100/100 466/99/99 382/101/101
f 467/100/100 382/101/101 381/102/102
f 381/102/102 382/101/101 422/103/103
f 381/102/102 422/103/103 423/104/104
f 423/104/104 422/103/103 336/105/105
f 423/104/104 336/105/105 82/106/106
f 82/106/106 336/105/105 80/107/107
f 82/106/106 80/107/107 23/108/108
f 23/108/108 80/107/107 22/109/109
f 22/109/109 80/107/107 313/110/110
f 22/109/109 313/110/110 267/111/111
f 267/111/111 313/110/110 314/112/112
f 267/111/111 314/112/112 268/113/113
f 268/113/113 314/112/112 315/114/114
f 268/113/113 315/114/114 269/115/115
f 269/115/115 315/114/114 316/116/116
f 269/115/115 316/116/116 270/117/117
f 270/117/117 316/116/116 317/118/118
f 270/117/117 317/118/118 271/119/119
f 271/119/119 317/118/118 318/120/120
f 271/119/119 318/120/120 272/121/121
f 272/121/121 318/120/120 319/122/122
f 272/121/121 319/122/122 273/123/123
f 273/123/123 319/122/122 320/124/124
f 273/123/123 320/124/124 274/125/125
f 274/125/125 320/124/124 321/126/126
f 274/125/125 321/126/126 275/127/127
f 275/127/127 321/126/126 322/128/128
f 275/127/127 322/128/128 276/129/129
f 276/129/129 322/128/128 323/130/130
f 276/129/129 323/130/130 277/131/131
f 277/131/131 323/130/130 324/132/132
f 277/131/131 324/132/132 278/133/133
f 278/133/133 324/132/132 325/134/134
f 278/133/133 325/134/134 279/135/135
f 279/135/135 325/134/134 326/136/136
f 279/135/135 326/136/136 280/137/137
f 280/137/137 326/136/136 327/138/138
f 280/137/137 327/138/138 281/139/139
f 281/139/139 327/138/138 328/140/140
f 281/139/139 328/140/140 282/141/141
f 282/141/141 328/140/140 329/142/142
f 282/141/141 329/142/142 283/143/143
f 283/143/143 329/142/142 330/144/144
f 283/143/143 330/144/144 284/145/145
f 284/145/145 330/144/144 331/146/146
f 284/145/145 331/146/146 285/147/147
f 285/147/147 331/146/146 332/148/148
f 285/147/147 332/148/148 286/149/149
f 286/149/149 332/148/148 333/26/26
f 286/149/149 333/26/26 287/24/24
f 2/4/4 3/150/150 109/6/6
f 109/6/6 3/150/150 108/151/151
f 109/6/6 108/151/151 132/8/8
f 132/8/8 108/151/151 131/152/152
f 132/8/8 131/152/152 160/10/10
f 160/10/10 131/152/152 161/153/153
f 160/10/10 161/153/153 155/12/12
f 155/12/12 161/153/153 154/154/154
f 155/12/12 154/154/154 203/14/14
f 203/14/14 154/154/154 204/155/155
f 203/14/14 204/155/155 199/16/16
f 199/16/16 204/155/155 198/156/156
f 199/16/16 198/156/156 246/18/18
f 246/18/18 198/156/156 247/157/157
f 246/18/18 247/157/157 242/20/20
f 242/20/20 247/157/157 241/158/158
f 242/20/20 241/158/158 292/22/22
f 292/22/22 241/158/158 293/159/159
f 292/22/22 293/159/159 287/24/24
f 287/24/24 293/159/159 286/149/149
f 108/151/151 3/150/150 107/160/160
f 107/160/160 3/150/150 4/161/161
f 107/160/160 4/161/161 106/162/162
f 106/162/162 4/161/161 105/163/163
f 106/162/162 105/163/163 129/164/164
f 129/164/164 105/163/163 128/165/165
f 129/164/164 128/165/165 163/166/166
f 163/166/166 128/165/165 164/167/167
f 163/166/166 164/167/167 152/168/168
f 152/168/168 164/167/167 151/169/169
f 152/168/168 151/169/169 206/170/170
f 206/170/170 151/169/169 207/171/171
f 206/170/170 207/171/171 196/172/172
f 196/172/172 207/171/171 195/173/173
f 196/172/172 195/173/173 249/174/174
f 249/174/174 195/173/173 250/175/175
f 249/174/174 250/175/175 239/176/176
f 239/176/176 250/175/175 238/177/177
f 239/176/176 238/177/177 295/178/178
f 295/178/178 238/177/177 296/179/179
f 295/178/178 296/179/179 284/145/145
f 284/145/145 296/179/179 283/143/143
f 4/161/161 5/180/180 105/163/163
f 105/163/163 5/180/180 104/181/181
f 105/163/163 104/181/181 128/165/165
f 128/165/165 104/181/181 127/182/182
f 128/165/165 127/182/182 164/167/167
f 164/167/167 127/182/182 165/183/183
f 164/167/167 165/183/183 151/169/169
f 151/169/169 165/183/183 150/184/184
f 151/169/169 150/184/184 207/171/171
f 207/171/171 150/184/184 208/185/185
f 207/171/171 208/185/185 195/173/173
f 195/173/173 208/185/185 194/186/186
f 195/173/173 194/186/186 250/175/175
f 250/175/175 194/186/186 251/187/187
f 250/175/175 251/187/187 238/177/177
f 238/177/177 251/187/187 237/188/188
f 238/177/177 237/188/188 296/179/179
f 296/179/179 237/188/188 297/189/189
f 296/179/179 297/189/189 283/143/143
f 283/143/143 297/189/189 282/141/141
f 104/181/181 5/180/180 103/190/190
f 103/190/190 5/180/180 6/191/191
f 103/190/190 6/191/191 102/192/192
f 102/192/192 6/191/191 101/193/193
f 102/192/192 101/193/193 125/194/194
f 125/194/194 101/193/193 124/195/195
f 125/194/194 124/195/195 167/196/196
f 167/196/196 124/195/195 168/197/197
f 167/196/196 168/197/197 148/198/198
f 148/198/198 168/197/197 147/199/199
f 148/198/198 147/199/199 210/200/200
f 210/200/200 147/199/199 211/201/201
f 210/200/200 211/201/201 192/202/202
f 192/202/202 211/201/201 191/203/203
f 192/202/202 191/203/203 253/204/204
f 253/204/204 191/203/203 254/205/205
f 253/204/204 254/205/205 235/206/206
f 235/206/206 254/205/205 234/207/207
f 235/206/206 234/207/207 299/208/208
f 299/208/208 234/207/207 300/209/209
f 299/208/208 300/209/209 280/137/137
f 280/137/137 300/209/209 279/135/135
f 6/191/191 7/210/210 101/193/193
f 101/193/193 7/210/210 100/211/211
f 101/193/193 100/211/211 124/195/195
f 124/195/195 100/211/211 123/212/212
f 124/195/195 123/212/212 168/197/197
f 168/197/197 123/212/212 169/213/213
f 168/197/197 169/213/213 147/199/199
f 147/199/199 169/213/213 146/214/214
f 147/199/199 146/214/214 211/201/201
f 211/201/201 146/214/214 212/215/215
f 211/201/201 212/215/215 191/203/203
f 191/203/203 212/215/215 190/216/216
f 191/203/203 190/216/216 254/205/205
f 254/205/205 190/216/216 255/217/217
f 254/205/205 255/217/217 234/207/207
f 234/207/207 255/217/217 233/218/218
f 234/207/207 233/218/218 300/209/209
f 300/209/209 233/218/218 301/219/219
f 300/209/209 301/219/219 279/135/135
f 279/135/135 301/219/219 278/133/133
f 100/211/211 7/210/210 99/220/220
f 99/220/220 7/210/210 8/221/221
f 99/220/220 8/221/221 98/222/222
f 98/222/222 8/221/221 97/223/223
f 98/222/222 97/223/223 121/224/224
f 121/224/224 97/223/223 120/225/225
f 121/224/224 120/225/225 171/226/226
f 171/226/226 120/225/225 172/227/227
f 171/226/226 172/227/227 144/228/228
f 144/228/228 172/227/227 143/229/229
f 144/228/228 143/229/229 214/230/230
f 214/230/230 143/229/229 215/231/231
f 214/230/230 215/231/231 188/232/232
f 188/232/232 215/231/231 187/233/233
f 188/232/232 187/233/233 257/234/234
f 257/234/234 187/233/233 258/235/235
f 257/234/234 258/235/235 231/236/236
f 231/236/236 258/235/235 230/237/237
f 231/236/236 230/237/237 303/238/238
f 303/238/238 230/237/237 304/239/239
f 303/238/238 304/239/239 276/129/129
f 276/129/129 304/239/239 275/127/127
f 8/221/221 9/240/240 97/223/223
f 97/223/223 9/240/240 96/241/241
f 97/223/223 96/241/241 120/225/225
f 120/225/225 96/241/241 119/242/242
f 120/225/225 119/242/242 172/227/227
f 172/227/227 119/242/242 173/243/243
f 172/227/227 173/243/243 143/229/229
f 143/229/229 173/243/243 142/244/244
f 143/229/229 142/244/244 215/231/231
f 215/231/231 142/244/244 216/245/245
f 215/231/231 216/245/245 187/233/233
f 187/233/233 216/245/245 186/246/246
f 187/233/233 186/246/246 258/235/235
f 258/235/235 186/246/246 259/247/247
f 258/235/235 259/247/247 230/237/237
f 230/237/237 259/247/247 229/248/248
f 230/237/237 229/248/248 304/239/239
f 304/239/239 229/248/248 305/249/249
f 304/239/239 305/249/249 275/127/127
f 275/127/127 305/249/249 274/125/125
f 9/240/240 10/250/250 96/241/241
f 96/241/241 10/250/250 95/251/251
f 96/241/241 95/251/251 119/242/242
f 119/242/242 95/251/251 118/252/252
f 119/242/242 118/252/252 173/243/243
f 173/243/243 118/252/252 174/253/253
f 173/243/243 174/253/253 142/244/244
f 142/244/244 174/253/253 141/254/254
f 142/244/244 141/254/254 216/245/245
f 216/245/245 141/254/254 217/255/255
f 216/245/245 217/255/255 186/246/246
f 186/246/246 217/255/255 185/256/256
f 186/246/246 185/256/256 259/247/247
f 259/247/247 185/256/256 260/257/257
f 259/247/247 260/257/257 229/248/248
f 229/248/248 260/257/257 228/258/258
f 229/248/248 228/258/258 305/249/249
f 305/249/249 228/258/258 306/259/259
f 305/249/249 306/259/259 274/125/125
f 274/125/125 306/259/259 273/123/123
f 10/250/250 11/260/260 95/251/251
f 95/251/251 11/260/260 94/261/261
f 95/251/251 94/261/261 118/252/252
f 118/252/252 94/261/261 117/262/262
f 118/252/252 117/262/262 174/253/253
f 174/253/253 117/262/262 175/263/263
f 174/253/253 175/263/263 141/254/254
f 141/254/254 175/263/263 140/264/264
f 141/254/254 140/264/264 217/255/255
f 217/255/255 140/264/264 218/265/265
f 217/255/255 218/265/265 185/256/256
f 185/256/256 218/265/265 184/266/266
f 185/256/256 184/266/266 260/257/257
f 260/257/257 184/266/266 261/267/267
f 260/257/257 261/267/267 228/258/258
f 228/258/258 261/267/267 227/268/268
f 228/258/258 227/268/268 306/259/259
f 306/259/259 227/268/268 307/269/269
f 306/259/259 307/269/269 273/123/123
f 273/123/123 307/269/269 272/121/121
f 11/260/260 12/270/270 94/261/261
f 94/261/261 12/270/270 93/271/271
f 94/261/261 93/271/271 117/262/262
f 117/262/262 93/271/271 116/272/272
f 117/262/262 116/272/272 175/263/263
f 175/263/263 116/272/272 176/273/273
f 175/263/263 176/273/273 140/264/264
f 140/264/264 176/273/273 139/274/274
f 140/264/264 139/274/274 218/265/265
f 218/265/265 139/274/274 219/275/275
f 218/265/265 219/275/275 184/266/266
f 184/266/266 219/275/275 183/276/276
f 184/266/266 183/276/276 261/267/267
f 261/267/267 183/276/276 262/277/277
f 261/267/267 262/277/277 227/268/268
f 227/268/268 262/277/277 226/278/278
f 227/268/268 226/278/278 307/269/269
f 307/269/269 226/278/278 308/279/279
f 307/269/269 308/279/279 272/121/121
f 272/121/121 308/279/279 271/119/119
f 12/270/270 13/280/280 93/271/271
f 93/271/271 13/280/280 116/272/272
f 116/272/272 13/280/280 115/281/281
f 115/281/281 13/280/280 14/282/282
f 115/281/281 14/282/282 114/283/283
f 114/283/283 14/282/282 15/284/284
f 114/283/283 15/284/284 113/285/285
f 113/285/285 15/284/284 16/286/286
f 113/285/285 16/286/286 112/287/287
f 112/287/287 16/286/286 17/288/288
f 112/287/287 17/288/288 74/289/289
f 74/289/289 17/288/288 18/290/290
f 74/289/289 18/290/290 135/291/291
f 135/291/291 18/290/290 76/292/292
f 135/291/291 76/292/292 222/293/293
f 222/293/293 76/292/292 180/294/294
f 222/293/293 180/294/294 181/295/295
f 181/295/295 180/294/294 264/296/296
f 181/295/295 264/296/296 263/297/297
f 263/297/297 264/296/296 225/298/298
f 263/297/297 225/298/298 226/278/278
f 226/278/278 225/298/298 308/279/279
f 18/290/290 19/299/299 76/292/292
f 76/292/292 19/299/299 77/300/300
f 76/292/292 77/300/300 180/294/294
f 180/294/294 77/300/300 265/301/301
f 180/294/294 265/301/301 264/296/296
f 264/296/296 265/301/301 224/302/302
f 264/296/296 224/302/302 225/298/298
f 225/298/298 224/302/302 309/303/303
f 225/298/298 309/303/303 308/279/279
f 308/279/279 309/303/303 271/119/119
f 19/299/299 20/304/304 77/300/300
f 77/300/300 20/304/304 266/305/305
f 77/300/300 266/305/305 265/301/301
f 265/301/301 266/305/305 223/306/306
f 265/301/301 223/306/306 224/302/302
f 224/302/302 223/306/306 310/307/307
f 224/302/302 310/307/307 309/303/303
f 309/303/303 310/307/307 270/117/117
f 309/303/303 270/117/117 271/119/119
f 266/305/305 20/304/304 79/308/308
f 79/308/308 20/304/304 21/309/309
f 79/308/308 21/309/309 312/310/310
f 312/310/310 21/309/309 267/111/111
f 312/310/310 267/111/111 268/113/113
f 21/309/309 22/109/109 267/111/111
f 23/108/108 24/311/311 82/106/106
f 82/106/106 24/311/311 424/312/312
f 82/106/106 424/312/312 423/104/104
f 423/104/104 424/312/312 380/313/313
f 423/104/104 380/313/313 381/102/102
f 381/102/102 380/313/313 468/314/314
f 381/102/102 468/314/314 467/100/100
f 467/100/100 468/314/314 428/315/315
f 467/100/100 428/315/315 429/98/98
f 429/98/98 428/315/315 475/316/316
f 429/98/98 475/316/316 476/96/96
f 476/96/96 475/316/316 532/317/317
f 476/96/96 532/317/317 531/94/94
f 531/94/94 532/317/317 499/318/318
f 531/94/94 499/318/318 500/92/92
f 500/92/92 499/318/318 575/319/319
f 500/92/92 575/319/319 574/90/90
f 574/90/90 575/319/319 545/320/320
f 574/90/90 545/320/320 546/88/88
f 546/88/88 545/320/320 592/321/321
f 546/88/88 592/321/321 593/86/86
f 593/86/86 592/321/321 640/322/322
f 593/86/86 640/322/322 639/84/84
f 639/84/84 640/322/322 617/323/323
f 639/84/84 617/323/323 618/82/82
f 618/82/82 617/323/323 681/324/324
f 618/82/82 681/324/324 680/80/80
f 680/80/80 681/324/324 662/325/325
f 680/80/80 662/325/325 663/78/78
f 663/78/78 662/325/325 723/326/326
f 663/78/78 723/326/326 722/76/76
f 722/76/76 723/326/326 707/327/327
f 722/76/76 707/327/327 708/74/74
f 708/74/74 707/327/327 744/328/328
f 708/74/74 744/328/328 743/72/72
f 743/72/72 744/328/328 773/329/329
f 743/72/72 773/329/329 774/70/70
f 774/70/70 773/329/329 46/330/330
f 774/70/70 46/330/330 47/68/68
f 424/312/312 24/311/311 379/331/331
f 379/331/331 24/311/311 25/332/332
f 379/331/331 25/332/332 470/333/333
f 470/333/333 25/332/332 425/334/334
f 470/333/333 425/334/334 426/335/335
f 426/335/335 425/334/334 472/336/336
f 426/335/335 472/336/336 473/337/337
f 473/337/337 472/336/336 535/338/338
f 473/337/337 535/338/338 534/339/339
f 534/339/339 535/338/338 496/340/340
f 534/339/339 496/340/340 497/341/341
f 497/341/341 496/340/340 578/342/342
f 497/341/341 578/342/342 577/343/343
f 577/343/343 578/342/342 542/344/344
f 577/343/343 542/344/344 543/345/345
f 543/345/345 542/344/344 589/346/346
f 543/345/345 589/346/346 590/347/347
f 590/347/347 589/346/346 643/348/348
f 590/347/347 643/348/348 642/349/349
f 642/349/349 643/348/348 614/350/350
f 642/349/349 614/350/350 615/351/351
f 615/351/351 614/350/350 684/352/352
f 615/351/351 684/352/352 683/353/353
f 683/353/353 684/352/352 659/354/354
f 683/353/353 659/354/354 660/355/355
f 660/355/355 659/354/354 726/356/356
f 660/355/355 726/356/356 725/357/357
f 725/357/357 726/356/356 704/358/358
f 725/357/357 704/358/358 705/359/359
f 705/359/359 704/358/358 747/360/360
f 705/359/359 747/360/360 746/361/361
f 746/361/361 747/360/360 770/362/362
f 746/361/361 770/362/362 771/363/363
f 771/363/363 770/362/362 45/364/364
f 771/363/363 45/364/364 772/365/365
f 772/365/365 45/364/364 46/330/330
f 772/365/365 46/330/330 773/329/329
f 25/332/332 26/366/366 425/334/334
f 425/334/334 26/366/366 471/367/367
f 425/334/334 471/367/367 472/336/336
f 472/336/336 471/367/367 536/368/368
f 472/336/336 536/368/368 535/338/338
f 535/338/338 536/368/368 495/369/369
f 535/338/338 495/369/369 496/340/340
f 496/340/340 495/369/369 579/370/370
f 496/340/340 579/370/370 578/342/342
f 578/342/342 579/370/370 541/371/371
f 578/342/342 541/371/371 542/344/344
f 542/344/344 541/371/371 588/372/372
f 542/344/344 588/372/372 589/346/346
f 589/346/346 588/372/372 644/373/373
f 589/346/346 644/373/373 643/348/348
f 643/348/348 644/373/373 613/374/374
f 643/348/348 613/374/374 614/350/350
f 614/350/350 613/374/374 685/375/375
f 614/350/350 685/375/375 684/352/352
f 684/352/352 685/375/375 658/376/376
f 684/352/352 658/376/376 659/354/354
f 659/354/354 658/376/376 727/377/377
f 659/354/354 727/377/377 726/356/356
f 726/356/356 727/377/377 703/378/378
f 726/356/356 703/378/378 704/358/358
f 704/358/358 703/378/378 748/379/379
f 704/358/358 748/379/379 747/360/360
f 747/360/360 748/379/379 769/380/380
f 747/360/360 769/380/380 770/362/362
f 770/362/362 769/380/380 44/381/381
f 770/362/362 44/381/381 45/364/364
f 471/367/367 26/366/366 84/382/382
f 84/382/382 26/366/366 27/383/383
f 84/382/382 27/383/383 85/384/384
f 85/384/384 27/383/383 28/385/385
f 85/384/384 28/385/385 582/386/386
f 582/386/386 28/385/385 537/387/387
f 582/386/386 537/387/387 538/388/388
f 538/388/388 537/387/387 584/389/389
f 538/388/388 584/389/389 585/390/390
f 585/390/390 584/389/389 648/391/391
f 585/390/390 648/391/391 647/392/392
f 647/392/392 648/391/391 609/393/393
f 647/392/392 609/393/393 610/394/394
f 610/394/394 609/393/393 689/395/395
f 610/394/394 689/395/395 688/396/396
f 688/396/396 689/395/395 654/397/397
f 688/396/396 654/397/397 655/398/398
f 655/398/398 654/397/397 731/399/399
f 655/398/398 731/399/399 730/400/400
f 730/400/400 731/399/399 699/401/401
f 730/400/400 699/401/401 700/402/402
f 700/402/402 699/401/401 752/403/403
f 700/402/402 752/403/403 751/404/404
f 751/404/404 752/403/403 765/405/405
f 751/404/404 765/405/405 766/406/406
f 766/406/406 765/405/405 42/407/407
f 766/406/406 42/407/407 43/408/408
f 28/385/385 29/409/409 537/387/387
f 537/387/387 29/409/409 583/410/410
f 537/387/387 583/410/410 584/389/389
f 584/389/389 583/410/410 649/411/411
f 584/389/389 649/411/411 648/391/391
f 648/391/391 649/411/411 608/412/412
f 648/391/391 608/412/412 609/393/393
f 609/393/393 608/412/412 690/413/413
f 609/393/393 690/413/413 689/395/395
f 689/395/395 690/413/413 653/414/414
f 689/395/395 653/414/414 654/397/397
f 654/397/397 653/414/414 732/415/415
f 654/397/397 732/415/415 731/399/399
f 731/399/399 732/415/415 698/416/416
f 731/399/399 698/416/416 699/401/401
f 699/401/401 698/416/416 753/417/417
f 699/401/401 753/417/417 752/403/403
f 752/403/403 753/417/417 764/418/418
f 752/403/403 764/418/418 765/405/405
f 765/405/405 764/418/418 42/407/407
f 583/410/410 29/409/409 87/419/419
f 87/419/419 29/409/409 30/420/420
f 87/419/419 30/420/420 606/421/421
f 606/421/421 30/420/420 88/422/422
f 606/421/421 88/422/422 692/423/423
f 692/423/423 88/422/422 650/424/424
f 692/423/423 650/424/424 651/425/425
f 651/425/425 650/424/424 735/426/426
f 651/425/425 735/426/426 734/427/427
f 734/427/427 735/426/426 695/428/428
f 734/427/427 695/428/428 696/429/429
f 696/429/429 695/428/428 756/430/430
f 696/429/429 756/430/430 755/431/431
f 755/431/431 756/430/430 38/432/432
f 755/431/431 38/432/432 761/433/433
f 761/433/433 38/432/432 39/434/434
f 761/433/433 39/434/434 762/435/435
f 762/435/435 39/434/434 40/436/436
f 762/435/435 40/436/436 763/437/437
f 763/437/437 40/436/436 41/438/438
f 763/437/437 41/438/438 764/418/418
f 764/418/418 41/438/438 42/407/407
f 30/420/420 31/439/439 88/422/422
f 88/422/422 31/439/439 90/440/440
f 88/422/422 90/440/440 650/424/424
f 650/424/424 90/440/440 736/441/441
f 650/424/424 736/441/441 735/426/426
f 735/426/426 736/441/441 694/442/442
f 735/426/426 694/442/442 695/428/428
f 695/428/428 694/442/442 757/443/443
f 695/428/428 757/443/443 756/430/430
f 756/430/430 757/443/443 37/444/444
f 756/430/430 37/444/444 778/445/445
f 778/445/445 37/444/444 38/432/432
f 778/445/445 38/432/432 756/430/430
f 31/439/439 32/446/446 90/440/440
f 90/440/440 32/446/446 737/447/447
f 90/440/440 737/447/447 736/441/441
f 736/441/441 737/447/447 693/448/448
f 736/441/441 693/448/448 694/442/442
f 694/442/442 693/448/448 758/449/449
f 694/442/442 758/449/449 757/443/443
f 757/443/443 758/449/449 36/450/450
f 757/443/443 36/450/450 37/444/444
f 737/447/447 32/446/446 91/451/451
f 91/451/451 32/446/446 33/452/452
f 91/451/451 33/452/452 760/453/453
f 760/453/453 33/452/452 34/454/454
f 760/453/453 34/454/454 759/455/455
f 759/455/455 34/454/454 35/456/456
f 759/455/455 35/456/456 758/449/449
f 758/449/449 35/456/456 36/450/450
f 44/381/381 768/457/457 43/408/408
f 43/408/408 768/457/457 767/458/458
f 43/408/408 767/458/458 766/406/406
f 766/406/406 767/458/458 750/459/459
f 766/406/406 750/459/459 751/404/404
f 751/404/404 750/459/459 701/460/460
f 751/404/404 701/460/460 700/402/402
f 700/402/402 701/460/460 729/461/461
f 700/402/402 729/461/461 730/400/400
f 730/400/400 729/461/461 656/462/462
f 730/400/400 656/462/462 655/398/398
f 655/398/398 656/462/462 687/463/463
f 655/398/398 687/463/463 688/396/396
f 688/396/396 687/463/463 611/464/464
f 688/396/396 611/464/464 610/394/394
f 610/394/394 611/464/464 646/465/465
f 610/394/394 646/465/465 647/392/392
f 647/392/392 646/465/465 586/466/466
f 647/392/392 586/466/466 585/390/390
f 585/390/390 586/466/466 539/467/467
f 585/390/390 539/467/467 538/388/388
f 538/388/388 539/467/467 581/468/468
f 538/388/388 581/468/468 582/386/386
f 582/386/386 581/468/468 85/384/384
f 777/65/65 48/67/67 92/469/469
f 92/469/469 48/67/67 49/470/470
f 92/469/469 49/470/470 50/471/471
f 92/469/469 50/471/471 738/472/472
f 738/472/472 50/471/471 51/473/473
f 738/472/472 51/473/473 714/474/474
f 714/474/474 51/473/473 52/475/475
f 714/474/474 52/475/475 715/476/476
f 715/476/476 52/475/475 89/477/477
f 715/476/476 89/477/477 670/57/57
f 670/57/57 89/477/477 672/55/55
f 52/475/475 53/478/478 89/477/477
f 89/477/477 53/478/478 671/479/479
f 89/477/477 671/479/479 672/55/55
f 672/55/55 671/479/479 627/53/53
f 53/478/478 54/480/480 671/479/479
f 671/479/479 54/480/480 628/481/481
f 671/479/479 628/481/481 627/53/53
f 627/53/53 628/481/481 629/51/51
f 54/480/480 55/482/482 628/481/481
f 628/481/481 55/482/482 86/483/483
f 628/481/481 86/483/483 629/51/51
f 629/51/51 86/483/483 604/49/49
f 55/482/482 56/484/484 86/483/483
f 86/483/483 56/484/484 605/485/485
f 86/483/483 605/485/485 604/49/49
f 604/49/49 605/485/485 558/47/47
f 605/485/485 56/484/484 559/486/486
f 559/486/486 56/484/484 57/487/487
f 559/486/486 57/487/487 560/488/488
f 560/488/488 57/487/487 58/489/489
f 560/488/488 58/489/489 515/490/490
f 515/490/490 58/489/489 59/491/491
f 515/490/490 59/491/491 83/492/492
f 83/492/492 59/491/491 60/493/493
f 83/492/492 60/493/493 493/494/494
f 493/494/494 60/493/493 447/495/495
f 493/494/494 447/495/495 446/37/37
f 446/37/37 447/495/495 449/35/35
f 60/493/493 61/496/496 447/495/495
f 447/495/495 61/496/496 448/497/497
f 447/495/495 448/497/497 449/35/35
f 449/35/35 448/497/497 400/33/33
f 61/496/496 62/498/498 448/497/497
f 448/497/497 62/498/498 401/499/499
f 448/497/497 401/499/499 400/33/33
f 400/33/33 401/499/499 403/31/31
f 62/498/498 63/500/500 401/499/499
f 401/499/499 63/500/500 402/501/501
f 401/499/499 402/501/501 403/31/31
f 403/31/31 402/501/501 356/29/29
f 402/501/501 63/500/500 81/502/502
f 81/502/502 63/500/500 64/503/503
f 81/502/502 64/503/503 357/504/504
f 357/504/504 64/503/503 65/505/505
f 357/504/504 65/505/505 335/506/506
f 335/506/506 65/505/505 66/507/507
f 335/506/506 66/507/507 289/508/508
f 289/508/508 66/507/507 67/509/509
f 289/508/508 67/509/509 290/510/510
f 290/510/510 67/509/509 78/511/511
f 290/510/510 78/511/511 243/19/19
f 243/19/19 78/511/511 245/17/17
f 67/509/509 68/512/512 78/511/511
f 78/511/511 68/512/512 244/513/513
f 78/511/511 244/513/513 245/17/17
f 245/17/17 244/513/513 200/15/15
f 68/512/512 69/514/514 244/513/513
f 244/513/513 69/514/514 201/515/515
f 244/513/513 201/515/515 200/15/15
f 200/15/15 201/515/515 202/13/13
f 69/514/514 70/516/516 201/515/515
f 201/515/515 70/516/516 75/517/517
f 201/515/515 75/517/517 202/13/13
f 202/13/13 75/517/517 156/11/11
f 70/516/516 71/518/518 75/517/517
f 75/517/517 71/518/518 157/519/519
f 75/517/517 157/519/519 156/11/11
f 156/11/11 157/519/519 159/9/9
f 157/519/519 71/518/518 158/520/520
f 158/520/520 71/518/518 72/521/521
f 158/520/520 72/521/521 134/522/522
f 134/522/522 72/521/521 73/1/1
f 134/522/522 73/1/1 111/3/3
f 123/212/212 100/211/211 99/220/220
f 99/220/220 98/222/222 122/523/523
f 122/523/523 98/222/222 121/224/224
f 122/523/523 121/224/224 170/524/524
f 170/524/524 121/224/224 171/226/226
f 170/524/524 171/226/226 145/525/525
f 145/525/525 171/226/226 144/228/228
f 145/525/525 144/228/228 213/526/526
f 213/526/526 144/228/228 214/230/230
f 213/526/526 214/230/230 189/527/527
f 189/527/527 214/230/230 188/232/232
f 189/527/527 188/232/232 256/528/528
f 256/528/528 188/232/232 257/234/234
f 256/528/528 257/234/234 232/529/529
f 232/529/529 257/234/234 231/236/236
f 232/529/529 231/236/236 302/530/530
f 302/530/530 231/236/236 303/238/238
f 302/530/530 303/238/238 277/131/131
f 277/131/131 303/238/238 276/129/129
f 127/182/182 104/181/181 103/190/190
f 103/190/190 102/192/192 126/531/531
f 126/531/531 102/192/192 125/194/194
f 126/531/531 125/194/194 166/532/532
f 166/532/532 125/194/194 167/196/196
f 166/532/532 167/196/196 149/533/533
f 149/533/533 167/196/196 148/198/198
f 149/533/533 148/198/198 209/534/534
f 209/534/534 148/198/198 210/200/200
f 209/534/534 210/200/200 193/535/535
f 193/535/535 210/200/200 192/202/202
f 193/535/535 192/202/202 252/536/536
f 252/536/536 192/202/202 253/204/204
f 252/536/536 253/204/204 236/537/537
f 236/537/537 253/204/204 235/206/206
f 236/537/537 235/206/206 298/538/538
f 298/538/538 235/206/206 299/208/208
f 298/538/538 299/208/208 281/139/139
f 281/139/139 299/208/208 280/137/137
f 131/152/152 108/151/151 107/160/160
f 107/160/160 106/162/162 130/539/539
f 130/539/539 106/162/162 129/164/164
f 130/539/539 129/164/164 162/540/540
f 162/540/540 129/164/164 163/166/166
f 162/540/540 163/166/166 153/541/541
f 153/541/541 163/166/166 152/168/168
f 153/541/541 152/168/168 205/542/542
f 205/542/542 152/168/168 206/170/170
f 205/542/542 206/170/170 197/543/543
f 197/543/543 206/170/170 196/172/172
f 197/543/543 196/172/172 248/544/544
f 248/544/544 196/172/172 249/174/174
f 248/544/544 249/174/174 240/545/545
f 240/545/545 249/174/174 239/176/176
f 240/545/545 239/176/176 294/546/546
f 294/546/546 239/176/176 295/178/178
f 294/546/546 295/178/178 285/147/147
f 285/147/147 295/178/178 284/145/145
f 134/522/522 111/3/3 110/5/5
f 134/522/522 110/5/5 133/7/7
f 113/285/285 112/287/287 179/547/547
f 179/547/547 112/287/287 74/289/289
f 179/547/547 74/289/289 136/548/548
f 136/548/548 74/289/289 135/291/291
f 136/548/548 135/291/291 222/293/293
f 114/283/283 113/285/285 178/549/549
f 178/549/549 113/285/285 179/547/547
f 178/549/549 179/547/547 137/550/550
f 137/550/550 179/547/547 136/548/548
f 137/550/550 136/548/548 221/551/551
f 221/551/551 136/548/548 222/293/293
f 221/551/551 222/293/293 181/295/295
f 176/273/273 116/272/272 115/281/281
f 115/281/281 114/283/283 177/552/552
f 177/552/552 114/283/283 178/549/549
f 177/552/552 178/549/549 138/553/553
f 138/553/553 178/549/549 137/550/550
f 138/553/553 137/550/550 220/554/554
f 220/554/554 137/550/550 221/551/551
f 220/554/554 221/551/551 182/555/555
f 182/555/555 221/551/551 181/295/295
f 182/555/555 181/295/295 263/297/297
f 169/213/213 123/212/212 122/523/523
f 122/523/523 123/212/212 99/220/220
f 169/213/213 122/523/523 170/524/524
f 165/183/183 127/182/182 126/531/531
f 126/531/531 127/182/182 103/190/190
f 165/183/183 126/531/531 166/532/532
f 161/153/153 131/152/152 130/539/539
f 130/539/539 131/152/152 107/160/160
f 161/153/153 130/539/539 162/540/540
f 158/520/520 134/522/522 133/7/7
f 158/520/520 133/7/7 159/9/9
f 138/553/553 139/274/274 177/552/552
f 177/552/552 139/274/274 176/273/273
f 177/552/552 176/273/273 115/281/281
f 139/274/274 138/553/553 219/275/275
f 219/275/275 138/553/553 220/554/554
f 219/275/275 220/554/554 183/276/276
f 183/276/276 220/554/554 182/555/555
f 183/276/276 182/555/555 262/277/277
f 262/277/277 182/555/555 263/297/297
f 262/277/277 263/297/297 226/278/278
f 169/213/213 170/524/524 146/214/214
f 146/214/214 170/524/524 145/525/525
f 146/214/214 145/525/525 212/215/215
f 212/215/215 145/525/525 213/526/526
f 212/215/215 213/526/526 190/216/216
f 190/216/216 213/526/526 189/527/527
f 190/216/216 189/527/527 255/217/217
f 255/217/217 189/527/527 256/528/528
f 255/217/217 256/528/528 233/218/218
f 233/218/218 256/528/528 232/529/529
f 233/218/218 232/529/529 301/219/219
f 301/219/219 232/529/529 302/530/530
f 301/219/219 302/530/530 278/133/133
f 278/133/133 302/530/530 277/131/131
f 165/183/183 166/532/532 150/184/184
f 150/184/184 166/532/532 149/533/533
f 150/184/184 149/533/533 208/185/185
f 208/185/185 149/533/533 209/534/534
f 208/185/185 209/534/534 194/186/186
f 194/186/186 209/534/534 193/535/535
f 194/186/186 193/535/535 251/187/187
f 251/187/187 193/535/535 252/536/536
f 251/187/187 252/536/536 237/188/188
f 237/188/188 252/536/536 236/537/537
f 237/188/188 236/537/537 297/189/189
f 297/189/189 236/537/537 298/538/538
f 297/189/189 298/538/538 282/141/141
f 282/141/141 298/538/538 281/139/139
f 161/153/153 162/540/540 154/154/154
f 154/154/154 162/540/540 153/541/541
f 154/154/154 153/541/541 204/155/155
f 204/155/155 153/541/541 205/542/542
f 204/155/155 205/542/542 198/156/156
f 198/156/156 205/542/542 197/543/543
f 198/156/156 197/543/543 247/157/157
f 247/157/157 197/543/543 248/544/544
f 247/157/157 248/544/544 241/158/158
f 241/158/158 248/544/544 240/545/545
f 241/158/158 240/545/545 293/159/159
f 293/159/159 240/545/545 294/546/546
f 293/159/159 294/546/546 286/149/149
f 286/149/149 294/546/546 285/147/147
f 158/520/520 159/9/9 157/519/519
f 266/305/305 79/308/308 223/306/306
f 223/306/306 79/308/308 311/556/556
f 223/306/306 311/556/556 310/307/307
f 310/307/307 311/556/556 269/115/115
f 310/307/307 269/115/115 270/117/117
f 290/510/510 243/19/19 291/21/21
f 312/310/310 268/113/113 311/556/556
f 311/556/556 268/113/113 269/115/115
f 290/510/510 291/21/21 289/508/508
f 289/508/508 291/21/21 288/23/23
f 289/508/508 288/23/23 335/506/506
f 335/506/506 288/23/23 334/25/25
f 335/506/506 334/25/25 357/504/504
f 357/504/504 334/25/25 358/27/27
f 357/504/504 358/27/27 81/502/502
f 81/502/502 358/27/27 356/29/29
f 81/502/502 356/29/29 402/501/501
f 79/308/308 312/310/310 311/556/556
f 314/112/112 313/110/110 378/557/557
f 378/557/557 313/110/110 80/107/107
f 378/557/557 80/107/107 336/105/105
f 315/114/114 314/112/112 377/558/558
f 377/558/558 314/112/112 378/557/557
f 377/558/558 378/557/557 337/559/559
f 337/559/559 378/557/557 336/105/105
f 337/559/559 336/105/105 422/103/103
f 316/116/116 315/114/114 376/560/560
f 376/560/560 315/114/114 377/558/558
f 376/560/560 377/558/558 338/561/561
f 338/561/561 377/558/558 337/559/559
f 338/561/561 337/559/559 421/562/562
f 421/562/562 337/559/559 422/103/103
f 421/562/562 422/103/103 382/101/101
f 317/118/118 316/116/116 375/563/563
f 375/563/563 316/116/116 376/560/560
f 375/563/563 376/560/560 339/564/564
f 339/564/564 376/560/560 338/561/561
f 339/564/564 338/561/561 420/565/565
f 420/565/565 338/561/561 421/562/562
f 420/565/565 421/562/562 383/566/566
f 383/566/566 421/562/562 382/101/101
f 383/566/566 382/101/101 466/99/99
f 318/120/120 317/118/118 374/567/567
f 374/567/567 317/118/118 375/563/563
f 374/567/567 375/563/563 340/568/568
f 340/568/568 375/563/563 339/564/564
f 340/568/568 339/564/564 419/569/569
f 419/569/569 339/564/564 420/565/565
f 419/569/569 420/565/565 384/570/570
f 384/570/570 420/565/565 383/566/566
f 384/570/570 383/566/566 465/571/571
f 465/571/571 383/566/566 466/99/99
f 465/571/571 466/99/99 430/97/97
f 319/122/122 318/120/120 373/572/572
f 373/572/572 318/120/120 374/567/567
f 373/572/572 374/567/567 341/573/573
f 341/573/573 374/567/567 340/568/568
f 341/573/573 340/568/568 418/574/574
f 418/574/574 340/568/568 419/569/569
f 418/574/574 419/569/569 385/575/575
f 385/575/575 419/569/569 384/570/570
f 385/575/575 384/570/570 464/576/576
f 464/576/576 384/570/570 465/571/571
f 464/576/576 465/571/571 431/577/577
f 431/577/577 465/571/571 430/97/97
f 431/577/577 430/97/97 477/95/95
f 320/124/124 319/122/122 372/578/578
f 372/578/578 319/122/122 373/572/572
f 372/578/578 373/572/572 342/579/579
f 342/579/579 373/572/572 341/573/573
f 342/579/579 341/573/573 417/580/580
f 417/580/580 341/573/573 418/574/574
f 417/580/580 418/574/574 386/581/581
f 386/581/581 418/574/574 385/575/575
f 386/581/581 385/575/575 463/582/582
f 463/582/582 385/575/575 464/576/576
f 463/582/582 464/576/576 432/583/583
f 432/583/583 464/576/576 431/577/577
f 432/583/583 431/577/577 478/584/584
f 478/584/584 431/577/577 477/95/95
f 478/584/584 477/95/95 530/93/93
f 321/126/126 320/124/124 371/585/585
f 371/585/585 320/124/124 372/578/578
f 371/585/585 372/578/578 343/586/586
f 343/586/586 372/578/578 342/579/579
f 343/586/586 342/579/579 416/587/587
f 416/587/587 342/579/579 417/580/580
f 416/587/587 417/580/580 387/588/588
f 387/588/588 417/580/580 386/581/581
f 387/588/588 386/581/581 462/589/589
f 462/589/589 386/581/581 463/582/582
f 462/589/589 463/582/582 433/590/590
f 433/590/590 463/582/582 432/583/583
f 433/590/590 432/583/583 479/591/591
f 479/591/591 432/583/583 478/584/584
f 479/591/591 478/584/584 529/592/592
f 529/592/592 478/584/584 530/93/93
f 529/592/592 530/93/93 501/91/91
f 322/128/128 321/126/126 370/593/593
f 370/593/593 321/126/126 371/585/585
f 370/593/593 371/585/585 344/594/594
f 344/594/594 371/585/585 343/586/586
f 344/594/594 343/586/586 415/595/595
f 415/595/595 343/586/586 416/587/587
f 415/595/595 416/587/587 388/596/596
f 388/596/596 416/587/587 387/588/588
f 388/596/596 387/588/588 461/597/597
f 461/597/597 387/588/588 462/589/589
f 461/597/597 462/589/589 434/598/598
f 434/598/598 462/589/589 433/590/590
f 434/598/598 433/590/590 480/599/599
f 480/599/599 433/590/590 479/591/591
f 480/599/599 479/591/591 528/600/600
f 528/600/600 479/591/591 529/592/592
f 528/600/600 529/592/592 502/601/601
f 502/601/601 529/592/592 501/91/91
f 502/601/601 501/91/91 573/89/89
f 323/130/130 322/128/128 369/602/602
f 369/602/602 322/128/128 370/593/593
f 369/602/602 370/593/593 345/603/603
f 345/603/603 370/593/593 344/594/594
f 345/603/603 344/594/594 414/604/604
f 414/604/604 344/594/594 415/595/595
f 414/604/604 415/595/595 389/605/605
f 389/605/605 415/595/595 388/596/596
f 389/605/605 388/596/596 460/606/606
f 460/606/606 388/596/596 461/597/597
f 460/606/606 461/597/597 435/607/607
f 435/607/607 461/597/597 434/598/598
f 435/607/607 434/598/598 481/608/608
f 481/608/608 434/598/598 480/599/599
f 481/608/608 480/599/599 527/609/609
f 527/609/609 480/599/599 528/600/600
f 527/609/609 528/600/600 503/610/610
f 503/610/610 528/600/600 502/601/601
f 503/610/610 502/601/601 572/611/611
f 572/611/611 502/601/601 573/89/89
f 572/611/611 573/89/89 547/87/87
f 324/132/132 323/130/130 368/612/612
f 368/612/612 323/130/130 369/602/602
f 368/612/612 369/602/602 346/613/613
f 346/613/613 369/602/602 345/603/603
f 346/613/613 345/603/603 413/614/614
f 413/614/614 345/603/603 414/604/604
f 413/614/614 414/604/604 390/615/615
f 390/615/615 414/604/604 389/605/605
f 390/615/615 389/605/605 459/616/616
f 459/616/616 389/605/605 460/606/606
f 459/616/616 460/606/606 436/617/617
f 436/617/617 460/606/606 435/607/607
f 436/617/617 435/607/607 482/618/618
f 482/618/618 435/607/607 481/608/608
f 482/618/618 481/608/608 526/619/619
f 526/619/619 481/608/608 527/609/609
f 526/619/619 527/609/609 504/620/620
f 504/620/620 527/609/609 503/610/610
f 504/620/620 503/610/610 571/621/621
f 571/621/621 503/610/610 572/611/611
f 571/621/621 572/611/611 548/622/622
f 548/622/622 572/611/611 547/87/87
f 548/622/622 547/87/87 594/85/85
f 325/134/134 324/132/132 367/623/623
f 367/623/623 324/132/132 368/612/612
f 367/623/623 368/612/612 347/624/624
f 347/624/624 368/612/612 346/613/613
f 347/624/624 346/613/613 412/625/625
f 412/625/625 346/613/613 413/614/614
f 412/625/625 413/614/614 391/626/626
f 391/626/626 413/614/614 390/615/615
f 391/626/626 390/615/615 458/627/627
f 458/627/627 390/615/615 459/616/616
f 458/627/627 459/616/616 437/628/628
f 437/628/628 459/616/616 436/617/617
f 437/628/628 436/617/617 483/629/629
f 483/629/629 436/617/617 482/618/618
f 483/629/629 482/618/618 525/630/630
f 525/630/630 482/618/618 526/619/619
f 525/630/630 526/619/619 505/631/631
f 505/631/631 526/619/619 504/620/620
f 505/631/631 504/620/620 570/632/632
f 570/632/632 504/620/620 571/621/621
f 570/632/632 571/621/621 549/633/633
f 549/633/633 571/621/621 548/622/622
f 549/633/633 548/622/622 595/634/634
f 595/634/634 548/622/622 594/85/85
f 595/634/634 594/85/85 638/83/83
f 326/136/136 325/134/134 366/635/635
f 366/635/635 325/134/134 367/623/623
f 366/635/635 367/623/623 348/636/636
f 348/636/636 367/623/623 347/624/624
f 348/636/636 347/624/624 411/637/637
f 411/637/637 347/624/624 412/625/625
f 411/637/637 412/625/625 392/638/638
f 392/638/638 412/625/625 391/626/626
f 392/638/638 391/626/626 457/639/639
f 457/639/639 391/626/626 458/627/627
f 457/639/639 458/627/627 438/640/640
f 438/640/640 458/627/627 437/628/628
f 438/640/640 437/628/628 484/641/641
f 484/641/641 437/628/628 483/629/629
f 484/641/641 483/629/629 524/642/642
f 524/642/642 483/629/629 525/630/630
f 524/642/642 525/630/630 506/643/643
f 506/643/643 525/630/630 505/631/631
f 506/643/643 505/631/631 569/644/644
f 569/644/644 505/631/631 570/632/632
f 569/644/644 570/632/632 550/645/645
f 550/645/645 570/632/632 549/633/633
f 550/645/645 549/633/633 596/646/646
f 596/646/646 549/633/633 595/634/634
f 596/646/646 595/634/634 637/647/647
f 637/647/647 595/634/634 638/83/83
f 637/647/647 638/83/83 619/81/81
f 327/138/138 326/136/136 365/648/648
f 365/648/648 326/136/136 366/635/635
f 365/648/648 366/635/635 349/649/649
f 349/649/649 366/635/635 348/636/636
f 349/649/649 348/636/636 410/650/650
f 410/650/650 348/636/636 411/637/637
f 410/650/650 411/637/637 393/651/651
f 393/651/651 411/637/637 392/638/638
f 393/651/651 392/638/638 456/652/652
f 456/652/652 392/638/638 457/639/639
f 456/652/652 457/639/639 439/653/653
f 439/653/653 457/639/639 438/640/640
f 439/653/653 438/640/640 485/654/654
f 485/654/654 438/640/640 484/641/641
f 485/654/654 484/641/641 523/655/655
f 523/655/655 484/641/641 524/642/642
f 523/655/655 524/642/642 507/656/656
f 507/656/656 524/642/642 506/643/643
f 507/656/656 506/643/643 568/657/657
f 568/657/657 506/643/643 569/644/644
f 568/657/657 569/644/644 551/658/658
f 551/658/658 569/644/644 550/645/645
f 551/658/658 550/645/645 597/659/659
f 597/659/659 550/645/645 596/646/646
f 597/659/659 596/646/646 636/660/660
f 636/660/660 596/646/646 637/647/647
f 636/660/660 637/647/647 620/661/661
f 620/661/661 637/647/647 619/81/81
f 620/661/661 619/81/81 679/79/79
f 328/140/140 327/138/138 364/662/662
f 364/662/662 327/138/138 365/648/648
f 364/662/662 365/648/648 350/663/663
f 350/663/663 365/648/648 349/649/649
f 350/663/663 349/649/649 409/664/664
f 409/664/664 349/649/649 410/650/650
f 409/664/664 410/650/650 394/665/665
f 394/665/665 410/650/650 393/651/651
f 394/665/665 393/651/651 455/666/666
f 455/666/666 393/651/651 456/652/652
f 455/666/666 456/652/652 440/667/667
f 440/667/667 456/652/652 439/653/653
f 440/667/667 439/653/653 486/668/668
f 486/668/668 439/653/653 485/654/654
f 486/668/668 485/654/654 522/669/669
f 522/669/669 485/654/654 523/655/655
f 522/669/669 523/655/655 508/670/670
f 508/670/670 523/655/655 507/656/656
f 508/670/670 507/656/656 567/671/671
f 567/671/671 507/656/656 568/657/657
f 567/671/671 568/657/657 552/672/672
f 552/672/672 568/657/657 551/658/658
f 552/672/672 551/658/658 598/673/673
f 598/673/673 551/658/658 597/659/659
f 598/673/673 597/659/659 635/674/674
f 635/674/674 597/659/659 636/660/660
f 635/674/674 636/660/660 621/675/675
f 621/675/675 636/660/660 620/661/661
f 621/675/675 620/661/661 678/676/676
f 678/676/676 620/661/661 679/79/79
f 678/676/676 679/79/79 664/77/77
f 329/142/142 328/140/140 363/677/677
f 363/677/677 328/140/140 364/662/662
f 363/677/677 364/662/662 351/678/678
f 351/678/678 364/662/662 350/663/663
f 351/678/678 350/663/663 408/679/679
f 408/679/679 350/663/663 409/664/664
f 408/679/679 409/664/664 395/680/680
f 395/680/680 409/664/664 394/665/665
f 395/680/680 394/665/665 454/681/681
f 454/681/681 394/665/665 455/666/666
f 454/681/681 455/666/666 441/682/682
f 441/682/682 455/666/666 440/667/667
f 441/682/682 440/667/667 487/683/683
f 487/683/683 440/667/667 486/668/668
f 487/683/683 486/668/668 521/684/684
f 521/684/684 486/668/668 522/669/669
f 521/684/684 522/669/669 509/685/685
f 509/685/685 522/669/669 508/670/670
f 509/685/685 508/670/670 566/686/686
f 566/686/686 508/670/670 567/671/671
f 566/686/686 567/671/671 553/687/687
f 553/687/687 567/671/671 552/672/672
f 553/687/687 552/672/672 599/688/688
f 599/688/688 552/672/672 598/673/673
f 599/688/688 598/673/673 634/689/689
f 634/689/689 598/673/673 635/674/674
f 634/689/689 635/674/674 622/690/690
f 622/690/690 635/674/674 621/675/675
f 622/690/690 621/675/675 677/691/691
f 677/691/691 621/675/675 678/676/676
f 677/691/691 678/676/676 665/692/692
f 665/692/692 678/676/676 664/77/77
f 665/692/692 664/77/77 721/75/75
f 330/144/144 329/142/142 362/693/693
f 362/693/693 329/142/142 363/677/677
f 362/693/693 363/677/677 352/694/694
f 352/694/694 363/677/677 351/678/678
f 352/694/694 351/678/678 407/695/695
f 407/695/695 351/678/678 408/679/679
f 407/695/695 408/679/679 396/696/696
f 396/696/696 408/679/679 395/680/680
f 396/696/696 395/680/680 453/697/697
f 453/697/697 395/680/680 454/681/681
f 453/697/697 454/681/681 442/698/698
f 442/698/698 454/681/681 441/682/682
f 442/698/698 441/682/682 488/699/699
f 488/699/699 441/682/682 487/683/683
f 488/699/699 487/683/683 520/700/700
f 520/700/700 487/683/683 521/684/684
f 520/700/700 521/684/684 510/701/701
f 510/701/701 521/684/684 509/685/685
f 510/701/701 509/685/685 565/702/702
f 565/702/702 509/685/685 566/686/686
f 565/702/702 566/686/686 554/703/703
f 554/703/703 566/686/686 553/687/687
f 554/703/703 553/687/687 600/704/704
f 600/704/704 553/687/687 599/688/688
f 600/704/704 599/688/688 633/705/705
f 633/705/705 599/688/688 634/689/689
f 633/705/705 634/689/689 623/706/706
f 623/706/706 634/689/689 622/690/690
f 623/706/706 622/690/690 676/707/707
f 676/707/707 622/690/690 677/691/691
f 676/707/707 677/691/691 666/708/708
f 666/708/708 677/691/691 665/692/692
f 666/708/708 665/692/692 720/709/709
f 720/709/709 665/692/692 721/75/75
f 720/709/709 721/75/75 709/73/73
f 331/146/146 330/144/144 361/710/710
f 361/710/710 330/144/144 362/693/693
f 361/710/710 362/693/693 353/711/711
f 353/711/711 362/693/693 352/694/694
f 353/711/711 352/694/694 406/712/712
f 406/712/712 352/694/694 407/695/695
f 406/712/712 407/695/695 397/713/713
f 397/713/713 407/695/695 396/696/696
f 397/713/713 396/696/696 452/714/714
f 452/714/714 396/696/696 453/697/697
f 452/714/714 453/697/697 443/715/715
f 443/715/715 453/697/697 442/698/698
f 443/715/715 442/698/698 489/716/716
f 489/716/716 442/698/698 488/699/699
f 489/716/716 488/699/699 519/717/717
f 519/717/717 488/699/699 520/700/700
f 519/717/717 520/700/700 511/718/718
f 511/718/718 520/700/700 510/701/701
f 511/718/718 510/701/701 564/719/719
f 564/719/719 510/701/701 565/702/702
f 564/719/719 565/702/702 555/720/720
f 555/720/720 565/702/702 554/703/703
f 555/720/720 554/703/703 601/721/721
f 601/721/721 554/703/703 600/704/704
f 601/721/721 600/704/704 632/722/722
f 632/722/722 600/704/704 633/705/705
f 632/722/722 633/705/705 624/723/723
f 624/723/723 633/705/705 623/706/706
f 624/723/723 623/706/706 675/724/724
f 675/724/724 623/706/706 676/707/707
f 675/724/724 676/707/707 667/725/725
f 667/725/725 676/707/707 666/708/708
f 667/725/725 666/708/708 719/726/726
f 719/726/726 666/708/708 720/709/709
f 719/726/726 720/709/709 710/727/727
f 710/727/727 720/709/709 709/73/73
f 710/727/727 709/73/73 742/71/71
f 359/28/28 333/26/26 332/148/148
f 332/148/148 331/146/146 360/728/728
f 360/728/728 331/146/146 361/710/710
f 360/728/728 361/710/710 354/729/729
f 354/729/729 361/710/710 353/711/711
f 354/729/729 353/711/711 405/730/730
f 405/730/730 353/711/711 406/712/712
f 405/730/730 406/712/712 398/731/731
f 398/731/731 406/712/712 397/713/713
f 398/731/731 397/713/713 451/732/732
f 451/732/732 397/713/713 452/714/714
f 451/732/732 452/714/714 444/733/733
f 444/733/733 452/714/714 443/715/715
f 444/733/733 443/715/715 490/734/734
f 490/734/734 443/715/715 489/716/716
f 490/734/734 489/716/716 518/735/735
f 518/735/735 489/716/716 519/717/717
f 518/735/735 519/717/717 512/736/736
f 512/736/736 519/717/717 511/718/718
f 512/736/736 511/718/718 563/737/737
f 563/737/737 511/718/718 564/719/719
f 563/737/737 564/719/719 556/738/738
f 556/738/738 564/719/719 555/720/720
f 556/738/738 555/720/720 602/739/739
f 602/739/739 555/720/720 601/721/721
f 602/739/739 601/721/721 631/740/740
f 631/740/740 601/721/721 632/722/722
f 631/740/740 632/722/722 625/741/741
f 625/741/741 632/722/722 624/723/723
f 625/741/741 624/723/723 674/742/742
f 674/742/742 624/723/723 675/724/724
f 674/742/742 675/724/724 668/743/743
f 668/743/743 675/724/724 667/725/725
f 668/743/743 667/725/725 718/744/744
f 718/744/744 667/725/725 719/726/726
f 718/744/744 719/726/726 711/745/745
f 711/745/745 719/726/726 710/727/727
f 711/745/745 710/727/727 741/746/746
f 741/746/746 710/727/727 742/71/71
f 741/746/746 742/71/71 775/69/69
f 354/729/729 355/30/30 360/728/728
f 360/728/728 355/30/30 359/28/28
f 360/728/728 359/28/28 332/148/148
f 355/30/30 354/729/729 404/32/32
f 404/32/32 354/729/729 405/730/730
f 404/32/32 405/730/730 399/34/34
f 399/34/34 405/730/730 398/731/731
f 399/34/34 398/731/731 450/36/36
f 450/36/36 398/731/731 451/732/732
f 450/36/36 451/732/732 445/38/38
f 445/38/38 451/732/732 444/733/733
f 445/38/38 444/733/733 491/40/40
f 491/40/40 444/733/733 490/734/734
f 491/40/40 490/734/734 517/42/42
f 517/42/42 490/734/734 518/735/735
f 517/42/42 518/735/735 513/44/44
f 513/44/44 518/735/735 512/736/736
f 513/44/44 512/736/736 562/46/46
f 562/46/46 512/736/736 563/737/737
f 562/46/46 563/737/737 557/48/48
f 557/48/48 563/737/737 556/738/738
f 557/48/48 556/738/738 603/50/50
f 603/50/50 556/738/738 602/739/739
f 603/50/50 602/739/739 630/52/52
f 630/52/52 602/739/739 631/740/740
f 630/52/52 631/740/740 626/54/54
f 626/54/54 631/740/740 625/741/741
f 626/54/54 625/741/741 673/56/56
f 673/56/56 625/741/741 674/742/742
f 673/56/56 674/742/742 669/58/58
f 669/58/58 674/742/742 668/743/743
f 669/58/58 668/743/743 717/60/60
f 717/60/60 668/743/743 718/744/744
f 717/60/60 718/744/744 712/62/62
f 712/62/62 718/744/744 711/745/745
f 712/62/62 711/745/745 740/64/64
f 740/64/64 711/745/745 741/746/746
f 740/64/64 741/746/746 776/66/66
f 776/66/66 741/746/746 775/69/69
f 424/312/312 379/331/331 380/313/313
f 380/313/313 379/331/331 469/747/747
f 380/313/313 469/747/747 468/314/314
f 468/314/314 469/747/747 427/748/748
f 468/314/314 427/748/748 428/315/315
f 428/315/315 427/748/748 474/749/749
f 428/315/315 474/749/749 475/316/316
f 475/316/316 474/749/749 533/750/750
f 475/316/316 533/750/750 532/317/317
f 532/317/317 533/750/750 498/751/751
f 532/317/317 498/751/751 499/318/318
f 499/318/318 498/751/751 576/752/752
f 499/318/318 576/752/752 575/319/319
f 575/319/319 576/752/752 544/753/753
f 575/319/319 544/753/753 545/320/320
f 545/320/320 544/753/753 591/754/754
f 545/320/320 591/754/754 592/321/321
f 592/321/321 591/754/754 641/755/755
f 592/321/321 641/755/755 640/322/322
f 640/322/322 641/755/755 616/756/756
f 640/322/322 616/756/756 617/323/323
f 617/323/323 616/756/756 682/757/757
f 617/323/323 682/757/757 681/324/324
f 681/324/324 682/757/757 661/758/758
f 681/324/324 661/758/758 662/325/325
f 662/325/325 661/758/758 724/759/759
f 662/325/325 724/759/759 723/326/326
f 723/326/326 724/759/759 706/760/760
f 723/326/326 706/760/760 707/327/327
f 707/327/327 706/760/760 745/761/761
f 707/327/327 745/761/761 744/328/328
f 744/328/328 745/761/761 772/365/365
f 744/328/328 772/365/365 773/329/329
f 470/333/333 426/335/335 469/747/747
f 469/747/747 426/335/335 427/748/748
f 474/749/749 427/748/748 473/337/337
f 473/337/337 427/748/748 426/335/335
f 493/494/494 446/37/37 492/39/39
f 379/331/331 470/333/333 469/747/747
f 533/750/750 474/749/749 534/339/339
f 534/339/339 474/749/749 473/337/337
f 83/492/492 493/494/494 492/39/39
f 83/492/492 492/39/39 516/41/41
f 85/384/384 494/762/762 84/382/382
f 84/382/382 494/762/762 536/368/368
f 84/382/382 536/368/368 471/367/367
f 536/368/368 494/762/762 495/369/369
f 495/369/369 494/762/762 580/763/763
f 495/369/369 580/763/763 579/370/370
f 579/370/370 580/763/763 540/764/764
f 579/370/370 540/764/764 541/371/371
f 541/371/371 540/764/764 587/765/765
f 541/371/371 587/765/765 588/372/372
f 588/372/372 587/765/765 645/766/766
f 588/372/372 645/766/766 644/373/373
f 644/373/373 645/766/766 612/767/767
f 644/373/373 612/767/767 613/374/374
f 613/374/374 612/767/767 686/768/768
f 613/374/374 686/768/768 685/375/375
f 685/375/375 686/768/768 657/769/769
f 685/375/375 657/769/769 658/376/376
f 658/376/376 657/769/769 728/770/770
f 658/376/376 728/770/770 727/377/377
f 727/377/377 728/770/770 702/771/771
f 727/377/377 702/771/771 703/378/378
f 703/378/378 702/771/771 749/772/772
f 703/378/378 749/772/772 748/379/379
f 748/379/379 749/772/772 768/457/457
f 748/379/379 768/457/457 769/380/380
f 769/380/380 768/457/457 44/381/381
f 580/763/763 494/762/762 581/468/468
f 581/468/468 494/762/762 85/384/384
f 533/750/750 534/339/339 497/341/341
f 533/750/750 497/341/341 498/751/751
f 498/751/751 497/341/341 577/343/343
f 498/751/751 577/343/343 576/752/752
f 576/752/752 577/343/343 543/345/345
f 576/752/752 543/345/345 544/753/753
f 544/753/753 543/345/345 590/347/347
f 544/753/753 590/347/347 591/754/754
f 591/754/754 590/347/347 642/349/349
f 591/754/754 642/349/349 641/755/755
f 641/755/755 642/349/349 615/351/351
f 641/755/755 615/351/351 616/756/756
f 616/756/756 615/351/351 683/353/353
f 616/756/756 683/353/353 682/757/757
f 682/757/757 683/353/353 660/355/355
f 682/757/757 660/355/355 661/758/758
f 661/758/758 660/355/355 725/357/357
f 661/758/758 725/357/357 724/759/759
f 724/759/759 725/357/357 705/359/359
f 724/759/759 705/359/359 706/760/760
f 706/760/760 705/359/359 746/361/361
f 706/760/760 746/361/361 745/761/761
f 745/761/761 746/361/361 771/363/363
f 745/761/761 771/363/363 772/365/365
f 83/492/492 516/41/41 515/490/490
f 515/490/490 516/41/41 514/43/43
f 515/490/490 514/43/43 560/488/488
f 560/488/488 514/43/43 561/45/45
f 560/488/488 561/45/45 559/486/486
f 559/486/486 561/45/45 558/47/47
f 559/486/486 558/47/47 605/485/485
f 580/763/763 581/468/468 539/467/467
f 580/763/763 539/467/467 540/764/764
f 540/764/764 539/467/467 586/466/466
f 540/764/764 586/466/466 587/765/765
f 587/765/765 586/466/466 646/465/465
f 587/765/765 646/465/465 645/766/766
f 645/766/766 646/465/465 611/464/464
f 645/766/766 611/464/464 612/767/767
f 612/767/767 611/464/464 687/463/463
f 612/767/767 687/463/463 686/768/768
f 686/768/768 687/463/463 656/462/462
f 686/768/768 656/462/462 657/769/769
f 657/769/769 656/462/462 729/461/461
f 657/769/769 729/461/461 728/770/770
f 728/770/770 729/461/461 701/460/460
f 728/770/770 701/460/460 702/771/771
f 702/771/771 701/460/460 750/459/459
f 702/771/771 750/459/459 749/772/772
f 749/772/772 750/459/459 767/458/458
f 749/772/772 767/458/458 768/457/457
f 606/421/421 607/773/773 87/419/419
f 87/419/419 607/773/773 649/411/411
f 87/419/419 649/411/411 583/410/410
f 649/411/411 607/773/773 608/412/412
f 608/412/412 607/773/773 691/774/774
f 608/412/412 691/774/774 690/413/413
f 690/413/413 691/774/774 652/775/775
f 690/413/413 652/775/775 653/414/414
f 653/414/414 652/775/775 733/776/776
f 653/414/414 733/776/776 732/415/415
f 732/415/415 733/776/776 697/777/777
f 732/415/415 697/777/777 698/416/416
f 698/416/416 697/777/777 754/778/778
f 698/416/416 754/778/778 753/417/417
f 753/417/417 754/778/778 763/437/437
f 753/417/417 763/437/437 764/418/418
f 691/774/774 607/773/773 692/423/423
f 692/423/423 607/773/773 606/421/421
f 691/774/774 692/423/423 651/425/425
f 691/774/774 651/425/425 652/775/775
f 652/775/775 651/425/425 734/427/427
f 652/775/775 734/427/427 733/776/776
f 733/776/776 734/427/427 696/429/429
f 733/776/776 696/429/429 697/777/777
f 697/777/777 696/429/429 755/431/431
f 697/777/777 755/431/431 754/778/778
f 754/778/778 755/431/431 762/435/435
f 754/778/778 762/435/435 763/437/437
f 715/476/476 670/57/57 716/59/59
f 737/447/447 91/451/451 693/448/448
f 693/448/448 91/451/451 759/455/455
f 693/448/448 759/455/455 758/449/449
f 760/453/453 759/455/455 91/451/451
f 715/476/476 716/59/59 714/474/474
f 714/474/474 716/59/59 713/61/61
f 714/474/474 713/61/61 738/472/472
f 738/472/472 713/61/61 739/63/63
f 738/472/472 739/63/63 92/469/469
f 92/469/469 739/63/63 777/65/65
f 761/433/433 762/435/435 755/431/431
f 779/779/779 1/780/780 804/781/781
f 804/781/781 1/780/780 73/782/782
f 804/781/781 73/782/782 803/783/783
f 803/783/783 73/782/782 72/784/784
f 803/783/783 72/784/784 802/785/785
f 802/785/785 72/784/784 71/786/786
f 802/785/785 71/786/786 801/787/787
f 801/787/787 71/786/786 70/788/788
f 801/787/787 70/788/788 800/789/789
f 800/789/789 70/788/788 69/790/790
f 800/789/789 69/790/790 799/791/791
f 799/791/791 69/790/790 68/792/792
f 799/791/791 68/792/792 798/793/793
f 798/793/793 68/792/792 67/794/794
f 798/793/793 67/794/794 797/795/795
f 797/795/795 67/794/794 66/796/796
f 797/795/795 66/796/796 796/797/797
f 796/797/797 66/796/796 65/798/798
f 796/797/797 65/798/798 795/799/799
f 795/799/799 65/798/798 64/800/800
f 795/799/799 64/800/800 794/801/801
f 794/801/801 64/800/800 63/802/802
f 794/801/801 63/802/802 793/803/803
f 793/803/803 63/802/802 62/804/804
f 793/803/803 62/804/804 792/805/805
f 792/805/805 62/804/804 61/806/806
f 792/805/805 61/806/806 791/807/807
f 791/807/807 61/806/806 60/808/808
f 791/807/807 60/808/808 790/809/809
f 790/809/809 60/808/808 59/810/810
f 790/809/809 59/810/810 789/811/811
f 789/811/811 59/810/810 58/812/812
f 789/811/811 58/812/812 788/813/813
f 788/813/813 58/812/812 57/814/814
f 788/813/813 57/814/814 787/815/815
f 787/815/815 57/814/814 56/816/816
f 787/815/815 56/816/816 786/817/817
f 786/817/817 56/816/816 55/818/818
f 786/817/817 55/818/818 785/819/819
f 785/819/819 55/818/818 54/820/820
f 785/819/819 54/820/820 784/821/821
f 784/821/821 54/820/820 53/822/822
f 784/821/821 53/822/822 783/823/823
f 783/823/823 53/822/822 52/824/824
f 783/823/823 52/824/824 782/825/825
f 782/825/825 52/824/824 51/826/826
f 782/825/825 51/826/826 781/827/827
f 781/827/827 51/826/826 50/828/828
f 781/827/827 50/828/828 780/829/829
f 780/829/829 50/828/828 49/830/830
f 806/831/831 869/832/832 805/833/833
f 805/833/833 869/832/832 870/834/834
f 805/833/833 870/834/834 851/835/835
f 851/835/835 870/834/834 871/836/836
f 851/835/835 871/836/836 850/837/837
f 850/837/837 871/836/836 872/838/838
f 850/837/837 872/838/838 849/839/839
f 849/839/839 872/838/838 873/840/840
f 849/839/839 873/840/840 848/841/841
f 848/841/841 873/840/840 874/842/842
f 848/841/841 874/842/842 911/843/843
f 911/843/843 874/842/842 875/844/844
f 911/843/843 875/844/844 910/845/845
f 910/845/845 875/844/844 876/846/846
f 910/845/845 876/846/846 909/847/847
f 909/847/847 876/846/846 877/848/848
f 909/847/847 877/848/848 908/849/849
f 908/849/849 877/848/848 878/850/850
f 908/849/849 878/850/850 907/851/851
f 907/851/851 878/850/850 879/852/852
f 907/851/851 879/852/852 906/853/853
f 906/853/853 879/852/852 880/854/854
f 906/853/853 880/854/854 905/855/855
f 905/855/855 880/854/854 881/856/856
f 905/855/855 881/856/856 904/857/857
f 904/857/857 881/856/856 882/858/858
f 904/857/857 882/858/858 903/859/859
f 903/859/859 882/858/858 883/860/860
f 903/859/859 883/860/860 902/861/861
f 902/861/861 883/860/860 884/862/862
f 902/861/861 884/862/862 901/863/863
f 901/863/863 884/862/862 885/864/864
f 901/863/863 885/864/864 900/865/865
f 900/865/865 885/864/864 886/866/866
f 900/865/865 886/866/866 899/867/867
f 899/867/867 886/866/866 887/868/868
f 899/867/867 887/868/868 898/869/869
f 898/869/869 887/868/868 888/870/870
f 898/869/869 888/870/870 897/871/871
f 897/871/871 888/870/870 889/872/872
f 897/871/871 889/872/872 896/873/873
f 896/873/873 889/872/872 890/874/874
f 896/873/873 890/874/874 895/875/875
f 895/875/875 890/874/874 891/876/876
f 895/875/875 891/876/876 894/877/877
f 894/877/877 891/876/876 892/878/878
f 894/877/877 892/878/878 893/879/879
f 893/879/879 892/878/878 781/880/880
f 893/879/879 781/880/880 780/881/881
f 807/882/882 867/883/883 806/831/831
f 806/831/831 867/883/883 912/884/884
f 806/831/831 912/884/884 869/832/832
f 869/832/832 912/884/884 913/885/885
f 869/832/832 913/885/885 956/886/886
f 956/886/886 913/885/885 914/887/887
f 956/886/886 914/887/887 955/888/888
f 955/888/888 914/887/887 915/889/889
f 955/888/888 915/889/889 954/890/890
f 954/890/890 915/889/889 916/891/891
f 954/890/890 916/891/891 953/892/892
f 953/892/892 916/891/891 917/893/893
f 953/892/892 917/893/893 952/894/894
f 952/894/894 917/893/893 918/895/895
f 952/894/894 918/895/895 951/896/896
f 951/896/896 918/895/895 919/897/897
f 951/896/896 919/897/897 950/898/898
f 950/898/898 919/897/897 920/899/899
f 950/898/898 920/899/899 949/900/900
f 949/900/900 920/899/899 921/901/901
f 949/900/900 921/901/901 948/902/902
f 948/902/902 921/901/901 922/903/903
f 948/902/902 922/903/903 947/904/904
f 947/904/904 922/903/903 923/905/905
f 947/904/904 923/905/905 946/906/906
f 946/906/906 923/905/905 924/907/907
f 946/906/906 924/907/907 945/908/908
f 945/908/908 924/907/907 925/909/909
f 945/908/908 925/909/909 944/910/910
f 944/910/910 925/909/909 926/911/911
f 944/910/910 926/911/911 943/912/912
f 943/912/912 926/911/911 927/913/913
f 943/912/912 927/913/913 942/914/914
f 942/914/914 927/913/913 928/915/915
f 942/914/914 928/915/915 941/916/916
f 941/916/916 928/915/915 929/917/917
f 941/916/916 929/917/917 940/918/918
f 940/918/918 929/917/917 930/919/919
f 940/918/918 930/919/919 939/920/920
f 939/920/920 930/919/919 931/921/921
f 939/920/920 931/921/921 938/922/922
f 938/922/922 931/921/921 932/923/923
f 938/922/922 932/923/923 937/924/924
f 937/924/924 932/923/923 933/925/925
f 937/924/924 933/925/925 936/926/926
f 936/926/926 933/925/925 934/927/927
f 936/926/926 934/927/927 935/928/928
f 935/928/928 934/927/927 783/929/929
f 935/928/928 783/929/929 782/930/930
f 867/883/883 807/882/882 866/931/931
f 866/931/931 807/882/882 808/932/932
f 866/931/931 808/932/932 1043/933/933
f 1043/933/933 808/932/932 864/934/934
f 1043/933/933 864/934/934 1000/935/935
f 1000/935/935 864/934/934 1088/936/936
f 1000/935/935 1088/936/936 1087/937/937
f 1087/937/937 1088/936/936 1046/938/938
f 1087/937/937 1046/938/938 1047/939/939
f 1047/939/939 1046/938/938 1093/940/940
f 1047/939/939 1093/940/940 1094/941/941
f 1094/941/941 1093/940/940 1152/942/942
f 1094/941/941 1152/942/942 1151/943/943
f 1151/943/943 1152/942/942 1117/944/944
f 1151/943/943 1117/944/944 1118/945/945
f 1118/945/945 1117/944/944 1195/946/946
f 1118/945/945 1195/946/946 1194/947/947
f 1194/947/947 1195/946/946 1163/948/948
f 1194/947/947 1163/948/948 1164/949/949
f 1164/949/949 1163/948/948 1239/950/950
f 1164/949/949 1239/950/950 1238/951/951
f 1238/951/951 1239/950/950 1211/952/952
f 1238/951/951 1211/952/952 1212/953/953
f 1212/953/953 1211/952/952 1258/954/954
f 1212/953/953 1258/954/954 1259/955/955
f 1259/955/955 1258/954/954 1303/956/956
f 1259/955/955 1303/956/956 1302/957/957
f 1302/957/957 1303/956/956 1282/958/958
f 1302/957/957 1282/958/958 1283/959/959
f 1283/959/959 1282/958/958 1346/960/960
f 1283/959/959 1346/960/960 1345/961/961
f 1345/961/961 1346/960/960 1328/962/962
f 1345/961/961 1328/962/962 1329/963/963
f 1329/963/963 1328/962/962 1375/964/964
f 1329/963/963 1375/964/964 1376/965/965
f 1376/965/965 1375/964/964 1411/966/966
f 1376/965/965 1411/966/966 1410/967/967
f 1410/967/967 1411/966/966 1400/968/968
f 1410/967/967 1400/968/968 1401/969/969
f 1401/969/969 1400/968/968 1452/970/970
f 1401/969/969 1452/970/970 1451/971/971
f 1451/971/971 1452/970/970 1445/972/972
f 1451/971/971 1445/972/972 1446/973/973
f 1446/973/973 1445/972/972 1494/974/974
f 1446/973/973 1494/974/974 1493/975/975
f 1493/975/975 1494/974/974 1490/976/976
f 1493/975/975 1490/976/976 1491/977/977
f 1491/977/977 1490/976/976 1515/978/978
f 1491/977/977 1515/978/978 803/979/979
f 803/979/979 1515/978/978 804/980/980
f 804/980/980 1515/978/978 1555/981/981
f 804/980/980 1555/981/981 779/982/982
f 779/982/982 1555/981/981 836/983/983
f 836/983/983 1555/981/981 1554/984/984
f 836/983/983 1554/984/984 1553/985/985
f 1553/985/985 1554/984/984 1517/986/986
f 1553/985/985 1517/986/986 1518/987/987
f 1518/987/987 1517/986/986 1488/988/988
f 1518/987/987 1488/988/988 1487/989/989
f 1487/989/989 1488/988/988 1496/990/990
f 1487/989/989 1496/990/990 1497/991/991
f 1497/991/991 1496/990/990 1443/992/992
f 1497/991/991 1443/992/992 1442/993/993
f 1442/993/993 1443/992/992 1454/994/994
f 1442/993/993 1454/994/994 1455/995/995
f 1455/995/995 1454/994/994 1398/996/996
f 1455/995/995 1398/996/996 1397/997/997
f 1397/997/997 1398/996/996 1413/998/998
f 1397/997/997 1413/998/998 1414/999/999
f 1414/999/999 1413/998/998 1373/1000/1000
f 1414/999/999 1373/1000/1000 1372/1001/1001
f 1372/1001/1001 1373/1000/1000 1326/1002/1002
f 1372/1001/1001 1326/1002/1002 1325/1003/1003
f 1325/1003/1003 1326/1002/1002 1348/1004/1004
f 1325/1003/1003 1348/1004/1004 1349/1005/1005
f 1349/1005/1005 1348/1004/1004 1280/1006/1006
f 1349/1005/1005 1280/1006/1006 1279/1007/1007
f 1279/1007/1007 1280/1006/1006 1305/1008/1008
f 1279/1007/1007 1305/1008/1008 1306/1009/1009
f 1306/1009/1009 1305/1008/1008 1256/1010/1010
f 1306/1009/1009 1256/1010/1010 1255/1011/1011
f 1255/1011/1011 1256/1010/1010 1209/1012/1012
f 1255/1011/1011 1209/1012/1012 1208/1013/1013
f 1208/1013/1013 1209/1012/1012 1241/1014/1014
f 1208/1013/1013 1241/1014/1014 1242/1015/1015
f 1242/1015/1015 1241/1014/1014 1161/1016/1016
f 1242/1015/1015 1161/1016/1016 1160/1017/1017
f 1160/1017/1017 1161/1016/1016 1197/1018/1018
f 1160/1017/1017 1197/1018/1018 1198/1019/1019
f 1198/1019/1019 1197/1018/1018 1115/1020/1020
f 1198/1019/1019 1115/1020/1020 1114/1021/1021
f 1114/1021/1021 1115/1020/1020 1154/1022/1022
f 1114/1021/1021 1154/1022/1022 1155/1023/1023
f 1155/1023/1023 1154/1022/1022 1091/1024/1024
f 1155/1023/1023 1091/1024/1024 1090/1025/1025
f 1090/1025/1025 1091/1024/1024 1044/1026/1026
f 1090/1025/1025 1044/1026/1026 810/1027/1027
f 810/1027/1027 1044/1026/1026 809/1028/1028
f 809/1028/1028 1044/1026/1026 1089/1029/1029
f 809/1028/1028 1089/1029/1029 864/934/934
f 864/934/934 1089/1029/1029 1088/936/936
f 808/932/932 809/1028/1028 864/934/934
f 1090/1025/1025 810/1027/1027 863/1030/1030
f 863/1030/1030 810/1027/1027 811/1031/1031
f 863/1030/1030 811/1031/1031 861/1032/1032
f 861/1032/1032 811/1031/1031 812/1033/1033
f 861/1032/1032 812/1033/1033 1201/1034/1034
f 1201/1034/1034 812/1033/1033 1156/1035/1035
f 1201/1034/1034 1156/1035/1035 1157/1036/1036
f 1157/1036/1036 1156/1035/1035 1246/1037/1037
f 1157/1036/1036 1246/1037/1037 1245/1038/1038
f 1245/1038/1038 1246/1037/1037 1204/1039/1039
f 1245/1038/1038 1204/1039/1039 1205/1040/1040
f 1205/1040/1040 1204/1039/1039 1251/1041/1041
f 1205/1040/1040 1251/1041/1041 1252/1042/1042
f 1252/1042/1042 1251/1041/1041 1310/1043/1043
f 1252/1042/1042 1310/1043/1043 1309/1044/1044
f 1309/1044/1044 1310/1043/1043 1275/1045/1045
f 1309/1044/1044 1275/1045/1045 1276/1046/1046
f 1276/1046/1046 1275/1045/1045 1353/1047/1047
f 1276/1046/1046 1353/1047/1047 1352/1048/1048
f 1352/1048/1048 1353/1047/1047 1321/1049/1049
f 1352/1048/1048 1321/1049/1049 1322/1050/1050
f 1322/1050/1050 1321/1049/1049 1368/1051/1051
f 1322/1050/1050 1368/1051/1051 1369/1052/1052
f 1369/1052/1052 1368/1051/1051 1418/1053/1053
f 1369/1052/1052 1418/1053/1053 1417/1054/1054
f 1417/1054/1054 1418/1053/1053 1393/1055/1055
f 1417/1054/1054 1393/1055/1055 1394/1056/1056
f 1394/1056/1056 1393/1055/1055 1459/1057/1057
f 1394/1056/1056 1459/1057/1057 1458/1058/1058
f 1458/1058/1058 1459/1057/1057 1438/1059/1059
f 1458/1058/1058 1438/1059/1059 1439/1060/1060
f 1439/1060/1060 1438/1059/1059 1501/1061/1061
f 1439/1060/1060 1501/1061/1061 1500/1062/1062
f 1500/1062/1062 1501/1061/1061 1483/1063/1063
f 1500/1062/1062 1483/1063/1063 1484/1064/1064
f 1484/1064/1064 1483/1063/1063 1522/1065/1065
f 1484/1064/1064 1522/1065/1065 1521/1066/1066
f 1521/1066/1066 1522/1065/1065 1549/1067/1067
f 1521/1066/1066 1549/1067/1067 1550/1068/1068
f 1550/1068/1068 1549/1067/1067 834/1069/1069
f 1550/1068/1068 834/1069/1069 1551/1070/1070
f 1551/1070/1070 834/1069/1069 835/1071/1071
f 1551/1070/1070 835/1071/1071 1552/1072/1072
f 1552/1072/1072 835/1071/1071 1553/985/985
f 1552/1072/1072 1553/985/985 1518/987/987
f 812/1033/1033 813/1073/1073 1156/1035/1035
f 1156/1035/1035 813/1073/1073 1247/1074/1074
f 1156/1035/1035 1247/1074/1074 1246/1037/1037
f 1246/1037/1037 1247/1074/1074 1203/1075/1075
f 1246/1037/1037 1203/1075/1075 1204/1039/1039
f 1204/1039/1039 1203/1075/1075 1250/1076/1076
f 1204/1039/1039 1250/1076/1076 1251/1041/1041
f 1251/1041/1041 1250/1076/1076 1311/1077/1077
f 1251/1041/1041 1311/1077/1077 1310/1043/1043
f 1310/1043/1043 1311/1077/1077 1274/1078/1078
f 1310/1043/1043 1274/1078/1078 1275/1045/1045
f 1275/1045/1045 1274/1078/1078 1354/1079/1079
f 1275/1045/1045 1354/1079/1079 1353/1047/1047
f 1353/1047/1047 1354/1079/1079 1320/1080/1080
f 1353/1047/1047 1320/1080/1080 1321/1049/1049
f 1321/1049/1049 1320/1080/1080 1367/1081/1081
f 1321/1049/1049 1367/1081/1081 1368/1051/1051
f 1368/1051/1051 1367/1081/1081 1419/1082/1082
f 1368/1051/1051 1419/1082/1082 1418/1053/1053
f 1418/1053/1053 1419/1082/1082 1392/1083/1083
f 1418/1053/1053 1392/1083/1083 1393/1055/1055
f 1393/1055/1055 1392/1083/1083 1460/1084/1084
f 1393/1055/1055 1460/1084/1084 1459/1057/1057
f 1459/1057/1057 1460/1084/1084 1437/1085/1085
f 1459/1057/1057 1437/1085/1085 1438/1059/1059
f 1438/1059/1059 1437/1085/1085 1502/1086/1086
f 1438/1059/1059 1502/1086/1086 1501/1061/1061
f 1501/1061/1061 1502/1086/1086 1482/1087/1087
f 1501/1061/1061 1482/1087/1087 1483/1063/1063
f 1483/1063/1063 1482/1087/1087 1523/1088/1088
f 1483/1063/1063 1523/1088/1088 1522/1065/1065
f 1522/1065/1065 1523/1088/1088 1548/1089/1089
f 1522/1065/1065 1548/1089/1089 1549/1067/1067
f 1549/1067/1067 1548/1089/1089 833/1090/1090
f 1549/1067/1067 833/1090/1090 834/1069/1069
f 1247/1074/1074 813/1073/1073 1202/1091/1091
f 1202/1091/1091 813/1073/1073 814/1092/1092
f 1202/1091/1091 814/1092/1092 1248/1093/1093
f 1248/1093/1093 814/1092/1092 859/1094/1094
f 1248/1093/1093 859/1094/1094 1313/1095/1095
f 1313/1095/1095 859/1094/1094 1271/1096/1096
f 1313/1095/1095 1271/1096/1096 1272/1097/1097
f 1272/1097/1097 1271/1096/1096 1357/1098/1098
f 1272/1097/1097 1357/1098/1098 1356/1099/1099
f 1356/1099/1099 1357/1098/1098 1317/1100/1100
f 1356/1099/1099 1317/1100/1100 1318/1101/1101
f 1318/1101/1101 1317/1100/1100 1364/1102/1102
f 1318/1101/1101 1364/1102/1102 1365/1103/1103
f 1365/1103/1103 1364/1102/1102 1422/1104/1104
f 1365/1103/1103 1422/1104/1104 1421/1105/1105
f 1421/1105/1105 1422/1104/1104 1389/1106/1106
f 1421/1105/1105 1389/1106/1106 1390/1107/1107
f 1390/1107/1107 1389/1106/1106 1463/1108/1108
f 1390/1107/1107 1463/1108/1108 1462/1109/1109
f 1462/1109/1109 1463/1108/1108 1434/1110/1110
f 1462/1109/1109 1434/1110/1110 1435/1111/1111
f 1435/1111/1111 1434/1110/1110 1505/1112/1112
f 1435/1111/1111 1505/1112/1112 1504/1113/1113
f 1504/1113/1113 1505/1112/1112 1479/1114/1114
f 1504/1113/1113 1479/1114/1114 1480/1115/1115
f 1480/1115/1115 1479/1114/1114 1526/1116/1116
f 1480/1115/1115 1526/1116/1116 1525/1117/1117
f 1525/1117/1117 1526/1116/1116 1545/1118/1118
f 1525/1117/1117 1545/1118/1118 1546/1119/1119
f 1546/1119/1119 1545/1118/1118 832/1120/1120
f 1546/1119/1119 832/1120/1120 1547/1121/1121
f 1547/1121/1121 832/1120/1120 833/1090/1090
f 1547/1121/1121 833/1090/1090 1548/1089/1089
f 814/1092/1092 815/1122/1122 859/1094/1094
f 859/1094/1094 815/1122/1122 858/1123/1123
f 859/1094/1094 858/1123/1123 1271/1096/1096
f 1271/1096/1096 858/1123/1123 1358/1124/1124
f 1271/1096/1096 1358/1124/1124 1357/1098/1098
f 1357/1098/1098 1358/1124/1124 1316/1125/1125
f 1357/1098/1098 1316/1125/1125 1317/1100/1100
f 1317/1100/1100 1316/1125/1125 1363/1126/1126
f 1317/1100/1100 1363/1126/1126 1364/1102/1102
f 1364/1102/1102 1363/1126/1126 1423/1127/1127
f 1364/1102/1102 1423/1127/1127 1422/1104/1104
f 1422/1104/1104 1423/1127/1127 1388/1128/1128
f 1422/1104/1104 1388/1128/1128 1389/1106/1106
f 1389/1106/1106 1388/1128/1128 1464/1129/1129
f 1389/1106/1106 1464/1129/1129 1463/1108/1108
f 1463/1108/1108 1464/1129/1129 1433/1130/1130
f 1463/1108/1108 1433/1130/1130 1434/1110/1110
f 1434/1110/1110 1433/1130/1130 1506/1131/1131
f 1434/1110/1110 1506/1131/1131 1505/1112/1112
f 1505/1112/1112 1506/1131/1131 1478/1132/1132
f 1505/1112/1112 1478/1132/1132 1479/1114/1114
f 1479/1114/1114 1478/1132/1132 1527/1133/1133
f 1479/1114/1114 1527/1133/1133 1526/1116/1116
f 1526/1116/1116 1527/1133/1133 1544/1134/1134
f 1526/1116/1116 1544/1134/1134 1545/1118/1118
f 1545/1118/1118 1544/1134/1134 831/1135/1135
f 1545/1118/1118 831/1135/1135 832/1120/1120
f 815/1122/1122 816/1136/1136 858/1123/1123
f 858/1123/1123 816/1136/1136 1359/1137/1137
f 858/1123/1123 1359/1137/1137 1358/1124/1124
f 1358/1124/1124 1359/1137/1137 1315/1138/1138
f 1358/1124/1124 1315/1138/1138 1316/1125/1125
f 1316/1125/1125 1315/1138/1138 1362/1139/1139
f 1316/1125/1125 1362/1139/1139 1363/1126/1126
f 1363/1126/1126 1362/1139/1139 1424/1140/1140
f 1363/1126/1126 1424/1140/1140 1423/1127/1127
f 1423/1127/1127 1424/1140/1140 1387/1141/1141
f 1423/1127/1127 1387/1141/1141 1388/1128/1128
f 1388/1128/1128 1387/1141/1141 1465/1142/1142
f 1388/1128/1128 1465/1142/1142 1464/1129/1129
f 1464/1129/1129 1465/1142/1142 1432/1143/1143
f 1464/1129/1129 1432/1143/1143 1433/1130/1130
f 1433/1130/1130 1432/1143/1143 1507/1144/1144
f 1433/1130/1130 1507/1144/1144 1506/1131/1131
f 1506/1131/1131 1507/1144/1144 1477/1145/1145
f 1506/1131/1131 1477/1145/1145 1478/1132/1132
f 1478/1132/1132 1477/1145/1145 1528/1146/1146
f 1478/1132/1132 1528/1146/1146 1527/1133/1133
f 1527/1133/1133 1528/1146/1146 1543/1147/1147
f 1527/1133/1133 1543/1147/1147 1544/1134/1134
f 1544/1134/1134 1543/1147/1147 831/1135/1135
f 1359/1137/1137 816/1136/1136 1314/1148/1148
f 1314/1148/1148 816/1136/1136 817/1149/1149
f 1314/1148/1148 817/1149/1149 1360/1150/1150
f 1360/1150/1150 817/1149/1149 856/1151/1151
f 1360/1150/1150 856/1151/1151 1426/1152/1152
f 1426/1152/1152 856/1151/1151 1384/1153/1153
f 1426/1152/1152 1384/1153/1153 1385/1154/1154
f 1385/1154/1154 1384/1153/1153 1468/1155/1155
f 1385/1154/1154 1468/1155/1155 1467/1156/1156
f 1467/1156/1156 1468/1155/1155 1429/1157/1157
f 1467/1156/1156 1429/1157/1157 1430/1158/1158
f 1430/1158/1158 1429/1157/1157 1510/1159/1159
f 1430/1158/1158 1510/1159/1159 1509/1160/1160
f 1509/1160/1160 1510/1159/1159 1474/1161/1161
f 1509/1160/1160 1474/1161/1161 1475/1162/1162
f 1475/1162/1162 1474/1161/1161 1531/1163/1163
f 1475/1162/1162 1531/1163/1163 1530/1164/1164
f 1530/1164/1164 1531/1163/1163 1540/1165/1165
f 1530/1164/1164 1540/1165/1165 1541/1166/1166
f 1541/1166/1166 1540/1165/1165 829/1167/1167
f 1541/1166/1166 829/1167/1167 830/1168/1168
f 817/1149/1149 818/1169/1169 856/1151/1151
f 856/1151/1151 818/1169/1169 1383/1170/1170
f 856/1151/1151 1383/1170/1170 1384/1153/1153
f 1384/1153/1153 1383/1170/1170 1469/1171/1171
f 1384/1153/1153 1469/1171/1171 1468/1155/1155
f 1468/1155/1155 1469/1171/1171 1428/1172/1172
f 1468/1155/1155 1428/1172/1172 1429/1157/1157
f 1429/1157/1157 1428/1172/1172 1511/1173/1173
f 1429/1157/1157 1511/1173/1173 1510/1159/1159
f 1510/1159/1159 1511/1173/1173 1473/1174/1174
f 1510/1159/1159 1473/1174/1174 1474/1161/1161
f 1474/1161/1161 1473/1174/1174 1532/1175/1175
f 1474/1161/1161 1532/1175/1175 1531/1163/1163
f 1531/1163/1163 1532/1175/1175 1539/1176/1176
f 1531/1163/1163 1539/1176/1176 1540/1165/1165
f 1540/1165/1165 1539/1176/1176 828/1177/1177
f 1540/1165/1165 828/1177/1177 829/1167/1167
f 1383/1170/1170 818/1169/1169 855/1178/1178
f 855/1178/1178 818/1169/1169 819/1179/1179
f 855/1178/1178 819/1179/1179 853/1180/1180
f 853/1180/1180 819/1179/1179 820/1181/1181
f 853/1180/1180 820/1181/1181 1514/1182/1182
f 1514/1182/1182 820/1181/1181 852/1183/1183
f 1514/1182/1182 852/1183/1183 1470/1184/1184
f 1470/1184/1184 852/1183/1183 1536/1185/1185
f 1470/1184/1184 1536/1185/1185 1535/1186/1186
f 1535/1186/1186 1536/1185/1185 823/1187/1187
f 1535/1186/1186 823/1187/1187 824/1188/1188
f 820/1181/1181 821/1189/1189 852/1183/1183
f 852/1183/1183 821/1189/1189 1537/1190/1190
f 852/1183/1183 1537/1190/1190 1536/1185/1185
f 1536/1185/1185 1537/1190/1190 822/1191/1191
f 1536/1185/1185 822/1191/1191 823/1187/1187
f 821/1189/1189 822/1191/1191 1537/1190/1190
f 1535/1186/1186 824/1188/1188 1534/1192/1192
f 1534/1192/1192 824/1188/1188 825/1193/1193
f 1534/1192/1192 825/1193/1193 1533/1194/1194
f 1533/1194/1194 825/1193/1193 1556/1195/1195
f 1533/1194/1194 1556/1195/1195 826/1196/1196
f 826/1196/1196 1556/1195/1195 825/1193/1193
f 827/1197/1197 1538/1198/1198 826/1196/1196
f 826/1196/1196 1538/1198/1198 1532/1175/1175
f 826/1196/1196 1532/1175/1175 1533/1194/1194
f 1533/1194/1194 1532/1175/1175 1473/1174/1174
f 1533/1194/1194 1473/1174/1174 1472/1199/1199
f 1472/1199/1199 1473/1174/1174 1511/1173/1173
f 1472/1199/1199 1511/1173/1173 1512/1200/1200
f 1512/1200/1200 1511/1173/1173 1428/1172/1172
f 1512/1200/1200 1428/1172/1172 1427/1201/1201
f 1427/1201/1201 1428/1172/1172 1469/1171/1171
f 1427/1201/1201 1469/1171/1171 855/1178/1178
f 855/1178/1178 1469/1171/1171 1383/1170/1170
f 1538/1198/1198 827/1197/1197 1539/1176/1176
f 1539/1176/1176 827/1197/1197 828/1177/1177
f 831/1135/1135 1543/1147/1147 830/1168/1168
f 830/1168/1168 1543/1147/1147 1542/1202/1202
f 830/1168/1168 1542/1202/1202 1541/1166/1166
f 1541/1166/1166 1542/1202/1202 1529/1203/1203
f 1541/1166/1166 1529/1203/1203 1530/1164/1164
f 1530/1164/1164 1529/1203/1203 1476/1204/1204
f 1530/1164/1164 1476/1204/1204 1475/1162/1162
f 1475/1162/1162 1476/1204/1204 1508/1205/1205
f 1475/1162/1162 1508/1205/1205 1509/1160/1160
f 1509/1160/1160 1508/1205/1205 1431/1206/1206
f 1509/1160/1160 1431/1206/1206 1430/1158/1158
f 1430/1158/1158 1431/1206/1206 1466/1207/1207
f 1430/1158/1158 1466/1207/1207 1467/1156/1156
f 1467/1156/1156 1466/1207/1207 1386/1208/1208
f 1467/1156/1156 1386/1208/1208 1385/1154/1154
f 1385/1154/1154 1386/1208/1208 1425/1209/1209
f 1385/1154/1154 1425/1209/1209 1426/1152/1152
f 1426/1152/1152 1425/1209/1209 1361/1210/1210
f 1426/1152/1152 1361/1210/1210 1360/1150/1150
f 1360/1150/1150 1361/1210/1210 1314/1148/1148
f 835/1071/1071 836/983/983 1553/985/985
f 803/979/979 802/1211/1211 1491/977/977
f 1491/977/977 802/1211/1211 1492/1212/1212
f 1491/977/977 1492/1212/1212 1493/975/975
f 1493/975/975 1492/1212/1212 1447/1213/1213
f 1493/975/975 1447/1213/1213 1446/973/973
f 1446/973/973 1447/1213/1213 1450/1214/1214
f 1446/973/973 1450/1214/1214 1451/971/971
f 1451/971/971 1450/1214/1214 1402/1215/1215
f 1451/971/971 1402/1215/1215 1401/969/969
f 1401/969/969 1402/1215/1215 1409/1216/1216
f 1401/969/969 1409/1216/1216 1410/967/967
f 1410/967/967 1409/1216/1216 1377/1217/1217
f 1410/967/967 1377/1217/1217 1376/965/965
f 1376/965/965 1377/1217/1217 1330/1218/1218
f 1376/965/965 1330/1218/1218 1329/963/963
f 1329/963/963 1330/1218/1218 1344/1219/1219
f 1329/963/963 1344/1219/1219 1345/961/961
f 1345/961/961 1344/1219/1219 1284/1220/1220
f 1345/961/961 1284/1220/1220 1283/959/959
f 1283/959/959 1284/1220/1220 1301/1221/1221
f 1283/959/959 1301/1221/1221 1302/957/957
f 1302/957/957 1301/1221/1221 1260/1222/1222
f 1302/957/957 1260/1222/1222 1259/955/955
f 1259/955/955 1260/1222/1222 1213/1223/1223
f 1259/955/955 1213/1223/1223 1212/953/953
f 1212/953/953 1213/1223/1223 1237/1224/1224
f 1212/953/953 1237/1224/1224 1238/951/951
f 1238/951/951 1237/1224/1224 1165/1225/1225
f 1238/951/951 1165/1225/1225 1164/949/949
f 1164/949/949 1165/1225/1225 1193/1226/1226
f 1164/949/949 1193/1226/1226 1194/947/947
f 1194/947/947 1193/1226/1226 1119/1227/1227
f 1194/947/947 1119/1227/1227 1118/945/945
f 1118/945/945 1119/1227/1227 1150/1228/1228
f 1118/945/945 1150/1228/1228 1151/943/943
f 1151/943/943 1150/1228/1228 1095/1229/1229
f 1151/943/943 1095/1229/1229 1094/941/941
f 1094/941/941 1095/1229/1229 1048/1230/1230
f 1094/941/941 1048/1230/1230 1047/939/939
f 1047/939/939 1048/1230/1230 1086/1231/1231
f 1047/939/939 1086/1231/1231 1087/937/937
f 1087/937/937 1086/1231/1231 1001/1232/1232
f 1087/937/937 1001/1232/1232 1000/935/935
f 1000/935/935 1001/1232/1232 1042/1233/1233
f 1000/935/935 1042/1233/1233 1043/933/933
f 1043/933/933 1042/1233/1233 866/931/931
f 1492/1212/1212 802/1211/1211 854/1234/1234
f 854/1234/1234 802/1211/1211 801/1235/1235
f 854/1234/1234 801/1235/1235 1448/1236/1236
f 1448/1236/1236 801/1235/1235 800/1237/1237
f 1448/1236/1236 800/1237/1237 1405/1238/1238
f 1405/1238/1238 800/1237/1237 799/1239/1239
f 1405/1238/1238 799/1239/1239 857/1240/1240
f 857/1240/1240 799/1239/1239 798/1241/1241
f 857/1240/1240 798/1241/1241 1382/1242/1242
f 1382/1242/1242 798/1241/1241 1336/1243/1243
f 1382/1242/1242 1336/1243/1243 1335/1244/1244
f 1335/1244/1244 1336/1243/1243 1338/1245/1245
f 1335/1244/1244 1338/1245/1245 1339/1246/1246
f 1339/1246/1246 1338/1245/1245 1290/1247/1247
f 1339/1246/1246 1290/1247/1247 1289/1248/1248
f 1289/1248/1248 1290/1247/1247 1295/1249/1249
f 1289/1248/1248 1295/1249/1249 1296/1250/1250
f 1296/1250/1250 1295/1249/1249 1266/1251/1251
f 1296/1250/1250 1266/1251/1251 1265/1252/1252
f 1265/1252/1252 1266/1251/1251 1219/1253/1253
f 1265/1252/1252 1219/1253/1253 1218/1254/1254
f 1218/1254/1254 1219/1253/1253 1231/1255/1255
f 1218/1254/1254 1231/1255/1255 1232/1256/1256
f 1232/1256/1256 1231/1255/1255 1171/1257/1257
f 1232/1256/1256 1171/1257/1257 1170/1258/1258
f 1170/1258/1258 1171/1257/1257 1187/1259/1259
f 1170/1258/1258 1187/1259/1259 1188/1260/1260
f 1188/1260/1260 1187/1259/1259 1125/1261/1261
f 1188/1260/1260 1125/1261/1261 1124/1262/1262
f 1124/1262/1262 1125/1261/1261 1144/1263/1263
f 1124/1262/1262 1144/1263/1263 1145/1264/1264
f 1145/1264/1264 1144/1263/1263 1101/1265/1265
f 1145/1264/1264 1101/1265/1265 1100/1266/1266
f 1100/1266/1266 1101/1265/1265 1054/1267/1267
f 1100/1266/1266 1054/1267/1267 1053/1268/1268
f 1053/1268/1268 1054/1267/1267 1080/1269/1269
f 1053/1268/1268 1080/1269/1269 1081/1270/1270
f 1081/1270/1270 1080/1269/1269 1007/1271/1271
f 1081/1270/1270 1007/1271/1271 1006/1272/1272
f 1006/1272/1272 1007/1271/1271 1036/1273/1273
f 1006/1272/1272 1036/1273/1273 1037/1274/1274
f 1037/1274/1274 1036/1273/1273 962/1275/1275
f 1037/1274/1274 962/1275/1275 961/1276/1276
f 961/1276/1276 962/1275/1275 995/1277/1277
f 961/1276/1276 995/1277/1277 996/1278/1278
f 996/1278/1278 995/1277/1277 916/891/891
f 996/1278/1278 916/891/891 915/889/889
f 798/1241/1241 797/1279/1279 1336/1243/1243
f 1336/1243/1243 797/1279/1279 1337/1280/1280
f 1336/1243/1243 1337/1280/1280 1338/1245/1245
f 1338/1245/1245 1337/1280/1280 1291/1281/1281
f 1338/1245/1245 1291/1281/1281 1290/1247/1247
f 1290/1247/1247 1291/1281/1281 1294/1282/1282
f 1290/1247/1247 1294/1282/1282 1295/1249/1249
f 1295/1249/1249 1294/1282/1282 1267/1283/1283
f 1295/1249/1249 1267/1283/1283 1266/1251/1251
f 1266/1251/1251 1267/1283/1283 1220/1284/1284
f 1266/1251/1251 1220/1284/1284 1219/1253/1253
f 1219/1253/1253 1220/1284/1284 1230/1285/1285
f 1219/1253/1253 1230/1285/1285 1231/1255/1255
f 1231/1255/1255 1230/1285/1285 1172/1286/1286
f 1231/1255/1255 1172/1286/1286 1171/1257/1257
f 1171/1257/1257 1172/1286/1286 1186/1287/1287
f 1171/1257/1257 1186/1287/1287 1187/1259/1259
f 1187/1259/1259 1186/1287/1287 1126/1288/1288
f 1187/1259/1259 1126/1288/1288 1125/1261/1261
f 1125/1261/1261 1126/1288/1288 1143/1289/1289
f 1125/1261/1261 1143/1289/1289 1144/1263/1263
f 1144/1263/1263 1143/1289/1289 1102/1290/1290
f 1144/1263/1263 1102/1290/1290 1101/1265/1265
f 1101/1265/1265 1102/1290/1290 1055/1291/1291
f 1101/1265/1265 1055/1291/1291 1054/1267/1267
f 1054/1267/1267 1055/1291/1291 1079/1292/1292
f 1054/1267/1267 1079/1292/1292 1080/1269/1269
f 1080/1269/1269 1079/1292/1292 1008/1293/1293
f 1080/1269/1269 1008/1293/1293 1007/1271/1271
f 1007/1271/1271 1008/1293/1293 1035/1294/1294
f 1007/1271/1271 1035/1294/1294 1036/1273/1273
f 1036/1273/1273 1035/1294/1294 963/1295/1295
f 1036/1273/1273 963/1295/1295 962/1275/1275
f 962/1275/1275 963/1295/1295 994/1296/1296
f 962/1275/1275 994/1296/1296 995/1277/1277
f 995/1277/1277 994/1296/1296 917/893/893
f 995/1277/1277 917/893/893 916/891/891
f 797/1279/1279 796/1297/1297 1337/1280/1280
f 1337/1280/1280 796/1297/1297 1292/1298/1298
f 1337/1280/1280 1292/1298/1298 1291/1281/1281
f 1291/1281/1281 1292/1298/1298 1293/1299/1299
f 1291/1281/1281 1293/1299/1299 1294/1282/1282
f 1294/1282/1282 1293/1299/1299 1268/1300/1300
f 1294/1282/1282 1268/1300/1300 1267/1283/1283
f 1267/1283/1283 1268/1300/1300 1221/1301/1301
f 1267/1283/1283 1221/1301/1301 1220/1284/1284
f 1220/1284/1284 1221/1301/1301 1229/1302/1302
f 1220/1284/1284 1229/1302/1302 1230/1285/1285
f 1230/1285/1285 1229/1302/1302 1173/1303/1303
f 1230/1285/1285 1173/1303/1303 1172/1286/1286
f 1172/1286/1286 1173/1303/1303 1185/1304/1304
f 1172/1286/1286 1185/1304/1304 1186/1287/1287
f 1186/1287/1287 1185/1304/1304 1127/1305/1305
f 1186/1287/1287 1127/1305/1305 1126/1288/1288
f 1126/1288/1288 1127/1305/1305 1142/1306/1306
f 1126/1288/1288 1142/1306/1306 1143/1289/1289
f 1143/1289/1289 1142/1306/1306 1103/1307/1307
f 1143/1289/1289 1103/1307/1307 1102/1290/1290
f 1102/1290/1290 1103/1307/1307 1056/1308/1308
f 1102/1290/1290 1056/1308/1308 1055/1291/1291
f 1055/1291/1291 1056/1308/1308 1078/1309/1309
f 1055/1291/1291 1078/1309/1309 1079/1292/1292
f 1079/1292/1292 1078/1309/1309 1009/1310/1310
f 1079/1292/1292 1009/1310/1310 1008/1293/1293
f 1008/1293/1293 1009/1310/1310 1034/1311/1311
f 1008/1293/1293 1034/1311/1311 1035/1294/1294
f 1035/1294/1294 1034/1311/1311 964/1312/1312
f 1035/1294/1294 964/1312/1312 963/1295/1295
f 963/1295/1295 964/1312/1312 993/1313/1313
f 963/1295/1295 993/1313/1313 994/1296/1296
f 994/1296/1296 993/1313/1313 918/895/895
f 994/1296/1296 918/895/895 917/893/893
f 796/1297/1297 795/1314/1314 1292/1298/1298
f 1292/1298/1298 795/1314/1314 860/1315/1315
f 1292/1298/1298 860/1315/1315 1293/1299/1299
f 1293/1299/1299 860/1315/1315 1269/1316/1316
f 1293/1299/1299 1269/1316/1316 1268/1300/1300
f 1268/1300/1300 1269/1316/1316 1222/1317/1317
f 1268/1300/1300 1222/1317/1317 1221/1301/1301
f 1221/1301/1301 1222/1317/1317 1228/1318/1318
f 1221/1301/1301 1228/1318/1318 1229/1302/1302
f 1229/1302/1302 1228/1318/1318 1174/1319/1319
f 1229/1302/1302 1174/1319/1319 1173/1303/1303
f 1173/1303/1303 1174/1319/1319 1184/1320/1320
f 1173/1303/1303 1184/1320/1320 1185/1304/1304
f 1185/1304/1304 1184/1320/1320 1128/1321/1321
f 1185/1304/1304 1128/1321/1321 1127/1305/1305
f 1127/1305/1305 1128/1321/1321 1141/1322/1322
f 1127/1305/1305 1141/1322/1322 1142/1306/1306
f 1142/1306/1306 1141/1322/1322 1104/1323/1323
f 1142/1306/1306 1104/1323/1323 1103/1307/1307
f 1103/1307/1307 1104/1323/1323 1057/1324/1324
f 1103/1307/1307 1057/1324/1324 1056/1308/1308
f 1056/1308/1308 1057/1324/1324 1077/1325/1325
f 1056/1308/1308 1077/1325/1325 1078/1309/1309
f 1078/1309/1309 1077/1325/1325 1010/1326/1326
f 1078/1309/1309 1010/1326/1326 1009/1310/1310
f 1009/1310/1310 1010/1326/1326 1033/1327/1327
f 1009/1310/1310 1033/1327/1327 1034/1311/1311
f 1034/1311/1311 1033/1327/1327 965/1328/1328
f 1034/1311/1311 965/1328/1328 964/1312/1312
f 964/1312/1312 965/1328/1328 992/1329/1329
f 964/1312/1312 992/1329/1329 993/1313/1313
f 993/1313/1313 992/1329/1329 919/897/897
f 993/1313/1313 919/897/897 918/895/895
f 795/1314/1314 794/1330/1330 860/1315/1315
f 860/1315/1315 794/1330/1330 1270/1331/1331
f 860/1315/1315 1270/1331/1331 1269/1316/1316
f 1269/1316/1316 1270/1331/1331 1223/1332/1332
f 1269/1316/1316 1223/1332/1332 1222/1317/1317
f 1222/1317/1317 1223/1332/1332 1227/1333/1333
f 1222/1317/1317 1227/1333/1333 1228/1318/1318
f 1228/1318/1318 1227/1333/1333 1175/1334/1334
f 1228/1318/1318 1175/1334/1334 1174/1319/1319
f 1174/1319/1319 1175/1334/1334 1183/1335/1335
f 1174/1319/1319 1183/1335/1335 1184/1320/1320
f 1184/1320/1320 1183/1335/1335 1129/1336/1336
f 1184/1320/1320 1129/1336/1336 1128/1321/1321
f 1128/1321/1321 1129/1336/1336 1140/1337/1337
f 1128/1321/1321 1140/1337/1337 1141/1322/1322
f 1141/1322/1322 1140/1337/1337 1105/1338/1338
f 1141/1322/1322 1105/1338/1338 1104/1323/1323
f 1104/1323/1323 1105/1338/1338 1058/1339/1339
f 1104/1323/1323 1058/1339/1339 1057/1324/1324
f 1057/1324/1324 1058/1339/1339 1076/1340/1340
f 1057/1324/1324 1076/1340/1340 1077/1325/1325
f 1077/1325/1325 1076/1340/1340 1011/1341/1341
f 1077/1325/1325 1011/1341/1341 1010/1326/1326
f 1010/1326/1326 1011/1341/1341 1032/1342/1342
f 1010/1326/1326 1032/1342/1342 1033/1327/1327
f 1033/1327/1327 1032/1342/1342 966/1343/1343
f 1033/1327/1327 966/1343/1343 965/1328/1328
f 965/1328/1328 966/1343/1343 991/1344/1344
f 965/1328/1328 991/1344/1344 992/1329/1329
f 992/1329/1329 991/1344/1344 920/899/899
f 992/1329/1329 920/899/899 919/897/897
f 1270/1331/1331 794/1330/1330 1224/1345/1345
f 1224/1345/1345 794/1330/1330 793/1346/1346
f 1224/1345/1345 793/1346/1346 1225/1347/1347
f 1225/1347/1347 793/1346/1346 792/1348/1348
f 1225/1347/1347 792/1348/1348 1178/1349/1349
f 1178/1349/1349 792/1348/1348 791/1350/1350
f 1178/1349/1349 791/1350/1350 1179/1351/1351
f 1179/1351/1351 791/1350/1350 862/1352/1352
f 1179/1351/1351 862/1352/1352 1133/1353/1353
f 1133/1353/1353 862/1352/1352 1135/1354/1354
f 1133/1353/1353 1135/1354/1354 1136/1355/1355
f 1136/1355/1355 1135/1354/1354 1110/1356/1356
f 1136/1355/1355 1110/1356/1356 1109/1357/1357
f 1109/1357/1357 1110/1356/1356 1063/1358/1358
f 1109/1357/1357 1063/1358/1358 1062/1359/1359
f 1062/1359/1359 1063/1358/1358 1071/1360/1360
f 1062/1359/1359 1071/1360/1360 1072/1361/1361
f 1072/1361/1361 1071/1360/1360 1016/1362/1362
f 1072/1361/1361 1016/1362/1362 1015/1363/1363
f 1015/1363/1363 1016/1362/1362 1027/1364/1364
f 1015/1363/1363 1027/1364/1364 1028/1365/1365
f 1028/1365/1365 1027/1364/1364 971/1366/1366
f 1028/1365/1365 971/1366/1366 970/1367/1367
f 970/1367/1367 971/1366/1366 986/1368/1368
f 970/1367/1367 986/1368/1368 987/1369/1369
f 987/1369/1369 986/1368/1368 925/909/909
f 987/1369/1369 925/909/909 924/907/907
f 791/1350/1350 790/1370/1370 862/1352/1352
f 862/1352/1352 790/1370/1370 1134/1371/1371
f 862/1352/1352 1134/1371/1371 1135/1354/1354
f 1135/1354/1354 1134/1371/1371 1111/1372/1372
f 1135/1354/1354 1111/1372/1372 1110/1356/1356
f 1110/1356/1356 1111/1372/1372 1064/1373/1373
f 1110/1356/1356 1064/1373/1373 1063/1358/1358
f 1063/1358/1358 1064/1373/1373 1070/1374/1374
f 1063/1358/1358 1070/1374/1374 1071/1360/1360
f 1071/1360/1360 1070/1374/1374 1017/1375/1375
f 1071/1360/1360 1017/1375/1375 1016/1362/1362
f 1016/1362/1362 1017/1375/1375 1026/1376/1376
f 1016/1362/1362 1026/1376/1376 1027/1364/1364
f 1027/1364/1364 1026/1376/1376 972/1377/1377
f 1027/1364/1364 972/1377/1377 971/1366/1366
f 971/1366/1366 972/1377/1377 985/1378/1378
f 971/1366/1366 985/1378/1378 986/1368/1368
f 986/1368/1368 985/1378/1378 926/911/911
f 986/1368/1368 926/911/911 925/909/909
f 790/1370/1370 789/1379/1379 1134/1371/1371
f 1134/1371/1371 789/1379/1379 1112/1380/1380
f 1134/1371/1371 1112/1380/1380 1111/1372/1372
f 1111/1372/1372 1112/1380/1380 1065/1381/1381
f 1111/1372/1372 1065/1381/1381 1064/1373/1373
f 1064/1373/1373 1065/1381/1381 1069/1382/1382
f 1064/1373/1373 1069/1382/1382 1070/1374/1374
f 1070/1374/1374 1069/1382/1382 1018/1383/1383
f 1070/1374/1374 1018/1383/1383 1017/1375/1375
f 1017/1375/1375 1018/1383/1383 1025/1384/1384
f 1017/1375/1375 1025/1384/1384 1026/1376/1376
f 1026/1376/1376 1025/1384/1384 973/1385/1385
f 1026/1376/1376 973/1385/1385 972/1377/1377
f 972/1377/1377 973/1385/1385 984/1386/1386
f 972/1377/1377 984/1386/1386 985/1378/1378
f 985/1378/1378 984/1386/1386 927/913/913
f 985/1378/1378 927/913/913 926/911/911
f 789/1379/1379 788/1387/1387 1112/1380/1380
f 1112/1380/1380 788/1387/1387 1066/1388/1388
f 1112/1380/1380 1066/1388/1388 1065/1381/1381
f 1065/1381/1381 1066/1388/1388 1068/1389/1389
f 1065/1381/1381 1068/1389/1389 1069/1382/1382
f 1069/1382/1382 1068/1389/1389 1019/1390/1390
f 1069/1382/1382 1019/1390/1390 1018/1383/1383
f 1018/1383/1383 1019/1390/1390 1024/1391/1391
f 1018/1383/1383 1024/1391/1391 1025/1384/1384
f 1025/1384/1384 1024/1391/1391 974/1392/1392
f 1025/1384/1384 974/1392/1392 973/1385/1385
f 973/1385/1385 974/1392/1392 983/1393/1393
f 973/1385/1385 983/1393/1393 984/1386/1386
f 984/1386/1386 983/1393/1393 928/915/915
f 984/1386/1386 928/915/915 927/913/913
f 788/1387/1387 787/1394/1394 1066/1388/1388
f 1066/1388/1388 787/1394/1394 1067/1395/1395
f 1066/1388/1388 1067/1395/1395 1068/1389/1389
f 1068/1389/1389 1067/1395/1395 1020/1396/1396
f 1068/1389/1389 1020/1396/1396 1019/1390/1390
f 1019/1390/1390 1020/1396/1396 1023/1397/1397
f 1019/1390/1390 1023/1397/1397 1024/1391/1391
f 1024/1391/1391 1023/1397/1397 975/1398/1398
f 1024/1391/1391 975/1398/1398 974/1392/1392
f 974/1392/1392 975/1398/1398 982/1399/1399
f 974/1392/1392 982/1399/1399 983/1393/1393
f 983/1393/1393 982/1399/1399 929/917/917
f 983/1393/1393 929/917/917 928/915/915
f 1067/1395/1395 787/1394/1394 865/1400/1400
f 865/1400/1400 787/1394/1394 786/1401/1401
f 865/1400/1400 786/1401/1401 1021/1402/1402
f 1021/1402/1402 786/1401/1401 785/1403/1403
f 1021/1402/1402 785/1403/1403 978/1404/1404
f 978/1404/1404 785/1403/1403 784/1405/1405
f 978/1404/1404 784/1405/1405 868/1406/1406
f 868/1406/1406 784/1405/1405 783/929/929
f 868/1406/1406 783/929/929 934/927/927
f 935/928/928 782/930/930 892/878/878
f 892/878/878 782/930/930 781/880/880
f 780/881/881 837/1407/1407 893/879/879
f 893/879/879 837/1407/1407 894/877/877
f 894/877/877 837/1407/1407 895/875/875
f 895/875/875 837/1407/1407 838/1408/1408
f 895/875/875 838/1408/1408 896/873/873
f 896/873/873 838/1408/1408 897/871/871
f 838/1408/1408 839/1409/1409 897/871/871
f 897/871/871 839/1409/1409 898/869/869
f 898/869/869 839/1409/1409 899/867/867
f 899/867/867 839/1409/1409 840/1410/1410
f 899/867/867 840/1410/1410 900/865/865
f 900/865/865 840/1410/1410 901/863/863
f 840/1410/1410 841/1411/1411 901/863/863
f 901/863/863 841/1411/1411 902/861/861
f 902/861/861 841/1411/1411 903/859/859
f 903/859/859 841/1411/1411 842/1412/1412
f 903/859/859 842/1412/1412 904/857/857
f 904/857/857 842/1412/1412 905/855/855
f 842/1412/1412 843/1413/1413 905/855/855
f 905/855/855 843/1413/1413 906/853/853
f 906/853/853 843/1413/1413 907/851/851
f 907/851/851 843/1413/1413 844/1414/1414
f 907/851/851 844/1414/1414 908/849/849
f 908/849/849 844/1414/1414 845/1415/1415
f 908/849/849 845/1415/1415 909/847/847
f 909/847/847 845/1415/1415 846/1416/1416
f 909/847/847 846/1416/1416 910/845/845
f 910/845/845 846/1416/1416 847/1417/1417
f 910/845/845 847/1417/1417 911/843/843
f 911/843/843 847/1417/1417 848/841/841
f 869/832/832 956/886/886 870/834/834
f 870/834/834 956/886/886 871/836/836
f 956/886/886 955/888/888 871/836/836
f 871/836/836 955/888/888 872/838/838
f 955/888/888 954/890/890 872/838/838
f 872/838/838 954/890/890 873/840/840
f 954/890/890 953/892/892 873/840/840
f 873/840/840 953/892/892 874/842/842
f 953/892/892 952/894/894 874/842/842
f 874/842/842 952/894/894 875/844/844
f 952/894/894 951/896/896 875/844/844
f 875/844/844 951/896/896 876/846/846
f 951/896/896 950/898/898 876/846/846
f 876/846/846 950/898/898 877/848/848
f 950/898/898 949/900/900 877/848/848
f 877/848/848 949/900/900 878/850/850
f 949/900/900 948/902/902 878/850/850
f 878/850/850 948/902/902 879/852/852
f 948/902/902 947/904/904 879/852/852
f 879/852/852 947/904/904 880/854/854
f 947/904/904 946/906/906 880/854/854
f 880/854/854 946/906/906 881/856/856
f 946/906/906 945/908/908 881/856/856
f 881/856/856 945/908/908 882/858/858
f 945/908/908 944/910/910 882/858/858
f 882/858/858 944/910/910 883/860/860
f 944/910/910 943/912/912 883/860/860
f 883/860/860 943/912/912 884/862/862
f 943/912/912 942/914/914 884/862/862
f 884/862/862 942/914/914 885/864/864
f 942/914/914 941/916/916 885/864/864
f 885/864/864 941/916/916 886/866/866
f 941/916/916 940/918/918 886/866/866
f 886/866/866 940/918/918 887/868/868
f 940/918/918 939/920/920 887/868/868
f 887/868/868 939/920/920 888/870/870
f 939/920/920 938/922/922 888/870/870
f 888/870/870 938/922/922 889/872/872
f 938/922/922 937/924/924 889/872/872
f 889/872/872 937/924/924 890/874/874
f 935/928/928 892/878/878 891/876/876
f 937/924/924 936/926/926 890/874/874
f 890/874/874 936/926/926 891/876/876
f 936/926/926 935/928/928 891/876/876
f 913/885/885 912/884/884 999/1418/1418
f 999/1418/1418 912/884/884 867/883/883
f 999/1418/1418 867/883/883 957/1419/1419
f 957/1419/1419 867/883/883 866/931/931
f 957/1419/1419 866/931/931 1042/1233/1233
f 914/887/887 913/885/885 998/1420/1420
f 998/1420/1420 913/885/885 999/1418/1418
f 998/1420/1420 999/1418/1418 958/1421/1421
f 958/1421/1421 999/1418/1418 957/1419/1419
f 958/1421/1421 957/1419/1419 1041/1422/1422
f 1041/1422/1422 957/1419/1419 1042/1233/1233
f 1041/1422/1422 1042/1233/1233 1001/1232/1232
f 915/889/889 914/887/887 997/1423/1423
f 997/1423/1423 914/887/887 998/1420/1420
f 997/1423/1423 998/1420/1420 959/1424/1424
f 959/1424/1424 998/1420/1420 958/1421/1421
f 959/1424/1424 958/1421/1421 1040/1425/1425
f 1040/1425/1425 958/1421/1421 1041/1422/1422
f 1040/1425/1425 1041/1422/1422 1002/1426/1426
f 1002/1426/1426 1041/1422/1422 1001/1232/1232
f 1002/1426/1426 1001/1232/1232 1086/1231/1231
f 920/899/899 991/1344/1344 921/901/901
f 921/901/901 991/1344/1344 990/1427/1427
f 921/901/901 990/1427/1427 922/903/903
f 922/903/903 990/1427/1427 989/1428/1428
f 922/903/903 989/1428/1428 923/905/905
f 923/905/905 989/1428/1428 988/1429/1429
f 923/905/905 988/1429/1429 924/907/907
f 924/907/907 988/1429/1429 987/1369/1369
f 929/917/917 982/1399/1399 930/919/919
f 930/919/919 982/1399/1399 981/1430/1430
f 930/919/919 981/1430/1430 931/921/921
f 931/921/921 981/1430/1430 980/1431/1431
f 931/921/921 980/1431/1431 932/923/923
f 932/923/923 980/1431/1431 979/1432/1432
f 932/923/923 979/1432/1432 933/925/925
f 933/925/925 979/1432/1432 868/1406/1406
f 933/925/925 868/1406/1406 934/927/927
f 959/1424/1424 960/1433/1433 997/1423/1423
f 997/1423/1423 960/1433/1433 996/1278/1278
f 997/1423/1423 996/1278/1278 915/889/889
f 996/1278/1278 960/1433/1433 961/1276/1276
f 961/1276/1276 960/1433/1433 1038/1434/1434
f 961/1276/1276 1038/1434/1434 1037/1274/1274
f 1037/1274/1274 1038/1434/1434 1005/1435/1435
f 1037/1274/1274 1005/1435/1435 1006/1272/1272
f 1006/1272/1272 1005/1435/1435 1082/1436/1436
f 1006/1272/1272 1082/1436/1436 1081/1270/1270
f 1081/1270/1270 1082/1436/1436 1052/1437/1437
f 1081/1270/1270 1052/1437/1437 1053/1268/1268
f 1053/1268/1268 1052/1437/1437 1099/1438/1438
f 1053/1268/1268 1099/1438/1438 1100/1266/1266
f 1100/1266/1266 1099/1438/1438 1146/1439/1439
f 1100/1266/1266 1146/1439/1439 1145/1264/1264
f 1145/1264/1264 1146/1439/1439 1123/1440/1440
f 1145/1264/1264 1123/1440/1440 1124/1262/1262
f 1124/1262/1262 1123/1440/1440 1189/1441/1441
f 1124/1262/1262 1189/1441/1441 1188/1260/1260
f 1188/1260/1260 1189/1441/1441 1169/1442/1442
f 1188/1260/1260 1169/1442/1442 1170/1258/1258
f 1170/1258/1258 1169/1442/1442 1233/1443/1443
f 1170/1258/1258 1233/1443/1443 1232/1256/1256
f 1232/1256/1256 1233/1443/1443 1217/1444/1444
f 1232/1256/1256 1217/1444/1444 1218/1254/1254
f 1218/1254/1254 1217/1444/1444 1264/1445/1445
f 1218/1254/1254 1264/1445/1445 1265/1252/1252
f 1265/1252/1252 1264/1445/1445 1297/1446/1446
f 1265/1252/1252 1297/1446/1446 1296/1250/1250
f 1296/1250/1250 1297/1446/1446 1288/1447/1447
f 1296/1250/1250 1288/1447/1447 1289/1248/1248
f 1289/1248/1248 1288/1447/1447 1340/1448/1448
f 1289/1248/1248 1340/1448/1448 1339/1246/1246
f 1339/1246/1246 1340/1448/1448 1334/1449/1449
f 1339/1246/1246 1334/1449/1449 1335/1244/1244
f 1335/1244/1244 1334/1449/1449 1381/1450/1450
f 1335/1244/1244 1381/1450/1450 1382/1242/1242
f 1382/1242/1242 1381/1450/1450 857/1240/1240
f 960/1433/1433 959/1424/1424 1039/1451/1451
f 1039/1451/1451 959/1424/1424 1040/1425/1425
f 1039/1451/1451 1040/1425/1425 1003/1452/1452
f 1003/1452/1452 1040/1425/1425 1002/1426/1426
f 1003/1452/1452 1002/1426/1426 1085/1453/1453
f 1085/1453/1453 1002/1426/1426 1086/1231/1231
f 1085/1453/1453 1086/1231/1231 1048/1230/1230
f 990/1427/1427 991/1344/1344 966/1343/1343
f 989/1428/1428 990/1427/1427 967/1454/1454
f 967/1454/1454 990/1427/1427 966/1343/1343
f 967/1454/1454 966/1343/1343 1032/1342/1342
f 988/1429/1429 989/1428/1428 968/1455/1455
f 968/1455/1455 989/1428/1428 967/1454/1454
f 968/1455/1455 967/1454/1454 1031/1456/1456
f 1031/1456/1456 967/1454/1454 1032/1342/1342
f 1031/1456/1456 1032/1342/1342 1011/1341/1341
f 987/1369/1369 988/1429/1429 969/1457/1457
f 969/1457/1457 988/1429/1429 968/1455/1455
f 969/1457/1457 968/1455/1455 1030/1458/1458
f 1030/1458/1458 968/1455/1455 1031/1456/1456
f 1030/1458/1458 1031/1456/1456 1012/1459/1459
f 1012/1459/1459 1031/1456/1456 1011/1341/1341
f 1012/1459/1459 1011/1341/1341 1076/1340/1340
f 987/1369/1369 969/1457/1457 970/1367/1367
f 970/1367/1367 969/1457/1457 1029/1460/1460
f 970/1367/1367 1029/1460/1460 1028/1365/1365
f 1028/1365/1365 1029/1460/1460 1014/1461/1461
f 1028/1365/1365 1014/1461/1461 1015/1363/1363
f 1015/1363/1363 1014/1461/1461 1073/1462/1462
f 1015/1363/1363 1073/1462/1462 1072/1361/1361
f 1072/1361/1361 1073/1462/1462 1061/1463/1463
f 1072/1361/1361 1061/1463/1463 1062/1359/1359
f 1062/1359/1359 1061/1463/1463 1108/1464/1464
f 1062/1359/1359 1108/1464/1464 1109/1357/1357
f 1109/1357/1357 1108/1464/1464 1137/1465/1465
f 1109/1357/1357 1137/1465/1465 1136/1355/1355
f 1136/1355/1355 1137/1465/1465 1132/1466/1466
f 1136/1355/1355 1132/1466/1466 1133/1353/1353
f 1133/1353/1353 1132/1466/1466 1180/1467/1467
f 1133/1353/1353 1180/1467/1467 1179/1351/1351
f 1179/1351/1351 1180/1467/1467 1178/1349/1349
f 1029/1460/1460 969/1457/1457 1030/1458/1458
f 981/1430/1430 982/1399/1399 975/1398/1398
f 980/1431/1431 981/1430/1430 976/1468/1468
f 976/1468/1468 981/1430/1430 975/1398/1398
f 976/1468/1468 975/1398/1398 1023/1397/1397
f 979/1432/1432 980/1431/1431 977/1469/1469
f 977/1469/1469 980/1431/1431 976/1468/1468
f 977/1469/1469 976/1468/1468 1022/1470/1470
f 1022/1470/1470 976/1468/1468 1023/1397/1397
f 1022/1470/1470 1023/1397/1397 1020/1396/1396
f 868/1406/1406 979/1432/1432 978/1404/1404
f 978/1404/1404 979/1432/1432 977/1469/1469
f 978/1404/1404 977/1469/1469 1021/1402/1402
f 1021/1402/1402 977/1469/1469 1022/1470/1470
f 1021/1402/1402 1022/1470/1470 865/1400/1400
f 865/1400/1400 1022/1470/1470 1020/1396/1396
f 865/1400/1400 1020/1396/1396 1067/1395/1395
f 1003/1452/1452 1004/1471/1471 1039/1451/1451
f 1039/1451/1451 1004/1471/1471 1038/1434/1434
f 1039/1451/1451 1038/1434/1434 960/1433/1433
f 1038/1434/1434 1004/1471/1471 1005/1435/1435
f 1005/1435/1435 1004/1471/1471 1083/1472/1472
f 1005/1435/1435 1083/1472/1472 1082/1436/1436
f 1082/1436/1436 1083/1472/1472 1051/1473/1473
f 1082/1436/1436 1051/1473/1473 1052/1437/1437
f 1052/1437/1437 1051/1473/1473 1098/1474/1474
f 1052/1437/1437 1098/1474/1474 1099/1438/1438
f 1099/1438/1438 1098/1474/1474 1147/1475/1475
f 1099/1438/1438 1147/1475/1475 1146/1439/1439
f 1146/1439/1439 1147/1475/1475 1122/1476/1476
f 1146/1439/1439 1122/1476/1476 1123/1440/1440
f 1123/1440/1440 1122/1476/1476 1190/1477/1477
f 1123/1440/1440 1190/1477/1477 1189/1441/1441
f 1189/1441/1441 1190/1477/1477 1168/1478/1478
f 1189/1441/1441 1168/1478/1478 1169/1442/1442
f 1169/1442/1442 1168/1478/1478 1234/1479/1479
f 1169/1442/1442 1234/1479/1479 1233/1443/1443
f 1233/1443/1443 1234/1479/1479 1216/1480/1480
f 1233/1443/1443 1216/1480/1480 1217/1444/1444
f 1217/1444/1444 1216/1480/1480 1263/1481/1481
f 1217/1444/1444 1263/1481/1481 1264/1445/1445
f 1264/1445/1445 1263/1481/1481 1298/1482/1482
f 1264/1445/1445 1298/1482/1482 1297/1446/1446
f 1297/1446/1446 1298/1482/1482 1287/1483/1483
f 1297/1446/1446 1287/1483/1483 1288/1447/1447
f 1288/1447/1447 1287/1483/1483 1341/1484/1484
f 1288/1447/1447 1341/1484/1484 1340/1448/1448
f 1340/1448/1448 1341/1484/1484 1333/1485/1485
f 1340/1448/1448 1333/1485/1485 1334/1449/1449
f 1334/1449/1449 1333/1485/1485 1380/1486/1486
f 1334/1449/1449 1380/1486/1486 1381/1450/1450
f 1381/1450/1450 1380/1486/1486 1406/1487/1487
f 1381/1450/1450 1406/1487/1487 857/1240/1240
f 857/1240/1240 1406/1487/1487 1405/1238/1238
f 1004/1471/1471 1003/1452/1452 1084/1488/1488
f 1084/1488/1488 1003/1452/1452 1085/1453/1453
f 1084/1488/1488 1085/1453/1453 1049/1489/1489
f 1049/1489/1489 1085/1453/1453 1048/1230/1230
f 1049/1489/1489 1048/1230/1230 1095/1229/1229
f 1029/1460/1460 1030/1458/1458 1013/1490/1490
f 1013/1490/1490 1030/1458/1458 1012/1459/1459
f 1013/1490/1490 1012/1459/1459 1075/1491/1491
f 1075/1491/1491 1012/1459/1459 1076/1340/1340
f 1075/1491/1491 1076/1340/1340 1058/1339/1339
f 1029/1460/1460 1013/1490/1490 1014/1461/1461
f 1014/1461/1461 1013/1490/1490 1074/1492/1492
f 1014/1461/1461 1074/1492/1492 1073/1462/1462
f 1073/1462/1462 1074/1492/1492 1060/1493/1493
f 1073/1462/1462 1060/1493/1493 1061/1463/1463
f 1061/1463/1463 1060/1493/1493 1107/1494/1494
f 1061/1463/1463 1107/1494/1494 1108/1464/1464
f 1108/1464/1464 1107/1494/1494 1138/1495/1495
f 1108/1464/1464 1138/1495/1495 1137/1465/1465
f 1137/1465/1465 1138/1495/1495 1131/1496/1496
f 1137/1465/1465 1131/1496/1496 1132/1466/1466
f 1132/1466/1466 1131/1496/1496 1181/1497/1497
f 1132/1466/1466 1181/1497/1497 1180/1467/1467
f 1180/1467/1467 1181/1497/1497 1177/1498/1498
f 1180/1467/1467 1177/1498/1498 1178/1349/1349
f 1178/1349/1349 1177/1498/1498 1225/1347/1347
f 1074/1492/1492 1013/1490/1490 1075/1491/1491
f 1088/936/936 1089/1029/1029 1045/1499/1499
f 1045/1499/1499 1089/1029/1029 1044/1026/1026
f 1045/1499/1499 1044/1026/1026 1091/1024/1024
f 1088/936/936 1045/1499/1499 1046/938/938
f 1046/938/938 1045/1499/1499 1092/1500/1500
f 1046/938/938 1092/1500/1500 1093/940/940
f 1093/940/940 1092/1500/1500 1153/1501/1501
f 1093/940/940 1153/1501/1501 1152/942/942
f 1152/942/942 1153/1501/1501 1116/1502/1502
f 1152/942/942 1116/1502/1502 1117/944/944
f 1117/944/944 1116/1502/1502 1196/1503/1503
f 1117/944/944 1196/1503/1503 1195/946/946
f 1195/946/946 1196/1503/1503 1162/1504/1504
f 1195/946/946 1162/1504/1504 1163/948/948
f 1163/948/948 1162/1504/1504 1240/1505/1505
f 1163/948/948 1240/1505/1505 1239/950/950
f 1239/950/950 1240/1505/1505 1210/1506/1506
f 1239/950/950 1210/1506/1506 1211/952/952
f 1211/952/952 1210/1506/1506 1257/1507/1507
f 1211/952/952 1257/1507/1507 1258/954/954
f 1258/954/954 1257/1507/1507 1304/1508/1508
f 1258/954/954 1304/1508/1508 1303/956/956
f 1303/956/956 1304/1508/1508 1281/1509/1509
f 1303/956/956 1281/1509/1509 1282/958/958
f 1282/958/958 1281/1509/1509 1347/1510/1510
f 1282/958/958 1347/1510/1510 1346/960/960
f 1346/960/960 1347/1510/1510 1327/1511/1511
f 1346/960/960 1327/1511/1511 1328/962/962
f 1328/962/962 1327/1511/1511 1374/1512/1512
f 1328/962/962 1374/1512/1512 1375/964/964
f 1375/964/964 1374/1512/1512 1412/1513/1513
f 1375/964/964 1412/1513/1513 1411/966/966
f 1411/966/966 1412/1513/1513 1399/1514/1514
f 1411/966/966 1399/1514/1514 1400/968/968
f 1400/968/968 1399/1514/1514 1453/1515/1515
f 1400/968/968 1453/1515/1515 1452/970/970
f 1452/970/970 1453/1515/1515 1444/1516/1516
f 1452/970/970 1444/1516/1516 1445/972/972
f 1445/972/972 1444/1516/1516 1495/1517/1517
f 1445/972/972 1495/1517/1517 1494/974/974
f 1494/974/974 1495/1517/1517 1489/1518/1518
f 1494/974/974 1489/1518/1518 1490/976/976
f 1490/976/976 1489/1518/1518 1516/1519/1519
f 1490/976/976 1516/1519/1519 1515/978/978
f 1515/978/978 1516/1519/1519 1555/981/981
f 1092/1500/1500 1045/1499/1499 1091/1024/1024
f 1049/1489/1489 1050/1520/1520 1084/1488/1488
f 1084/1488/1488 1050/1520/1520 1083/1472/1472
f 1084/1488/1488 1083/1472/1472 1004/1471/1471
f 1083/1472/1472 1050/1520/1520 1051/1473/1473
f 1051/1473/1473 1050/1520/1520 1097/1521/1521
f 1051/1473/1473 1097/1521/1521 1098/1474/1474
f 1098/1474/1474 1097/1521/1521 1148/1522/1522
f 1098/1474/1474 1148/1522/1522 1147/1475/1475
f 1147/1475/1475 1148/1522/1522 1121/1523/1523
f 1147/1475/1475 1121/1523/1523 1122/1476/1476
f 1122/1476/1476 1121/1523/1523 1191/1524/1524
f 1122/1476/1476 1191/1524/1524 1190/1477/1477
f 1190/1477/1477 1191/1524/1524 1167/1525/1525
f 1190/1477/1477 1167/1525/1525 1168/1478/1478
f 1168/1478/1478 1167/1525/1525 1235/1526/1526
f 1168/1478/1478 1235/1526/1526 1234/1479/1479
f 1234/1479/1479 1235/1526/1526 1215/1527/1527
f 1234/1479/1479 1215/1527/1527 1216/1480/1480
f 1216/1480/1480 1215/1527/1527 1262/1528/1528
f 1216/1480/1480 1262/1528/1528 1263/1481/1481
f 1263/1481/1481 1262/1528/1528 1299/1529/1529
f 1263/1481/1481 1299/1529/1529 1298/1482/1482
f 1298/1482/1482 1299/1529/1529 1286/1530/1530
f 1298/1482/1482 1286/1530/1530 1287/1483/1483
f 1287/1483/1483 1286/1530/1530 1342/1531/1531
f 1287/1483/1483 1342/1531/1531 1341/1484/1484
f 1341/1484/1484 1342/1531/1531 1332/1532/1532
f 1341/1484/1484 1332/1532/1532 1333/1485/1485
f 1333/1485/1485 1332/1532/1532 1379/1533/1533
f 1333/1485/1485 1379/1533/1533 1380/1486/1486
f 1380/1486/1486 1379/1533/1533 1407/1534/1534
f 1380/1486/1486 1407/1534/1534 1406/1487/1487
f 1406/1487/1487 1407/1534/1534 1404/1535/1535
f 1406/1487/1487 1404/1535/1535 1405/1238/1238
f 1405/1238/1238 1404/1535/1535 1448/1236/1236
f 1050/1520/1520 1049/1489/1489 1096/1536/1536
f 1096/1536/1536 1049/1489/1489 1095/1229/1229
f 1096/1536/1536 1095/1229/1229 1150/1228/1228
f 1074/1492/1492 1075/1491/1491 1059/1537/1537
f 1059/1537/1537 1075/1491/1491 1058/1339/1339
f 1059/1537/1537 1058/1339/1339 1105/1338/1338
f 1074/1492/1492 1059/1537/1537 1060/1493/1493
f 1060/1493/1493 1059/1537/1537 1106/1538/1538
f 1060/1493/1493 1106/1538/1538 1107/1494/1494
f 1107/1494/1494 1106/1538/1538 1139/1539/1539
f 1107/1494/1494 1139/1539/1539 1138/1495/1495
f 1138/1495/1495 1139/1539/1539 1130/1540/1540
f 1138/1495/1495 1130/1540/1540 1131/1496/1496
f 1131/1496/1496 1130/1540/1540 1182/1541/1541
f 1131/1496/1496 1182/1541/1541 1181/1497/1497
f 1181/1497/1497 1182/1541/1541 1176/1542/1542
f 1181/1497/1497 1176/1542/1542 1177/1498/1498
f 1177/1498/1498 1176/1542/1542 1226/1543/1543
f 1177/1498/1498 1226/1543/1543 1225/1347/1347
f 1225/1347/1347 1226/1543/1543 1224/1345/1345
f 1106/1538/1538 1059/1537/1537 1105/1338/1338
f 1153/1501/1501 1092/1500/1500 1154/1022/1022
f 1154/1022/1022 1092/1500/1500 1091/1024/1024
f 1050/1520/1520 1096/1536/1536 1097/1521/1521
f 1097/1521/1521 1096/1536/1536 1149/1544/1544
f 1097/1521/1521 1149/1544/1544 1148/1522/1522
f 1148/1522/1522 1149/1544/1544 1120/1545/1545
f 1148/1522/1522 1120/1545/1545 1121/1523/1523
f 1121/1523/1523 1120/1545/1545 1192/1546/1546
f 1121/1523/1523 1192/1546/1546 1191/1524/1524
f 1191/1524/1524 1192/1546/1546 1166/1547/1547
f 1191/1524/1524 1166/1547/1547 1167/1525/1525
f 1167/1525/1525 1166/1547/1547 1236/1548/1548
f 1167/1525/1525 1236/1548/1548 1235/1526/1526
f 1235/1526/1526 1236/1548/1548 1214/1549/1549
f 1235/1526/1526 1214/1549/1549 1215/1527/1527
f 1215/1527/1527 1214/1549/1549 1261/1550/1550
f 1215/1527/1527 1261/1550/1550 1262/1528/1528
f 1262/1528/1528 1261/1550/1550 1300/1551/1551
f 1262/1528/1528 1300/1551/1551 1299/1529/1529
f 1299/1529/1529 1300/1551/1551 1285/1552/1552
f 1299/1529/1529 1285/1552/1552 1286/1530/1530
f 1286/1530/1530 1285/1552/1552 1343/1553/1553
f 1286/1530/1530 1343/1553/1553 1342/1531/1531
f 1342/1531/1531 1343/1553/1553 1331/1554/1554
f 1342/1531/1531 1331/1554/1554 1332/1532/1532
f 1332/1532/1532 1331/1554/1554 1378/1555/1555
f 1332/1532/1532 1378/1555/1555 1379/1533/1533
f 1379/1533/1533 1378/1555/1555 1408/1556/1556
f 1379/1533/1533 1408/1556/1556 1407/1534/1534
f 1407/1534/1534 1408/1556/1556 1403/1557/1557
f 1407/1534/1534 1403/1557/1557 1404/1535/1535
f 1404/1535/1535 1403/1557/1557 1449/1558/1558
f 1404/1535/1535 1449/1558/1558 1448/1236/1236
f 1448/1236/1236 1449/1558/1558 854/1234/1234
f 1149/1544/1544 1096/1536/1536 1150/1228/1228
f 1139/1539/1539 1106/1538/1538 1140/1337/1337
f 1140/1337/1337 1106/1538/1538 1105/1338/1338
f 861/1032/1032 1113/1559/1559 863/1030/1030
f 863/1030/1030 1113/1559/1559 1155/1023/1023
f 863/1030/1030 1155/1023/1023 1090/1025/1025
f 1155/1023/1023 1113/1559/1559 1114/1021/1021
f 1114/1021/1021 1113/1559/1559 1199/1560/1560
f 1114/1021/1021 1199/1560/1560 1198/1019/1019
f 1198/1019/1019 1199/1560/1560 1159/1561/1561
f 1198/1019/1019 1159/1561/1561 1160/1017/1017
f 1160/1017/1017 1159/1561/1561 1243/1562/1562
f 1160/1017/1017 1243/1562/1562 1242/1015/1015
f 1242/1015/1015 1243/1562/1562 1207/1563/1563
f 1242/1015/1015 1207/1563/1563 1208/1013/1013
f 1208/1013/1013 1207/1563/1563 1254/1564/1564
f 1208/1013/1013 1254/1564/1564 1255/1011/1011
f 1255/1011/1011 1254/1564/1564 1307/1565/1565
f 1255/1011/1011 1307/1565/1565 1306/1009/1009
f 1306/1009/1009 1307/1565/1565 1278/1566/1566
f 1306/1009/1009 1278/1566/1566 1279/1007/1007
f 1279/1007/1007 1278/1566/1566 1350/1567/1567
f 1279/1007/1007 1350/1567/1567 1349/1005/1005
f 1349/1005/1005 1350/1567/1567 1324/1568/1568
f 1349/1005/1005 1324/1568/1568 1325/1003/1003
f 1325/1003/1003 1324/1568/1568 1371/1569/1569
f 1325/1003/1003 1371/1569/1569 1372/1001/1001
f 1372/1001/1001 1371/1569/1569 1415/1570/1570
f 1372/1001/1001 1415/1570/1570 1414/999/999
f 1414/999/999 1415/1570/1570 1396/1571/1571
f 1414/999/999 1396/1571/1571 1397/997/997
f 1397/997/997 1396/1571/1571 1456/1572/1572
f 1397/997/997 1456/1572/1572 1455/995/995
f 1455/995/995 1456/1572/1572 1441/1573/1573
f 1455/995/995 1441/1573/1573 1442/993/993
f 1442/993/993 1441/1573/1573 1498/1574/1574
f 1442/993/993 1498/1574/1574 1497/991/991
f 1497/991/991 1498/1574/1574 1486/1575/1575
f 1497/991/991 1486/1575/1575 1487/989/989
f 1487/989/989 1486/1575/1575 1519/1576/1576
f 1487/989/989 1519/1576/1576 1518/987/987
f 1518/987/987 1519/1576/1576 1552/1072/1072
f 1113/1559/1559 861/1032/1032 1200/1577/1577
f 1200/1577/1577 861/1032/1032 1201/1034/1034
f 1200/1577/1577 1201/1034/1034 1157/1036/1036
f 1153/1501/1501 1154/1022/1022 1115/1020/1020
f 1153/1501/1501 1115/1020/1020 1116/1502/1502
f 1116/1502/1502 1115/1020/1020 1197/1018/1018
f 1116/1502/1502 1197/1018/1018 1196/1503/1503
f 1196/1503/1503 1197/1018/1018 1161/1016/1016
f 1196/1503/1503 1161/1016/1016 1162/1504/1504
f 1162/1504/1504 1161/1016/1016 1241/1014/1014
f 1162/1504/1504 1241/1014/1014 1240/1505/1505
f 1240/1505/1505 1241/1014/1014 1209/1012/1012
f 1240/1505/1505 1209/1012/1012 1210/1506/1506
f 1210/1506/1506 1209/1012/1012 1256/1010/1010
f 1210/1506/1506 1256/1010/1010 1257/1507/1507
f 1257/1507/1507 1256/1010/1010 1305/1008/1008
f 1257/1507/1507 1305/1008/1008 1304/1508/1508
f 1304/1508/1508 1305/1008/1008 1280/1006/1006
f 1304/1508/1508 1280/1006/1006 1281/1509/1509
f 1281/1509/1509 1280/1006/1006 1348/1004/1004
f 1281/1509/1509 1348/1004/1004 1347/1510/1510
f 1347/1510/1510 1348/1004/1004 1326/1002/1002
f 1347/1510/1510 1326/1002/1002 1327/1511/1511
f 1327/1511/1511 1326/1002/1002 1373/1000/1000
f 1327/1511/1511 1373/1000/1000 1374/1512/1512
f 1374/1512/1512 1373/1000/1000 1413/998/998
f 1374/1512/1512 1413/998/998 1412/1513/1513
f 1412/1513/1513 1413/998/998 1398/996/996
f 1412/1513/1513 1398/996/996 1399/1514/1514
f 1399/1514/1514 1398/996/996 1454/994/994
f 1399/1514/1514 1454/994/994 1453/1515/1515
f 1453/1515/1515 1454/994/994 1443/992/992
f 1453/1515/1515 1443/992/992 1444/1516/1516
f 1444/1516/1516 1443/992/992 1496/990/990
f 1444/1516/1516 1496/990/990 1495/1517/1517
f 1495/1517/1517 1496/990/990 1488/988/988
f 1495/1517/1517 1488/988/988 1489/1518/1518
f 1489/1518/1518 1488/988/988 1517/986/986
f 1489/1518/1518 1517/986/986 1516/1519/1519
f 1516/1519/1519 1517/986/986 1554/984/984
f 1516/1519/1519 1554/984/984 1555/981/981
f 1149/1544/1544 1150/1228/1228 1119/1227/1227
f 1149/1544/1544 1119/1227/1227 1120/1545/1545
f 1120/1545/1545 1119/1227/1227 1193/1226/1226
f 1120/1545/1545 1193/1226/1226 1192/1546/1546
f 1192/1546/1546 1193/1226/1226 1165/1225/1225
f 1192/1546/1546 1165/1225/1225 1166/1547/1547
f 1166/1547/1547 1165/1225/1225 1237/1224/1224
f 1166/1547/1547 1237/1224/1224 1236/1548/1548
f 1236/1548/1548 1237/1224/1224 1213/1223/1223
f 1236/1548/1548 1213/1223/1223 1214/1549/1549
f 1214/1549/1549 1213/1223/1223 1260/1222/1222
f 1214/1549/1549 1260/1222/1222 1261/1550/1550
f 1261/1550/1550 1260/1222/1222 1301/1221/1221
f 1261/1550/1550 1301/1221/1221 1300/1551/1551
f 1300/1551/1551 1301/1221/1221 1284/1220/1220
f 1300/1551/1551 1284/1220/1220 1285/1552/1552
f 1285/1552/1552 1284/1220/1220 1344/1219/1219
f 1285/1552/1552 1344/1219/1219 1343/1553/1553
f 1343/1553/1553 1344/1219/1219 1330/1218/1218
f 1343/1553/1553 1330/1218/1218 1331/1554/1554
f 1331/1554/1554 1330/1218/1218 1377/1217/1217
f 1331/1554/1554 1377/1217/1217 1378/1555/1555
f 1378/1555/1555 1377/1217/1217 1409/1216/1216
f 1378/1555/1555 1409/1216/1216 1408/1556/1556
f 1408/1556/1556 1409/1216/1216 1402/1215/1215
f 1408/1556/1556 1402/1215/1215 1403/1557/1557
f 1403/1557/1557 1402/1215/1215 1450/1214/1214
f 1403/1557/1557 1450/1214/1214 1449/1558/1558
f 1449/1558/1558 1450/1214/1214 1447/1213/1213
f 1449/1558/1558 1447/1213/1213 854/1234/1234
f 854/1234/1234 1447/1213/1213 1492/1212/1212
f 1139/1539/1539 1140/1337/1337 1129/1336/1336
f 1139/1539/1539 1129/1336/1336 1130/1540/1540
f 1130/1540/1540 1129/1336/1336 1183/1335/1335
f 1130/1540/1540 1183/1335/1335 1182/1541/1541
f 1182/1541/1541 1183/1335/1335 1175/1334/1334
f 1182/1541/1541 1175/1334/1334 1176/1542/1542
f 1176/1542/1542 1175/1334/1334 1227/1333/1333
f 1176/1542/1542 1227/1333/1333 1226/1543/1543
f 1226/1543/1543 1227/1333/1333 1223/1332/1332
f 1226/1543/1543 1223/1332/1332 1224/1345/1345
f 1224/1345/1345 1223/1332/1332 1270/1331/1331
f 1157/1036/1036 1158/1578/1578 1200/1577/1577
f 1200/1577/1577 1158/1578/1578 1199/1560/1560
f 1200/1577/1577 1199/1560/1560 1113/1559/1559
f 1199/1560/1560 1158/1578/1578 1159/1561/1561
f 1159/1561/1561 1158/1578/1578 1244/1579/1579
f 1159/1561/1561 1244/1579/1579 1243/1562/1562
f 1243/1562/1562 1244/1579/1579 1206/1580/1580
f 1243/1562/1562 1206/1580/1580 1207/1563/1563
f 1207/1563/1563 1206/1580/1580 1253/1581/1581
f 1207/1563/1563 1253/1581/1581 1254/1564/1564
f 1254/1564/1564 1253/1581/1581 1308/1582/1582
f 1254/1564/1564 1308/1582/1582 1307/1565/1565
f 1307/1565/1565 1308/1582/1582 1277/1583/1583
f 1307/1565/1565 1277/1583/1583 1278/1566/1566
f 1278/1566/1566 1277/1583/1583 1351/1584/1584
f 1278/1566/1566 1351/1584/1584 1350/1567/1567
f 1350/1567/1567 1351/1584/1584 1323/1585/1585
f 1350/1567/1567 1323/1585/1585 1324/1568/1568
f 1324/1568/1568 1323/1585/1585 1370/1586/1586
f 1324/1568/1568 1370/1586/1586 1371/1569/1569
f 1371/1569/1569 1370/1586/1586 1416/1587/1587
f 1371/1569/1569 1416/1587/1587 1415/1570/1570
f 1415/1570/1570 1416/1587/1587 1395/1588/1588
f 1415/1570/1570 1395/1588/1588 1396/1571/1571
f 1396/1571/1571 1395/1588/1588 1457/1589/1589
f 1396/1571/1571 1457/1589/1589 1456/1572/1572
f 1456/1572/1572 1457/1589/1589 1440/1590/1590
f 1456/1572/1572 1440/1590/1590 1441/1573/1573
f 1441/1573/1573 1440/1590/1590 1499/1591/1591
f 1441/1573/1573 1499/1591/1591 1498/1574/1574
f 1498/1574/1574 1499/1591/1591 1485/1592/1592
f 1498/1574/1574 1485/1592/1592 1486/1575/1575
f 1486/1575/1575 1485/1592/1592 1520/1593/1593
f 1486/1575/1575 1520/1593/1593 1519/1576/1576
f 1519/1576/1576 1520/1593/1593 1551/1070/1070
f 1519/1576/1576 1551/1070/1070 1552/1072/1072
f 1244/1579/1579 1158/1578/1578 1245/1038/1038
f 1245/1038/1038 1158/1578/1578 1157/1036/1036
f 1247/1074/1074 1202/1091/1091 1203/1075/1075
f 1203/1075/1075 1202/1091/1091 1249/1594/1594
f 1203/1075/1075 1249/1594/1594 1250/1076/1076
f 1250/1076/1076 1249/1594/1594 1312/1595/1595
f 1250/1076/1076 1312/1595/1595 1311/1077/1077
f 1311/1077/1077 1312/1595/1595 1273/1596/1596
f 1311/1077/1077 1273/1596/1596 1274/1078/1078
f 1274/1078/1078 1273/1596/1596 1355/1597/1597
f 1274/1078/1078 1355/1597/1597 1354/1079/1079
f 1354/1079/1079 1355/1597/1597 1319/1598/1598
f 1354/1079/1079 1319/1598/1598 1320/1080/1080
f 1320/1080/1080 1319/1598/1598 1366/1599/1599
f 1320/1080/1080 1366/1599/1599 1367/1081/1081
f 1367/1081/1081 1366/1599/1599 1420/1600/1600
f 1367/1081/1081 1420/1600/1600 1419/1082/1082
f 1419/1082/1082 1420/1600/1600 1391/1601/1601
f 1419/1082/1082 1391/1601/1601 1392/1083/1083
f 1392/1083/1083 1391/1601/1601 1461/1602/1602
f 1392/1083/1083 1461/1602/1602 1460/1084/1084
f 1460/1084/1084 1461/1602/1602 1436/1603/1603
f 1460/1084/1084 1436/1603/1603 1437/1085/1085
f 1437/1085/1085 1436/1603/1603 1503/1604/1604
f 1437/1085/1085 1503/1604/1604 1502/1086/1086
f 1502/1086/1086 1503/1604/1604 1481/1605/1605
f 1502/1086/1086 1481/1605/1605 1482/1087/1087
f 1482/1087/1087 1481/1605/1605 1524/1606/1606
f 1482/1087/1087 1524/1606/1606 1523/1088/1088
f 1523/1088/1088 1524/1606/1606 1547/1121/1121
f 1523/1088/1088 1547/1121/1121 1548/1089/1089
f 1244/1579/1579 1245/1038/1038 1205/1040/1040
f 1244/1579/1579 1205/1040/1040 1206/1580/1580
f 1206/1580/1580 1205/1040/1040 1252/1042/1042
f 1206/1580/1580 1252/1042/1042 1253/1581/1581
f 1253/1581/1581 1252/1042/1042 1309/1044/1044
f 1253/1581/1581 1309/1044/1044 1308/1582/1582
f 1308/1582/1582 1309/1044/1044 1276/1046/1046
f 1308/1582/1582 1276/1046/1046 1277/1583/1583
f 1277/1583/1583 1276/1046/1046 1352/1048/1048
f 1277/1583/1583 1352/1048/1048 1351/1584/1584
f 1351/1584/1584 1352/1048/1048 1322/1050/1050
f 1351/1584/1584 1322/1050/1050 1323/1585/1585
f 1323/1585/1585 1322/1050/1050 1369/1052/1052
f 1323/1585/1585 1369/1052/1052 1370/1586/1586
f 1370/1586/1586 1369/1052/1052 1417/1054/1054
f 1370/1586/1586 1417/1054/1054 1416/1587/1587
f 1416/1587/1587 1417/1054/1054 1394/1056/1056
f 1416/1587/1587 1394/1056/1056 1395/1588/1588
f 1395/1588/1588 1394/1056/1056 1458/1058/1058
f 1395/1588/1588 1458/1058/1058 1457/1589/1589
f 1457/1589/1589 1458/1058/1058 1439/1060/1060
f 1457/1589/1589 1439/1060/1060 1440/1590/1590
f 1440/1590/1590 1439/1060/1060 1500/1062/1062
f 1440/1590/1590 1500/1062/1062 1499/1591/1591
f 1499/1591/1591 1500/1062/1062 1484/1064/1064
f 1499/1591/1591 1484/1064/1064 1485/1592/1592
f 1485/1592/1592 1484/1064/1064 1521/1066/1066
f 1485/1592/1592 1521/1066/1066 1520/1593/1593
f 1520/1593/1593 1521/1066/1066 1550/1068/1068
f 1520/1593/1593 1550/1068/1068 1551/1070/1070
f 1202/1091/1091 1248/1093/1093 1249/1594/1594
f 1249/1594/1594 1248/1093/1093 1313/1095/1095
f 1249/1594/1594 1313/1095/1095 1312/1595/1595
f 1312/1595/1595 1313/1095/1095 1272/1097/1097
f 1312/1595/1595 1272/1097/1097 1273/1596/1596
f 1273/1596/1596 1272/1097/1097 1356/1099/1099
f 1273/1596/1596 1356/1099/1099 1355/1597/1597
f 1355/1597/1597 1356/1099/1099 1318/1101/1101
f 1355/1597/1597 1318/1101/1101 1319/1598/1598
f 1319/1598/1598 1318/1101/1101 1365/1103/1103
f 1319/1598/1598 1365/1103/1103 1366/1599/1599
f 1366/1599/1599 1365/1103/1103 1421/1105/1105
f 1366/1599/1599 1421/1105/1105 1420/1600/1600
f 1420/1600/1600 1421/1105/1105 1390/1107/1107
f 1420/1600/1600 1390/1107/1107 1391/1601/1601
f 1391/1601/1601 1390/1107/1107 1462/1109/1109
f 1391/1601/1601 1462/1109/1109 1461/1602/1602
f 1461/1602/1602 1462/1109/1109 1435/1111/1111
f 1461/1602/1602 1435/1111/1111 1436/1603/1603
f 1436/1603/1603 1435/1111/1111 1504/1113/1113
f 1436/1603/1603 1504/1113/1113 1503/1604/1604
f 1503/1604/1604 1504/1113/1113 1480/1115/1115
f 1503/1604/1604 1480/1115/1115 1481/1605/1605
f 1481/1605/1605 1480/1115/1115 1525/1117/1117
f 1481/1605/1605 1525/1117/1117 1524/1606/1606
f 1524/1606/1606 1525/1117/1117 1546/1119/1119
f 1524/1606/1606 1546/1119/1119 1547/1121/1121
f 1359/1137/1137 1314/1148/1148 1315/1138/1138
f 1315/1138/1138 1314/1148/1148 1361/1210/1210
f 1315/1138/1138 1361/1210/1210 1362/1139/1139
f 1362/1139/1139 1361/1210/1210 1425/1209/1209
f 1362/1139/1139 1425/1209/1209 1424/1140/1140
f 1424/1140/1140 1425/1209/1209 1386/1208/1208
f 1424/1140/1140 1386/1208/1208 1387/1141/1141
f 1387/1141/1141 1386/1208/1208 1466/1207/1207
f 1387/1141/1141 1466/1207/1207 1465/1142/1142
f 1465/1142/1142 1466/1207/1207 1431/1206/1206
f 1465/1142/1142 1431/1206/1206 1432/1143/1143
f 1432/1143/1143 1431/1206/1206 1508/1205/1205
f 1432/1143/1143 1508/1205/1205 1507/1144/1144
f 1507/1144/1144 1508/1205/1205 1476/1204/1204
f 1507/1144/1144 1476/1204/1204 1477/1145/1145
f 1477/1145/1145 1476/1204/1204 1529/1203/1203
f 1477/1145/1145 1529/1203/1203 1528/1146/1146
f 1528/1146/1146 1529/1203/1203 1542/1202/1202
f 1528/1146/1146 1542/1202/1202 1543/1147/1147
f 855/1178/1178 853/1180/1180 1427/1201/1201
f 1427/1201/1201 853/1180/1180 1513/1607/1607
f 1427/1201/1201 1513/1607/1607 1512/1200/1200
f 1512/1200/1200 1513/1607/1607 1471/1608/1608
f 1512/1200/1200 1471/1608/1608 1472/1199/1199
f 1472/1199/1199 1471/1608/1608 1534/1192/1192
f 1472/1199/1199 1534/1192/1192 1533/1194/1194
f 1514/1182/1182 1470/1184/1184 1513/1607/1607
f 1513/1607/1607 1470/1184/1184 1471/1608/1608
f 1534/1192/1192 1471/1608/1608 1535/1186/1186
f 1535/1186/1186 1471/1608/1608 1470/1184/1184
f 853/1180/1180 1514/1182/1182 1513/1607/1607
f 1538/1198/1198 1539/1176/1176 1532/1175/1175
f 17/1609/1609 821/1610/1610 18/1611/1611
f 18/1611/1611 821/1610/1610 820/1612/1612
f 18/1611/1611 820/1612/1612 19/1613/1613
f 19/1613/1613 820/1612/1612 819/1614/1614
f 19/1613/1613 819/1614/1614 20/1615/1615
f 20/1615/1615 819/1614/1614 818/1616/1616
f 20/1615/1615 818/1616/1616 21/1617/1617
f 21/1617/1617 818/1616/1616 817/1618/1618
f 21/1617/1617 817/1618/1618 22/1619/1619
f 22/1619/1619 817/1618/1618 816/1620/1620
f 22/1619/1619 816/1620/1620 23/1621/1621
f 23/1621/1621 816/1620/1620 815/1622/1622
f 23/1621/1621 815/1622/1622 24/1623/1623
f 24/1623/1623 815/1622/1622 814/1624/1624
f 24/1623/1623 814/1624/1624 25/1625/1625
f 25/1625/1625 814/1624/1624 813/1626/1626
f 25/1625/1625 813/1626/1626 26/1627/1627
f 26/1627/1627 813/1626/1626 812/1628/1628
f 26/1627/1627 812/1628/1628 27/1629/1629
f 27/1629/1629 812/1628/1628 811/1630/1630
f 27/1629/1629 811/1630/1630 28/1631/1631
f 28/1631/1631 811/1630/1630 810/1632/1632
f 28/1631/1631 810/1632/1632 29/1633/1633
f 29/1633/1633 810/1632/1632 809/1634/1634
f 29/1633/1633 809/1634/1634 30/1635/1635
f 30/1635/1635 809/1634/1634 808/1636/1636
f 30/1635/1635 808/1636/1636 31/1637/1637
f 31/1637/1637 808/1636/1636 807/1638/1638
f 31/1637/1637 807/1638/1638 32/1639/1639
f 32/1639/1639 807/1638/1638 806/1640/1640
f 32/1639/1639 806/1640/1640 33/1641/1641
f 33/1641/1641 806/1640/1640 805/1642/1642
f 33/1643/1643 805/1644/1644 34/1645/1645
f 34/1645/1645 805/1644/1644 851/1646/1646
f 34/1645/1645 851/1646/1646 35/1647/1647
f 35/1647/1647 851/1646/1646 850/1648/1648
f 35/1647/1647 850/1648/1648 36/1649/1649
f 36/1649/1649 850/1648/1648 849/1650/1650
f 36/1649/1649 849/1650/1650 37/1651/1651
f 37/1651/1651 849/1650/1650 848/1652/1652
f 37/1651/1651 848/1652/1652 38/1653/1653
f 38/1653/1653 848/1652/1652 847/1654/1654
f 38/1653/1653 847/1654/1654 39/1655/1655
f 39/1655/1655 847/1654/1654 846/1656/1656
f 39/1655/1655 846/1656/1656 40/1657/1657
f 40/1657/1657 846/1656/1656 845/1658/1658
f 40/1657/1657 845/1658/1658 41/1659/1659
f 41/1659/1659 845/1658/1658 844/1660/1660
f 41/1659/1659 844/1660/1660 42/1661/1661
f 42/1661/1661 844/1660/1660 843/1662/1662
f 42/1661/1661 843/1662/1662 43/1663/1663
f 43/1663/1663 843/1662/1662 842/1664/1664
f 43/1663/1663 842/1664/1664 44/1665/1665
f 44/1665/1665 842/1664/1664 841/1666/1666
f 44/1665/1665 841/1666/1666 45/1667/1667
f 45/1667/1667 841/1666/1666 840/1668/1668
f 45/1667/1667 840/1668/1668 46/1669/1669
f 46/1669/1669 840/1668/1668 839/1670/1670
f 46/1669/1669 839/1670/1670 47/1671/1671
f 47/1671/1671 839/1670/1670 838/1672/1672
f 47/1671/1671 838/1672/1672 48/1673/1673
f 48/1673/1673 838/1672/1672 837/1674/1674
f 48/1673/1673 837/1674/1674 49/1675/1675
f 49/1675/1675 837/1674/1674 780/1676/1676
f 17/1677/1677 16/1678/1678 821/1679/1679
f 821/1679/1679 16/1678/1678 822/1680/1680
f 822/1680/1680 16/1678/1678 15/1681/1681
f 822/1680/1680 15/1681/1681 823/1682/1682
f 823/1682/1682 15/1681/1681 14/1683/1683
f 823/1682/1682 14/1683/1683 824/1684/1684
f 824/1684/1684 14/1683/1683 13/1685/1685
f 824/1684/1684 13/1685/1685 825/1686/1686
f 825/1686/1686 13/1685/1685 12/1687/1687
f 825/1686/1686 12/1687/1687 826/1688/1688
f 826/1688/1688 12/1687/1687 11/1689/1689
f 826/1688/1688 11/1689/1689 827/1690/1690
f 827/1690/1690 11/1689/1689 10/1691/1691
f 827/1690/1690 10/1691/1691 828/1692/1692
f 828/1692/1692 10/1691/1691 9/1693/1693
f 828/1692/1692 9/1693/1693 829/1694/1694
f 829/1694/1694 9/1693/1693 8/1695/1695
f 829/1694/1694 8/1695/1695 830/1696/1696
f 830/1696/1696 8/1695/1695 7/1697/1697
f 830/1696/1696 7/1697/1697 831/1698/1698
f 831/1698/1698 7/1697/1697 6/1699/1699
f 831/1698/1698 6/1699/1699 832/1700/1700
f 832/1700/1700 6/1699/1699 5/1701/1701
f 832/1700/1700 5/1701/1701 833/1702/1702
f 833/1702/1702 5/1701/1701 4/1703/1703
f 833/1702/1702 4/1703/1703 834/1704/1704
f 834/1704/1704 4/1703/1703 3/1705/1705
f 834/1704/1704 3/1705/1705 835/1706/1706
f 835/1706/1706 3/1705/1705 2/1707/1707
f 835/1706/1706 2/1707/1707 836/1708/1708
f 836/1708/1708 2/1707/1707 1/1709/1709
f 836/1708/1708 1/1709/1709 779/1710/1710
# 1556 vertices
# 1710 texture params
# 1710 normals
# 3108 facets

# 1 groups
